cik,feature_year,actual_label,predicted_score,risk_tier,scenario_score
0000001800,2021,0,0.011468968669435595,Routine Monitoring,0.012941432261747463
0000002098,2021,0,0.19305606922005025,Routine Monitoring,0.21039647772134148
0000002178,2021,0,0.008905458961249247,Routine Monitoring,0.009463724685836821
0000002488,2021,0,0.0030415151067933912,Routine Monitoring,0.003435765877480366
0000002969,2021,0,0.014999465023560051,Routine Monitoring,0.01667725903765926
0000003197,2021,0,0.13272980076001015,Routine Monitoring,0.14562955530808658
0000003570,2021,0,0.0531484131701549,Routine Monitoring,0.05964907441726429
0000004127,2021,0,0.0038621225092798357,Routine Monitoring,0.004299565568750539
0000004281,2021,0,0.03699352971117401,Routine Monitoring,0.04102903589237134
0000004904,2021,0,0.05426005553943568,Routine Monitoring,0.05749656921805885
0000005981,2021,0,0.04749422266747273,Routine Monitoring,0.05261263372458166
0000006176,2021,0,0.19618886613504435,Routine Monitoring,0.21373613229254484
0000006281,2021,0,0.011897930222784027,Routine Monitoring,0.013424718876921973
0000006845,2021,0,0.0640664777777641,Routine Monitoring,0.07180127781806084
0000006951,2021,0,0.005140908980550839,Routine Monitoring,0.005722361658171031
0000006955,2021,0,0.06849381605564375,Routine Monitoring,0.07569548618853215
0000007332,2021,0,0.03008039708882691,Routine Monitoring,0.03161331046113742
0000007431,2021,0,0.027889398127320178,Routine Monitoring,0.03140305633250988
0000007536,2021,0,0.05428724484558232,Routine Monitoring,0.060918236547330806
0000008063,2021,1,0.2696626498421841,Routine Monitoring,0.29139913232587344
0000008146,2021,0,0.20612218614376593,Routine Monitoring,0.22430996807531395
0000008858,2021,0,0.08041728476264406,Routine Monitoring,0.08875317945066995
0000008868,2021,1,0.30827775397687823,Medium Review Priority,0.33171312877084846
0000008947,2021,0,0.050312222335659934,Routine Monitoring,0.05571656230543071
0000009092,2021,0,0.03421184581606552,Routine Monitoring,0.03849050172065102
0000009326,2021,0,0.041289875881797354,Routine Monitoring,0.04577178061635474
0000009389,2021,0,0.026323398371336758,Routine Monitoring,0.029230264107677463
0000009984,2021,0,0.04797206193295187,Routine Monitoring,0.05387562076315217
0000010254,2021,0,0.021703924219235574,Routine Monitoring,0.02282001125977845
0000010456,2021,0,0.031519046760759846,Routine Monitoring,0.03497905078431481
0000010795,2021,0,0.02025607398765286,Routine Monitoring,0.022830630304727487
0000012040,2021,0,0.09013287702219676,Routine Monitoring,0.09936704679908463
0000012208,2021,0,0.043483816166018104,Routine Monitoring,0.04819189620168233
0000012927,2021,0,0.08278740659168576,Routine Monitoring,0.09134457911199587
0000014177,2021,0,0.32097128403861264,Medium Review Priority,0.34637396275057214
0000014693,2021,0,0.0222025279343229,Routine Monitoring,0.024665858184795404
0000014707,2021,0,0.04507805884396652,Routine Monitoring,0.050644420117257914
0000014930,2021,0,0.021169226652512637,Routine Monitoring,0.023857018950296665
0000016040,2021,0,0.03447402292952741,Routine Monitoring,0.03878415090843775
0000016058,2021,0,0.04034759733320511,Routine Monitoring,0.044731992588066524
0000016732,2021,0,0.037018085277169974,Routine Monitoring,0.0410561559453929
0000016918,2021,0,0.017919016658111773,Routine Monitoring,0.019916779426634505
0000017843,2021,0,0.1937014634918049,Routine Monitoring,0.21108467766316638
0000018230,2021,0,0.01227869198772389,Routine Monitoring,0.013656368131497568
0000018498,2021,0,0.025142954761665677,Routine Monitoring,0.027923203667296063
0000019745,2021,0,0.0763971745933296,Routine Monitoring,0.08548469816391219
0000021344,2021,0,0.007838547100296194,Routine Monitoring,0.008849085066949796
0000021535,2021,0,0.058547239639678714,Routine Monitoring,0.06566244608053481
0000021665,2021,0,0.008492308124332833,Routine Monitoring,0.009449214124960173
0000023111,2021,0,0.14999096752524194,Routine Monitoring,0.16425058824124514
0000023194,2021,0,0.004925985298262672,Routine Monitoring,0.0049169985800938
0000023197,2021,1,0.29128031967039697,Medium Review Priority,0.31401012094653064
0000024545,2021,0,0.04036105114480747,Routine Monitoring,0.044746840197152214
0000024741,2021,0,0.017273309703750687,Routine Monitoring,0.019200491068407533
0000025445,2021,0,0.038001865813037446,Routine Monitoring,0.042733542242462515
0000026058,2021,0,0.0372370116968705,Routine Monitoring,0.04129793951328455
0000026172,2021,0,0.01811900202531392,Routine Monitoring,0.02013860364148931
0000026324,2021,0,0.03401498831221467,Routine Monitoring,0.03773830786305308
0000026780,2021,0,0.056476178610888765,Routine Monitoring,0.06249905300429135
0000027419,2021,0,0.015121632770265892,Routine Monitoring,0.017054959250083646
0000027996,2021,0,0.05937350586531059,Routine Monitoring,0.06658202622703073
0000028823,2021,1,0.08548440917021884,Routine Monitoring,0.09554105256000729
0000029002,2021,0,0.014883178577455983,Routine Monitoring,0.01654818367479863
0000029332,2021,1,0.23552064494186348,Routine Monitoring,0.2554677235693253
0000029534,2021,0,0.03261295667382478,Routine Monitoring,0.03669924821991316
0000029644,2021,0,0.019203537307903196,Routine Monitoring,0.021341397199254285
0000029905,2021,0,0.018832445827151587,Routine Monitoring,0.02122997920456634
0000029989,2021,0,0.02645735457023665,Routine Monitoring,0.02979612607595615
0000030305,2021,0,0.1511327434889501,Routine Monitoring,0.1654797804675255
0000030625,2021,0,0.07281637064065997,Routine Monitoring,0.08151554658840561
0000030697,2021,0,0.03513721909569733,Routine Monitoring,0.038978422573690746
0000031107,2021,0,0.255001751496898,Routine Monitoring,0.276003075384405
0000031235,2021,1,0.18137925937238694,Routine Monitoring,0.19792810522785714
0000031462,2021,0,0.02199866907174643,Routine Monitoring,0.02443994687960607
0000031791,2021,0,0.02125815505051539,Routine Monitoring,0.023619239773894983
0000033002,2021,0,0.06142339874378564,Routine Monitoring,0.06793587903561017
0000033185,2021,0,0.018588351442296314,Routine Monitoring,0.02065916750562562
0000033213,2021,0,0.19658232651601162,Routine Monitoring,0.2141554081780298
0000033488,2021,0,0.2587916425928726,Routine Monitoring,0.2799877883516166
0000034067,2021,0,0.14578598787276775,Routine Monitoring,0.15972095994364252
0000034563,2021,1,0.3289842054393306,Medium Review Priority,0.3531899580159692
0000037472,2021,0,0.32588391752650764,Medium Review Priority,0.34998053472429136
0000037785,2021,0,0.030112298007047816,Routine Monitoring,0.033896244152235536
0000037996,2021,0,0.03349232987526103,Routine Monitoring,0.03716063948691338
0000038725,2021,0,0.03324297334602265,Routine Monitoring,0.0374051515530296
0000039092,2021,0,0.13288077795267159,Routine Monitoring,0.13639737116878514
0000039911,2021,0,0.04093924225387779,Routine Monitoring,0.046019160564501636
0000040533,2021,0,0.029218434043278042,Routine Monitoring,0.03289386569253554
0000040570,2021,0,0.19103601295124523,Routine Monitoring,0.21064983479363478
0000040704,2021,0,0.02546257318346944,Routine Monitoring,0.028277139578913802
0000040888,2021,0,0.07058945374865733,Routine Monitoring,0.07799301747859572
0000041719,2021,1,0.08834733571736764,Routine Monitoring,0.09741816170070083
0000042682,2021,0,0.07460110261052819,Routine Monitoring,0.08238811853182164
0000042888,2021,0,0.012646460488989745,Routine Monitoring,0.014267916459152537
0000043920,2021,0,0.0422152891067108,Routine Monitoring,0.047445711718866086
0000045012,2021,0,0.0837863895592622,Routine Monitoring,0.09243641385108435
0000045919,2021,0,0.20081861239683915,Routine Monitoring,0.2186673185658205
0000046080,2021,0,0.04175211936476337,Routine Monitoring,0.046281777169223264
0000046129,2021,0,0.11045363539777772,Routine Monitoring,0.12149169347220284
0000046250,2021,0,0.0644900434335087,Routine Monitoring,0.07130296698098529
0000046619,2021,0,0.027347598559562633,Routine Monitoring,0.030364038607939993
0000046765,2021,0,0.5560370475736286,High Review Priority,0.5859804954593435
0000047111,2021,0,0.009460873988859923,Routine Monitoring,0.010525758570310614
0000047217,2021,0,0.01189176240536015,Routine Monitoring,0.013417770328941703
0000047307,2021,0,0.2240236226105097,Routine Monitoring,0.23306506198882884
0000048287,2021,0,0.060121065399821975,Routine Monitoring,0.06741384199353939
0000048465,2021,0,0.03670229463138174,Routine Monitoring,0.0412791025647635
0000048898,2021,0,0.03369916340393986,Routine Monitoring,0.03738925048087548
0000049826,2021,0,0.009336563447634193,Routine Monitoring,0.010538173003061604
0000050493,2021,0,0.03404628632933542,Routine Monitoring,0.03777289783337476
0000050725,2021,0,0.1313542343887184,Routine Monitoring,0.14414251967724306
0000050863,2021,0,0.006952312530416929,Routine Monitoring,0.007849501897804147
0000051253,2021,0,0.01242887788077311,Routine Monitoring,0.012990020959305149
0000051644,2021,0,0.019368567621707765,Routine Monitoring,0.021524396543263352
0000052988,2021,0,0.06842851893439061,Routine Monitoring,0.07664682410636653
0000054381,2021,0,0.17736314001407227,Routine Monitoring,0.19591312734270475
0000055067,2021,0,0.03258445257847199,Routine Monitoring,0.03666730803009977
0000055135,2021,0,0.07934027713898653,Routine Monitoring,0.08874424794658917
0000055242,2021,0,0.053336431673197536,Routine Monitoring,0.05904542327270208
0000055529,2021,1,0.29031589984975686,Medium Review Priority,0.313003680768603
0000055772,2021,1,0.18365334766966498,Routine Monitoring,0.2026991105979273
0000055785,2021,0,0.01973092500322596,Routine Monitoring,0.0222402497967756
0000056679,2021,0,0.07283644016150494,Routine Monitoring,0.08045527148659525
0000056873,2021,0,0.019041913014340158,Routine Monitoring,0.021162168088697707
0000056978,2021,0,0.0057131385238830545,Routine Monitoring,0.005887181477290196
0000057131,2021,0,0.03716439260477296,Routine Monitoring,0.041796324319177326
0000057515,2021,0,0.037454410277358255,Routine Monitoring,0.04212090666904916
0000057725,2021,1,0.3546012577923941,Medium Review Priority,0.3796255034869278
0000058361,2021,0,0.07875174275489372,Routine Monitoring,0.08693131158393784
0000059440,2021,0,0.016943131551776857,Routine Monitoring,0.019104822274723727
0000059527,2021,0,0.01884398242205925,Routine Monitoring,0.020942669082241728
0000060519,2021,0,0.002244489217402084,Routine Monitoring,0.002499170821563436
0000060667,2021,0,0.007040283378783366,Routine Monitoring,0.007834869340756452
0000060714,2021,0,0.035194423995956695,Routine Monitoring,0.03959092718317856
0000061986,2021,0,0.062167586508341484,Routine Monitoring,0.06969020225352088
0000062996,2021,0,0.01791113568024591,Routine Monitoring,0.019908037622147032
0000063276,2021,0,0.04629864732230802,Routine Monitoring,0.052007521491952764
0000063296,2021,0,0.0690684267188505,Routine Monitoring,0.07632556295443409
0000063754,2021,0,0.03465644251984824,Routine Monitoring,0.03844718178168232
0000063908,2021,0,0.003825533734207502,Routine Monitoring,0.004320971002641578
0000064040,2021,0,0.004357278223133368,Routine Monitoring,0.004609155512475175
0000064803,2021,0,0.02601165469928839,Routine Monitoring,0.028885116172170055
0000065270,2021,0,0.045227439728068794,Routine Monitoring,0.050114414407360364
0000065984,2021,0,0.04937988684692554,Routine Monitoring,0.05544660584937343
0000066382,2021,0,0.04388883744104636,Routine Monitoring,0.048638540059126587
0000066570,2021,0,0.07434340747660136,Routine Monitoring,0.08210591124005104
0000066740,2021,0,0.010878614908204513,Routine Monitoring,0.012101126207108468
0000066756,2021,0,0.09038704200721902,Routine Monitoring,0.09964439943685022
0000067347,2021,0,0.123476387079773,Routine Monitoring,0.1356174495175166
0000067716,2021,0,0.13318859284500872,Routine Monitoring,0.14794938621043668
0000068505,2021,0,0.013670582017008107,Routine Monitoring,0.015421294063235658
0000069488,2021,0,0.04441559077375831,Routine Monitoring,0.04921936468041764
0000069633,2021,0,0.0459819788808706,Routine Monitoring,0.050946133595250645
0000069733,2021,0,0.03740771390343702,Routine Monitoring,0.03929890185075141
0000069891,2021,0,0.00889626113123545,Routine Monitoring,0.009898229813062473
0000070145,2021,0,0.039991628525295315,Routine Monitoring,0.04495947500433077
0000070866,2021,0,0.024724971905539277,Routine Monitoring,0.027460303186072732
0000071691,2021,0,0.04231661870624382,Routine Monitoring,0.047558972530080186
0000071829,2021,1,0.11657490371589531,Routine Monitoring,0.12813656698747838
0000072162,2021,0,0.12194988504878684,Routine Monitoring,0.13566006797517396
0000072331,2021,0,0.017277548099623372,Routine Monitoring,0.019481059867666867
0000072573,2021,0,0.03206411919897205,Routine Monitoring,0.03558176022481529
0000072741,2021,0,0.05858663847530697,Routine Monitoring,0.0657062988557959
0000073088,2021,0,0.08312162183815265,Routine Monitoring,0.09170988579302006
0000073756,2021,0,0.203884389273657,Routine Monitoring,0.22445135823498194
0000074046,2021,0,0.15676128285706864,Routine Monitoring,0.1715346652055752
0000074303,2021,0,0.006831083212335259,Routine Monitoring,0.007602239030175593
0000075252,2021,0,0.06343214880186822,Routine Monitoring,0.07014169252036309
0000075288,2021,0,0.011128244712815786,Routine Monitoring,0.012557519559232969
0000075677,2021,0,0.021548084612814874,Routine Monitoring,0.024282786030046435
0000076282,2021,0,0.18354853534657528,Routine Monitoring,0.20258612612710034
0000076605,2021,0,0.023746847304106478,Routine Monitoring,0.026376894967939404
0000077159,2021,0,0.02139733648714238,Routine Monitoring,0.022081976622383974
0000077360,2021,0,0.01770790913486972,Routine Monitoring,0.019682607563355405
0000077476,2021,0,0.013644625617099613,Routine Monitoring,0.015173205950768223
0000077543,2021,1,0.24063639883631815,Routine Monitoring,0.2608689004441503
0000077877,2021,0,0.014373072290509978,Routine Monitoring,0.016085416223832062
0000078128,2021,0,0.0789695025504168,Routine Monitoring,0.08833374305956476
0000078239,2021,0,0.02930724706613014,Routine Monitoring,0.032993470947086864
0000078749,2021,0,0.08545183802366582,Routine Monitoring,0.09550504980633578
0000080035,2021,0,0.09962796339211835,Routine Monitoring,0.111146275060344
0000080172,2021,0,0.16719109320138006,Routine Monitoring,0.18273439035032352
0000080420,2021,0,0.41897840449564366,High Review Priority,0.44541041138225446
0000080424,2021,0,0.011405506656854308,Routine Monitoring,0.01268646928405123
0000081061,2021,0,0.017485570863762134,Routine Monitoring,0.01943596581192217
0000081362,2021,0,0.1040216517521498,Routine Monitoring,0.11449967263451115
0000082020,2021,0,0.1011228371846927,Routine Monitoring,0.1113451495969127
0000082811,2021,0,0.0339351903605069,Routine Monitoring,0.038180614570368414
0000084748,2021,0,0.05710176687283515,Routine Monitoring,0.06405325779596643
0000084839,2021,0,0.01434756246580222,Routine Monitoring,0.016056916782650334
0000088121,2021,0,0.08238949861525244,Routine Monitoring,0.08831321734793836
0000088205,2021,0,0.09744609018759155,Routine Monitoring,0.10874261438383225
0000088941,2021,0,0.02147003388448595,Routine Monitoring,0.024195074704002076
0000088948,2021,0,0.1696080821658409,Routine Monitoring,0.18532607717053937
0000089439,2021,0,0.011877709487253115,Routine Monitoring,0.013210996926704119
0000090896,2021,0,0.018274303236550552,Routine Monitoring,0.020602272251970928
0000091419,2021,0,0.028719453189799186,Routine Monitoring,0.031882248877867725
0000091440,2021,0,0.018517605553083225,Routine Monitoring,0.02058070552023418
0000091767,2021,0,0.06163319892952355,Routine Monitoring,0.06909591505633367
0000092122,2021,0,0.0514165166407278,Routine Monitoring,0.056932364510334066
0000093389,2021,0,0.06696425012678366,Routine Monitoring,0.07401787567436678
0000093676,2021,0,0.17590020052604782,Routine Monitoring,0.19206643134902404
0000094049,2021,0,0.07724456458780467,Routine Monitoring,0.08642345420855614
0000094845,2021,0,0.022032435233928817,Routine Monitoring,0.024477366420260927
0000095029,2021,0,0.006851838289048158,Routine Monitoring,0.0077361625606165
0000095552,2021,0,0.09553110038674971,Routine Monitoring,0.10663185542612426
0000095953,2021,0,0.08281585192729751,Routine Monitoring,0.09137567173662818
0000096021,2021,0,0.04149925427589281,Routine Monitoring,0.0466452816189129
0000096271,2021,0,0.04572996371523849,Routine Monitoring,0.0513724933236024
0000096943,2021,0,0.02978069799270343,Routine Monitoring,0.033056388098678564
0000097134,2021,0,0.06629867378914968,Routine Monitoring,0.07328769819695277
0000097210,2021,0,0.008141518959344214,Routine Monitoring,0.009059259486441975
0000097216,2021,0,0.02562826221361471,Routine Monitoring,0.028460608571615507
0000097476,2021,0,0.0010282500083396786,Routine Monitoring,0.0011041356160209253
0000097745,2021,0,0.014853938459224435,Routine Monitoring,0.016753621965300232
0000098362,2021,0,0.033182796060104644,Routine Monitoring,0.03733773077896961
0000098677,2021,0,0.05255087873319096,Routine Monitoring,0.0589830074213905
0000099250,2021,0,0.04393120786138333,Routine Monitoring,0.047306186434192155
0000099302,2021,0,0.08108226454969583,Routine Monitoring,0.0894803824020731
0000099780,2021,0,0.046350332319523714,Routine Monitoring,0.051352113448869814
0000100122,2021,0,0.07617389045370049,Routine Monitoring,0.0852373052970138
0000100378,2021,0,0.24013905924584386,Routine Monitoring,0.260344081339258
0000100493,2021,0,0.02730537168390559,Routine Monitoring,0.030747778350693103
0000100591,2021,1,0.266855374412421,Routine Monitoring,0.2884549464174963
0000100726,2021,0,0.11079030382446603,Routine Monitoring,0.12185739756272264
0000101778,2021,0,0.013132306463857995,Routine Monitoring,0.014042337316639016
0000101829,2021,0,0.03237628296404229,Routine Monitoring,0.03592689924787149
0000101984,2021,0,0.08841989486291255,Routine Monitoring,0.097497373935993
0000102729,2021,0,0.08554456356837535,Routine Monitoring,0.09560754386827623
0000103145,2021,0,0.06397901985616539,Routine Monitoring,0.07074203968157697
0000103379,2021,0,0.029845819893629177,Routine Monitoring,0.03312842841769563
0000103595,2021,0,0.10487990291421935,Routine Monitoring,0.1169265552872755
0000103730,2021,0,0.022605604999811263,Routine Monitoring,0.025112507371606495
0000104169,2021,0,0.02123138266097683,Routine Monitoring,0.02392687380917764
0000104918,2021,0,0.09437084045485357,Routine Monitoring,0.10398956917279567
0000105016,2021,0,0.03259236479017809,Routine Monitoring,0.036676174061967375
0000105132,2021,0,0.024645548171210268,Routine Monitoring,0.027372339388657876
0000105418,2021,0,0.060784492987896455,Routine Monitoring,0.0672340851670271
0000105634,2021,0,0.06640873810301982,Routine Monitoring,0.07340845297582796
0000105770,2021,0,0.017676769370712147,Routine Monitoring,0.01964806470564984
0000106040,2021,0,0.04017975187311003,Routine Monitoring,0.044546754752569
0000106532,2021,0,0.09696728900797083,Routine Monitoring,0.10681944549273412
0000106640,2021,1,0.023117936115820865,Routine Monitoring,0.026046566263693862
0000107140,2021,0,0.04815655029154126,Routine Monitoring,0.05334234247475703
0000107263,2021,0,0.02542012346710598,Routine Monitoring,0.02863185170919607
0000107687,2021,0,0.03336320529785889,Routine Monitoring,0.03701791397217222
0000107815,2021,0,0.06400054124752858,Routine Monitoring,0.07172799079646663
0000107833,2021,0,0.08363139799233495,Routine Monitoring,0.09349233340821614
0000108516,2021,0,0.06718956203531046,Routine Monitoring,0.07426503159862287
0000109177,2021,0,0.09453756563630575,Routine Monitoring,0.10417133309001972
0000109563,2021,0,0.05865771033241927,Routine Monitoring,0.06489723114161065
0000110471,2021,1,0.06389479653428363,Routine Monitoring,0.0716104552409153
0000205402,2021,0,0.058557779565665616,Routine Monitoring,0.06478740215954806
0000216228,2021,0,0.082052938749165,Routine Monitoring,0.09054168837545046
0000275053,2021,0,0.08570835344810135,Routine Monitoring,0.09453632594675718
0000275880,2021,0,0.0847661754519747,Routine Monitoring,0.09350702847873339
0000277135,2021,0,0.024203457753955892,Routine Monitoring,0.0272657659138104
0000277509,2021,0,0.06794593586040769,Routine Monitoring,0.07509464401097568
0000278166,2021,0,0.03255504588434436,Routine Monitoring,0.03663435618841996
0000310142,2021,0,0.06354946323231876,Routine Monitoring,0.07122659393805031
0000310354,2021,0,0.050801150863258246,Routine Monitoring,0.05703200778753019
0000310764,2021,0,0.020873415559320596,Routine Monitoring,0.02319278092608883
0000313143,2021,0,0.0498982921365096,Routine Monitoring,0.05602494782981227
0000313616,2021,0,0.012389504858625121,Routine Monitoring,0.013978481889834147
0000313927,2021,0,0.025086277029695892,Routine Monitoring,0.027860437757680816
0000314203,2021,1,0.8466174339236655,High Review Priority,0.8608789008580516
0000314808,2021,0,0.7728929084206418,High Review Priority,0.7928883709204716
0000315374,2021,0,0.062455167140030264,Routine Monitoring,0.07000998394286025
0000317540,2021,0,0.028409046427364956,Routine Monitoring,0.03153876786657264
0000318154,2021,0,0.011646429245770749,Routine Monitoring,0.01314137354305104
0000320121,2021,1,0.3007150826985517,Medium Review Priority,0.3238447004435031
0000320193,2021,0,0.0012286313301099732,Routine Monitoring,0.0013682018718451652
0000350698,2021,0,0.011234225124435712,Routine Monitoring,0.012676937246022155
0000350868,2021,1,0.3631108205807931,Medium Review Priority,0.38837421849667014
0000351817,2021,0,0.010732024586749924,Routine Monitoring,0.010732024586749924
0000351834,2021,0,0.17477635018508314,Routine Monitoring,0.19086321452935795
0000352541,2021,0,0.07912254121614937,Routine Monitoring,0.08850318531156404
0000352825,2021,1,0.18220566109727845,Routine Monitoring,0.20219427094770812
0000354707,2021,0,0.09191891876949507,Routine Monitoring,0.10131569429809432
0000354950,2021,0,0.004541379588764381,Routine Monitoring,0.00505536821016659
0000355811,2021,0,0.025641815722581247,Routine Monitoring,0.028592406957568973
0000355948,2021,0,0.27135591428705674,Routine Monitoring,0.2931740951416083
0000700841,2021,0,0.11090337226674647,Routine Monitoring,0.12198021128539006
0000700923,2021,0,0.056152838885239344,Routine Monitoring,0.06214350199382621
0000701288,2021,0,0.05275951328479705,Routine Monitoring,0.05871988192414332
0000701985,2021,0,0.01921847467320949,Routine Monitoring,0.021664067752511337
0000703351,2021,0,0.027748569611126022,Routine Monitoring,0.031245055738022515
0000703604,2021,0,0.14218256701470477,Routine Monitoring,0.15583594131670064
0000704532,2021,0,0.07662322341757187,Routine Monitoring,0.08460201568012773
0000707388,2021,1,0.5972802516395365,High Review Priority,0.6060858108917345
0000707549,2021,0,0.003864142367545535,Routine Monitoring,0.0043018132181530284
0000708818,2021,0,0.08938351560749175,Routine Monitoring,0.09854922820030562
0000708821,2021,1,0.32016859581634893,Medium Review Priority,0.3440582993738095
0000709283,2021,1,0.4560067302377574,High Review Priority,0.48646588375843997
0000711377,2021,0,0.07360057707152998,Routine Monitoring,0.08169485132418879
0000711404,2021,0,0.028199545819255083,Routine Monitoring,0.03130693102653784
0000712034,2021,0,0.05014311098119503,Routine Monitoring,0.05553034784174427
0000712515,2021,0,0.015847223701457892,Routine Monitoring,0.017618149264062705
0000713425,2021,0,0.16492938240009844,Routine Monitoring,0.18030793809917214
0000715787,2021,0,0.07626263678828497,Routine Monitoring,0.08420730527448564
0000715957,2021,0,0.05381777088379879,Routine Monitoring,0.05957504145225699
0000716314,2021,0,0.2968762369268452,Medium Review Priority,0.3046027856322596
0000717423,2021,0,0.07997283389510865,Routine Monitoring,0.08879635494126357
0000717605,2021,0,0.09141951206717906,Routine Monitoring,0.1007708992751593
0000718877,2021,0,0.02621446340731534,Routine Monitoring,0.029109659211817393
0000718937,2021,0,0.07423402315977524,Routine Monitoring,0.08198611724339532
0000719413,2021,0,0.13269596491894523,Routine Monitoring,0.14559298307351276
0000719733,2021,0,0.20438036097715512,Routine Monitoring,0.22245751580105083
0000719955,2021,0,0.0060236967229308274,Routine Monitoring,0.006704322560686174
0000721371,2021,0,0.03835485573460887,Routine Monitoring,0.04312851309716499
0000722313,2021,0,0.3282999629868669,Medium Review Priority,0.35248181673682427
0000723125,2021,0,0.003965094878436691,Routine Monitoring,0.004414149414196663
0000723254,2021,0,0.019725351963082095,Routine Monitoring,0.022233984068545706
0000723603,2021,0,0.09752105034252763,Routine Monitoring,0.10742277756595964
0000724004,2021,0,0.08133977485442638,Routine Monitoring,0.08976195905550842
0000728391,2021,0,0.09705403178497313,Routine Monitoring,0.10691395813952549
0000728447,2021,0,0.038111988014106514,Routine Monitoring,0.04226414854696816
0000729580,2021,0,0.13233454846135995,Routine Monitoring,0.14520232061237548
0000730255,2021,1,0.23943706970207843,Routine Monitoring,0.25960320636968776
0000730272,2021,0,0.030924079752852794,Routine Monitoring,0.034321085809388495
0000731802,2021,0,0.10282998405327361,Routine Monitoring,0.11467134356103344
0000732834,2021,0,0.005206457056126717,Routine Monitoring,0.005478941372648867
0000733269,2021,0,0.20340111376519998,Routine Monitoring,0.2239330447041537
0000737758,2021,0,0.016680042158030418,Routine Monitoring,0.01880880882375678
0000738214,2021,1,0.43589241844299653,High Review Priority,0.46615933929698083
0000742112,2021,1,0.22359339768094721,Routine Monitoring,0.2455353441521756
0000742278,2021,0,0.2046594844400174,Routine Monitoring,0.21482923427849376
0000743238,2021,0,0.02244126262145658,Routine Monitoring,0.02493040472277593
0000746598,2021,0,0.03632321626441683,Routine Monitoring,0.040288659260621106
0000746838,2021,0,0.06677148678603244,Routine Monitoring,0.0748067623087372
0000750004,2021,0,0.04255729476903783,Routine Monitoring,0.04717000551176374
0000751365,2021,0,0.1935683936208418,Routine Monitoring,0.21337363860213734
0000751978,2021,0,0.07715393875321712,Routine Monitoring,0.08518289637367342
0000752714,2021,0,0.02508134194089916,Routine Monitoring,0.027854972516017103
0000755001,2021,0,0.10224497025874257,Routine Monitoring,0.11402752480872493
0000763532,2021,0,0.08402786431629947,Routine Monitoring,0.09393075514019984
0000763744,2021,0,0.08156145253123055,Routine Monitoring,0.09000434115074982
0000764065,2021,0,0.042159766541466755,Routine Monitoring,0.04366874732591682
0000764180,2021,0,0.004295971195194634,Routine Monitoring,0.004782318184885248
0000764478,2021,0,0.015799715089461527,Routine Monitoring,0.017818167102330962
0000764622,2021,0,0.06934199835477836,Routine Monitoring,0.07766086696620612
0000766829,2021,0,0.1726964550535799,Routine Monitoring,0.19087161069283534
0000768835,2021,1,0.09716660594568435,Routine Monitoring,0.10843462321934515
0000768899,2021,0,0.09330417971390399,Routine Monitoring,0.10282653339628031
0000769397,2021,0,0.015318934024188328,Routine Monitoring,0.017277043294943856
0000769520,2021,0,0.022340458494485287,Routine Monitoring,0.02517313413605941
0000771497,2021,0,0.05122584908413659,Routine Monitoring,0.05672246567984874
0000772406,2021,0,0.044138487480612894,Routine Monitoring,0.04959485358827508
0000775158,2021,0,0.01999506477565026,Routine Monitoring,0.02253720981781388
0000778164,2021,0,0.0712781929942182,Routine Monitoring,0.07874787257771823
0000779152,2021,0,0.014042776585234238,Routine Monitoring,0.015615254843026378
0000779544,2021,0,0.09307124050335268,Routine Monitoring,0.10257251048484795
0000780571,2021,0,0.11516728819830606,Routine Monitoring,0.12660935462536296
0000783325,2021,0,0.05441073282287534,Routine Monitoring,0.061055834329019384
0000784199,2021,0,0.15114990381596713,Routine Monitoring,0.16549825222330986
0000784539,2021,0,0.1302419348549659,Routine Monitoring,0.14293974943102467
0000784977,2021,0,0.08103947810620864,Routine Monitoring,0.08943359564776952
0000785557,2021,0,0.028047857017411897,Routine Monitoring,0.031139062813123942
0000785786,2021,0,0.08418005346319628,Routine Monitoring,0.09286659984478006
0000785956,2021,0,0.07906940628559123,Routine Monitoring,0.08844435582263575
0000787250,2021,0,0.13257961541654786,Routine Monitoring,0.14728438578262523
0000787253,2021,0,0.03819442636179265,Routine Monitoring,0.042355172769292744
0000788329,2021,0,0.08149595091311786,Routine Monitoring,0.08993272302390683
0000788784,2021,0,0.14880050442519316,Routine Monitoring,0.1649622326067195
0000788816,2021,0,0.06938101740545774,Routine Monitoring,0.0777041762413621
0000788965,2021,0,0.14881423118301138,Routine Monitoring,0.16388019661012737
0000789019,2021,0,0.0025489837093256424,Routine Monitoring,0.002838117943658258
0000789460,2021,0,0.028204543638985044,Routine Monitoring,0.02993608830338463
0000789933,2021,0,0.01567544012251165,Routine Monitoring,0.017427508827885574
0000790051,2021,0,0.04470963402174692,Routine Monitoring,0.05023289437641991
0000792987,2021,0,0.14804064855167676,Routine Monitoring,0.1621502233181758
0000793306,2021,0,0.3343000772900326,Medium Review Priority,0.34809238084595573
0000793952,2021,0,0.02404659376096953,Routine Monitoring,0.027089605909565925
0000794170,2021,0,0.026348071859328068,Routine Monitoring,0.0292575803911567
0000794172,2021,0,0.03468435914807387,Routine Monitoring,0.03901972174031344
0000794367,2021,0,0.01311263954214412,Routine Monitoring,0.014792970779938132
0000794619,2021,0,0.06706147531932669,Routine Monitoring,0.07512883866769819
0000795212,2021,1,0.5712267182646992,High Review Priority,0.5973881695702374
0000795403,2021,0,0.04416580525910604,Routine Monitoring,0.049625373046133826
0000796343,2021,0,0.0027218899419119372,Routine Monitoring,0.003030577544047343
0000796505,2021,0,0.0991982969558972,Routine Monitoring,0.10253026778309123
0000797721,2021,0,0.031881614428401636,Routine Monitoring,0.035379965343690464
0000798081,2021,0,0.02223561423610806,Routine Monitoring,0.023609614759580656
0000798354,2021,0,0.030467266044833123,Routine Monitoring,0.03381584223634644
0000799288,2021,0,0.07375818557077445,Routine Monitoring,0.08146496163939301
0000800240,2021,0,0.07989798057189011,Routine Monitoring,0.08818520736517027
0000802481,2021,0,0.06653083767515752,Routine Monitoring,0.07354240847743396
0000804328,2021,0,0.001930487388084639,Routine Monitoring,0.0021496160493203716
0000805928,2021,1,0.5219957004799389,High Review Priority,0.5487882542106144
0000807707,2021,1,0.2706823774912615,Routine Monitoring,0.2924681402994364
0000807863,2021,0,0.06635289352988646,Routine Monitoring,0.07025713789698106
0000807882,2021,0,0.03035971413305118,Routine Monitoring,0.034173655408053505
0000808326,2021,1,0.16121610094776345,Routine Monitoring,0.16968767615152283
0000808362,2021,0,0.08035852552564618,Routine Monitoring,0.09040934616649364
0000810136,2021,0,0.049524068237809894,Routine Monitoring,0.054848637320521004
0000811156,2021,0,0.06189388915996715,Routine Monitoring,0.06938583634900058
0000811596,2021,0,0.03153981058205782,Routine Monitoring,0.032474930535140716
0000812074,2021,0,0.048945515408926166,Routine Monitoring,0.0526844863202255
0000813298,2021,0,0.00727102352668038,Routine Monitoring,0.008156885023978376
0000813672,2021,0,0.00809320256981512,Routine Monitoring,0.009136268162296771
0000814453,2021,1,0.04739677706823845,Routine Monitoring,0.05250526538229608
0000814547,2021,0,0.00623150807712702,Routine Monitoring,0.0069354509701998876
0000814549,2021,0,0.038100209825262944,Routine Monitoring,0.04225114353230408
0000814586,2021,0,0.1668810845133666,Routine Monitoring,0.17558802702525242
0000815556,2021,0,0.017743800525856127,Routine Monitoring,0.02000556580134899
0000816761,2021,0,0.019068674175558232,Routine Monitoring,0.021191844645605723
0000816956,2021,0,0.05819152396345643,Routine Monitoring,0.06438484746668542
0000817720,2021,0,0.041418397721153064,Routine Monitoring,0.04591358504204019
0000818479,2021,0,0.03047342751552467,Routine Monitoring,0.033822657273739065
0000818686,2021,0,0.07272963634350298,Routine Monitoring,0.08033826382264275
0000819793,2021,0,0.0347742818555779,Routine Monitoring,0.03857739535598053
0000820313,2021,0,0.01658121562421675,Routine Monitoring,0.018432628451675655
0000821002,2021,1,0.040273291429515023,Routine Monitoring,0.04464998787393446
0000821189,2021,0,0.0058813626963956835,Routine Monitoring,0.006342246768105493
0000821483,2021,0,0.1469659132112853,Routine Monitoring,0.1578704033465868
0000822663,2021,0,0.018453881581739686,Routine Monitoring,0.020804242348614534
0000822818,2021,0,0.08308802410489716,Routine Monitoring,0.09289138518855178
0000823277,2021,0,0.035208070129790145,Routine Monitoring,0.039606208019333934
0000823768,2021,0,0.02775263668252385,Routine Monitoring,0.030812337167781225
0000824142,2021,0,0.05982792240582089,Routine Monitoring,0.06708767845495046
0000825324,2021,0,0.11884081614027145,Routine Monitoring,0.13225411085764555
0000825542,2021,1,0.05937462207536492,Routine Monitoring,0.06568508079352574
0000827052,2021,0,0.0972477394496643,Routine Monitoring,0.10712501025307167
0000827054,2021,0,0.006940365847668692,Routine Monitoring,0.007836025672370241
0000827187,2021,0,0.005209484427184104,Routine Monitoring,0.005798647992267119
0000827871,2021,0,0.16761376615482992,Routine Monitoring,0.1831877146316424
0000829224,2021,0,0.0072185906450047055,Routine Monitoring,0.008033138053818167
0000830524,2021,0,0.03827934577647564,Routine Monitoring,0.043044025807863866
0000831259,2021,0,0.011695825294020749,Routine Monitoring,0.013008964803067203
0000832101,2021,0,0.02127814758185282,Routine Monitoring,0.023641399184316934
0000832988,2021,0,0.009477110088946274,Routine Monitoring,0.010543802699301328
0000833640,2021,0,0.014308324581494499,Routine Monitoring,0.01592934932745627
0000834365,2021,1,0.39220597574780425,Medium Review Priority,0.40099861382923785
0000835011,2021,0,0.02819557989820393,Routine Monitoring,0.03130254216643922
0000836157,2021,0,0.08363656091355355,Routine Monitoring,0.09227267485575041
0000837465,2021,0,0.02153508438030118,Routine Monitoring,0.02319402864167797
0000842023,2021,0,0.017136185663898337,Routine Monitoring,0.019322023090522313
0000842633,2021,0,0.07500683195402857,Routine Monitoring,0.08283240791207426
0000846475,2021,0,0.17870606774649822,Routine Monitoring,0.18416264176159805
0000849146,2021,0,0.06520671667046513,Routine Monitoring,0.07208951749026825
0000849399,2021,0,0.013792193376808967,Routine Monitoring,0.015337048378524926
0000850209,2021,0,0.03703723609664236,Routine Monitoring,0.04107730669664086
0000850460,2021,0,0.0034419478449275614,Routine Monitoring,0.0037123847317232705
0000851205,2021,0,0.019408985839253764,Routine Monitoring,0.021569214580910063
0000851310,2021,0,0.07023087094062495,Routine Monitoring,0.07759996589186154
0000851968,2021,0,0.02994498057806414,Routine Monitoring,0.03323812168823433
0000852772,2021,0,0.010904329899466733,Routine Monitoring,0.012129695546479196
0000854775,2021,0,0.0956605861208384,Routine Monitoring,0.10539547316953765
0000855658,2021,0,0.01256885360772063,Routine Monitoring,0.01397862529870038
0000856982,2021,0,0.0666740880954486,Routine Monitoring,0.0736995638770069
0000857005,2021,0,0.031138772233390344,Routine Monitoring,0.03455852119609883
0000857949,2021,1,0.7710621061524522,High Review Priority,0.7895233153046483
0000858470,2021,0,0.011000756854946784,Routine Monitoring,0.011334043692100799
0000858655,2021,0,0.1849403262589115,Routine Monitoring,0.20173401241306274
0000858877,2021,0,0.007327914022196752,Routine Monitoring,0.00815469617734682
0000859737,2021,0,0.0034541090048198332,Routine Monitoring,0.003901632193878769
0000860731,2021,0,0.023374688582684947,Routine Monitoring,0.02596461458569565
0000861459,2021,0,0.214975148622637,Routine Monitoring,0.23632879037487076
0000861878,2021,0,0.157817249876746,Routine Monitoring,0.1726697700999168
0000861884,2021,0,0.01526753089038259,Routine Monitoring,0.017219184566533215
0000863436,2021,0,0.12374456747206017,Routine Monitoring,0.1376248923320188
0000864749,2021,0,0.02801664829696448,Routine Monitoring,0.03110452459584857
0000865752,2021,0,0.015436785487237164,Routine Monitoring,0.01740969252224138
0000866273,2021,1,0.4062148139524635,High Review Priority,0.43244090893718545
0000866291,2021,0,0.03672589857290569,Routine Monitoring,0.03895961655773858
0000866374,2021,0,0.04803490981459976,Routine Monitoring,0.05353973279942012
0000866729,2021,0,0.16757281453327466,Routine Monitoring,0.18532953717388204
0000866787,2021,0,0.006222353114314015,Routine Monitoring,0.007026008395961222
0000866829,2021,0,0.3027990048094649,Medium Review Priority,0.3260141813197447
0000867773,2021,1,0.11429116281695297,Routine Monitoring,0.12565854622995618
0000868780,2021,0,0.0627842980133067,Routine Monitoring,0.0703759392289869
0000871763,2021,0,0.038806935059242154,Routine Monitoring,0.04363430530949562
0000872589,2021,0,0.0010097381269526683,Routine Monitoring,0.001068314789179635
0000873303,2021,1,0.9356598010452822,High Review Priority,0.9418490966430557
0000874015,2021,1,0.20531636028906589,Routine Monitoring,0.22345305163262083
0000874238,2021,0,0.06129746898614562,Routine Monitoring,0.06779756190569772
0000874396,2021,0,0.11829526224146232,Routine Monitoring,0.1316561816604779
0000874499,2021,0,0.42197773629123914,High Review Priority,0.4500757980650728
0000874716,2021,0,0.004297519530340904,Routine Monitoring,0.004784040964887602
0000875320,2021,0,0.01742227869849696,Routine Monitoring,0.019365752993310125
0000876167,2021,0,0.025125625783335694,Routine Monitoring,0.0283012259671597
0000876523,2021,0,0.1761322679032551,Routine Monitoring,0.19231484978962476
0000876883,2021,0,0.043831548275833014,Routine Monitoring,0.04857536597868078
0000877212,2021,0,0.01087610079629945,Routine Monitoring,0.01209833302138029
0000877422,2021,0,0.07434986602833879,Routine Monitoring,0.08321580190318725
0000878726,2021,1,0.6560545393082977,High Review Priority,0.6799402308915905
0000879407,2021,1,0.20451855066668864,Routine Monitoring,0.20451855066668864
0000879526,2021,0,0.11602490251007547,Routine Monitoring,0.12753989285823963
0000880117,2021,0,0.02022678281557632,Routine Monitoring,0.02247594644437265
0000880266,2021,0,0.03492477981857222,Routine Monitoring,0.03874369196439181
0000880807,2021,1,0.6244370424144521,High Review Priority,0.6330136537202349
0000882095,2021,0,0.008037344802459361,Routine Monitoring,0.009073277203574374
0000882796,2021,1,0.9495451304046099,High Review Priority,0.9495451304046099
0000882835,2021,0,0.02084035738996774,Routine Monitoring,0.023156136345607013
0000883241,2021,0,0.014647860466005878,Routine Monitoring,0.016286975387311775
0000883569,2021,1,0.10196007474413964,Routine Monitoring,0.11371395689158124
0000883902,2021,0,0.11127704274709299,Routine Monitoring,0.12395672619637528
0000883984,2021,1,0.05332499072365634,Routine Monitoring,0.059845884362665816
0000884614,2021,0,0.048096156959202205,Routine Monitoring,0.053275809628581396
0000884624,2021,1,0.1611238109945964,Routine Monitoring,0.17622240438781733
0000884713,2021,0,0.056414929332541865,Routine Monitoring,0.06243170403367085
0000885245,2021,0,0.003791183012907405,Routine Monitoring,0.004220625158876084
0000885568,2021,0,0.13330081251545972,Routine Monitoring,0.14807191825233162
0000885590,2021,0,0.03995433967084689,Routine Monitoring,0.044297973952323544
0000885639,2021,0,0.01588025445532453,Routine Monitoring,0.01790880834438412
0000885725,2021,0,0.03339651295603981,Routine Monitoring,0.03757716783264384
0000886158,2021,1,0.14002467553095005,Routine Monitoring,0.15350791551052861
0000886163,2021,0,0.14107942044109145,Routine Monitoring,0.1546459600564323
0000886346,2021,0,0.02175945525952621,Routine Monitoring,0.02452030980660039
0000886835,2021,0,0.5188987522667995,High Review Priority,0.5457138224038512
0000887359,2021,0,0.12074894073629358,Routine Monitoring,0.13266241102225815
0000887596,2021,0,0.03900184867200352,Routine Monitoring,0.043852358928602064
0000887733,2021,0,0.05655793446745218,Routine Monitoring,0.06344767494400981
0000887921,2021,0,0.13250447348253963,Routine Monitoring,0.14720232397369543
0000889331,2021,0,0.01758492725255213,Routine Monitoring,0.019826850054544237
0000889900,2021,0,0.47445768068350347,High Review Priority,0.501369502990707
0000890447,2021,0,0.48852965178815944,High Review Priority,0.5154567917223108
0000890564,2021,0,0.07466634354988333,Routine Monitoring,0.08245956263661804
0000891014,2021,0,0.04668687685156779,Routine Monitoring,0.05172300560758857
0000891024,2021,0,0.41289490308072796,High Review Priority,0.4392332529409475
0000891103,2021,0,0.012512130475930248,Routine Monitoring,0.013161904592243468
0000892553,2021,0,0.10581589055730968,Routine Monitoring,0.11645115378573705
0000893538,2021,0,0.02516314839180547,Routine Monitoring,0.026452310243438477
0000893691,2021,0,0.07267962193940723,Routine Monitoring,0.08028347016232222
0000894627,2021,0,0.05549317655491348,Routine Monitoring,0.057450762307455105
0000895126,2021,0,0.10784010698076507,Routine Monitoring,0.11933944516384874
0000895419,2021,1,0.6107310503953195,High Review Priority,0.6362904141705084
0000895447,2021,0,0.020377503323678835,Routine Monitoring,0.022643039340776678
0000895456,2021,0,0.11499044073216397,Routine Monitoring,0.12641744732951066
0000896156,2021,0,0.02585999823145411,Routine Monitoring,0.028717200436846786
0000896264,2021,0,0.036641454701837196,Routine Monitoring,0.04121100041511822
0000896622,2021,0,0.04538325806376756,Routine Monitoring,0.05098529398734222
0000896841,2021,0,0.015262194693127175,Routine Monitoring,0.016968870562511902
0000896878,2021,0,0.006624095619372935,Routine Monitoring,0.007372058209669444
0000897077,2021,0,0.07947975760265642,Routine Monitoring,0.08889866427531853
0000897429,2021,0,0.07275729122707073,Routine Monitoring,0.08145002914339251
0000897448,2021,1,0.4546747390820523,High Review Priority,0.48149250834659785
0000897723,2021,0,0.0565083168172772,Routine Monitoring,0.0633924191331091
0000898173,2021,0,0.004931414496651365,Routine Monitoring,0.005569271487558313
0000898293,2021,0,0.03533440676522354,Routine Monitoring,0.03919629110676072
0000898437,2021,0,0.3072634246370495,Medium Review Priority,0.33388521248135045
0000899751,2021,0,0.08366759218621368,Routine Monitoring,0.09230658757919077
0000899923,2021,1,0.3213322793780087,Medium Review Priority,0.3452647144618004
0000900075,2021,0,0.007150090150792374,Routine Monitoring,0.007956969899759258
0000901491,2021,0,0.01958089171409721,Routine Monitoring,0.0217598290802004
0000902791,2021,0,0.1563555053081413,Routine Monitoring,0.17109840600136497
0000903129,2021,0,0.041789839775794146,Routine Monitoring,0.04632339201378835
0000908255,2021,0,0.02588741053615851,Routine Monitoring,0.028747552074537715
0000909494,2021,0,0.10982597980537273,Routine Monitoring,0.12236308429394292
0000909832,2021,0,0.0123877614765883,Routine Monitoring,0.013777504577962644
0000910329,2021,0,0.011439001758705086,Routine Monitoring,0.01272367783369549
0000910406,2021,0,0.0750871814812013,Routine Monitoring,0.082920388939404
0000910521,2021,0,0.0699258333204757,Routine Monitoring,0.07830885027307516
0000910638,2021,1,0.18445420791434655,Routine Monitoring,0.20121464911289316
0000911177,2021,0,0.08528978132436044,Routine Monitoring,0.09532591477044249
0000912093,2021,0,0.04657988923119784,Routine Monitoring,0.052321539527863614
0000912463,2021,0,0.04392256959546007,Routine Monitoring,0.04867573689859634
0000912562,2021,0,0.08836160857397077,Routine Monitoring,0.09872019584493426
0000912603,2021,0,0.016837897186987853,Routine Monitoring,0.018717424877164424
0000912615,2021,0,0.030311417146449,Routine Monitoring,0.03364345878601561
0000912767,2021,0,0.022537528337773997,Routine Monitoring,0.023929728386094085
0000913142,2021,0,0.0471102182635438,Routine Monitoring,0.052913611347659754
0000913241,2021,0,0.023263916222015023,Routine Monitoring,0.025841893362717326
0000913277,2021,0,0.07732609908232947,Routine Monitoring,0.0853713150578844
0000914122,2021,0,0.25494000230384306,Routine Monitoring,0.2648034037478646
0000914156,2021,0,0.10735453460914952,Routine Monitoring,0.11812401372261894
0000914475,2021,0,0.07021259383425445,Routine Monitoring,0.07757993104628236
0000914712,2021,1,0.18118769863523967,Routine Monitoring,0.1977232881480871
0000915358,2021,0,0.1464536291111749,Routine Monitoring,0.1604404315794865
0000915779,2021,0,0.08858939324336795,Routine Monitoring,0.09897178458417132
0000915840,2021,0,0.14848382586933484,Routine Monitoring,0.16262757653064855
0000915913,2021,0,0.036067398526628686,Routine Monitoring,0.040568368623386544
0000916076,2021,0,0.0669710907956106,Routine Monitoring,0.07402537973190805
0000916365,2021,0,0.02471697504034656,Routine Monitoring,0.02745144652708709
0000916540,2021,0,0.021342245146558005,Routine Monitoring,0.023712443249006128
0000916789,2021,0,0.07108125001037607,Routine Monitoring,0.07853203593640753
0000917273,2021,0,0.031006463910292704,Routine Monitoring,0.034412198491120136
0000917470,2021,0,0.1514659713867624,Routine Monitoring,0.15952263754241144
0000917491,2021,1,0.2922333710539177,Medium Review Priority,0.3150044874001077
0000917520,2021,0,0.04665825027724704,Routine Monitoring,0.05169145851350334
0000918251,2021,0,0.18097579723168195,Routine Monitoring,0.19749671260316123
0000918541,2021,0,0.1179809675696723,Routine Monitoring,0.12966161404421797
0000918965,2021,0,0.07195697542103052,Routine Monitoring,0.07949170025959386
0000919012,2021,0,0.037826268360124975,Routine Monitoring,0.04253704762058657
0000920371,2021,0,0.049358401879110204,Routine Monitoring,0.0546661838053121
0000921299,2021,1,0.8526386687218865,High Review Priority,0.8595911462858103
0000921582,2021,0,0.14220898797801496,Routine Monitoring,0.1506977848853253
0000922224,2021,0,0.08186748875113292,Routine Monitoring,0.09154121898619491
0000922358,2021,0,0.03704183266219295,Routine Monitoring,0.041659150200207384
0000923120,2021,0,0.2568851604370017,Routine Monitoring,0.28091209028020514
0000925528,2021,0,0.12163456750124811,Routine Monitoring,0.13362213733107867
0000926282,2021,1,0.17754253843356685,Routine Monitoring,0.193824209075616
0000926326,2021,0,0.034648508841279325,Routine Monitoring,0.03843841486730916
0000927003,2021,0,0.147846780805549,Routine Monitoring,0.1619413904580773
0000927355,2021,1,0.18062358295054207,Routine Monitoring,0.19712008385393628
0000927653,2021,0,0.023959720303258016,Routine Monitoring,0.02699204296952755
0000928022,2021,0,0.026244317668238405,Routine Monitoring,0.027903531094910776
0000928465,2021,0,0.08925649080058376,Routine Monitoring,0.09970851073235841
0000929008,2021,0,0.06869782405927226,Routine Monitoring,0.07591919606430893
0000930420,2021,0,0.040980584983396955,Routine Monitoring,0.04543050793771066
0000931015,2021,0,0.05880720058171143,Routine Monitoring,0.06506152387851787
0000931148,2021,0,0.002568304041672318,Routine Monitoring,0.002901394215090813
0000931584,2021,1,0.41797336962704684,High Review Priority,0.4443904665353416
0000932696,2021,0,0.07524159760935806,Routine Monitoring,0.08308946684608697
0000933034,2021,0,0.05329887368467609,Routine Monitoring,0.05981677537903396
0000933036,2021,0,0.013762046846475336,Routine Monitoring,0.01530357755226519
0000933974,2021,1,0.17978442872107764,Routine Monitoring,0.19324999006553656
0000935036,2021,0,0.04454744939300086,Routine Monitoring,0.04936474776373125
0000935419,2021,0,0.026242086925988218,Routine Monitoring,0.029140242251395748
0000935494,2021,0,0.05672556678752561,Routine Monitoring,0.06277326761923502
0000935703,2021,0,0.046417014637646074,Routine Monitoring,0.051425603587004244
0000936395,2021,0,0.04348653604640609,Routine Monitoring,0.04819489573100022
0000936468,2021,0,0.012321013106806895,Routine Monitoring,0.013703371825207028
0000937098,2021,0,0.05540301575009249,Routine Monitoring,0.061318881033087344
0000937556,2021,0,0.053702340873114575,Routine Monitoring,0.05944803891098151
0000939767,2021,0,0.03193475246092141,Routine Monitoring,0.03388731795578965
0000939930,2021,0,0.12437211283626548,Routine Monitoring,0.13121047130904523
0000940944,2021,0,0.03849569023740581,Routine Monitoring,0.04268779853218456
0000943452,2021,0,0.04254932748511956,Routine Monitoring,0.047161217204667136
0000943819,2021,0,0.0201329698935678,Routine Monitoring,0.02237193997505479
0000944148,2021,0,0.0494434703885007,Routine Monitoring,0.05475987325560189
0000944809,2021,1,0.22121287588617636,Routine Monitoring,0.24032912434352005
0000945114,2021,0,0.06156032761801471,Routine Monitoring,0.06808627276987163
0000945841,2021,0,0.0316118943467194,Routine Monitoring,0.035081721514056634
0000945983,2021,0,0.19818042026322785,Routine Monitoring,0.21585797787431846
0000946581,2021,0,0.07305600925064042,Routine Monitoring,0.08069580895723896
0000949039,2021,0,0.7935016642341349,High Review Priority,0.8116028171811298
0000949157,2021,0,0.13136935849253095,Routine Monitoring,0.14596248356044608
0000949870,2021,0,0.14915562706989877,Routine Monitoring,0.1633510938527993
0001000228,2021,0,0.03849386446946071,Routine Monitoring,0.04268578276823473
0001000229,2021,0,0.2550136204060318,Routine Monitoring,0.27893120692500867
0001000623,2021,0,0.0737378316975967,Routine Monitoring,0.08144266804791567
0001000694,2021,1,0.3469174181206953,Medium Review Priority,0.34215191684160634
0001000697,2021,0,0.007096986555972831,Routine Monitoring,0.007897921293698106
0001000753,2021,0,0.034620492456188756,Routine Monitoring,0.03894819414275472
0001001233,2021,1,0.9500071822015199,High Review Priority,0.9526211000774437
0001001250,2021,0,0.017080590354672853,Routine Monitoring,0.019259475181203828
0001001385,2021,0,0.1772055602490497,Routine Monitoring,0.19346359721438317
0001001614,2021,0,0.03201914071167021,Routine Monitoring,0.03317774058564588
0001001838,2021,0,0.00844218309140419,Routine Monitoring,0.009057683134290371
0001002047,2021,0,0.02100215931598397,Routine Monitoring,0.023335489201186173
0001002590,2021,0,0.06611279075407293,Routine Monitoring,0.07407509070633528
0001002638,2021,0,0.027723628639373436,Routine Monitoring,0.031217072960578563
0001002910,2021,0,0.05075651963507423,Routine Monitoring,0.056982231076069895
0001003078,2021,0,0.05369448084101578,Routine Monitoring,0.05943939074435433
0001004980,2021,0,0.13191915244504734,Routine Monitoring,0.14656304631243766
0001004989,2021,0,0.1615037429171696,Routine Monitoring,0.17663044262217334
0001005210,2021,0,0.02613515724649294,Routine Monitoring,0.029021855304625394
0001005229,2021,0,0.04693063464740591,Routine Monitoring,0.05199162360671715
0001005284,2021,0,0.01575090731952923,Routine Monitoring,0.017511261051429295
0001005286,2021,1,0.21313872708705692,Routine Monitoring,0.231764886230913
0001005757,2021,0,0.0471663797329438,Routine Monitoring,0.052251397606111395
0001006837,2021,0,0.07268534426896887,Routine Monitoring,0.08028973933526821
0001007587,2021,1,0.25062902786457625,Routine Monitoring,0.2714014183963948
0001008654,2021,1,0.07170527541088605,Routine Monitoring,0.07921589404303135
0001008848,2021,1,0.8896937494422176,High Review Priority,0.9011346904518989
0001009829,2021,0,0.17160783367888063,Routine Monitoring,0.18746931226871644
0001010086,2021,0,0.10118946919105234,Routine Monitoring,0.10210982635249345
0001012019,2021,0,0.02987856070251516,Routine Monitoring,0.03363415371161441
0001012100,2021,0,0.027026063860296684,Routine Monitoring,0.03000813280183857
0001013237,2021,0,0.008963441462534633,Routine Monitoring,0.009972900398929977
0001013462,2021,0,0.024453230882197738,Routine Monitoring,0.027546249118737185
0001013488,2021,0,0.05183872005693424,Routine Monitoring,0.057397120354545736
0001013857,2021,0,0.13088483319060948,Routine Monitoring,0.14363497553642068
0001013871,2021,0,0.03362783495958704,Routine Monitoring,0.03462264928134325
0001013880,2021,0,0.03553486012727772,Routine Monitoring,0.03941775785743859
0001014473,2021,0,0.0015195125714306612,Routine Monitoring,0.0016311269834296826
0001015383,2021,1,0.17343524443720307,Routine Monitoring,0.17914845357488077
0001017480,2021,0,0.017817141934797765,Routine Monitoring,0.019803775884252497
0001018164,2021,0,0.0689959066124377,Routine Monitoring,0.07624604712293388
0001018724,2021,0,0.022467200451429213,Routine Monitoring,0.02531553031133026
0001018840,2021,0,0.04948830917985156,Routine Monitoring,0.05556757010353866
0001018963,2021,0,0.19014549519134843,Routine Monitoring,0.2072916314925668
0001019849,2021,0,0.023195508289097312,Routine Monitoring,0.025766104819428474
0001020214,2021,1,0.7647429325932932,High Review Priority,0.775603340392021
0001020710,2021,0,0.09821006189347746,Routine Monitoring,0.10817336201956426
0001020859,2021,0,0.05438154276865246,Routine Monitoring,0.06019528712035843
0001021162,2021,0,0.341829904795754,Medium Review Priority,0.36984763203993726
0001021561,2021,0,0.08096112546550122,Routine Monitoring,0.08934791627117515
0001021635,2021,0,0.06468154909700137,Routine Monitoring,0.0715131573469919
0001021860,2021,0,0.1523765509510792,Routine Monitoring,0.16681845871059475
0001022408,2021,0,0.1527407741867436,Routine Monitoring,0.16721039240733265
0001022652,2021,1,0.726457013033295,High Review Priority,0.7473364730523028
0001022671,2021,0,0.004422555520446926,Routine Monitoring,0.004701129839702265
0001023024,2021,1,0.30952428485475547,Medium Review Priority,0.33300880117826553
0001023128,2021,0,0.007216234020239336,Routine Monitoring,0.008030517657997968
0001023731,2021,0,0.19619803595900476,Routine Monitoring,0.2137459041797449
0001024305,2021,0,0.07990269894936307,Routine Monitoring,0.08819036823658198
0001024795,2021,0,0.0242638230172936,Routine Monitoring,0.026949546995908374
0001026655,2021,0,0.07609044759384195,Routine Monitoring,0.08401880979252306
0001027838,2021,0,0.23745414890983038,Routine Monitoring,0.257509822950839
0001029142,2021,0,0.006729127366246074,Routine Monitoring,0.006979216170663066
0001031029,2021,1,0.10111321182916734,Routine Monitoring,0.1113346717493492
0001031203,2021,0,0.009238762568127369,Routine Monitoring,0.010427917707161685
0001031296,2021,0,0.06554545158564408,Routine Monitoring,0.07344479755764995
0001031308,2021,0,0.03486837132307923,Routine Monitoring,0.03699345079503101
0001032220,2021,0,0.027166365924995068,Routine Monitoring,0.030163435933412718
0001032975,2021,0,0.12269711691808066,Routine Monitoring,0.13477333757670498
0001034670,2021,0,0.03806169998485038,Routine Monitoring,0.04280049500579423
0001034842,2021,1,0.2628878052010833,Routine Monitoring,0.27785943543914765
0001035002,2021,0,0.009065766364971757,Routine Monitoring,0.00977373802546642
0001035267,2021,0,0.010438297289874875,Routine Monitoring,0.01161190770291671
0001035983,2021,0,0.06818374330449616,Routine Monitoring,0.07535544873586429
0001036044,2021,1,0.31487986611141916,Medium Review Priority,0.3228598246923315
0001037038,2021,0,0.024002160224888342,Routine Monitoring,0.02665971251256979
0001037676,2021,0,0.06049596947607305,Routine Monitoring,0.06691712879983436
0001037868,2021,0,0.017610519047087613,Routine Monitoring,0.019574573436012977
0001038074,2021,0,0.20004837077815465,Routine Monitoring,0.21784727914175836
0001038133,2021,1,0.31771460718932554,Medium Review Priority,0.34151318759446553
0001039065,2021,0,0.05380278070398459,Routine Monitoring,0.0595585486069391
0001039399,2021,0,0.04705043917002725,Routine Monitoring,0.052123641240047355
0001039684,2021,0,0.015998696660283838,Routine Monitoring,0.017238662091923502
0001040130,2021,0,0.20435094000301698,Routine Monitoring,0.22242622007560686
0001041061,2021,0,0.0028319580254925585,Routine Monitoring,0.0031991325116599977
0001041803,2021,0,0.07624588662235396,Routine Monitoring,0.08418896919211397
0001041859,2021,1,0.03075049480330847,Routine Monitoring,0.034129104126696015
0001042893,2021,0,0.4443453740033074,High Review Priority,0.4710801949788045
0001043337,2021,0,0.23198134420581373,Routine Monitoring,0.25447663421538763
0001043509,2021,0,0.04392869808499195,Routine Monitoring,0.049360469413878456
0001043604,2021,0,0.041043087709792904,Routine Monitoring,0.045499475595668935
0001044777,2021,1,0.30090995055230674,Medium Review Priority,0.3240476110606889
0001045742,2021,0,0.0472563616551936,Routine Monitoring,0.050097246964871264
0001045810,2021,0,0.003600915177388196,Routine Monitoring,0.004008891670524744
0001046102,2021,0,0.0363379933761391,Routine Monitoring,0.04030498213276392
0001046257,2021,0,0.05940363254370248,Routine Monitoring,0.06571695914014748
0001047127,2021,0,0.016333695691973585,Routine Monitoring,0.01815798142681183
0001047862,2021,0,0.05660696742845145,Routine Monitoring,0.06350227893070305
0001048268,2021,0,0.08747977112542717,Routine Monitoring,0.09647094812814773
0001048477,2021,0,0.11622827062578518,Routine Monitoring,0.1277605273120561
0001048695,2021,0,0.025091082463397387,Routine Monitoring,0.028262443325995337
0001049502,2021,0,0.02824241552709683,Routine Monitoring,0.03135437225105035
0001049521,2021,0,0.08122915694319797,Routine Monitoring,0.08964100503935599
0001049606,2021,0,0.1379408992999994,Routine Monitoring,0.15313532697005056
0001050377,2021,0,0.08901685977756105,Routine Monitoring,0.09814902659266932
0001050446,2021,0,0.6385969662448614,High Review Priority,0.6530082797177309
0001050797,2021,0,0.03593166468691292,Routine Monitoring,0.039856129503275294
0001050825,2021,0,0.17742652520464602,Routine Monitoring,0.19370006241697163
0001050915,2021,0,0.04995625280501182,Routine Monitoring,0.05532458344352955
0001051627,2021,0,0.18650870141641251,Routine Monitoring,0.1921477804871797
0001054905,2021,0,0.05947066239797357,Routine Monitoring,0.06669014219154357
0001056285,2021,1,0.36048521124365546,Medium Review Priority,0.38567655479865576
0001056358,2021,1,0.07730768483293213,Routine Monitoring,0.08535116216605043
0001056696,2021,0,0.007051403072729584,Routine Monitoring,0.007961277463139025
0001056903,2021,0,0.09658857354388577,Routine Monitoring,0.10779756231816257
0001057060,2021,0,0.006457790340196441,Routine Monitoring,0.007187110361386542
0001057352,2021,0,0.06362341693136035,Routine Monitoring,0.07035167234870122
0001058090,2021,0,0.013854377833533155,Routine Monitoring,0.015406089269725708
0001058290,2021,0,0.017423942330104355,Routine Monitoring,0.01936759854688001
0001059556,2021,0,0.007400392453715188,Routine Monitoring,0.00823528424832747
0001060391,2021,0,0.04332396651544417,Routine Monitoring,0.048684770617690235
0001060736,2021,1,0.8934153752238423,High Review Priority,0.9010173325943894
0001060822,2021,0,0.05293228344963807,Routine Monitoring,0.05860069391578934
0001061219,2021,0,0.017840477371961375,Routine Monitoring,0.02011431349327298
0001062231,2021,0,0.040312738901142,Routine Monitoring,0.044693522657067754
0001064728,2021,0,0.15626041931751283,Routine Monitoring,0.17192796944987665
0001065059,2021,0,0.16857468610330748,Routine Monitoring,0.18421815926120835
0001065088,2021,0,0.014987022487926504,Routine Monitoring,0.016663448263347466
0001065696,2021,0,0.025671129574549322,Routine Monitoring,0.02891363053570675
0001065837,2021,0,0.05157992241802722,Routine Monitoring,0.05711224465755986
0001066605,2021,0,0.00927854609093828,Routine Monitoring,0.010323122326113708
0001067294,2021,0,0.029872374940610503,Routine Monitoring,0.03362721737997507
0001067701,2021,0,0.006168994671454455,Routine Monitoring,0.006865924521851572
0001068148,2021,0,0.18386247788074123,Routine Monitoring,0.20292453756313958
0001069183,2021,0,0.16563153304244865,Routine Monitoring,0.18106136407632945
0001069202,2021,0,0.007545834224358925,Routine Monitoring,0.008396995549022176
0001069258,2021,1,0.15369823749803352,Routine Monitoring,0.16824054822448933
0001069878,2021,0,0.008497311695578701,Routine Monitoring,0.00945477611808374
0001069899,2021,0,0.09561701170163714,Routine Monitoring,0.10534798096938729
0001070081,2021,1,0.7837410735804758,High Review Priority,0.8014431521896571
0001070235,2021,1,0.42232664292846284,High Review Priority,0.45042983303745565
0001070494,2021,1,0.8788277787745256,High Review Priority,0.8898404509968177
0001076930,2021,0,0.04812049164705728,Routine Monitoring,0.05330261826102477
0001077688,2021,1,0.15827167470105735,Routine Monitoring,0.17315816867233627
0001078075,2021,0,0.05138031697424644,Routine Monitoring,0.05689251433834751
0001078207,2021,1,0.8017700034651487,High Review Priority,0.8183383736681675
0001078271,2021,0,0.04582278866467247,Routine Monitoring,0.05147615392460269
0001081316,2021,0,0.036659283490679734,Routine Monitoring,0.040659867302763546
0001082554,2021,0,0.03632274074227516,Routine Monitoring,0.04028813399555734
0001084765,2021,0,0.12210905776891762,Routine Monitoring,0.13413624928034001
0001084869,2021,0,0.02743601653312094,Routine Monitoring,0.030461903651113703
0001085869,2021,0,0.04150045125702235,Routine Monitoring,0.046004116559341904
0001086222,2021,0,0.012677452493281859,Routine Monitoring,0.014099231132214172
0001086600,2021,0,0.039644176451570104,Routine Monitoring,0.043955635192196744
0001088856,2021,0,0.00828686176331252,Routine Monitoring,0.009220833530215062
0001089063,2021,0,0.0165297328391141,Routine Monitoring,0.018639680122316853
0001089819,2021,0,0.0893922730925958,Routine Monitoring,0.09855878651403763
0001090872,2021,0,0.01908832668670639,Routine Monitoring,0.02121363801205
0001091883,2021,0,0.18677611363711127,Routine Monitoring,0.20606397689905606
0001092699,2021,0,0.030814326570459447,Routine Monitoring,0.0341997017364589
0001092796,2021,0,0.004639923794938426,Routine Monitoring,0.005165007678354854
0001093557,2021,0,0.05289681504920119,Routine Monitoring,0.058561662139574526
0001093691,2021,1,0.7138628628534706,High Review Priority,0.7108829945310359
0001094285,2021,0,0.02142628247568974,Routine Monitoring,0.023805586461437704
0001095315,2021,1,0.7104014727719806,High Review Priority,0.7320544301944296
0001095565,2021,0,0.07842241444322626,Routine Monitoring,0.08772796022030827
0001096056,2021,0,0.07454331130461826,Routine Monitoring,0.08232483149985019
0001096752,2021,0,0.06177050512098556,Routine Monitoring,0.06873577684133572
0001097149,2021,0,0.006644173751723245,Routine Monitoring,0.007394386597092976
0001097864,2021,0,0.009535966577628601,Routine Monitoring,0.010609212804319833
0001099590,2021,0,0.027129963549129,Routine Monitoring,0.030123141898048017
0001099800,2021,0,0.008934245008170581,Routine Monitoring,0.009940448833119972
0001101302,2021,0,0.028062796109464983,Routine Monitoring,0.031597589863927834
0001101396,2021,0,0.0903533433075247,Routine Monitoring,0.0996076272936101
0001101680,2021,1,0.3471188574473792,Medium Review Priority,0.37191935566464157
0001102993,2021,1,0.26293780935785954,Routine Monitoring,0.2843432704674059
0001103982,2021,0,0.026789775089694184,Routine Monitoring,0.02974656891566526
0001104485,2021,0,0.11809037138808665,Routine Monitoring,0.13052281987315348
0001104506,2021,1,0.9410579984010662,High Review Priority,0.9441123052361736
0001104657,2021,0,0.06826094282907609,Routine Monitoring,0.07646077389739298
0001107843,2021,0,0.011952030967114252,Routine Monitoring,0.013293548846815587
0001108426,2021,0,0.06282571111392869,Routine Monitoring,0.06947586724646994
0001108524,2021,0,0.026734441369462847,Routine Monitoring,0.02968531428416595
0001109354,2021,0,0.04840221329121114,Routine Monitoring,0.05435568526421632
0001109357,2021,0,0.08535487177775772,Routine Monitoring,0.09415018483637559
0001110611,2021,1,0.28800858997040474,Medium Review Priority,0.29560137499793526
0001110803,2021,0,0.05016041564802904,Routine Monitoring,0.05631734789387945
0001111711,2021,0,0.05957585455417659,Routine Monitoring,0.06680719715518439
0001111928,2021,0,0.02480180858008327,Routine Monitoring,0.0275454002408579
0001113232,2021,0,0.026959109132519903,Routine Monitoring,0.029934017546848102
0001114483,2021,0,0.04260130477784216,Routine Monitoring,0.047218550436338456
0001114995,2021,0,0.22715166866681363,Routine Monitoring,0.24661860508260555
0001115128,2021,1,0.15839695864409054,Routine Monitoring,0.17329281038212319
0001116132,2021,0,0.023055465335764927,Routine Monitoring,0.025610948801812274
0001116463,2021,1,0.38419612630773836,Medium Review Priority,0.40998218089082605
0001116942,2021,0,0.06202020515013141,Routine Monitoring,0.06952630907167598
0001117297,2021,0,0.07680395452302138,Routine Monitoring,0.08479983802712096
0001118417,2021,0,0.182929199548369,Routine Monitoring,0.19958498240845363
0001120370,2021,0,0.6943649621705031,High Review Priority,0.7196821694833573
0001121142,2021,0,0.052249150156946235,Routine Monitoring,0.0578488737513712
0001121484,2021,0,0.3089862251766342,Medium Review Priority,0.33390680303421066
0001121788,2021,0,0.021874550452619868,Routine Monitoring,0.02464964038200023
0001122904,2021,1,0.24820086391201088,Routine Monitoring,0.26884420568419465
0001122976,2021,0,0.04873540984884498,Routine Monitoring,0.05472750800604946
0001123360,2021,0,0.03163052189115019,Routine Monitoring,0.03510231956617853
0001123494,2021,0,0.19116126845576378,Routine Monitoring,0.20837543319935975
0001124198,2021,0,0.2257583467626292,Routine Monitoring,0.24906967571434574
0001124524,2021,1,0.2290248498821249,Routine Monitoring,0.23557714475958189
0001124610,2021,0,0.011160995220954999,Routine Monitoring,0.0124148414116309
0001124796,2021,1,0.38609709765412453,Medium Review Priority,0.4119253934576819
0001124941,2021,0,0.10856316309726705,Routine Monitoring,0.119437665195019
0001128928,2021,0,0.05867903446271125,Routine Monitoring,0.06580913822842226
0001129155,2021,0,0.1622086841214153,Routine Monitoring,0.17738744168623677
0001130310,2021,0,0.06715495833101552,Routine Monitoring,0.07523266063240344
0001130464,2021,0,0.1101538818781359,Routine Monitoring,0.1227232573298875
0001130713,2021,1,0.22641692080748288,Routine Monitoring,0.24584091915935524
0001131554,2021,0,0.240632629437853,Routine Monitoring,0.260864922992414
0001132105,2021,0,0.2994230554094716,Medium Review Priority,0.32249912737000913
0001133062,2021,0,0.21978074609870782,Routine Monitoring,0.22614614692504204
0001133421,2021,0,0.03394365888582785,Routine Monitoring,0.0376594750275659
0001136294,2021,1,0.29281066627123603,Medium Review Priority,0.31560670706833177
0001136352,2021,0,0.034237676616297424,Routine Monitoring,0.0363257646599626
0001136869,2021,0,0.03677358717778211,Routine Monitoring,0.04078611669533397
0001136893,2021,0,0.027784343793070432,Routine Monitoring,0.030847429044886496
0001137091,2021,0,0.47529936707777304,High Review Priority,0.5022133086465346
0001137789,2021,0,0.01361297206437604,Routine Monitoring,0.015138060736774267
0001138639,2021,1,0.17591580023885592,Routine Monitoring,0.1943501762272431
0001138723,2021,0,0.10706075840249772,Routine Monitoring,0.11780465611020098
0001140859,2021,0,0.031665228473347594,Routine Monitoring,0.03563714740049851
0001141103,2021,0,0.10591771608239202,Routine Monitoring,0.11187103182089585
0001141391,2021,0,0.0015727348093081005,Routine Monitoring,0.0016639174875975337
0001142750,2021,0,0.01736046186372589,Routine Monitoring,0.01929717585051287
0001144215,2021,0,0.03527664291795393,Routine Monitoring,0.03913247004786831
0001144980,2021,0,0.015471193899620575,Routine Monitoring,0.017448420587097047
0001145197,2021,0,0.2102332509853704,Routine Monitoring,0.22867929263762032
0001145986,2021,1,0.66179666022325,High Review Priority,0.6854747607711773
0001156174,2021,0,0.0037704276317759317,Routine Monitoring,0.004258758728562958
0001156388,2021,1,0.040530919850104666,Routine Monitoring,0.04493430318920935
0001157762,2021,0,0.12803661127720636,Routine Monitoring,0.1405541651835595
0001158114,2021,1,0.46702355821278385,High Review Priority,0.4939100001074045
0001158172,2021,0,0.2711861778911283,Routine Monitoring,0.2929961990419619
0001158449,2021,0,0.035485760365205656,Routine Monitoring,0.039363511931161874
0001158895,2021,0,0.055406911213651,Routine Monitoring,0.06132316544578915
0001159036,2021,0,0.007429395096293251,Routine Monitoring,0.007971648747367388
0001159167,2021,1,0.23419108765448046,Routine Monitoring,0.2540629838783062
0001160791,2021,0,0.12661733975432923,Routine Monitoring,0.1307366237121518
0001162461,2021,1,0.16995940000443474,Routine Monitoring,0.1857026715778105
0001163302,2021,0,0.002807262002839616,Routine Monitoring,0.0029680597412946493
0001163609,2021,0,0.07184866673194995,Routine Monitoring,0.08044226390850093
0001164863,2021,0,0.07625720298432406,Routine Monitoring,0.08420135700207605
0001166388,2021,0,0.12481158857473162,Routine Monitoring,0.13706340790838456
0001169445,2021,0,0.051536982298943886,Routine Monitoring,0.057064976012346336
0001169561,2021,0,0.03227243491735057,Routine Monitoring,0.036317662031535324
0001171759,2021,0,0.07409563122874416,Routine Monitoring,0.0818345508545994
0001173489,2021,0,0.09800827279881845,Routine Monitoring,0.10492655572747928
0001173514,2021,0,0.30498281319855736,Medium Review Priority,0.3282865827684239
0001175454,2021,0,0.009272512264081595,Routine Monitoring,0.010465965562111924
0001176334,2021,0,0.047447625552998425,Routine Monitoring,0.052561291989374564
0001177394,2021,0,0.044810548214205846,Routine Monitoring,0.04965481911649375
0001177609,2021,0,0.021454339182245395,Routine Monitoring,0.023836682863054695
0001178670,2021,1,0.9652631895975273,High Review Priority,0.9688982719634024
0001178879,2021,1,0.9539699030498535,High Review Priority,0.958476001049529
0001180145,2021,1,0.30916606699232224,Medium Review Priority,0.3326364977708121
0001180262,2021,0,0.02447404052823472,Routine Monitoring,0.02718238492317505
0001185348,2021,0,0.04022360910136781,Routine Monitoring,0.04459515720616741
0001192448,2021,1,0.20381849046902395,Routine Monitoring,0.221859806629942
0001193311,2021,0,0.05693059704264152,Routine Monitoring,0.06299869693059144
0001195734,2021,0,0.18075159503232016,Routine Monitoring,0.19725697278114585
0001206264,2021,0,0.01483148554330708,Routine Monitoring,0.01649080446470597
0001210677,2021,0,0.06792714200944888,Routine Monitoring,0.07029070770185061
0001210708,2021,0,0.17839704865581038,Routine Monitoring,0.1875695572424023
0001219601,2021,0,0.04840984594827255,Routine Monitoring,0.054364203104023213
0001223389,2021,1,0.04242493239779822,Routine Monitoring,0.047024001232295276
0001232524,2021,0,0.04191967125537064,Routine Monitoring,0.047115268915028305
0001235468,2021,0,0.020354030900063682,Routine Monitoring,0.022617017542840692
0001237831,2021,0,0.03220138718011312,Routine Monitoring,0.03573353144662309
0001254699,2021,1,0.041713285433726086,Routine Monitoring,0.04623893346824941
0001257640,2021,0,0.05282621504472211,Routine Monitoring,0.059289935443863864
0001260221,2021,0,0.031121268547215555,Routine Monitoring,0.034539163733783296
0001261333,2021,0,0.02425778870601688,Routine Monitoring,0.026942863199722795
0001262039,2021,0,0.005874218174220789,Routine Monitoring,0.006538065319420943
0001262823,2021,0,0.009490148464676702,Routine Monitoring,0.010558292961719345
0001262976,2021,0,0.04115555558617025,Routine Monitoring,0.045623574060018914
0001267565,2021,0,0.07970299047807283,Routine Monitoring,0.08797192611281025
0001270073,2021,1,0.6796223619468481,High Review Priority,0.702724332476856
0001273931,2021,0,0.06869402196587317,Routine Monitoring,0.075915026881698
0001274494,2021,1,0.059202159960679276,Routine Monitoring,0.06549556533432294
0001275014,2021,0,0.03745539772064722,Routine Monitoring,0.0415391143176965
0001275158,2021,0,0.0555172624109017,Routine Monitoring,0.06144453327742938
0001275187,2021,1,0.31208290727626925,Medium Review Priority,0.33566717953467856
0001276187,2021,0,0.015274030563737708,Routine Monitoring,0.0164587707939194
0001278027,2021,0,0.09994850284698503,Routine Monitoring,0.11006664013852978
0001280058,2021,0,0.05406567874945215,Routine Monitoring,0.05984779232007445
0001280263,2021,0,0.10599807787718611,Routine Monitoring,0.11664926350131638
0001280452,2021,0,0.013734848583383781,Routine Monitoring,0.015273379905718431
0001282637,2021,0,0.05152133557424633,Routine Monitoring,0.057047751924602645
0001282648,2021,0,0.11756394725711614,Routine Monitoring,0.12639277877357136
0001285785,2021,0,0.022599417191350408,Routine Monitoring,0.024338312363340643
0001286139,2021,0,0.15137785060370682,Routine Monitoring,0.15615864759060494
0001286681,2021,0,0.0039471504036867515,Routine Monitoring,0.004458267516345068
0001287213,2021,0,0.062402651343904346,Routine Monitoring,0.06995158960463449
0001288403,2021,0,0.0369738729463635,Routine Monitoring,0.03977379157981324
0001288469,2021,0,0.021511897282776454,Routine Monitoring,0.023900476252988963
0001288847,2021,0,0.11981340645162751,Routine Monitoring,0.13164839427806066
0001289308,2021,0,0.10877090589131146,Routine Monitoring,0.11966342372876257
0001289460,2021,0,0.012661411472733176,Routine Monitoring,0.014081416766040149
0001290677,2021,0,0.06790686088816056,Routine Monitoring,0.07505178893575165
0001290900,2021,0,0.17588905864660273,Routine Monitoring,0.19205450410865219
0001294133,2021,1,0.18758955269533728,Routine Monitoring,0.20456342735579258
0001295947,2021,0,0.027134807923178517,Routine Monitoring,0.03012850418754717
0001296445,2021,0,0.08169962496548258,Routine Monitoring,0.09015541259064577
0001297184,2021,0,0.045133602725082184,Routine Monitoring,0.050010969106897576
0001297989,2021,0,0.027281457071875827,Routine Monitoring,0.030290828911527262
0001299130,2021,1,0.7525946599891219,High Review Priority,0.7498768210330232
0001300699,2021,1,0.9709768799280595,High Review Priority,0.9727007973301515
0001301787,2021,0,0.034601086460334995,Routine Monitoring,0.03838601161487235
0001302028,2021,0,0.10164511692709124,Routine Monitoring,0.11191365225468455
0001305168,2021,0,0.07369930052979329,Routine Monitoring,0.08140046459048347
0001306830,2021,0,0.008462040086189114,Routine Monitoring,0.009552184298267232
0001307954,2021,0,0.022298458785370047,Routine Monitoring,0.02477216274425322
0001309108,2021,0,0.041037746811437015,Routine Monitoring,0.04549358230287648
0001309402,2021,0,0.08976763759270416,Routine Monitoring,0.09896845851750222
0001313275,2021,0,0.12215428770797844,Routine Monitoring,0.13418525322799146
0001314727,2021,0,0.02340712260561312,Routine Monitoring,0.026000546638303142
0001315098,2021,0,0.08826814166295534,Routine Monitoring,0.09127017788125326
0001315257,2021,0,0.07580515841894081,Routine Monitoring,0.08370648766767008
0001316835,2021,0,0.0045841252962594645,Routine Monitoring,0.004723937813369892
0001317630,2021,0,0.02593915128868457,Routine Monitoring,0.02740425444872267
0001317945,2021,0,0.016338204320437616,Routine Monitoring,0.018162984319102522
0001318008,2021,1,0.03152149787595369,Routine Monitoring,0.03498176125181459
0001318220,2021,0,0.05344899506093448,Routine Monitoring,0.0591692820835586
0001318484,2021,0,0.03188281776686978,Routine Monitoring,0.03538129589813181
0001318605,2021,0,0.0069967001610161525,Routine Monitoring,0.007786405772113664
0001319947,2021,0,0.03407346514614331,Routine Monitoring,0.03780293514320381
0001320461,2021,1,0.27324852435163016,Medium Review Priority,0.29515723694736196
0001320695,2021,1,0.08281354068191289,Routine Monitoring,0.09137314540069338
0001320854,2021,0,0.5058140777675,High Review Priority,0.5227795819268939
0001321655,2021,0,0.2911445698653697,Medium Review Priority,0.30535888758835217
0001321732,2021,0,0.15037600294888423,Routine Monitoring,0.16466513769812471
0001323468,2021,0,0.02996158485666446,Routine Monitoring,0.03179746899205651
0001323885,2021,1,0.158867410275239,Routine Monitoring,0.17379836755176373
0001324272,2021,0,0.018822035991052883,Routine Monitoring,0.020027443011446378
0001324404,2021,0,0.003258058575281649,Routine Monitoring,0.003680274775635336
0001324948,2021,0,0.02128661052572061,Routine Monitoring,0.023650779349230135
0001325702,2021,1,0.05389518281219109,Routine Monitoring,0.05966021252013902
0001326380,2021,0,0.34503274726484723,Medium Review Priority,0.3697686139569345
0001326732,2021,1,0.11552252214834373,Routine Monitoring,0.11933017146678693
0001326801,2021,0,0.0008693059016722847,Routine Monitoring,0.0009680972182054794
0001327318,2021,1,0.3740825473897276,Medium Review Priority,0.3996303168460727
0001327567,2021,0,0.02895839803523818,Routine Monitoring,0.03260221788253928
0001327688,2021,0,0.17476754514302542,Routine Monitoring,0.19085378648299817
0001327811,2021,0,0.026753782285957817,Routine Monitoring,0.02970672483714741
0001328581,2021,0,0.00858468220699448,Routine Monitoring,0.009690471694572553
0001333274,2021,0,0.0416407594534987,Routine Monitoring,0.04615891786068541
0001333835,2021,1,0.1701418446679321,Routine Monitoring,0.18589823109630174
0001334036,2021,0,0.0020120539583946308,Routine Monitoring,0.0022404204171370666
0001334978,2021,0,0.07525669147997553,Routine Monitoring,0.08422092402639136
0001336047,2021,0,0.0486422629368911,Routine Monitoring,0.054623566159081545
0001336917,2021,0,0.0365925372028635,Routine Monitoring,0.04058614394933402
0001336920,2021,0,0.0355538241252713,Routine Monitoring,0.03943870931750382
0001337013,2021,0,0.06226278194988925,Routine Monitoring,0.06444287983321079
0001337298,2021,0,0.07196985837454974,Routine Monitoring,0.07950581663802662
0001337619,2021,0,0.0472714875143259,Routine Monitoring,0.052367214297085976
0001338065,2021,0,0.05703377746381761,Routine Monitoring,0.06311213912007783
0001339605,2021,0,0.03576441248998394,Routine Monitoring,0.03967136168173249
0001340122,2021,0,0.07877395571394188,Routine Monitoring,0.086955613927582
0001340476,2021,1,0.8387224262004701,High Review Priority,0.8527694104254111
0001341439,2021,0,0.00894362968982842,Routine Monitoring,0.010095184257929345
0001341766,2021,0,0.46998640197652003,High Review Priority,0.4775114296866114
0001345126,2021,0,0.07719119279066457,Routine Monitoring,0.08522366920174562
0001347178,2021,0,0.07707854275985596,Routine Monitoring,0.08510037788344477
0001349436,2021,0,0.02202881002818427,Routine Monitoring,0.022390112845198817
0001350593,2021,0,0.05113748607563433,Routine Monitoring,0.056625187056382496
0001350653,2021,1,0.6608702512906521,High Review Priority,0.6877141610503957
0001352010,2021,0,0.02118044770106212,Routine Monitoring,0.023533109202853418
0001352081,2021,0,0.01833762633519496,Routine Monitoring,0.020673492227138816
0001353283,2021,0,0.21780855289672402,Routine Monitoring,0.23672003561199043
0001354327,2021,0,0.08119317683063972,Routine Monitoring,0.0896016623056477
0001355096,2021,1,0.04570833099946677,Routine Monitoring,0.05064451133102725
0001356576,2021,0,0.08299651060481163,Routine Monitoring,0.09157313891229685
0001357615,2021,0,0.06003624844760901,Routine Monitoring,0.06641206138119148
0001357971,2021,0,0.23893730990310322,Routine Monitoring,0.2590756930958771
0001358190,2021,1,0.12820575090565503,Routine Monitoring,0.1407371718649855
0001359687,2021,0,0.03512103017312657,Routine Monitoring,0.03690104407658
0001359841,2021,0,0.04370385454084303,Routine Monitoring,0.048434552211089985
0001361113,2021,0,0.2849814168736633,Medium Review Priority,0.3105380773832146
0001361538,2021,0,0.12472929898619199,Routine Monitoring,0.136974304802819
0001364885,2021,1,0.12886488521374748,Routine Monitoring,0.14322567454951787
0001365135,2021,0,0.01805919778850926,Routine Monitoring,0.020072269704406086
0001365916,2021,1,0.6657087298611254,High Review Priority,0.689241550564454
0001366561,2021,0,0.3445226523269623,Medium Review Priority,0.36924256588523435
0001367644,2021,1,0.05664615858429127,Routine Monitoring,0.06268595605609134
0001368265,2021,0,0.5956840151089726,High Review Priority,0.6213424053407126
0001368458,2021,0,0.030052820485825252,Routine Monitoring,0.03335741326681416
0001368622,2021,1,0.08238459196090901,Routine Monitoring,0.0921132945736916
0001369568,2021,0,0.023248889984339296,Routine Monitoring,0.025825246027841194
0001370637,2021,0,0.03174312780572165,Routine Monitoring,0.03522683560236675
0001370946,2021,0,0.020021042497046507,Routine Monitoring,0.022566414258600224
0001371451,2021,0,0.030289015921071107,Routine Monitoring,0.03183221170818099
0001372020,2021,1,0.10882741278629354,Routine Monitoring,0.11972482915579223
0001372612,2021,0,0.04446112252666479,Routine Monitoring,0.04926956702093408
0001373715,2021,0,0.01267043676143616,Routine Monitoring,0.014091439814475365
0001374535,2021,0,0.05956582600104956,Routine Monitoring,0.0667960377917358
0001375365,2021,0,0.07600254483100956,Routine Monitoring,0.08392257983033224
0001376139,2021,0,0.020280791127646,Routine Monitoring,0.021845268776815786
0001376339,2021,1,0.3871382970419614,Medium Review Priority,0.41298938800224183
0001376986,2021,0,0.0426745180988062,Routine Monitoring,0.04795898958131564
0001377630,2021,0,0.6468134958467525,High Review Priority,0.6551612997002062
0001377789,2021,0,0.10717690999556466,Routine Monitoring,0.11793092445690181
0001378453,2021,0,0.03796842961500005,Routine Monitoring,0.04210563462118744
0001378950,2021,0,0.30312768240092164,Medium Review Priority,0.32635626252046246
0001378992,2021,0,0.03775820864802654,Routine Monitoring,0.04187350409959078
0001383312,2021,0,0.03132979103293535,Routine Monitoring,0.03476976537514155
0001383650,2021,0,0.0191595279207908,Routine Monitoring,0.021597785078247198
0001384195,2021,0,0.05979157118246308,Routine Monitoring,0.061681585596162436
0001384905,2021,0,0.10473853052076336,Routine Monitoring,0.1152794711942433
0001385157,2021,0,0.016008004291880356,Routine Monitoring,0.017796572164719988
0001387467,2021,0,0.0306445832995109,Routine Monitoring,0.03401196428830741
0001388658,2021,1,0.6293266226189252,High Review Priority,0.6540897942561102
0001389170,2021,0,0.018475473768226485,Routine Monitoring,0.0199035169022857
0001391127,2021,1,0.4002335164700921,High Review Priority,0.42635072125995016
0001392972,2021,1,0.48809880898732755,High Review Priority,0.515026114015303
0001393052,2021,0,0.01365223469133048,Routine Monitoring,0.015181654334175386
0001393584,2021,1,0.8552915268930292,High Review Priority,0.8627222096946778
0001393883,2021,0,0.10497037426162534,Routine Monitoring,0.11553163675160122
0001395942,2021,0,0.04337521597795128,Routine Monitoring,0.04874203847153663
0001396009,2021,0,0.06929067957366933,Routine Monitoring,0.07656924754718007
0001396033,2021,1,0.11098101752344297,Routine Monitoring,0.1220645469190382
0001396814,2021,0,0.05669615076259384,Routine Monitoring,0.0627409240514237
0001397047,2021,1,0.48233358084673195,High Review Priority,0.4976674959015238
0001397187,2021,0,0.005167435201640264,Routine Monitoring,0.005751870730840085
0001397702,2021,1,0.9122054687435445,High Review Priority,0.9151038649602552
0001399520,2021,0,0.02383235862601912,Routine Monitoring,0.026471620169841514
0001401257,2021,0,0.2334497841898496,Routine Monitoring,0.2532795822372353
0001401667,2021,0,0.11722403409344803,Routine Monitoring,0.1288406875625475
0001401708,2021,1,0.8846331945518806,High Review Priority,0.8951811747895292
0001402057,2021,0,0.04526818104247261,Routine Monitoring,0.050856768805449024
0001402436,2021,0,0.018726927674172583,Routine Monitoring,0.02081285428592637
0001402829,2021,0,0.2821238653089017,Medium Review Priority,0.3044460867272208
0001403161,2021,0,0.0030759434553533226,Routine Monitoring,0.0032539938453241763
0001403431,2021,0,0.06950485898476527,Routine Monitoring,0.0768040686108044
0001403568,2021,0,0.006658934500322163,Routine Monitoring,0.007410801590402873
0001404655,2021,0,0.04478500213858093,Routine Monitoring,0.04962665484934505
0001408075,2021,0,0.0573106171259057,Routine Monitoring,0.0642857997336202
0001408198,2021,0,0.0062990012209879764,Routine Monitoring,0.006662370876747667
0001408710,2021,0,0.07040018097055024,Routine Monitoring,0.07778555481537815
0001409171,2021,0,0.034831216355196794,Routine Monitoring,0.03918419020244936
0001410384,2021,0,0.1944901852847621,Routine Monitoring,0.21192557706723816
0001411207,2021,0,0.012231505005012952,Routine Monitoring,0.013603959663050025
0001411688,2021,0,0.08328390730438516,Routine Monitoring,0.0918872584557029
0001412408,2021,1,0.8471787481689668,High Review Priority,0.8606116070341702
0001413329,2021,0,0.0017343698951039752,Routine Monitoring,0.0019312804332346205
0001413447,2021,0,0.010454601491996725,Routine Monitoring,0.011798388127160012
0001413898,2021,1,0.5086124641283679,High Review Priority,0.5354876251566686
0001418100,2021,1,0.10081986271475672,Routine Monitoring,0.11101533060635597
0001418135,2021,0,0.022783472135636803,Routine Monitoring,0.025309588728745374
0001418819,2021,0,0.043054778919297994,Routine Monitoring,0.047718723666935386
0001419612,2021,0,0.03899437324774795,Routine Monitoring,0.04384399623012178
0001420800,2021,1,0.04136696902182698,Routine Monitoring,0.045856841740261334
0001421517,2021,0,0.17399817807465826,Routine Monitoring,0.18299488861131585
0001422930,2021,0,0.024481856140501017,Routine Monitoring,0.025374871871745416
0001423221,2021,0,0.05306038294366699,Routine Monitoring,0.058741660473319926
0001423774,2021,1,0.26549271288332826,Routine Monitoring,0.2870251700273927
0001423902,2021,0,0.02031236049179315,Routine Monitoring,0.02257082090893473
0001424844,2021,0,0.08672927046682738,Routine Monitoring,0.0969168429632075
0001424929,2021,0,0.06306563543151525,Routine Monitoring,0.06973929791785988
0001425292,2021,0,0.014333511957631469,Routine Monitoring,0.01616772996574968
0001428336,2021,0,0.13028094832424078,Routine Monitoring,0.14298194120038787
0001431695,2021,0,0.34436888463552945,Medium Review Priority,0.35494711817969354
0001432133,2021,1,0.6539820748974295,High Review Priority,0.6622489191542853
0001433195,2021,0,0.12273772546594164,Routine Monitoring,0.13481732873974606
0001433270,2021,0,0.05783520775568834,Routine Monitoring,0.06399318526819257
0001433660,2021,0,0.03650802102227192,Routine Monitoring,0.041061635532214605
0001436208,2021,0,0.02834883707690155,Routine Monitoring,0.03147214033080669
0001437352,2021,0,0.19811221982825833,Routine Monitoring,0.21578533117785298
0001438133,2021,0,0.06270569984708534,Routine Monitoring,0.06934409263444578
0001438533,2021,1,0.6986368069874508,High Review Priority,0.720823714585295
0001439095,2021,0,0.10345187250699864,Routine Monitoring,0.11535563756177221
0001439288,2021,0,0.018896868504834092,Routine Monitoring,0.01959025379552536
0001441236,2021,0,0.11959269805755383,Routine Monitoring,0.13140913949944708
0001441683,2021,1,0.52973831000395,High Review Priority,0.5564656320764024
0001441816,2021,1,0.2137907316700779,Routine Monitoring,0.23245703659936334
0001442145,2021,0,0.010663789559575624,Routine Monitoring,0.011862448855090062
0001442236,2021,0,0.42634249500504684,High Review Priority,0.43535225830215113
0001443669,2021,0,0.09596773710641507,Routine Monitoring,0.10573022692312169
0001444380,2021,0,0.5316942204462172,High Review Priority,0.5584030462911292
0001445305,2021,0,0.1218114041967447,Routine Monitoring,0.13381374693958945
0001446847,2021,0,0.014088376256697,Routine Monitoring,0.015109254490731115
0001447669,2021,1,0.1682936729802245,Routine Monitoring,0.18391683708673753
0001448056,2021,0,0.26964329677357357,Routine Monitoring,0.29137884165582634
0001451505,2021,0,0.24498146096806633,Routine Monitoring,0.268296993340503
0001451809,2021,0,0.055401157401050574,Routine Monitoring,0.05931238247306206
0001454938,2021,0,0.13713578904854082,Routine Monitoring,0.14154181568787547
0001455684,2021,1,0.27251444862978985,Routine Monitoring,0.29438814552455944
0001459200,2021,0,0.10401877752348235,Routine Monitoring,0.11449654588444554
0001459417,2021,0,0.24948283582750613,Routine Monitoring,0.2701944812758811
0001460329,2021,0,0.1771437195071627,Routine Monitoring,0.19339741638195773
0001462418,2021,1,0.6857374484854097,High Review Priority,0.7050295467169257
0001463101,2021,0,0.008220180278681394,Routine Monitoring,0.009146706015770816
0001465872,2021,0,0.8790331195010794,High Review Priority,0.887531733317254
0001466258,2021,0,0.024442969939934316,Routine Monitoring,0.02714797168934199
0001466593,2021,0,0.08427668190822937,Routine Monitoring,0.09032273117776463
0001467373,2021,0,0.0074112072669149905,Routine Monitoring,0.008367117597611608
0001467623,2021,0,0.014208257944887802,Routine Monitoring,0.01579896950165302
0001467858,2021,0,0.03335222442623847,Routine Monitoring,0.03700577627174677
0001468327,2021,1,0.8304719177760651,High Review Priority,0.8355822691846072
0001468666,2021,1,0.22348420327958216,Routine Monitoring,0.24273555312586653
0001469367,2021,1,0.12528145769992483,Routine Monitoring,0.13757215034216372
0001474432,2021,0,0.03570866393951824,Routine Monitoring,0.03960977326225625
0001474735,2021,0,0.01854191513975428,Routine Monitoring,0.020607666641362796
0001474903,2021,0,0.17268774417540583,Routine Monitoring,0.18862630945529618
0001475115,2021,0,0.23561249973091558,Routine Monitoring,0.24806440509875394
0001476840,2021,0,0.304043287487915,Medium Review Priority,0.31187363044459426
0001477294,2021,0,0.035589798558775684,Routine Monitoring,0.03947845369080817
0001477333,2021,0,0.14464035671614658,Routine Monitoring,0.1584861404953006
0001477720,2021,1,0.7689764440470742,High Review Priority,0.779697715925967
0001478320,2021,1,0.8992609121623613,High Review Priority,0.8979357531369272
0001481582,2021,0,0.03382133531939082,Routine Monitoring,0.03752428082105425
0001481646,2021,1,0.3950721603834867,Medium Review Priority,0.4098281781802321
0001481792,2021,0,0.0678499100912544,Routine Monitoring,0.07498932805604473
0001482981,2021,0,0.4233253430014724,High Review Priority,0.43231939693672944
0001483510,2021,1,0.04109734764020379,Routine Monitoring,0.04375217630668902
0001484612,2021,1,0.951003743989961,High Review Priority,0.9503216280019865
0001484778,2021,1,0.6181698984110732,High Review Priority,0.6268040941031573
0001486159,2021,0,0.002608106051784108,Routine Monitoring,0.0025537845703906157
0001486957,2021,0,0.024345520086809496,Routine Monitoring,0.027425297306071145
0001487952,2021,0,0.0777394184809625,Routine Monitoring,0.08582363735796278
0001488139,2021,0,0.22298286175590482,Routine Monitoring,0.24488379158656212
0001489096,2021,0,0.05809640054865021,Routine Monitoring,0.06428029104943919
0001489393,2021,0,0.0032270584635359987,Routine Monitoring,0.003645272009829952
0001490281,2021,1,0.49927696343626776,High Review Priority,0.5261870586679193
0001490978,2021,1,0.8434973583886646,High Review Priority,0.8514284619240088
0001492426,2021,0,0.032172350688586496,Routine Monitoring,0.03620550197649479
0001493594,2021,0,0.07649953648240634,Routine Monitoring,0.08446662736534581
0001493761,2021,1,0.32473415527415855,Medium Review Priority,0.3487897439630741
0001494259,2021,0,0.022474385731112018,Routine Monitoring,0.024967107950948968
0001494319,2021,0,0.055424635231489945,Routine Monitoring,0.06134265910050649
0001495320,2021,1,0.10541711974067033,Routine Monitoring,0.11601750378144768
0001496963,2021,0,0.11244893718156344,Routine Monitoring,0.11616858611232903
0001499200,2021,0,0.01987921847021757,Routine Monitoring,0.022406971727823837
0001499717,2021,1,0.5760508873180542,High Review Priority,0.6021230139786858
0001500435,2021,0,0.02422695838349009,Routine Monitoring,0.02690871440553437
0001501585,2021,0,0.05642542192985127,Routine Monitoring,0.062443241633804374
0001503274,2021,1,0.8325545593933772,High Review Priority,0.837614406160884
0001503802,2021,1,0.9299583367519499,High Review Priority,0.9342554805601297
0001504461,2021,0,0.0912204478664677,Routine Monitoring,0.1018767230954478
0001504776,2021,0,0.6677664099436054,High Review Priority,0.6758671515341103
0001505155,2021,0,0.18319502137813204,Routine Monitoring,0.19986908692807523
0001505952,2021,1,0.42212379493761304,High Review Priority,0.4498064802293644
0001506293,2021,0,0.05782019272023102,Routine Monitoring,0.06397668007293429
0001506307,2021,0,0.03001391260049332,Routine Monitoring,0.03331437403499184
0001507079,2021,0,0.033334075693968505,Routine Monitoring,0.03698571551425983
0001507605,2021,1,0.4670816261623001,High Review Priority,0.4762375942386117
0001510295,2021,0,0.015815077681851582,Routine Monitoring,0.01679915188473229
0001511737,2021,0,0.0018676214177165856,Routine Monitoring,0.0020796290626868314
0001512673,2021,0,0.04726663087720251,Routine Monitoring,0.052361862902038855
0001512762,2021,1,0.9635112166196691,High Review Priority,0.9673234302229369
0001514416,2021,0,0.128765086172524,Routine Monitoring,0.14134231527195346
0001514705,2021,0,0.0342574088585287,Routine Monitoring,0.03800622000808092
0001515673,2021,1,0.9850474455575731,High Review Priority,0.9851951720456739
0001516513,2021,0,0.03151239456416005,Routine Monitoring,0.03265327657951062
0001517022,2021,1,0.9624323767145649,High Review Priority,0.9644209632213436
0001517175,2021,0,0.08564954784734138,Routine Monitoring,0.09447208921805864
0001517228,2021,0,0.07860110797720934,Routine Monitoring,0.08676650465907386
0001517375,2021,0,0.22943139399807566,Routine Monitoring,0.24045992854828055
0001517413,2021,1,0.5258888788221829,High Review Priority,0.5526502274368619
0001519061,2021,0,0.02043344010676013,Routine Monitoring,0.023030009832521833
0001519751,2021,0,0.031216698534458572,Routine Monitoring,0.03464469956470589
0001520006,2021,0,0.007775223151488725,Routine Monitoring,0.008380794050789111
0001520262,2021,0,0.11372509037006633,Routine Monitoring,0.12504412092299538
0001521036,2021,0,0.14446679647912306,Routine Monitoring,0.15829904083776497
0001521332,2021,0,0.041121490414161736,Routine Monitoring,0.04558598645595917
0001522540,2021,1,0.35314775470891974,Medium Review Priority,0.36158569067982266
0001522727,2021,0,0.19010335825529395,Routine Monitoring,0.208326361992204
0001524025,2021,1,0.02875199124913752,Routine Monitoring,0.03191825251020454
0001524472,2021,0,0.0438206184096287,Routine Monitoring,0.04856331327070373
0001524741,2021,0,0.11214867172644437,Routine Monitoring,0.12333263575365128
0001524931,2021,0,0.059005719890480805,Routine Monitoring,0.06527969194080044
0001525769,2021,0,0.017649660517590295,Routine Monitoring,0.018561219567978328
0001526520,2021,0,0.0965448585856183,Routine Monitoring,0.1020314742436696
0001527508,2021,0,0.07693124008341777,Routine Monitoring,0.08140365122837098
0001528129,2021,0,0.017066823696910854,Routine Monitoring,0.017348186762291898
0001528356,2021,0,0.08363161447849168,Routine Monitoring,0.09226726909085775
0001528396,2021,1,0.1579043601647733,Routine Monitoring,0.17276339677771294
0001528849,2021,0,0.024297779307677445,Routine Monitoring,0.02698715789865004
0001529274,2021,1,0.6469297590426776,High Review Priority,0.6552762794804362
0001529628,2021,0,0.5212520870617894,High Review Priority,0.5480502338016381
0001530721,2021,0,0.019379991467760375,Routine Monitoring,0.021537064000625415
0001530804,2021,0,0.021995226815423978,Routine Monitoring,0.02443613216730508
0001530950,2021,0,0.05004836046455445,Routine Monitoring,0.05542601159958933
0001530979,2021,1,0.6640192037199439,High Review Priority,0.6721664564972456
0001531048,2021,1,0.104715021376938,Routine Monitoring,0.11060910021109356
0001531152,2021,0,0.028947111100196456,Routine Monitoring,0.03258955838339238
0001531978,2021,1,0.35143852305906287,Medium Review Priority,0.35985833944327883
0001532286,2021,0,0.7864978138447714,High Review Priority,0.8050620820710503
0001533924,2021,0,0.17793503168390473,Routine Monitoring,0.1880887903806232
0001534504,2021,0,0.02400434591588063,Routine Monitoring,0.02548479259594447
0001534675,2021,0,0.014301290094748688,Routine Monitoring,0.015902249217869924
0001535527,2021,0,0.052672955851216056,Routine Monitoring,0.05831530543240586
0001538849,2021,0,0.01940195544540297,Routine Monitoring,0.0206108870689993
0001539838,2021,0,0.013056328476664773,Routine Monitoring,0.012870246651524581
0001543151,2021,0,0.07114230737155233,Routine Monitoring,0.07859895184057955
0001544522,2021,1,0.5420562634281002,High Review Priority,0.5511619191772439
0001546417,2021,0,0.021519525464027366,Routine Monitoring,0.023908930735275707
0001547459,2021,0,0.09693616897855155,Routine Monitoring,0.10678553747809087
0001549346,2021,0,0.015855964614164355,Routine Monitoring,0.017627849476755872
0001550695,2021,1,0.3714098122449899,Medium Review Priority,0.39689079185478254
0001551152,2021,0,0.009634178023313416,Routine Monitoring,0.010873669961011093
0001552033,2021,0,0.026097084900910335,Routine Monitoring,0.028979702902256203
0001552275,2021,0,0.013168012451576824,Routine Monitoring,0.013989717481861593
0001552800,2021,0,0.06068705180203288,Routine Monitoring,0.06712704384698331
0001556739,2021,0,0.03296449956689032,Routine Monitoring,0.03547198399569507
0001559720,2021,0,0.026408297258215904,Routine Monitoring,0.027369611547201383
0001559865,2021,0,0.012372827163943053,Routine Monitoring,0.013760918177511771
0001560327,2021,0,0.13535759603249875,Routine Monitoring,0.14846902037517787
0001561550,2021,0,0.03497909584468756,Routine Monitoring,0.0388037084665098
0001561680,2021,0,0.04155604524308382,Routine Monitoring,0.046065453702486533
0001562088,2021,0,0.39146309892678177,Medium Review Priority,0.4002500501093953
0001563190,2021,1,0.21237888389481252,Routine Monitoring,0.2185899689937783
0001564408,2021,0,0.13114509167857644,Routine Monitoring,0.1439163888936934
0001566011,2021,0,0.028123373584928325,Routine Monitoring,0.02985008809166038
0001567683,2021,0,0.07520907773666947,Routine Monitoring,0.08305385970795703
0001567892,2021,1,0.10064685087314271,Routine Monitoring,0.11082697927210358
0001568100,2021,0,0.3772149466093085,Medium Review Priority,0.4028389596472215
0001569345,2021,0,0.3875569134838972,Medium Review Priority,0.3963132868106601
0001571123,2021,0,0.04487432229853434,Routine Monitoring,0.050416853888920005
0001571996,2021,0,0.01688493883022635,Routine Monitoring,0.018769617289090056
0001573221,2021,1,0.7261946370760728,High Review Priority,0.7470871518367629
0001573516,2021,0,0.007265816495931835,Routine Monitoring,0.008085649478968166
0001575051,2021,0,0.0980190603083654,Routine Monitoring,0.10796530340550549
0001575515,2021,0,0.053605189995707715,Routine Monitoring,0.0593411455233531
0001575828,2021,0,0.19073540667115993,Routine Monitoring,0.19614346425528728
0001576427,2021,0,0.04985163089576823,Routine Monitoring,0.0552093721405122
0001576914,2021,0,0.06966364861251159,Routine Monitoring,0.07697815434367233
0001576942,2021,0,0.20417640947202823,Routine Monitoring,0.22224056397194417
0001577526,2021,1,0.4005275669961736,High Review Priority,0.409381106142861
0001579157,2021,1,0.10993035172417655,Routine Monitoring,0.12247773141437276
0001579214,2021,0,0.28741093746398244,Medium Review Priority,0.3113755131979952
0001579241,2021,0,0.019498680595775586,Routine Monitoring,0.0216686718022222
0001579684,2021,0,0.22561030691983808,Routine Monitoring,0.244987021467988
0001579733,2021,0,0.15548914185478452,Routine Monitoring,0.16371851624878833
0001580560,2021,0,0.254073827696102,Routine Monitoring,0.261100063536788
0001580670,2021,1,0.09178322639416715,Routine Monitoring,0.10116767565229276
0001580808,2021,0,0.06202952451283457,Routine Monitoring,0.06860157271847224
0001580864,2021,1,0.47570211526409767,High Review Priority,0.4832352199985631
0001580905,2021,0,0.06664700947168213,Routine Monitoring,0.07366985718494105
0001581280,2021,1,0.9482780620321086,High Review Priority,0.947560092076479
0001582961,2021,0,0.12333638482873388,Routine Monitoring,0.12736449423258323
0001582982,2021,0,0.10712997165700212,Routine Monitoring,0.11314280211474949
0001583708,2021,1,0.7859140420077018,High Review Priority,0.7834569126555758
0001584509,2021,0,0.0647403888668327,Routine Monitoring,0.07255024388060902
0001585364,2021,0,0.13185442513648682,Routine Monitoring,0.14468329651729386
0001585521,2021,0,0.02169403921839287,Routine Monitoring,0.023035362732660093
0001587732,2021,0,0.36464298939448786,Medium Review Priority,0.39341288750229453
0001589526,2021,1,0.5964703729546983,High Review Priority,0.6255233658532466
0001590714,2021,0,0.040426049521595515,Routine Monitoring,0.04481857168449325
0001590877,2021,1,0.03383336256138538,Routine Monitoring,0.03505523194242334
0001590955,2021,0,0.021426979363626596,Routine Monitoring,0.023806358853393435
0001590976,2021,0,0.016983148175905072,Routine Monitoring,0.018878578153173984
0001591698,2021,0,0.0595936169863127,Routine Monitoring,0.06592571964637584
0001592000,2021,0,0.036406207698048934,Routine Monitoring,0.03916488701567099
0001592016,2021,0,0.10661539948405868,Routine Monitoring,0.11260299110820027
0001592057,2021,1,0.14515370062186722,Routine Monitoring,0.1590394877804961
0001592058,2021,1,0.1090487550239902,Routine Monitoring,0.11996535184440446
0001593548,2021,0,0.03211015141546072,Routine Monitoring,0.03407306374878942
0001595974,2021,0,0.034771270377988314,Routine Monitoring,0.037638543814778644
0001596532,2021,0,0.008220735925696762,Routine Monitoring,0.009147323714100736
0001596783,2021,0,0.04237225061097072,Routine Monitoring,0.046965888587544746
0001596961,2021,1,0.05743842619489729,Routine Monitoring,0.05909455659464925
0001597033,2021,1,0.37798305378833413,Medium Review Priority,0.40117901963426267
0001597672,2021,0,0.10164044251624803,Routine Monitoring,0.11336212899369219
0001599489,2021,0,0.056600027602297834,Routine Monitoring,0.06263523301824293
0001599617,2021,0,0.1492805676892733,Routine Monitoring,0.16348564057018672
0001600033,2021,0,0.13230686176295708,Routine Monitoring,0.14517239218726233
0001600438,2021,0,0.08277208914753052,Routine Monitoring,0.09132783605447879
0001601046,2021,0,0.016951837377816588,Routine Monitoring,0.018843839853283362
0001602065,2021,0,0.02001600930071104,Routine Monitoring,0.020214667405252913
0001603145,2021,0,0.06656483782334882,Routine Monitoring,0.07357970939961933
0001603756,2021,0,0.6972666093555039,High Review Priority,0.710061004835965
0001603923,2021,0,0.08548741413120561,Routine Monitoring,0.09429497685738719
0001604028,2021,0,0.035032850794385624,Routine Monitoring,0.03886310427985341
0001604643,2021,0,0.052634084327549756,Routine Monitoring,0.05827252610880209
0001604665,2021,0,0.004424321760844598,Routine Monitoring,0.004925127447104167
0001604778,2021,0,0.02050869645048617,Routine Monitoring,0.022788478992382292
0001604868,2021,1,0.1223688324065022,Routine Monitoring,0.125647545131156
0001606163,2021,0,0.462686386303172,High Review Priority,0.48955248484351005
0001606268,2021,0,0.4467336289785719,High Review Priority,0.47348969799297796
0001606366,2021,0,0.0712349280224505,Routine Monitoring,0.07870045781798587
0001606498,2021,0,0.1273303087680103,Routine Monitoring,0.13978988085901425
0001606745,2021,0,0.18205007704226112,Routine Monitoring,0.1923837040409393
0001606757,2021,0,0.03880357222065759,Routine Monitoring,0.04363054314055516
0001609151,2021,1,0.806713071000549,High Review Priority,0.8123778170075261
0001609253,2021,0,0.03114219330770173,Routine Monitoring,0.032727390601815065
0001609550,2021,0,0.601523145080866,High Review Priority,0.6161362893790339
0001609711,2021,0,0.030626281577331108,Routine Monitoring,0.034472519861734566
0001609804,2021,0,0.029281288910737252,Routine Monitoring,0.03296435868928551
0001610250,2021,0,0.02678701751230466,Routine Monitoring,0.02974351628556999
0001611052,2021,0,0.4343019454416727,High Review Priority,0.44334991678836677
0001611647,2021,1,0.18193924131920453,Routine Monitoring,0.1995840588300273
0001613103,2021,0,0.02526444345929449,Routine Monitoring,0.028057739652566346
0001614178,2021,0,0.31432535896003705,Medium Review Priority,0.3379958317256659
0001615063,2021,0,0.1835270697621901,Routine Monitoring,0.20022394928868892
0001615165,2021,0,0.5319944930740863,High Review Priority,0.541130852133651
0001616318,2021,0,0.029731615633743498,Routine Monitoring,0.03300209062688857
0001616533,2021,0,0.033183109335418265,Routine Monitoring,0.03681884118363182
0001616707,2021,1,0.11235579175977306,Routine Monitoring,0.12355753628077322
0001616862,2021,0,0.035013353219135075,Routine Monitoring,0.0388415607782461
0001617553,2021,0,0.01814573337080669,Routine Monitoring,0.01881208563671385
0001617640,2021,1,0.13998183923386354,Routine Monitoring,0.14365522352694376
0001618673,2021,0,0.08347737944860283,Routine Monitoring,0.09209870865194275
0001618732,2021,0,0.43293166883293877,High Review Priority,0.45954771264155037
0001618755,2021,0,0.013286694321335916,Routine Monitoring,0.014775777002240836
0001618756,2021,0,0.013286694321335916,Routine Monitoring,0.014775777002240836
0001618921,2021,0,0.035964877491763685,Routine Monitoring,0.03989281971329312
0001620179,2021,1,0.30037955139450423,Medium Review Priority,0.32668617859439875
0001620533,2021,0,0.0764905426647802,Routine Monitoring,0.08445678254196344
0001621434,2021,0,0.01915474589241386,Routine Monitoring,0.02024461447086508
0001621563,2021,0,0.1320795353013158,Routine Monitoring,0.14492665261496146
0001623925,2021,0,0.08821110487544556,Routine Monitoring,0.09341215162397037
0001624794,2021,0,0.04052682968065377,Routine Monitoring,0.04492978946192305
0001625278,2021,0,0.316260752934922,Medium Review Priority,0.3242591441344008
0001625641,2021,1,0.6537185417186797,High Review Priority,0.6645917910721547
0001626450,2021,1,0.5823071635963867,High Review Priority,0.5971530616303741
0001627014,2021,0,0.02489393085653711,Routine Monitoring,0.027647424231461028
0001627475,2021,0,0.17728999209323285,Routine Monitoring,0.19355395315810778
0001630805,2021,1,0.28077676055904455,Medium Review Priority,0.30303738934718355
0001633917,2021,0,0.01643680116941827,Routine Monitoring,0.018272388685639532
0001633931,2021,0,0.03147153987239085,Routine Monitoring,0.0349265168983437
0001633978,2021,0,0.01534904164491753,Routine Monitoring,0.01706526076749752
0001634117,2021,0,0.22037956484841206,Routine Monitoring,0.23944594274879508
0001634997,2021,0,0.07076965639147646,Routine Monitoring,0.07819053009420154
0001635282,2021,0,0.039264513799612516,Routine Monitoring,0.043536554568933836
0001636222,2021,0,0.022210696112623957,Routine Monitoring,0.025027339625535928
0001636422,2021,1,0.5800465442777517,High Review Priority,0.6060409960460217
0001636651,2021,1,0.010164715327152126,Routine Monitoring,0.010103904429113877
0001637459,2021,0,0.03229637316006944,Routine Monitoring,0.03583855053873079
0001637757,2021,0,0.0746721095428284,Routine Monitoring,0.08246587681463109
0001637873,2021,1,0.19497545623439524,Routine Monitoring,0.2008073364772817
0001637880,2021,0,0.15041991439958702,Routine Monitoring,0.16672308098120453
0001638290,2021,0,0.011697027962469278,Routine Monitoring,0.01301030072260873
0001639300,2021,0,0.15593326073141967,Routine Monitoring,0.17064440076666784
0001639691,2021,0,0.11773986264323781,Routine Monitoring,0.12940014065895405
0001639825,2021,1,0.16160994320094538,Routine Monitoring,0.1657415095277744
0001640147,2021,0,0.28718021486415146,Medium Review Priority,0.29990428944446806
0001640428,2021,1,0.20890853958870859,Routine Monitoring,0.22727179792183963
0001641614,2021,0,0.079360241608715,Routine Monitoring,0.08208659317518188
0001642545,2021,0,0.2265777538557365,Routine Monitoring,0.23308120395801724
0001643269,2021,1,0.5734442068140874,High Review Priority,0.5883824433923367
0001643953,2021,1,0.3930007276537863,Medium Review Priority,0.4189756624837852
0001644406,2021,0,0.056331768182800473,Routine Monitoring,0.06234025953992033
0001645070,2021,0,0.09722976126203967,Routine Monitoring,0.10050298813336293
0001645113,2021,0,0.194187094069246,Routine Monitoring,0.21160245242496675
0001645590,2021,0,0.025500334240963103,Routine Monitoring,0.028721898116457083
0001646972,2021,0,0.02902598254578251,Routine Monitoring,0.03267802033077997
0001647088,2021,0,0.020570428490526062,Routine Monitoring,0.022856913140093933
0001649744,2021,0,0.041118182196891714,Routine Monitoring,0.045582336144519474
0001650164,2021,1,0.2919519840087287,Medium Review Priority,0.29960498275471725
0001650729,2021,0,0.047863537970421886,Routine Monitoring,0.05073898067248358
0001651308,2021,1,0.8616872497452248,High Review Priority,0.8599448110071994
0001651561,2021,0,0.19409896063882628,Routine Monitoring,0.21150848954610035
0001651562,2021,1,0.46490430072018857,High Review Priority,0.4740555545183941
0001652044,2021,0,0.002084231099446335,Routine Monitoring,0.0023207705537628544
0001652535,2021,0,0.1485298015763701,Routine Monitoring,0.1626770949732321
0001653247,2021,1,0.5983467769807945,High Review Priority,0.6239428640104415
0001653482,2021,1,0.644358022598518,High Review Priority,0.6527327039033022
0001653558,2021,0,0.07743286294189988,Routine Monitoring,0.08548815773211108
0001653909,2021,1,0.6595305548009406,High Review Priority,0.6677321882400247
0001655210,2021,1,0.8543566420946563,High Review Priority,0.8689227583018729
0001657573,2021,1,0.6651615296695272,High Review Priority,0.6732947109468055
0001657788,2021,0,0.052897175592422185,Routine Monitoring,0.05476849463023824
0001658566,2021,0,0.042604883277345164,Routine Monitoring,0.04546319046336827
0001659166,2021,0,0.02499759845895932,Routine Monitoring,0.028157484775856313
0001660134,2021,0,0.22760078669521666,Routine Monitoring,0.24709390679978696
0001660280,2021,0,0.10334043940051899,Routine Monitoring,0.11375855442187144
0001661181,2021,0,0.05833518989344966,Routine Monitoring,0.06454275590191465
0001662991,2021,0,0.8777546654361377,High Review Priority,0.8816428321190996
0001664703,2021,1,0.22098707123442968,Routine Monitoring,0.24008982225857214
0001665918,2021,0,0.04277519604341505,Routine Monitoring,0.04741035521830343
0001665988,2021,1,0.13704972203698393,Routine Monitoring,0.14145343675419716
0001666071,2021,1,0.3148398567117849,Medium Review Priority,0.33852994516063334
0001666134,2021,0,0.12200255932792567,Routine Monitoring,0.1340208625922642
0001666138,2021,0,0.003536824311955733,Routine Monitoring,0.003937568133582041
0001668673,2021,0,0.13286406031769288,Routine Monitoring,0.14759501113770496
0001669779,2021,0,0.05673607799946803,Routine Monitoring,0.06278482487630235
0001669811,2021,0,0.017899480096065408,Routine Monitoring,0.01989510888845365
0001670592,2021,0,0.041397943851264045,Routine Monitoring,0.04589101756402545
0001671933,2021,0,0.028243688582988914,Routine Monitoring,0.03135578105533512
0001672013,2021,0,0.022957999459949977,Routine Monitoring,0.02550296175718026
0001673358,2021,0,0.0284152046829152,Routine Monitoring,0.031545582527436576
0001674101,2021,0,0.06644819775340717,Routine Monitoring,0.07078784997610503
0001674335,2021,0,0.0750135614759314,Routine Monitoring,0.08283977665695255
0001674862,2021,0,0.07024082736836576,Routine Monitoring,0.07865841350596922
0001676238,2021,1,0.5905133482481768,High Review Priority,0.5993676216461715
0001679273,2021,0,0.04408391813319044,Routine Monitoring,0.04953388799632959
0001680062,2021,0,0.14717751376212318,Routine Monitoring,0.16122039147549644
0001680247,2021,0,0.11253618866295921,Routine Monitoring,0.12375341106951379
0001680873,2021,0,0.12773707963811248,Routine Monitoring,0.14023005916338394
0001681622,2021,0,0.06764307237984969,Routine Monitoring,0.07476247170247238
0001682852,2021,0,0.003641419333281023,Routine Monitoring,0.0035890330195289585
0001683606,2021,0,0.10497438456116648,Routine Monitoring,0.11620794489065704
0001683695,2021,0,0.020840044117175913,Routine Monitoring,0.023487043988355324
0001687187,2021,0,0.0468798656436862,Routine Monitoring,0.050123961083009635
0001687221,2021,0,0.05213037719955288,Routine Monitoring,0.057718146698728955
0001687932,2021,0,0.026928370338204076,Routine Monitoring,0.02989999099047176
0001688476,2021,0,0.3891008355531203,Medium Review Priority,0.41499423649510714
0001688757,2021,1,0.8068785788399607,High Review Priority,0.8125396013986981
0001689923,2021,1,0.20781026631751684,Routine Monitoring,0.22610457760943972
0001691303,2021,0,0.02626045113477433,Routine Monitoring,0.029160573853660693
0001692427,2021,1,0.4336848806505432,High Review Priority,0.46193949527826583
0001692787,2021,0,0.1353568656040942,Routine Monitoring,0.14846823134280593
0001692819,2021,0,0.2674489394032295,Routine Monitoring,0.2890776116320812
0001693256,2021,0,0.4667947332775197,High Review Priority,0.49368020390017586
0001693317,2021,0,0.034211082562547936,Routine Monitoring,0.03735215060184376
0001694028,2021,0,0.08332908269852313,Routine Monitoring,0.08566387630608521
0001694426,2021,0,0.044406000187190084,Routine Monitoring,0.04989370985033087
0001695295,2021,1,0.28089591472182435,Medium Review Priority,0.28837713564710793
0001696558,2021,0,0.16852086615454934,Routine Monitoring,0.17373223313758945
0001697500,2021,0,0.12166354800160302,Routine Monitoring,0.12837481506049125
0001698113,2021,1,0.07823293133730075,Routine Monitoring,0.08277423062209406
0001698990,2021,0,0.006984661069875043,Routine Monitoring,0.007204288010839457
0001699039,2021,0,0.48265542140225653,High Review Priority,0.49798972536646324
0001699136,2021,0,0.04394039953530713,Routine Monitoring,0.04869539806614071
0001699150,2021,0,0.12807064268389506,Routine Monitoring,0.13670954930124654
0001699838,2021,1,0.7713901139129953,High Review Priority,0.7688153242379068
0001701114,2021,1,0.7313888575945828,High Review Priority,0.7520203730705537
0001701605,2021,0,0.0804751082458454,Routine Monitoring,0.0905390748789143
0001701732,2021,0,0.10491169285482098,Routine Monitoring,0.11546781298151636
0001701758,2021,0,0.07479307502541538,Routine Monitoring,0.08259834084633973
0001702744,2021,0,0.08362820507914234,Routine Monitoring,0.09226354308850843
0001703056,2021,0,0.03167771877751019,Routine Monitoring,0.03515450876779975
0001703956,2021,0,0.08059469909216792,Routine Monitoring,0.08894720537014007
0001704292,2021,1,0.932729195227832,High Review Priority,0.9318109067538776
0001704596,2021,0,0.05316211246735806,Routine Monitoring,0.05885360539706563
0001704711,2021,1,0.03036113500238293,Routine Monitoring,0.03417524848302635
0001704715,2021,0,0.05552346396635983,Routine Monitoring,0.05883064981977675
0001704720,2021,1,0.1577348483937435,Routine Monitoring,0.1725812027972863
0001705012,2021,1,0.11457834346814033,Routine Monitoring,0.11835903690073205
0001705110,2021,0,0.1619945698147618,Routine Monitoring,0.17928750753615952
0001707753,2021,0,0.29659681412138383,Medium Review Priority,0.31955442363782827
0001707925,2021,0,0.013486742059350658,Routine Monitoring,0.014997903954605851
0001708035,2021,0,0.13703411580819605,Routine Monitoring,0.14634128017875125
0001708055,2021,1,0.3039276116272845,Medium Review Priority,0.3271887098803454
0001709164,2021,0,0.09730478580073837,Routine Monitoring,0.10718716274103797
0001709682,2021,0,0.0224401687995567,Routine Monitoring,0.023442575708978272
0001710155,2021,0,0.042335484864522065,Routine Monitoring,0.047580059785704336
0001711269,2021,0,0.048242564697145794,Routine Monitoring,0.05417751787867383
0001712463,2021,1,0.15202823982833039,Routine Monitoring,0.1664436178725853
0001713683,2021,0,0.09053343151223261,Routine Monitoring,0.0998041369562251
0001713952,2021,0,0.09867158103843293,Routine Monitoring,0.10563120279367821
0001718227,2021,0,0.09834257391603522,Routine Monitoring,0.10831770251996027
0001718512,2021,0,0.034280478582314845,Routine Monitoring,0.03803171484894419
0001719489,2021,0,0.1407751446198136,Routine Monitoring,0.15431768130394308
0001720592,2021,0,0.15687770841610624,Routine Monitoring,0.17165982924583006
0001720635,2021,0,0.030072065740925677,Routine Monitoring,0.03337870189579058
0001720671,2021,1,0.7908576811557245,High Review Priority,0.7884420178623889
0001721386,2021,0,0.16108437308374007,Routine Monitoring,0.16611171527803203
0001721741,2021,0,0.11936124294857159,Routine Monitoring,0.12596372249430743
0001721947,2021,0,0.14012336361706018,Routine Monitoring,0.14768170731395286
0001722482,2021,0,0.036085071977502964,Routine Monitoring,0.040025596342737245
0001723128,2021,0,0.09991239312864195,Routine Monitoring,0.11145951785937933
0001724521,2021,1,0.4087639891720496,High Review Priority,0.41767274204052435
0001724965,2021,0,0.029674406409532395,Routine Monitoring,0.030828362744345684
0001725057,2021,0,0.0687304943127238,Routine Monitoring,0.07595502045828356
0001725134,2021,1,0.08367414333967675,Routine Monitoring,0.08850097061737683
0001728688,2021,0,0.029474199563581063,Routine Monitoring,0.031281182406191724
0001730168,2021,0,0.005825183395461534,Routine Monitoring,0.006483525246041221
0001730346,2021,1,0.30052260274080883,Medium Review Priority,0.3236442677385023
0001731348,2021,1,0.1834957188748991,Routine Monitoring,0.18906487268990946
0001732845,2021,0,0.037976395830724714,Routine Monitoring,0.04270504173056105
0001733998,2021,0,0.1009245246127827,Routine Monitoring,0.11257399389283901
0001734722,2021,1,0.5900219869159237,High Review Priority,0.5988796679122453
0001736946,2021,1,0.4534269353466354,High Review Priority,0.4802359200036539
0001738177,2021,1,0.05121868580631024,Routine Monitoring,0.056714579716943735
0001739445,2021,0,0.09266118201569716,Routine Monitoring,0.102125304580265
0001739566,2021,0,0.06934216858805292,Routine Monitoring,0.07131555261370927
0001739936,2021,0,0.19816948296142528,Routine Monitoring,0.21584632759990346
0001739942,2021,0,0.17114998964722652,Routine Monitoring,0.18697870202735525
0001740332,2021,0,0.05959918530413698,Routine Monitoring,0.06683315854702536
0001741231,2021,1,0.7415955292231746,High Review Priority,0.7543969367355392
0001742924,2021,0,0.06468983625228451,Routine Monitoring,0.07152225285294936
0001743725,2021,0,0.1705594201095292,Routine Monitoring,0.17941694796722985
0001743745,2021,1,0.6223299093488391,High Review Priority,0.647298539681737
0001743759,2021,1,0.10892076396380186,Routine Monitoring,0.11502115732811191
0001745041,2021,0,0.01950892585351915,Routine Monitoring,0.021990650769790912
0001746618,2021,0,0.039417869129291516,Routine Monitoring,0.04370583615064052
0001747009,2021,0,0.04036795854497667,Routine Monitoring,0.04401214737190653
0001748790,2021,0,0.049246752921909345,Routine Monitoring,0.05454321747768318
0001749704,2021,0,0.04805557474187188,Routine Monitoring,0.050456859768013985
0001749723,2021,0,0.10909611565363136,Routine Monitoring,0.1167625105083037
0001751008,2021,0,0.07228742446467576,Routine Monitoring,0.07479053473485422
0001752474,2021,0,0.12791687225050005,Routine Monitoring,0.14042460505696563
0001753706,2021,1,0.093939308995334,Routine Monitoring,0.0965400809174557
0001754170,2021,0,0.04123939767428784,Routine Monitoring,0.04373516888391219
0001754195,2021,0,0.0806468678888926,Routine Monitoring,0.08341341560487095
0001754820,2021,1,0.7986837898985392,High Review Priority,0.7965345724719631
0001756390,2021,1,0.32790841934807247,Medium Review Priority,0.33605660259874953
0001757073,2021,0,0.053998413305937146,Routine Monitoring,0.06059638581697263
0001757715,2021,1,0.6745343960982719,High Review Priority,0.6977280283572986
0001757898,2021,0,0.028315296314888844,Routine Monitoring,0.031435023802241537
0001758021,2021,0,0.17533151970678668,Routine Monitoring,0.18070772717014197
0001758766,2021,1,0.7739928978499656,High Review Priority,0.7803554957857751
0001759509,2021,1,0.20794346613996517,Routine Monitoring,0.22624615458857852
0001759824,2021,0,0.10124079644949859,Routine Monitoring,0.10696268549340109
0001760689,2021,1,0.7597917988773818,High Review Priority,0.7571275083736028
0001760717,2021,0,0.030166606899063014,Routine Monitoring,0.0334832796561835
0001760965,2021,0,0.018857394994810043,Routine Monitoring,0.02095754352899185
0001762322,2021,1,0.6965479627836018,High Review Priority,0.7028897930521179
0001762359,2021,1,0.7116121998273587,High Review Priority,0.7253488743747163
0001764046,2021,0,0.039181249188063656,Routine Monitoring,0.04344464030106102
0001766368,2021,0,0.09411294901011077,Routine Monitoring,0.10370840229092118
0001766502,2021,0,0.07229807307381654,Routine Monitoring,0.07986544105082852
0001767258,2021,0,0.040130876426331265,Routine Monitoring,0.04449281344162914
0001768267,2021,1,0.06582444256020295,Routine Monitoring,0.06969991385299187
0001770787,2021,1,0.5486596105383057,High Review Priority,0.5767758615677019
0001771515,2021,0,0.10292980351498018,Routine Monitoring,0.11331175234354281
0001772016,2021,0,0.007732020516483024,Routine Monitoring,0.008217335593770459
0001772695,2021,1,0.23858301641305962,Routine Monitoring,0.258701689031081
0001772921,2021,0,0.02062808629495393,Routine Monitoring,0.021904978574205036
0001773383,2021,0,0.056021694304934457,Routine Monitoring,0.061999285308553184
0001774170,2021,0,0.2906543295628955,Medium Review Priority,0.3034668004373465
0001774675,2021,1,0.13364912626602773,Routine Monitoring,0.13969976746926838
0001775625,2021,1,0.7960994742357194,High Review Priority,0.8130312729259684
0001776661,2021,0,0.07586681677276978,Routine Monitoring,0.08028272945382234
0001777393,2021,1,0.9317771412610582,High Review Priority,0.930846820198232
0001777921,2021,1,0.4347381173539616,High Review Priority,0.4437880469672265
0001779474,2021,1,0.14064743912940447,Routine Monitoring,0.14514731230728298
0001780201,2021,0,0.029971341858224324,Routine Monitoring,0.0310582204470519
0001781335,2021,0,0.0161482487092283,Routine Monitoring,0.017152692769425024
0001782170,2021,1,0.4082732636154807,High Review Priority,0.41717886790976244
0001782754,2021,0,0.059794914293243656,Routine Monitoring,0.06333946133684822
0001783180,2021,0,0.02636421071097957,Routine Monitoring,0.027986026616724915
0001784535,2021,1,0.4472963686364302,High Review Priority,0.45639664670691305
0001785424,2021,1,0.3240933440030942,Medium Review Priority,0.3321935835601135
0001786352,2021,1,0.18504156420543993,Routine Monitoring,0.19447484305186646
0001786842,2021,0,0.03627173441132542,Routine Monitoring,0.03902063665088711
0001789832,2021,0,0.015581929812350345,Routine Monitoring,0.016471925868709075
0001789940,2021,0,0.09671232936827379,Routine Monitoring,0.09997006592254752
0001790982,2021,0,0.19399581622415615,Routine Monitoring,0.20377143798367314
0001792044,2021,0,0.03407805344656436,Routine Monitoring,0.03615677085781088
0001792580,2021,0,0.030419035368887612,Routine Monitoring,0.033977124639956745
0001792781,2021,0,0.023111523181621466,Routine Monitoring,0.02395578126171141
0001792789,2021,0,0.05951038833528628,Routine Monitoring,0.06303919998828018
0001792849,2021,0,0.030412570342999656,Routine Monitoring,0.03196185362365579
0001793229,2021,0,0.034856107839713504,Routine Monitoring,0.036980468542357946
0001794515,2021,0,0.028889716825770708,Routine Monitoring,0.03066199870463378
0001794669,2021,0,0.1445796074919552,Routine Monitoring,0.15233573941327602
0001796209,2021,0,0.12104609573276912,Routine Monitoring,0.12772825563187998
0001799208,2021,0,0.040139055749569476,Routine Monitoring,0.042571192082680336
0001799332,2021,1,0.41921650647352576,High Review Priority,0.4281880824741366
0001800227,2021,1,0.10402010464373089,Routine Monitoring,0.11131038620504663
0001800347,2021,0,0.14600258224969342,Routine Monitoring,0.15064375341681055
0001800667,2021,0,0.2421218940699109,Routine Monitoring,0.2535597179267224
0001801368,2021,0,0.14558426829494642,Routine Monitoring,0.14378454325659754
0001801661,2021,1,0.8651685413605935,High Review Priority,0.8721678491072857
0001802665,2021,0,0.020679837299965215,Routine Monitoring,0.021959861172513685
0001802768,2021,0,0.012506075196369648,Routine Monitoring,0.012631158203419098
0001803599,2021,0,0.03821562513366498,Routine Monitoring,0.03958927210901523
0001803914,2021,1,0.3674100565596664,Medium Review Priority,0.37599068849142764
0001804591,2021,1,0.9287748041572894,High Review Priority,0.9278067138244269
0001805651,2021,0,0.3509032811058948,Medium Review Priority,0.3509032811058948
0001806837,2021,0,0.06953019197405377,Routine Monitoring,0.07360665145406761
0001808665,2021,0,0.33981408347491326,Medium Review Priority,0.35521384232807274
0001808834,2021,0,0.030275421361851525,Routine Monitoring,0.03212989875507388
0001808997,2021,1,0.12030264655635836,Routine Monitoring,0.12424571771518719
0001809104,2021,0,0.06691843079168998,Routine Monitoring,0.06924950547384257
0001809519,2021,0,0.14966361750528562,Routine Monitoring,0.15764222499280311
0001809987,2021,0,0.1531483115388684,Routine Monitoring,0.15797461429074877
0001810019,2021,0,0.055824543364869444,Routine Monitoring,0.059148539543424666
0001810806,2021,1,0.33322333422500366,Medium Review Priority,0.3469943699334556
0001814974,2021,0,0.11333485275871044,Routine Monitoring,0.11964927304506852
0001817358,2021,0,0.02658916403685567,Routine Monitoring,0.028224416978965553
0001818093,2021,1,0.396973015250944,High Review Priority,0.40580117009083105
0001818201,2021,0,0.13518792314686268,Routine Monitoring,0.13954148776523906
0001819394,2021,1,0.7811691587805982,High Review Priority,0.7786729074191048
0001819574,2021,0,0.7616946427883949,High Review Priority,0.7682998194362308
0001819810,2021,1,0.817100872362262,High Review Priority,0.8225281533374943
0001819928,2021,0,0.08889532161638693,Routine Monitoring,0.09193704239244856
0001819974,2021,1,0.717937251436367,High Review Priority,0.7253178914611245
0001820721,2021,0,0.6128349514789512,High Review Priority,0.6272902976920994
0001821393,2021,0,0.07647734312688961,Routine Monitoring,0.08092568028106688
0001821806,2021,0,0.034690382413181085,Routine Monitoring,0.03594205110902842
0001822250,2021,1,0.7697576672860437,High Review Priority,0.78045303532666
0001822492,2021,0,0.20789865129835017,Routine Monitoring,0.21401431326921452
0001822928,2021,0,0.11955362967139323,Routine Monitoring,0.12347559672596282
0001823239,2021,0,0.01314163684382754,Routine Monitoring,0.012954355142746054
0001823794,2021,0,0.07936462972801973,Routine Monitoring,0.0820911186024849
0001823878,2021,0,0.18248839228223715,Routine Monitoring,0.1885460934990064
0001826470,2021,0,0.06615112728827345,Routine Monitoring,0.06845743428840494
0001826600,2021,0,0.18607923504659954,Routine Monitoring,0.1917083892636148
0001826889,2021,1,0.7547550704580079,High Review Priority,0.7614923643137522
0001827090,2021,0,0.09646079803805752,Routine Monitoring,0.0997109970902691
0001828016,2021,0,0.016321925301443007,Routine Monitoring,0.017336981928666825
0001828161,2021,1,0.8668412842631215,High Review Priority,0.8710255609812394
0001828791,2021,1,0.18731078205910298,Routine Monitoring,0.19296835943974325
0001828962,2021,0,0.31763145508237983,Medium Review Priority,0.32564800159016866
0001829864,2021,0,0.27927287883565327,Medium Review Priority,0.2867281086418364
0001830043,2021,0,0.13930519371441516,Routine Monitoring,0.14376930757927625
0001830210,2021,1,0.9133428374588681,High Review Priority,0.9162071343653614
0001830214,2021,1,0.9064986938784064,High Review Priority,0.9052587126476561
0001831651,2021,0,0.12153087957059876,Routine Monitoring,0.1255084640737846
0001831840,2021,1,0.19340457739373704,Routine Monitoring,0.19920109795896818
0001831915,2021,1,0.30049522181165295,Medium Review Priority,0.3082746632802614
0001833197,2021,0,0.16491000663737232,Routine Monitoring,0.17003254518907712
0001833756,2021,0,0.08174005251998313,Routine Monitoring,0.08567303197872367
0001834045,2021,0,0.1658681707208479,Routine Monitoring,0.17101437731654978
0001834488,2021,0,0.08538872518726855,Routine Monitoring,0.08830231590519261
0001834494,2021,0,0.056199536060983976,Routine Monitoring,0.05818050456156937
0001834622,2021,0,0.04450310420020765,Routine Monitoring,0.04609192162936476
0001835256,2021,0,0.06670980002072219,Routine Monitoring,0.06903414483138932
0001835591,2021,0,0.14451913836560032,Routine Monitoring,0.1491213876037394
0001835632,2021,0,0.06663423663008139,Routine Monitoring,0.06895614313999206
0001835681,2021,0,0.06921193382498395,Routine Monitoring,0.07161676965784237
0001836176,2021,0,0.11750758722500253,Routine Monitoring,0.12137168642059457
0001836833,2021,1,0.8258717279170207,High Review Priority,0.8237703692896621
0001836981,2021,1,0.6273357196692565,High Review Priority,0.6358847344320036
0001837014,2021,1,0.8653823027724039,High Review Priority,0.8696055290349816
0001837686,2021,1,0.28086230354925984,Medium Review Priority,0.29133645340539716
0001838672,2021,0,0.38258666721694057,Medium Review Priority,0.39130249254500554
0001839439,2021,0,0.1933171129806941,Routine Monitoring,0.19911165925595073
0001839839,2021,0,0.07453806440071975,Routine Monitoring,0.07711263008794565
0001841156,2021,0,0.18949484094080293,Routine Monitoring,0.19520254110272933
0001841804,2021,0,0.10829759241661203,Routine Monitoring,0.1118972334042584
0001842022,2021,0,0.038065231407349874,Routine Monitoring,0.03901381327149522
0001842718,2021,0,0.1270341749480518,Routine Monitoring,0.1311649833411616
0001845022,2021,1,0.8284533990028841,High Review Priority,0.8336124068353212
0001845815,2021,0,0.0922622239110074,Routine Monitoring,0.0953858888308443
0001846069,2021,1,0.7104006314552415,High Review Priority,0.7179009906656503
0001846576,2021,0,0.07496348245671622,Routine Monitoring,0.07755151087588558
0001851003,2021,0,0.2899371106580237,Medium Review Priority,0.2975594893271337
0001853145,2021,0,0.1315612218165688,Routine Monitoring,0.13581633498056706
0001854139,2021,1,0.9268626686615741,High Review Priority,0.9293146762252154
0001855747,2021,1,0.8604654862476754,High Review Priority,0.8648188674663645
0001856314,2021,0,0.26981380768309154,Routine Monitoring,0.2771136147135396
0001856430,2021,0,0.1713376408111922,Routine Monitoring,0.17661761159822553
0001856437,2021,0,0.016682162163522512,Routine Monitoring,0.017295715541591483
0001856525,2021,0,0.1145518989376606,Routine Monitoring,0.11833183640668882
0001856608,2021,0,0.12098201974163547,Routine Monitoring,0.12494419556815177
0001857154,2021,0,0.08049930866481145,Routine Monitoring,0.08326125287527195
0001857853,2021,1,0.21363791419030642,Routine Monitoring,0.21987554098908635
0001858257,2021,1,0.3677285961838475,Medium Review Priority,0.3763122419558954
0001859285,2021,0,0.09181348215539413,Routine Monitoring,0.09492354303539914
0001860543,2021,0,0.06712720114381163,Routine Monitoring,0.0694650068418322
0001861795,2021,0,0.16219966239623407,Routine Monitoring,0.16725487249191454
0001865107,2021,1,0.14807536037894442,Routine Monitoring,0.15277063460297857
0001865187,2021,0,0.1878748694034292,Routine Monitoring,0.19354542697574778
0001866175,2021,0,0.09440425803247673,Routine Monitoring,0.09759264754436463
0001866368,2021,0,0.2691391351009864,Routine Monitoring,0.27642759903780995
0001866550,2021,0,0.09314733345408938,Routine Monitoring,0.09629778595773099
0001866581,2021,0,0.09170668107087553,Routine Monitoring,0.09481350189273328
0001866633,2021,0,0.0021062822833016726,Routine Monitoring,0.0021062822833016726
0001866757,2021,0,0.05627618878122784,Routine Monitoring,0.058259692415032795
0001868726,2021,0,0.01949535675219231,Routine Monitoring,0.01921929149834501
0001868778,2021,0,0.06610240890538396,Routine Monitoring,0.06840714179954599
0001868912,2021,0,0.8772002363581215,High Review Priority,0.8763751942600697
0001870600,2021,0,0.1488340880414069,Routine Monitoring,0.15544884069885595
0001871509,2021,0,0.10477553564454047,Routine Monitoring,0.10827232361318387
0001874944,2021,1,0.17126538009562414,Routine Monitoring,0.17654359849543722
0001875444,2021,0,0.022461608627725782,Routine Monitoring,0.023282691330699747
0001876588,2021,0,0.17556432492736218,Routine Monitoring,0.1809461046067695
0001891101,2021,1,0.5010484929664778,High Review Priority,0.5102328047047461
0001902733,2021,1,0.2784951727715931,Medium Review Priority,0.28593787821368843
0000001800,2022,0,0.013631222180390316,Routine Monitoring,0.015376972224151311
0000002098,2022,0,0.17030682589450133,Routine Monitoring,0.18607506497978096
0000002178,2022,0,0.09113303588271512,Routine Monitoring,0.10045835919926419
0000002488,2022,0,0.02382461600948764,Routine Monitoring,0.02684031018647721
0000002969,2022,0,0.011688596524003435,Routine Monitoring,0.013000935105116006
0000003197,2022,0,0.048400912928996766,Routine Monitoring,0.05361153744381857
0000003570,2022,0,0.00493362286126458,Routine Monitoring,0.005453544951032147
0000004127,2022,0,0.012501900732290282,Routine Monitoring,0.013904268473302674
0000004281,2022,0,0.022962550149752507,Routine Monitoring,0.025508003734376648
0000004904,2022,0,0.03241256035078068,Routine Monitoring,0.03596700719364395
0000005981,2022,0,0.06703775225338664,Routine Monitoring,0.07409850522251839
0000006176,2022,1,0.16431864248384498,Routine Monitoring,0.1796525021415546
0000006281,2022,0,0.0046460242838292165,Routine Monitoring,0.0052471619470171186
0000006845,2022,0,0.04106004323588647,Routine Monitoring,0.04615422969382738
0000006951,2022,0,0.005014416995288164,Routine Monitoring,0.005581643306021286
0000006955,2022,0,0.06278104019211976,Routine Monitoring,0.06942681815754795
0000007332,2022,1,0.017823025201032357,Routine Monitoring,0.018722185805588504
0000007431,2022,0,0.027764531598066723,Routine Monitoring,0.031262964357011404
0000007536,2022,0,0.06026549607117017,Routine Monitoring,0.06757453271275035
0000008063,2022,1,0.1838851295389675,Routine Monitoring,0.2006065807767787
0000008146,2022,0,0.14599137829722325,Routine Monitoring,0.15994230670825796
0000008858,2022,0,0.0618454149526559,Routine Monitoring,0.06839937915588398
0000008947,2022,0,0.03044982824130067,Routine Monitoring,0.0337965546981931
0000009092,2022,0,0.033874705835252254,Routine Monitoring,0.038112861720691435
0000009326,2022,0,0.03538099963387754,Routine Monitoring,0.03924776917127198
0000009389,2022,0,0.043848305874253424,Routine Monitoring,0.04859384505275257
0000009984,2022,0,0.08508839218295607,Routine Monitoring,0.09510329183668423
0000010329,2022,1,0.2015005651037565,Routine Monitoring,0.21426775665800793
0000010456,2022,0,0.05392809418308122,Routine Monitoring,0.05969642220640821
0000010795,2022,0,0.032961037977518745,Routine Monitoring,0.037089270794602565
0000012040,2022,0,0.11843360544846182,Routine Monitoring,0.13015245238768364
0000012208,2022,0,0.05529433589802358,Routine Monitoring,0.0611993483363575
0000012927,2022,0,0.046780480923201875,Routine Monitoring,0.05182615785977719
0000014177,2022,0,0.20701427916245663,Routine Monitoring,0.22525844213954396
0000014693,2022,0,0.010712548111381547,Routine Monitoring,0.011916622078513045
0000014707,2022,0,0.08066493395653881,Routine Monitoring,0.09021052811392966
0000014930,2022,0,0.026332011863206505,Routine Monitoring,0.02965544763848856
0000016040,2022,0,0.06303628090546869,Routine Monitoring,0.0706560939197029
0000016058,2022,0,0.02216615582250501,Routine Monitoring,0.024625552283972958
0000016732,2022,0,0.020737559191002057,Routine Monitoring,0.023042184029792797
0000016918,2022,0,0.009396085336669522,Routine Monitoring,0.010453754483455627
0000017843,2022,0,0.07068339623467317,Routine Monitoring,0.07809598492932289
0000018230,2022,0,0.011885272658297816,Routine Monitoring,0.013219397715116828
0000018498,2022,0,0.33975730599824805,Medium Review Priority,0.36432534475293976
0000019745,2022,0,0.06288583872854114,Routine Monitoring,0.07048883443216851
0000021344,2022,0,0.00890499784167942,Routine Monitoring,0.010051628739662324
0000021535,2022,0,0.09021165690940636,Routine Monitoring,0.10076315270688463
0000021665,2022,0,0.01089112069111348,Routine Monitoring,0.01211502014502847
0000023194,2022,0,0.0038185641455683443,Routine Monitoring,0.004039426813679555
0000023197,2022,1,0.16408682831316126,Routine Monitoring,0.17940369960788274
0000024545,2022,0,0.03939827786268665,Routine Monitoring,0.043684210620135784
0000024741,2022,0,0.02760700229196389,Routine Monitoring,0.030651152915341526
0000025445,2022,0,0.11226676348638476,Routine Monitoring,0.1250433550847351
0000026058,2022,0,0.02523008203571633,Routine Monitoring,0.02801968835742272
0000026172,2022,0,0.021265328492494472,Routine Monitoring,0.023627190716850037
0000026324,2022,0,0.031092842363535128,Routine Monitoring,0.03450772683308237
0000026780,2022,0,0.03997580883205621,Routine Monitoring,0.044321669379643214
0000027419,2022,0,0.024695460005559573,Routine Monitoring,0.02781824341758852
0000027996,2022,0,0.048828591550613094,Routine Monitoring,0.05483148617052778
0000028823,2022,0,0.32512721734359,Medium Review Priority,0.3525091585337223
0000029002,2022,0,0.020282871663094913,Routine Monitoring,0.02253812874962883
0000029332,2022,0,0.4391203898518851,High Review Priority,0.4658043766327974
0000029534,2022,0,0.022355820182944037,Routine Monitoring,0.025190393434662152
0000029644,2022,0,0.025203040082886728,Routine Monitoring,0.027989742319453587
0000029905,2022,0,0.02409174260842353,Routine Monitoring,0.027140309300549496
0000029989,2022,0,0.032915646909845206,Routine Monitoring,0.03703841242657029
0000030305,2022,0,0.08210764159514472,Routine Monitoring,0.09060149191009087
0000030625,2022,0,0.07363700594330706,Routine Monitoring,0.08242550542644823
0000030697,2022,0,0.03395469962828262,Routine Monitoring,0.0376716772703681
0000031107,2022,0,0.11293124024095058,Routine Monitoring,0.12418232998084132
0000031235,2022,0,0.19748468728906224,Routine Monitoring,0.21511683552082544
0000031462,2022,0,0.021217408519310827,Routine Monitoring,0.023574076641897163
0000031791,2022,0,0.058456363816397856,Routine Monitoring,0.06467593857033285
0000033002,2022,0,0.062499231399997995,Routine Monitoring,0.06911737806398989
0000033185,2022,0,0.021584252890528954,Routine Monitoring,0.02398066898711989
0000033213,2022,0,0.007959902795407437,Routine Monitoring,0.008255353338494286
0000033488,2022,0,0.1387422651714017,Routine Monitoring,0.1521238632334045
0000034067,2022,0,0.021261874303294986,Routine Monitoring,0.021899155634749087
0000034563,2022,1,0.1565389180427571,Routine Monitoring,0.17129560144115713
0000037472,2022,0,0.15340053574950255,Routine Monitoring,0.16792026799785253
0000037785,2022,1,0.024617079070080553,Routine Monitoring,0.027730232882791382
0000037996,2022,0,0.032655802141334046,Routine Monitoring,0.036235924565222996
0000038725,2022,0,0.042630524886407874,Routine Monitoring,0.047909821237077606
0000039092,2022,0,0.007893743250167284,Routine Monitoring,0.008783800978282174
0000039911,2022,0,0.0699690945588351,Routine Monitoring,0.07835686091999436
0000040533,2022,0,0.018797272258020834,Routine Monitoring,0.02119042444548586
0000040570,2022,0,0.11829117734557285,Routine Monitoring,0.12999800941419987
0000040704,2022,0,0.013617975281035416,Routine Monitoring,0.015143615868418864
0000041719,2022,0,0.13756383236697425,Routine Monitoring,0.15085167907610822
0000042682,2022,0,0.04972418888636505,Routine Monitoring,0.0550690272979538
0000042888,2022,0,0.014407582691152226,Routine Monitoring,0.016251123038302766
0000043920,2022,0,0.025703724044651998,Routine Monitoring,0.028950219660823992
0000045012,2022,0,0.044677008698053265,Routine Monitoring,0.04950759147054663
0000045919,2022,0,0.018892208059964867,Routine Monitoring,0.020996150756617052
0000046080,2022,1,0.06374097876834638,Routine Monitoring,0.07048073072050637
0000046129,2022,0,0.09297319757554992,Routine Monitoring,0.1024655895513298
0000046250,2022,0,0.03522948331082487,Routine Monitoring,0.039080364587690625
0000046619,2022,0,0.01785096748346526,Routine Monitoring,0.01984129683377639
0000046765,2022,0,0.06283082293547326,Routine Monitoring,0.06745166378029169
0000047111,2022,0,0.005523151782904161,Routine Monitoring,0.006147570151279028
0000047217,2022,0,0.01710097096429026,Routine Monitoring,0.019282404639928093
0000047307,2022,0,0.08218255016421808,Routine Monitoring,0.08809281797587062
0000048287,2022,0,0.06362263781833849,Routine Monitoring,0.07130793529129809
0000048465,2022,0,0.03085158267217411,Routine Monitoring,0.03472510208587247
0000048898,2022,0,0.015396007230316717,Routine Monitoring,0.01711738641522608
0000049826,2022,0,0.008464381026920844,Routine Monitoring,0.009554823910632651
0000050493,2022,0,0.022620122359813193,Routine Monitoring,0.025128593277671352
0000050725,2022,0,0.07229379620901952,Routine Monitoring,0.07986075506698784
0000050863,2022,0,0.024924220788185684,Routine Monitoring,0.0280750986971182
0000051253,2022,0,0.15756066901497762,Routine Monitoring,0.16790018367149748
0000051644,2022,0,0.03399502258201649,Routine Monitoring,0.03771624199146402
0000052988,2022,0,0.04969762210896731,Routine Monitoring,0.055801086040704516
0000054381,2022,0,0.13765375541968347,Routine Monitoring,0.1528221608205976
0000055067,2022,0,0.021851530878811948,Routine Monitoring,0.02462377397444602
0000055135,2022,0,0.12293562943077209,Routine Monitoring,0.13673937600639213
0000055242,2022,0,0.03512768399119809,Routine Monitoring,0.03896788718934513
0000055529,2022,0,0.2768179492452671,Medium Review Priority,0.2988951499732658
0000055785,2022,0,0.012645739955450793,Routine Monitoring,0.014267104877888216
0000056679,2022,0,0.009888926207184005,Routine Monitoring,0.011001455811591164
0000056873,2022,0,0.014890804736707189,Routine Monitoring,0.016556648646014797
0000056978,2022,0,0.024243282089018103,Routine Monitoring,0.02573807633587358
0000057131,2022,0,0.04427568890807064,Routine Monitoring,0.04974813302421903
0000057515,2022,0,0.04628551486890821,Routine Monitoring,0.05199285801525734
0000058361,2022,1,0.14699121786311592,Routine Monitoring,0.16101967636122846
0000059440,2022,0,0.00738569239296419,Routine Monitoring,0.008338339417061138
0000059527,2022,0,0.01986633550063945,Routine Monitoring,0.02207632146414913
0000060519,2022,0,0.006832353459762018,Routine Monitoring,0.007603651577031386
0000060667,2022,0,0.005600129936403633,Routine Monitoring,0.006233196501047297
0000060714,2022,0,0.005926320837985833,Routine Monitoring,0.006691999191922756
0000061986,2022,0,0.07076328079719864,Routine Monitoring,0.0792381412783281
0000062996,2022,0,0.015584456927469417,Routine Monitoring,0.01732653530274197
0000063276,2022,0,0.04888600854824394,Routine Monitoring,0.05489555451983114
0000063296,2022,0,0.07005194891682559,Routine Monitoring,0.07740383308870476
0000063754,2022,0,0.03632711498354962,Routine Monitoring,0.040292965810747226
0000063908,2022,0,0.00595428367078373,Routine Monitoring,0.0067235503763042204
0000064040,2022,0,0.005715474436015499,Routine Monitoring,0.0063614967016301675
0000064803,2022,0,0.019530403373579436,Routine Monitoring,0.021703846833347494
0000065270,2022,0,0.05159892021626933,Routine Monitoring,0.05713315735910814
0000065984,2022,0,0.04830543171947212,Routine Monitoring,0.054247678177864286
0000066382,2022,0,0.04181777957741974,Routine Monitoring,0.04635421622346036
0000066570,2022,0,0.04588654944663888,Routine Monitoring,0.050840950754527436
0000066740,2022,0,0.01400872809166004,Routine Monitoring,0.015577453914043098
0000066756,2022,0,0.11044101903045174,Routine Monitoring,0.12147798847993554
0000067347,2022,0,0.05955194222066933,Routine Monitoring,0.06587992695270144
0000067716,2022,0,0.07178573492868302,Routine Monitoring,0.0803724568273892
0000068505,2022,0,0.010842922185721736,Routine Monitoring,0.012236004598166554
0000069488,2022,0,0.04769933929111414,Routine Monitoring,0.052838629337906
0000069633,2022,0,0.08848129343321699,Routine Monitoring,0.09756440124989164
0000069733,2022,0,0.006264992450602112,Routine Monitoring,0.006755734790176924
0000069891,2022,0,0.008192751097457174,Routine Monitoring,0.00911621361168982
0000070145,2022,0,0.025648756923326525,Routine Monitoring,0.02888851579798074
0000070866,2022,0,0.03669126537932583,Routine Monitoring,0.04069519189964008
0000071691,2022,0,0.05559461078343442,Routine Monitoring,0.062374760128707706
0000071829,2022,0,0.14975536000720785,Routine Monitoring,0.16399690314431353
0000072162,2022,0,0.08720355441949691,Routine Monitoring,0.09744089414881424
0000072331,2022,0,0.013139697269840728,Routine Monitoring,0.01482344376420514
0000072573,2022,0,0.15380552881411044,Routine Monitoring,0.1683559715678788
0000072741,2022,0,0.03504787196207244,Routine Monitoring,0.039426815934035464
0000073756,2022,0,0.19669842636914697,Routine Monitoring,0.21673785342046442
0000074046,2022,0,0.12133146485849493,Routine Monitoring,0.13329369584938658
0000074303,2022,0,0.011901929847085192,Routine Monitoring,0.013237899628230762
0000075252,2022,0,0.05006627386937293,Routine Monitoring,0.05544573744017491
0000075288,2022,0,0.05051572957841899,Routine Monitoring,0.056713670704255814
0000075677,2022,0,0.011258359535230864,Routine Monitoring,0.012704131203472269
0000076282,2022,0,0.1487264489334268,Routine Monitoring,0.16488169174772663
0000076605,2022,0,0.029672604612721212,Routine Monitoring,0.03293680874999794
0000077360,2022,0,0.03284917730275826,Routine Monitoring,0.03644970101728197
0000077476,2022,0,0.011261521020571453,Routine Monitoring,0.012526517397817996
0000077543,2022,0,0.09093330804847724,Routine Monitoring,0.10024044799764413
0000078128,2022,0,0.04592168511208031,Routine Monitoring,0.051586592024570416
0000078239,2022,0,0.10416943188424782,Routine Monitoring,0.11614506719487233
0000078749,2022,0,0.05795561283128044,Routine Monitoring,0.06500388369970121
0000080035,2022,0,0.0667663916959576,Routine Monitoring,0.07480110322117475
0000080172,2022,0,0.18912647481322678,Routine Monitoring,0.20620411884124532
0000080420,2022,0,0.12899060091390765,Routine Monitoring,0.1415862776310006
0000080424,2022,0,0.007801558194389205,Routine Monitoring,0.008681312565859762
0000081061,2022,0,0.008794585453365651,Routine Monitoring,0.00978521566184481
0000081362,2022,0,0.10073763895654947,Routine Monitoring,0.11092581767885067
0000082020,2022,0,0.07281919386156109,Routine Monitoring,0.0804363776968696
0000082811,2022,0,0.02706134748014961,Routine Monitoring,0.03047395367801461
0000084748,2022,0,0.054445658926202144,Routine Monitoring,0.061094750311937264
0000084839,2022,0,0.008436169168586867,Routine Monitoring,0.009386809366414143
0000088121,2022,1,0.03335746265418014,Routine Monitoring,0.03701156634789833
0000088205,2022,0,0.109002805562843,Routine Monitoring,0.12145876266857865
0000088941,2022,1,0.05144645254158886,Routine Monitoring,0.05775164140258483
0000088948,2022,0,0.36389290426574333,Medium Review Priority,0.38917746572931255
0000089439,2022,0,0.008523691135125827,Routine Monitoring,0.009484099521483394
0000090896,2022,0,0.015839117058640342,Routine Monitoring,0.01786251141095602
0000091419,2022,0,0.027766296859226963,Routine Monitoring,0.03082745561329159
0000091440,2022,0,0.02611972143862651,Routine Monitoring,0.02900476534855234
0000091767,2022,0,0.025658831046296286,Routine Monitoring,0.028899824665985258
0000092122,2022,0,0.03149798001856029,Routine Monitoring,0.03495575490968005
0000093389,2022,0,0.1374481809361432,Routine Monitoring,0.15072680878847594
0000093676,2022,0,0.12762014248724407,Routine Monitoring,0.14010352226559736
0000094049,2022,0,0.05127223749879591,Routine Monitoring,0.05755737045284383
0000094845,2022,0,0.06552802200560946,Routine Monitoring,0.07244210949829136
0000095029,2022,0,0.0506779134454024,Routine Monitoring,0.0568945610725699
0000095552,2022,1,0.04729713236553564,Routine Monitoring,0.05312226730386837
0000095953,2022,1,0.14859935012917144,Routine Monitoring,0.1627520017388933
0000096021,2022,0,0.014891313719334246,Routine Monitoring,0.016795695687759404
0000096271,2022,0,0.04797191701537731,Routine Monitoring,0.05387545902089244
0000096943,2022,0,0.04206668034109167,Routine Monitoring,0.04662880403086601
0000097134,2022,0,0.12445359232523807,Routine Monitoring,0.13667575784671468
0000097210,2022,0,0.025220357271606472,Routine Monitoring,0.02800891925413051
0000097216,2022,0,0.03786006250741638,Routine Monitoring,0.04198597470637192
0000097476,2022,0,0.0011535999594685252,Routine Monitoring,0.0012205121001335165
0000097745,2022,0,0.013275275568575764,Routine Monitoring,0.014976131682560186
0000098362,2022,0,0.028546967572696976,Routine Monitoring,0.03214073089313109
0000098677,2022,0,0.04809747019879551,Routine Monitoring,0.05401558644486939
0000099250,2022,0,0.011075184306577038,Routine Monitoring,0.011651216068560162
0000099302,2022,0,0.08141879655928821,Routine Monitoring,0.0898483626782549
0000099780,2022,0,0.027543691894968858,Routine Monitoring,0.030581080999212838
0000100122,2022,0,0.052616564172428465,Routine Monitoring,0.05905623150102449
0000100378,2022,0,0.16276191562031112,Routine Monitoring,0.17798144424271484
0000100493,2022,0,0.023381175160757096,Routine Monitoring,0.026342253758218467
0000100591,2022,0,0.37216651504407583,Medium Review Priority,0.39766656632941827
0000100726,2022,1,0.12830935600392968,Routine Monitoring,0.14084926768539127
0000101778,2022,0,0.008309213201445837,Routine Monitoring,0.008844973325805536
0000101829,2022,0,0.03286221039436778,Routine Monitoring,0.036464108777245395
0000101984,2022,1,0.12806799508711775,Routine Monitoring,0.14058812254567596
0000102729,2022,0,0.0322283772149475,Routine Monitoring,0.03626828883330841
0000103145,2022,0,0.04665026410959473,Routine Monitoring,0.05168265755034097
0000103379,2022,0,0.13670128870541864,Routine Monitoring,0.14992030204823642
0000103595,2022,0,0.06750652784175742,Routine Monitoring,0.07562309031710067
0000103730,2022,0,0.02549469933114318,Routine Monitoring,0.028312713697735505
0000104169,2022,0,0.0101410133213928,Routine Monitoring,0.011444958956023503
0000104918,2022,0,0.08529812536003199,Routine Monitoring,0.09408819254853043
0000105016,2022,0,0.017037561668855266,Routine Monitoring,0.019211064823845745
0000105132,2022,0,0.11868106151108013,Routine Monitoring,0.13042077146885336
0000105418,2022,0,0.0349025908989836,Routine Monitoring,0.03871917410146339
0000105634,2022,0,0.03533473836934587,Routine Monitoring,0.03919665748102282
0000105770,2022,0,0.016907226493136543,Routine Monitoring,0.018794345118457064
0000106040,2022,1,0.020287476101768523,Routine Monitoring,0.022543233376512917
0000106532,2022,0,0.2666140162728404,Medium Review Priority,0.2882017320712488
0000106640,2022,0,0.05023859999149072,Routine Monitoring,0.05640455907746796
0000107140,2022,0,0.03204971654697837,Routine Monitoring,0.035565835566719654
0000107263,2022,0,0.031026943982021424,Routine Monitoring,0.034921687240849104
0000107687,2022,0,0.020780647528205312,Routine Monitoring,0.023089947989955933
0000107815,2022,0,0.052306390827184114,Routine Monitoring,0.05871044900532
0000107833,2022,0,0.0682441729077019,Routine Monitoring,0.07644215476595877
0000108516,2022,0,0.03016888469674331,Routine Monitoring,0.03348579923993089
0000109177,2022,1,0.05919712427166458,Routine Monitoring,0.06549003159691016
0000109563,2022,0,0.03704751842719404,Routine Monitoring,0.04108866277939057
0000110471,2022,1,0.273334652525588,Medium Review Priority,0.29828256642186396
0000202058,2022,0,0.030442309061367533,Routine Monitoring,0.032816583750820624
0000205402,2022,0,0.02878148701097778,Routine Monitoring,0.0319508895855881
0000275053,2022,0,0.2421470321672778,Routine Monitoring,0.262462646473339
0000275880,2022,0,0.03588052174113009,Routine Monitoring,0.03979963131340702
0000277135,2022,0,0.010454617612863407,Routine Monitoring,0.01179840629542332
0000277509,2022,0,0.054513757212861114,Routine Monitoring,0.06034073421700113
0000278166,2022,0,0.01931453773374672,Routine Monitoring,0.02177208368608151
0000310142,2022,0,0.07854867333641358,Routine Monitoring,0.08786777246271664
0000310354,2022,0,0.04143805088106174,Routine Monitoring,0.04657685762143422
0000310764,2022,0,0.02276236083201345,Routine Monitoring,0.025286197277871757
0000313143,2022,0,0.0244603803199213,Routine Monitoring,0.02755427732585416
0000313616,2022,0,0.012726754418357935,Routine Monitoring,0.014358355501399208
0000313927,2022,0,0.025504978274021796,Routine Monitoring,0.028324095783762993
0000314203,2022,1,0.9737751492256397,High Review Priority,0.9753001451636698
0000314808,2022,0,0.15073985132931675,Routine Monitoring,0.16071715838203107
0000315374,2022,0,0.2616329843002212,Medium Review Priority,0.28593311797569015
0000317540,2022,0,0.019277361682789554,Routine Monitoring,0.021423260656475072
0000318154,2022,0,0.006035218673425396,Routine Monitoring,0.006814870131640996
0000320121,2022,1,0.3807052829070833,High Review Priority,0.4064116701397835
0000320193,2022,0,0.0009609811024950684,Routine Monitoring,0.0010701795875775494
0000350698,2022,0,0.015661783501167224,Routine Monitoring,0.01766293065495162
0000350868,2022,0,0.3009995828657937,Medium Review Priority,0.32414093984010256
0000351817,2022,0,0.035656106090171315,Routine Monitoring,0.038179313623921955
0000351834,2022,0,0.05432513335677788,Routine Monitoring,0.060133230662065294
0000352541,2022,0,0.05632877187024566,Routine Monitoring,0.06319246618955573
0000352825,2022,0,0.2119783463969602,Routine Monitoring,0.23312271165589715
0000354707,2022,0,0.05877120510801235,Routine Monitoring,0.06502196464923457
0000354950,2022,0,0.004767770572087671,Routine Monitoring,0.0053072452833498865
0000355811,2022,0,0.02113494116140436,Routine Monitoring,0.02348266919841707
0000355948,2022,0,0.15042412135998723,Routine Monitoring,0.16471694200917789
0000700841,2022,0,0.006022992726577517,Routine Monitoring,0.0067035395552776855
0000700923,2022,0,0.03106293637939223,Routine Monitoring,0.03447465318236442
0000701719,2022,0,0.07183284766881608,Routine Monitoring,0.07432147825252987
0000701985,2022,0,0.008571478773691276,Routine Monitoring,0.009675584130332262
0000703351,2022,0,0.03222743373765981,Routine Monitoring,0.036267231520735785
0000703604,2022,0,0.030467333459328123,Routine Monitoring,0.03137168570640639
0000704532,2022,0,0.051351255855441494,Routine Monitoring,0.05686052235492806
0000704562,2022,0,0.09283325641463905,Routine Monitoring,0.09597421035925222
0000707549,2022,0,0.00753185976537501,Routine Monitoring,0.008381458099483853
0000708821,2022,1,0.23773507104556196,Routine Monitoring,0.25780645033126104
0000709283,2022,1,0.16802758117086694,Routine Monitoring,0.18363149717759109
0000711377,2022,0,0.06844409976476608,Routine Monitoring,0.07564096703445874
0000711404,2022,0,0.028655435853540315,Routine Monitoring,0.03181141238921392
0000712034,2022,0,0.09908290607789474,Routine Monitoring,0.10912404009463193
0000712515,2022,0,0.018751885719468092,Routine Monitoring,0.020840533277982253
0000713425,2022,0,0.04945357842212135,Routine Monitoring,0.054771005529159957
0000715787,2022,0,0.08934154037911392,Routine Monitoring,0.09850341428350605
0000715957,2022,0,0.039629199554157044,Routine Monitoring,0.04393910402101063
0000716314,2022,0,0.08540387586166814,Routine Monitoring,0.09032064922714594
0000717423,2022,0,0.010475261550672044,Routine Monitoring,0.011652979030445928
0000717605,2022,0,0.03632787300277533,Routine Monitoring,0.040293803123197476
0000718937,2022,0,0.0828572782339767,Routine Monitoring,0.0914209530607432
0000719413,2022,0,0.21277519540752507,Routine Monitoring,0.23137892733908763
0000719733,2022,0,0.1474732525222526,Routine Monitoring,0.16153900309380315
0000719955,2022,0,0.008785280576887477,Routine Monitoring,0.009774873011548942
0000720500,2022,1,0.12773678933313687,Routine Monitoring,0.13188699312365637
0000721371,2022,0,0.019831708702497824,Routine Monitoring,0.022353558608481053
0000722313,2022,0,0.08075655902847277,Routine Monitoring,0.08912421374395339
0000723125,2022,1,0.003128742727645719,Routine Monitoring,0.003483410048502924
0000723254,2022,0,0.008250317803963353,Routine Monitoring,0.009313442543495634
0000723603,2022,1,0.451739585107702,High Review Priority,0.47853615110674297
0000724004,2022,0,0.10800411917735062,Routine Monitoring,0.1188300878722311
0000728391,2022,0,0.055651836051982644,Routine Monitoring,0.06159253764194192
0000729580,2022,0,0.05502010699467416,Routine Monitoring,0.06089772169060452
0000730272,2022,0,0.0591465427939961,Routine Monitoring,0.06543444707340601
0000731802,2022,0,0.03860485959069551,Routine Monitoring,0.043408227969252214
0000732834,2022,0,0.0048017618518115405,Routine Monitoring,0.005153226589303244
0000733269,2022,0,0.19755862888715908,Routine Monitoring,0.21766194653781598
0000737758,2022,0,0.028486928852654265,Routine Monitoring,0.03207338347109838
0000738214,2022,1,0.44314991184264935,High Review Priority,0.47349777747346794
0000742278,2022,0,0.03992235512880838,Routine Monitoring,0.04426267252757786
0000743238,2022,0,0.2324229206251341,Routine Monitoring,0.2521941910638742
0000746598,2022,0,0.04061875394766106,Routine Monitoring,0.045031231945085
0000746838,2022,0,0.10597466872495818,Routine Monitoring,0.11813047248011163
0000750004,2022,0,0.07109754732250423,Routine Monitoring,0.0785498970896535
0000751365,2022,0,0.185696076344479,Routine Monitoring,0.2049005089010302
0000751978,2022,0,0.12259555961911858,Routine Monitoring,0.13466331899223472
0000752714,2022,0,0.015685177959401313,Routine Monitoring,0.017438315795831265
0000755001,2022,0,0.08615519641416512,Routine Monitoring,0.09628244503615306
0000763532,2022,0,0.07899261819856698,Routine Monitoring,0.08835933680724221
0000763744,2022,0,0.021456325837332813,Routine Monitoring,0.02383888474707607
0000764065,2022,0,0.04413536884835738,Routine Monitoring,0.04679784697276214
0000764180,2022,0,0.002381673186580353,Routine Monitoring,0.0026470700155944173
0000764478,2022,0,0.027643933123792225,Routine Monitoring,0.03112765655206733
0000764622,2022,0,0.04169235089962811,Routine Monitoring,0.046861152131712644
0000766829,2022,0,0.07172158795520227,Routine Monitoring,0.08030130065387539
0000768835,2022,1,0.1788302522786449,Routine Monitoring,0.1974968434145396
0000768899,2022,1,0.0452107379453025,Routine Monitoring,0.050096002631628916
0000769397,2022,0,0.006309325743797943,Routine Monitoring,0.007124133550129197
0000769520,2022,0,0.02952641371054111,Routine Monitoring,0.03323926010680646
0000771497,2022,0,0.04729970886114867,Routine Monitoring,0.0523983105076014
0000772406,2022,0,0.025200995522784216,Routine Monitoring,0.028385844235251274
0000775158,2022,0,0.043366838838884335,Routine Monitoring,0.04873267762964591
0000778164,2022,0,0.18343765884928823,Routine Monitoring,0.2001283978229968
0000779152,2022,0,0.007046098894386224,Routine Monitoring,0.007841336028430543
0000779544,2022,0,0.05293561567810461,Routine Monitoring,0.05860436090453356
0000780571,2022,0,0.11960156581538091,Routine Monitoring,0.13141875265387826
0000783325,2022,0,0.04420237527832087,Routine Monitoring,0.049666228781858314
0000784199,2022,0,0.15490136143961636,Routine Monitoring,0.16953470307275473
0000784539,2022,0,0.04822892241545066,Routine Monitoring,0.0534220706645564
0000784977,2022,0,0.05484707996558883,Routine Monitoring,0.0607073982033154
0000785557,2022,0,0.05836228029815947,Routine Monitoring,0.064572531373891
0000785786,2022,0,0.06779884604833733,Routine Monitoring,0.07493332280054045
0000785956,2022,0,0.08213732364114665,Routine Monitoring,0.09183974907183592
0000787250,2022,0,0.09322435980973717,Routine Monitoring,0.10408791761708046
0000787253,2022,0,0.16455632001239162,Routine Monitoring,0.1799075843523229
0000788329,2022,0,0.3582466433218368,Medium Review Priority,0.38337533125456147
0000788784,2022,0,0.0752307475536795,Routine Monitoring,0.08419217113309312
0000788816,2022,0,0.05079328557178556,Routine Monitoring,0.057023235757268975
0000788965,2022,0,0.06602402129794363,Routine Monitoring,0.07298635582460497
0000789019,2022,0,0.0014298884090015365,Routine Monitoring,0.0015922849826290936
0000789460,2022,0,0.025013223443742995,Routine Monitoring,0.027779535751043496
0000789933,2022,1,0.09801872137605772,Routine Monitoring,0.1079649341975531
0000790051,2022,0,0.011469953452610374,Routine Monitoring,0.012942541822680738
0000792987,2022,0,0.1843245529362302,Routine Monitoring,0.20107611770792033
0000793306,2022,0,0.056742313421460897,Routine Monitoring,0.06279168081631074
0000793952,2022,0,0.04929357175949141,Routine Monitoring,0.0553503037068681
0000794170,2022,0,0.030176458363434695,Routine Monitoring,0.033494176834814475
0000794367,2022,0,0.04684215795539943,Routine Monitoring,0.052614352654639505
0000794619,2022,0,0.09965592263429018,Routine Monitoring,0.11117706762024138
0000795403,2022,0,0.036056187274498074,Routine Monitoring,0.04055581714626806
0000796343,2022,0,0.0018637974007507635,Routine Monitoring,0.0020753718556064953
0000796505,2022,0,0.05924447372605621,Routine Monitoring,0.06275856952920593
0000797721,2022,0,0.07092263241150776,Routine Monitoring,0.07835819443798732
0000798081,2022,0,0.2703700323936951,Medium Review Priority,0.29214072607887925
0000798354,2022,0,0.01203624850387799,Routine Monitoring,0.013387091039060127
0000799288,2022,0,0.1838687101470626,Routine Monitoring,0.20058903527849006
0000800240,2022,0,0.04789075835274493,Routine Monitoring,0.053049523641323516
0000802481,2022,0,0.03483803250040845,Routine Monitoring,0.0386478389687027
0000804328,2022,0,0.003442657061016042,Routine Monitoring,0.0038327721970712334
0000805928,2022,1,0.46982108743507395,High Review Priority,0.4967184856439854
0000807707,2022,1,0.3711441038408052,Medium Review Priority,0.39661835622964287
0000807863,2022,0,0.05573550225872166,Routine Monitoring,0.06168455163652234
0000807882,2022,0,0.029779236130476575,Routine Monitoring,0.033522775922375035
0000810136,2022,0,0.009809522472928746,Routine Monitoring,0.01091321741604944
0000811156,2022,0,0.05885685480661076,Routine Monitoring,0.06600705044595342
0000811596,2022,0,0.2401773457659988,Routine Monitoring,0.2585549485520853
0000812074,2022,0,0.05225613023871204,Routine Monitoring,0.05901761870633796
0000813298,2022,0,0.05805292744220078,Routine Monitoring,0.06511221521984487
0000813672,2022,0,0.003975761693357379,Routine Monitoring,0.004490566983372037
0000814453,2022,1,0.11075690264338832,Routine Monitoring,0.12182111696307812
0000814547,2022,0,0.0015463818838883467,Routine Monitoring,0.001747168416721324
0000814586,2022,0,0.13291465758894555,Routine Monitoring,0.14582935709865383
0000815556,2022,0,0.007505150699107874,Routine Monitoring,0.008473074581455303
0000816761,2022,0,0.01804536902767895,Routine Monitoring,0.02005693092796456
0000816956,2022,0,0.087122884983714,Routine Monitoring,0.09608124340333199
0000817720,2022,0,0.011974505373723916,Routine Monitoring,0.013318511818780429
0000818033,2022,1,0.8897793615697768,High Review Priority,0.888344964835402
0000818479,2022,0,0.13641345090473955,Routine Monitoring,0.14960945394511857
0000818686,2022,0,0.06463014598594057,Routine Monitoring,0.07145673986254474
0000819793,2022,0,0.04150114323772143,Routine Monitoring,0.04600488003010613
0000820313,2022,0,0.01103636542301269,Routine Monitoring,0.012276384302347513
0000821002,2022,0,0.19148546250835696,Routine Monitoring,0.20872128759876885
0000821189,2022,0,0.008351025135598402,Routine Monitoring,0.00942700353300641
0000821483,2022,0,0.051888839519933304,Routine Monitoring,0.057452288238720714
0000822663,2022,0,0.051945079517178215,Routine Monitoring,0.058307622756632656
0000822818,2022,0,0.05201222540964624,Routine Monitoring,0.05838248660725833
0000823277,2022,0,0.02268955172761172,Routine Monitoring,0.025565333443830596
0000823768,2022,0,0.024524437047091268,Routine Monitoring,0.027238202699894805
0000824142,2022,0,0.016938002712870704,Routine Monitoring,0.019099051785635684
0000825324,2022,0,0.1376829977145335,Routine Monitoring,0.152854054234666
0000825542,2022,0,0.24129518243058692,Routine Monitoring,0.26156399483796566
0000827052,2022,0,0.04260961018342407,Routine Monitoring,0.047227711600143545
0000827054,2022,0,0.002988913366864952,Routine Monitoring,0.0033763688259741587
0000827187,2022,1,0.08086239006697321,Routine Monitoring,0.08923994599502348
0000829224,2022,0,0.009660481299130405,Routine Monitoring,0.01074758924318497
0000830524,2022,0,0.08815546698271626,Routine Monitoring,0.09720869390909777
0000831259,2022,0,0.05503930240433583,Routine Monitoring,0.06091883548963893
0000832101,2022,0,0.017396231943471382,Routine Monitoring,0.01933685787450175
0000832988,2022,0,0.04498106468532683,Routine Monitoring,0.04984280747731359
0000833640,2022,0,0.015769631454196874,Routine Monitoring,0.017553041563810448
0000834365,2022,1,0.7162259319901584,High Review Priority,0.7182699329683907
0000835011,2022,0,0.05253606272869211,Routine Monitoring,0.05816464861358462
0000836157,2022,0,0.0741607629666233,Routine Monitoring,0.08190588350970784
0000837465,2022,0,0.11449334057086472,Routine Monitoring,0.12748693898726923
0000842023,2022,0,0.016945743350608604,Routine Monitoring,0.019107760823154216
0000842633,2022,0,0.08163699270775651,Routine Monitoring,0.09008693391867727
0000846475,2022,0,0.06097715205584047,Routine Monitoring,0.06458696607202882
0000849146,2022,0,0.10123338719282494,Routine Monitoring,0.11146548909769943
0000849399,2022,0,0.009931612007551452,Routine Monitoring,0.01104889028455404
0000850209,2022,0,0.07256455033975728,Routine Monitoring,0.08015740024916698
0000850460,2022,0,0.010275387173699885,Routine Monitoring,0.011596408370470433
0000851205,2022,0,0.03503642565622132,Routine Monitoring,0.038867054250010385
0000851310,2022,0,0.1056155028947397,Routine Monitoring,0.11623324372469954
0000851968,2022,0,0.0554183063966223,Routine Monitoring,0.06133569837840187
0000852772,2022,0,0.05652106141310394,Routine Monitoring,0.06254840500235952
0000854775,2022,0,0.04990314127974139,Routine Monitoring,0.05526609653171898
0000855658,2022,0,0.004595624681461674,Routine Monitoring,0.005115721155312445
0000856982,2022,0,0.06285068554350702,Routine Monitoring,0.069503289187448
0000857005,2022,0,0.02272974837704022,Routine Monitoring,0.02525006226214855
0000857949,2022,1,0.8167744798656953,High Review Priority,0.832350982743549
0000858470,2022,0,0.0025606837479716796,Routine Monitoring,0.002626041856221288
0000858655,2022,0,0.1922547937048384,Routine Monitoring,0.20954192013997106
0000858877,2022,0,0.005519252723088549,Routine Monitoring,0.006143233007375164
0000859737,2022,0,0.011569779100191233,Routine Monitoring,0.013055014488082268
0000860731,2022,0,0.03285960400601175,Routine Monitoring,0.03646122748287901
0000861459,2022,0,0.07585584153349002,Routine Monitoring,0.08488489101288682
0000861878,2022,0,0.12848405286100595,Routine Monitoring,0.14103827553173773
0000861884,2022,0,0.01257445859366778,Routine Monitoring,0.01418681554297892
0000863436,2022,0,0.1347680485986643,Routine Monitoring,0.14967366181559155
0000864240,2022,0,0.06796336836976527,Routine Monitoring,0.07032809946971519
0000864749,2022,0,0.04431578183665828,Routine Monitoring,0.04910931566291003
0000865752,2022,0,0.021939004161423546,Routine Monitoring,0.024722064267842764
0000866273,2022,0,0.3768728169621128,Medium Review Priority,0.4024886091207661
0000866291,2022,0,0.02276010664042953,Routine Monitoring,0.025283699613472526
0000866374,2022,0,0.03215637081078857,Routine Monitoring,0.03568375933020302
0000866729,2022,0,0.0278307793712843,Routine Monitoring,0.03133729053540693
0000866787,2022,0,0.005910948322513846,Routine Monitoring,0.006674653889129109
0000866829,2022,0,0.16143975083236597,Routine Monitoring,0.1765617190055324
0000868780,2022,0,0.060899314289612254,Routine Monitoring,0.06827963555288033
0000871763,2022,0,0.05211540532723958,Routine Monitoring,0.05849752381470314
0000872589,2022,0,0.0184307234070796,Routine Monitoring,0.019574316002263947
0000873303,2022,1,0.6496281359009688,High Review Priority,0.6737381729684281
0000874015,2022,1,0.8235466391234252,High Review Priority,0.8395466735141922
0000874238,2022,0,0.02622102750680455,Routine Monitoring,0.02911692659134053
0000874396,2022,0,0.14416690045461578,Routine Monitoring,0.15991990977321321
0000874499,2022,0,0.005310940650563508,Routine Monitoring,0.005472798635954421
0000874716,2022,0,0.009900593895049117,Routine Monitoring,0.011014421541890952
0000875320,2022,0,0.00549763254043055,Routine Monitoring,0.005994340374572189
0000875657,2022,0,0.18134178935332185,Routine Monitoring,0.18686053148543857
0000876167,2022,0,0.019448442269806108,Routine Monitoring,0.021922645117730233
0000876523,2022,0,0.055337713223090654,Routine Monitoring,0.06124705770308001
0000876883,2022,0,0.01168285170006146,Routine Monitoring,0.012994553760998867
0000877212,2022,1,0.037986386649532126,Routine Monitoring,0.04212546265319927
0000877422,2022,0,0.046438089694720276,Routine Monitoring,0.05216321742945086
0000879407,2022,1,0.8282674080328446,High Review Priority,0.8387972062159945
0000879526,2022,0,0.0324182005775804,Routine Monitoring,0.035973242946994874
0000880117,2022,0,0.07361716108015517,Routine Monitoring,0.08131049545241822
0000880266,2022,0,0.0261149003266589,Routine Monitoring,0.02899942757927212
0000880807,2022,0,0.6184080810744722,High Review Priority,0.6327800317474962
0000882095,2022,0,0.00916394175277939,Routine Monitoring,0.010343566971466923
0000882796,2022,1,0.8872678617139336,High Review Priority,0.8946402213287049
0000882835,2022,0,0.02579736296288224,Routine Monitoring,0.0286478482822139
0000883241,2022,0,0.007061235139861472,Routine Monitoring,0.007858167062105452
0000883569,2022,1,0.3658800494677721,Medium Review Priority,0.39468691894546465
0000883902,2022,0,0.16135861215103714,Routine Monitoring,0.1719886023936581
0000883984,2022,0,0.04226972335648406,Routine Monitoring,0.04750655578334567
0000884614,2022,1,0.0549429802828988,Routine Monitoring,0.06081288601096376
0000884624,2022,1,0.2603501585394358,Medium Review Priority,0.2816254525740448
0000884713,2022,0,0.04189906851704682,Routine Monitoring,0.04644389604176757
0000885245,2022,0,0.010268248850089874,Routine Monitoring,0.011422960885386005
0000885568,2022,0,0.16931396102881752,Routine Monitoring,0.18721368884268183
0000885590,2022,0,0.06594726072781232,Routine Monitoring,0.07290213255766224
0000885639,2022,0,0.07812542148330291,Routine Monitoring,0.08739906842016268
0000885725,2022,0,0.03353444178986637,Routine Monitoring,0.0377316889315713
0000886128,2022,1,0.8411471039511479,High Review Priority,0.8391941935089868
0000886163,2022,0,0.07379631248670515,Routine Monitoring,0.08150672176402535
0000886346,2022,0,0.03354363017896114,Routine Monitoring,0.03774198244954201
0000886835,2022,0,0.051319263425056015,Routine Monitoring,0.056825303188853975
0000887359,2022,0,0.19781427033566096,Routine Monitoring,0.2154679442277732
0000887596,2022,0,0.08518868468955365,Routine Monitoring,0.09521416028905942
0000887733,2022,0,0.11129369714801463,Routine Monitoring,0.12397501358821779
0000889331,2022,0,0.025120219209452923,Routine Monitoring,0.028295155895634052
0000889900,2022,0,0.028528605796747278,Routine Monitoring,0.03167106930690304
0000890447,2022,1,0.013938382055304493,Routine Monitoring,0.014359377091517226
0000890564,2022,0,0.02709072471604977,Routine Monitoring,0.030079707796486332
0000891014,2022,0,0.060290553230540084,Routine Monitoring,0.06669145699970816
0000891024,2022,0,0.3193491445471632,Medium Review Priority,0.3432085721735057
0000891103,2022,0,0.020225559503545005,Routine Monitoring,0.02178587128045122
0000892553,2022,0,0.052851208418478755,Routine Monitoring,0.05851147312339465
0000893538,2022,0,0.03464419751454808,Routine Monitoring,0.037274525348186364
0000893691,2022,0,0.04617087931866605,Routine Monitoring,0.05115433398478073
0000894627,2022,0,0.019128087117598093,Routine Monitoring,0.01985187240068358
0000895126,2022,0,0.005192544966720104,Routine Monitoring,0.005371911201064698
0000895419,2022,1,0.10944802959263586,Routine Monitoring,0.12194789997722279
0000895447,2022,0,0.10389468238679779,Routine Monitoring,0.11436154618177344
0000895456,2022,0,0.15198948934588316,Routine Monitoring,0.1664019140881227
0000896156,2022,0,0.04774968432717829,Routine Monitoring,0.05289409743333441
0000896264,2022,0,0.053852596287540105,Routine Monitoring,0.060433889890378005
0000896622,2022,0,0.027945081298116393,Routine Monitoring,0.031465527700257144
0000896878,2022,0,0.007663342420350805,Routine Monitoring,0.008527644641332165
0000897077,2022,0,0.07580850837279629,Routine Monitoring,0.08483244100943148
0000897448,2022,1,0.7885935908895025,High Review Priority,0.8059967847763891
0000897723,2022,0,0.03173449312544718,Routine Monitoring,0.03571477980074595
0000898173,2022,0,0.0043755449858520765,Routine Monitoring,0.004941859753270539
0000898293,2022,0,0.01992110124155386,Routine Monitoring,0.0221370418982458
0000898437,2022,1,0.267799841886822,Medium Review Priority,0.29244588773816904
0000899751,2022,0,0.03949277251994969,Routine Monitoring,0.04378851626818385
0000899923,2022,1,0.4351307382797268,High Review Priority,0.46177188600053565
0000900075,2022,0,0.005104471613329908,Routine Monitoring,0.005681826649045352
0000901491,2022,0,0.02961654851680272,Routine Monitoring,0.03287479499683336
0000902791,2022,0,0.07231889896269308,Routine Monitoring,0.07988825905115748
0000903129,2022,0,0.1116826393456117,Routine Monitoring,0.1228265579421113
0000908255,2022,0,0.0375491626850225,Routine Monitoring,0.041642660080329866
0000909494,2022,1,0.09157896520062092,Routine Monitoring,0.10227240876049619
0000909832,2022,0,0.011291318978036608,Routine Monitoring,0.012559620014552785
0000910329,2022,0,0.011553526899157826,Routine Monitoring,0.012850897710071219
0000910406,2022,0,0.07629991137915283,Routine Monitoring,0.08424810879889216
0000910521,2022,0,0.016174140731426697,Routine Monitoring,0.018239540058046216
0000910638,2022,1,0.37273384337175064,Medium Review Priority,0.39824810936608107
0000911177,2022,0,0.05316142223697983,Routine Monitoring,0.05966357437933926
0000912093,2022,0,0.03687465679141168,Routine Monitoring,0.0414720330850942
0000912463,2022,0,0.07292242155580787,Routine Monitoring,0.08054946534096051
0000912562,2022,0,0.06228951356262935,Routine Monitoring,0.06982578465528798
0000912603,2022,1,0.036353591270629766,Routine Monitoring,0.04032221158640498
0000912615,2022,0,0.0791143685418544,Routine Monitoring,0.08732803127617669
0000912767,2022,0,0.019728601747832,Routine Monitoring,0.021923608548270846
0000913142,2022,0,0.0522188363230907,Routine Monitoring,0.05861283787584993
0000913241,2022,0,0.028050457467791,Routine Monitoring,0.03114194068105945
0000913277,2022,1,0.2513150346818885,Routine Monitoring,0.27212363535241296
0000914122,2022,0,0.15705340440845875,Routine Monitoring,0.1673662443948273
0000914156,2022,0,0.03374366297043347,Routine Monitoring,0.03743843399794801
0000914475,2022,0,0.017966481874176488,Routine Monitoring,0.019969428861620193
0000915358,2022,0,0.13599374774296538,Routine Monitoring,0.14915616298781995
0000915779,2022,0,0.15183260867148393,Routine Monitoring,0.16825856513910373
0000915840,2022,0,0.06512226688980816,Routine Monitoring,0.07199684028033862
0000915913,2022,0,0.002642175512291325,Routine Monitoring,0.0027627013955271464
0000916076,2022,0,0.056012702928126025,Routine Monitoring,0.061989397541202806
0000916365,2022,0,0.013469213419773717,Routine Monitoring,0.014978441087337454
0000916540,2022,0,0.019265962381319713,Routine Monitoring,0.021410620121184398
0000916789,2022,0,0.042114817020185845,Routine Monitoring,0.046681906723222526
0000917273,2022,0,0.011935819735343519,Routine Monitoring,0.013275542484748807
0000917470,2022,0,0.03438276948269748,Routine Monitoring,0.038144757085897
0000917491,2022,0,0.3082246701277584,Medium Review Priority,0.3316579443358282
0000917520,2022,0,0.046325036128651166,Routine Monitoring,0.05132423439543142
0000918251,2022,0,0.14701154080148973,Routine Monitoring,0.16104157269210387
0000918541,2022,0,0.152805297426357,Routine Monitoring,0.16727982130984576
0000918965,2022,0,0.14993618969188083,Routine Monitoring,0.16419160863385943
0000919012,2022,0,0.04586145915987993,Routine Monitoring,0.05151933777381031
0000920371,2022,0,0.01375443730260899,Routine Monitoring,0.015295128858168664
0000921299,2022,1,0.9717928445679387,High Review Priority,0.973391682577643
0000921582,2022,0,0.33185363122446315,Medium Review Priority,0.35615844866012697
0000922224,2022,0,0.02540467314771733,Routine Monitoring,0.028614506620265486
0000922358,2022,0,0.03310309753501114,Routine Monitoring,0.03724843739338804
0000923120,2022,0,0.04252533226826687,Routine Monitoring,0.04572568510064248
0000925528,2022,0,0.005553154073195617,Routine Monitoring,0.0061809432604634975
0000926282,2022,1,0.051367098511889024,Routine Monitoring,0.05687796279703466
0000926326,2022,1,0.08088990104153863,Routine Monitoring,0.089270030355972
0000927003,2022,0,0.028109419688823762,Routine Monitoring,0.031207192570562994
0000927653,2022,0,0.016473957904279593,Routine Monitoring,0.01857692024363572
0000928022,2022,0,0.02236963077840146,Routine Monitoring,0.02363801186193443
0000928054,2022,0,0.6514550331991312,High Review Priority,0.6597508407402827
0000928465,2022,0,0.059314865526746655,Routine Monitoring,0.06651676984043585
0000929008,2022,0,0.07057265473696629,Routine Monitoring,0.07797460437182617
0000930420,2022,0,0.011795430902363391,Routine Monitoring,0.013119605097400757
0000931015,2022,0,0.03413112782575512,Routine Monitoring,0.03786666179966638
0000931148,2022,1,0.008949289640839339,Routine Monitoring,0.010101565538993709
0000931584,2022,0,0.14312815446715046,Routine Monitoring,0.1568557272085456
0000932696,2022,0,0.0614862128186214,Routine Monitoring,0.0680048704913839
0000933034,2022,0,0.174300861811484,Routine Monitoring,0.1926055596997661
0000933036,2022,0,0.034974605256936735,Routine Monitoring,0.038798746618837025
0000933974,2022,0,0.2070960305799269,Routine Monitoring,0.22586901302984425
0000935036,2022,0,0.038987733561627734,Routine Monitoring,0.0432310152767111
0000935419,2022,0,0.027056848560348363,Routine Monitoring,0.030042209418683224
0000935703,2022,0,0.02517067428890212,Routine Monitoring,0.027953900461697094
0000936395,2022,0,0.11438759774139395,Routine Monitoring,0.1257632106599758
0000936468,2022,0,0.010720437706942724,Routine Monitoring,0.01192538776281661
0000937098,2022,0,0.015453390784246158,Routine Monitoring,0.01718107388870285
0000937556,2022,0,0.0338849465821135,Routine Monitoring,0.03759458560087266
0000939767,2022,0,0.047054411501394035,Routine Monitoring,0.05212801845744966
0000939930,2022,0,0.30569528360049636,Medium Review Priority,0.3290277207270462
0000940944,2022,0,0.010404597296782265,Routine Monitoring,0.011574463032390748
0000943452,2022,0,0.029481955994752944,Routine Monitoring,0.032725894726287535
0000943819,2022,0,0.02558617201373155,Routine Monitoring,0.028414002358097615
0000944148,2022,0,0.03007558471793756,Routine Monitoring,0.03338259449177131
0000944809,2022,1,0.5095062388224887,High Review Priority,0.5306221634923624
0000945114,2022,0,0.040474711390654276,Routine Monitoring,0.04487227369203261
0000945841,2022,0,0.020487255447216666,Routine Monitoring,0.022764709963623585
0000945983,2022,0,0.12727876063520377,Routine Monitoring,0.13973409629464753
0000946581,2022,1,0.05680866047967981,Routine Monitoring,0.06286462980354039
0000949039,2022,0,0.32178165279200555,Medium Review Priority,0.345730506813582
0000949157,2022,0,0.11756426945094006,Routine Monitoring,0.13085487969274603
0000949870,2022,0,0.050655959862970494,Routine Monitoring,0.05609504183865068
0001000228,2022,0,0.047724744085728084,Routine Monitoring,0.052866619377409614
0001000623,2022,0,0.03848000197760591,Routine Monitoring,0.04267047766822935
0001000694,2022,1,0.8605575689560864,High Review Priority,0.8737162233884591
0001000697,2022,0,0.01064938223440894,Routine Monitoring,0.011846441471408432
0001000753,2022,0,0.020132469223832015,Routine Monitoring,0.022691679180329355
0001001233,2022,1,0.9186126934742394,High Review Priority,0.9227345949366927
0001001250,2022,0,0.015230212279357723,Routine Monitoring,0.017177178718092337
0001001385,2022,0,0.06655994986380075,Routine Monitoring,0.07357434692888933
0001001614,2022,0,0.004290930097918943,Routine Monitoring,0.004201706508922501
0001001838,2022,0,0.02659366749008422,Routine Monitoring,0.029949111747301024
0001002047,2022,0,0.016653289151726636,Routine Monitoring,0.018512598017937452
0001002590,2022,0,0.051221024112891506,Routine Monitoring,0.057500259638781255
0001002638,2022,0,0.01969376245637113,Routine Monitoring,0.02219846804620233
0001002910,2022,0,0.029563623512679396,Routine Monitoring,0.03328098845562003
0001003078,2022,0,0.02918546914538958,Routine Monitoring,0.03239787405260177
0001004980,2022,0,0.05472226848122056,Routine Monitoring,0.06140294672038107
0001004989,2022,0,0.2598065021475297,Medium Review Priority,0.28105425098220216
0001005210,2022,0,0.024654041415931006,Routine Monitoring,0.027381745947988274
0001005229,2022,0,0.0722199059345317,Routine Monitoring,0.07977979583578422
0001005284,2022,0,0.02269106539608535,Routine Monitoring,0.02520720067955913
0001005286,2022,1,0.6440149288805602,High Review Priority,0.6613661750772047
0001005757,2022,0,0.05926089752251609,Routine Monitoring,0.06556011179466473
0001006837,2022,0,0.09010763410304741,Routine Monitoring,0.09933950008380098
0001007587,2022,0,0.1991835755153676,Routine Monitoring,0.21692640552374565
0001008848,2022,1,0.4777448714174636,High Review Priority,0.5082992980456691
0001009829,2022,0,0.019555232944892514,Routine Monitoring,0.02173137832327963
0001010086,2022,0,0.03766987520400058,Routine Monitoring,0.041775961108792614
0001012019,2022,0,0.024827660768080736,Routine Monitoring,0.027966681836653302
0001012100,2022,0,0.025140054544801064,Routine Monitoring,0.02791999193611244
0001013237,2022,0,0.011109375706397197,Routine Monitoring,0.012357495338676415
0001013462,2022,0,0.015197621079276715,Routine Monitoring,0.01714049371300521
0001013488,2022,0,0.09005185153459595,Routine Monitoring,0.09927862596138802
0001013857,2022,0,0.11618254279447128,Routine Monitoring,0.12771091797929376
0001013871,2022,0,0.21646994792530902,Routine Monitoring,0.2270590275743974
0001013880,2022,0,0.04818791395352393,Routine Monitoring,0.053376894170375874
0001014473,2022,0,0.0011453496742685313,Routine Monitoring,0.0012295141345743488
0001015383,2022,1,0.11959435533819156,Routine Monitoring,0.1264920066122851
0001017480,2022,0,0.056405836564093,Routine Monitoring,0.0624217056552319
0001018164,2022,0,0.03260144889291741,Routine Monitoring,0.03617583530274409
0001018724,2022,0,0.018861111681346517,Routine Monitoring,0.021262215386232644
0001018840,2022,0,0.13445459989245592,Routine Monitoring,0.14933152846570186
0001018963,2022,0,0.04677952637600592,Routine Monitoring,0.05182510595403075
0001019849,2022,0,0.024749516577696522,Routine Monitoring,0.02748748671155869
0001020214,2022,1,0.6263031631097251,High Review Priority,0.6511563569086244
0001020710,2022,0,0.07570073419067155,Routine Monitoring,0.08359216356002452
0001020859,2022,0,0.03718710089416826,Routine Monitoring,0.04124281879768928
0001021162,2022,0,0.133757629521875,Routine Monitoring,0.14857067794607706
0001021561,2022,0,0.09150441714446914,Routine Monitoring,0.10086352522885098
0001021635,2022,0,0.10850627077580459,Routine Monitoring,0.11937583725502106
0001021860,2022,0,0.06519097531632925,Routine Monitoring,0.07207224268561951
0001022408,2022,0,0.10744651319521913,Routine Monitoring,0.118223997273267
0001022652,2022,1,0.5686951721405311,High Review Priority,0.5949015450210335
0001022671,2022,0,0.0054094007548829495,Routine Monitoring,0.006021036893957901
0001023024,2022,0,0.15212957674386132,Routine Monitoring,0.16655267630016002
0001023128,2022,0,0.10731398012845289,Routine Monitoring,0.11807992909878061
0001023731,2022,0,0.09726128782183663,Routine Monitoring,0.10713977139280371
0001024305,2022,0,0.036760736660525165,Routine Monitoring,0.040771923353074356
0001024795,2022,0,0.08396076555455416,Routine Monitoring,0.09262697225274938
0001026655,2022,0,0.07571737634575353,Routine Monitoring,0.08361038364550533
0001027838,2022,0,0.15434039112618972,Routine Monitoring,0.1689313318742336
0001029142,2022,1,0.030483736651090686,Routine Monitoring,0.0323505484153131
0001031203,2022,0,0.02772398644890825,Routine Monitoring,0.031217474409911787
0001031296,2022,0,0.041031974610980994,Routine Monitoring,0.0461228461803932
0001031308,2022,0,0.02233954119457114,Routine Monitoring,0.024817686988741424
0001031623,2022,0,0.40416634962521125,High Review Priority,0.4130449026737743
0001032220,2022,0,0.03831694473914871,Routine Monitoring,0.042490448177551376
0001032975,2022,0,0.036022263368887086,Routine Monitoring,0.039956213283409286
0001034670,2022,0,0.03266463779434069,Routine Monitoring,0.0367571587634722
0001034842,2022,1,0.8935639790165122,High Review Priority,0.9033845968660809
0001035002,2022,0,0.0052524945333890195,Routine Monitoring,0.005931634265463999
0001035267,2022,0,0.021484178139262827,Routine Monitoring,0.023869754388872705
0001035983,2022,0,0.02088254802430196,Routine Monitoring,0.023202904104481198
0001036044,2022,0,0.3473368466175898,Medium Review Priority,0.3613750336116241
0001037038,2022,0,0.07180390163768247,Routine Monitoring,0.07932396792141773
0001037676,2022,0,0.006120440903661297,Routine Monitoring,0.006811923086267839
0001037868,2022,0,0.01947088040108543,Routine Monitoring,0.021637846023783623
0001038074,2022,1,0.030035718156389665,Routine Monitoring,0.033338495011673464
0001039065,2022,0,0.051782228410496914,Routine Monitoring,0.05733493768148489
0001039399,2022,0,0.04117493443399959,Routine Monitoring,0.04564495660438096
0001039684,2022,0,0.05581823398528331,Routine Monitoring,0.06262384729237257
0001040130,2022,0,0.08506245307143517,Routine Monitoring,0.09383072527112847
0001041061,2022,0,0.0036753115592108704,Routine Monitoring,0.0041513749274672
0001041803,2022,0,0.05389240263603852,Routine Monitoring,0.059657153707644454
0001041859,2022,0,0.19224793910465204,Routine Monitoring,0.20953460907479604
0001042893,2022,0,0.23654902929683466,Routine Monitoring,0.25682413886386624
0001043337,2022,0,0.1319841997327133,Routine Monitoring,0.14663409457791535
0001043509,2022,0,0.04016682868195841,Routine Monitoring,0.04515541521306902
0001043604,2022,0,0.046143447375207376,Routine Monitoring,0.05112409987297071
0001044777,2022,1,0.26512424338703333,Medium Review Priority,0.2866384784810304
0001045742,2022,0,0.11786268857688487,Routine Monitoring,0.12953334465247976
0001045810,2022,0,0.020116382685903832,Routine Monitoring,0.022353550200126828
0001046102,2022,0,0.009663676736828747,Routine Monitoring,0.01075114036442863
0001046257,2022,0,0.05587754425526569,Routine Monitoring,0.061840761874297295
0001047127,2022,0,0.013757698941159392,Routine Monitoring,0.01529875017903332
0001047862,2022,0,0.040447394276764616,Routine Monitoring,0.04546917543092105
0001048268,2022,0,0.07473261851003166,Routine Monitoring,0.08253213800118231
0001048477,2022,0,0.061597700635392036,Routine Monitoring,0.06812732004355346
0001048695,2022,0,0.02838765367708592,Routine Monitoring,0.0319620209174416
0001049502,2022,0,0.03140411730923103,Routine Monitoring,0.03485195896562512
0001049521,2022,1,0.10407175035258684,Routine Monitoring,0.11455417242817621
0001049606,2022,0,0.07338114811374379,Routine Monitoring,0.08214181893242029
0001050377,2022,0,0.09087335782944252,Routine Monitoring,0.10017503795468916
0001050446,2022,0,0.646175937095254,High Review Priority,0.6604457271359367
0001050797,2022,0,0.11591731345262599,Routine Monitoring,0.12742316521100436
0001050825,2022,0,0.06361065606464589,Routine Monitoring,0.07033766337297725
0001050915,2022,0,0.022941934371884402,Routine Monitoring,0.025485162258497628
0001054905,2022,0,0.05781432560548306,Routine Monitoring,0.063970230664052
0001056285,2022,1,0.3298426410463317,Medium Review Priority,0.3540782263011937
0001056358,2022,1,0.3990055615052854,High Review Priority,0.42509943039919124
0001056696,2022,0,0.0057626808434787,Routine Monitoring,0.006507355373755385
0001056903,2022,0,0.06961279113399838,Routine Monitoring,0.07796142498586155
0001057060,2022,0,0.07671826844315359,Routine Monitoring,0.08470604985655948
0001057352,2022,0,0.04874641233112702,Routine Monitoring,0.05399212138077505
0001058090,2022,0,0.011382849380736124,Routine Monitoring,0.012661299939439739
0001058290,2022,0,0.01380135557990241,Routine Monitoring,0.01534722086389504
0001059556,2022,0,0.014089796922268734,Routine Monitoring,0.01566745674300873
0001060391,2022,0,0.028381438047660797,Routine Monitoring,0.0319550484006556
0001060822,2022,0,0.08551027761639668,Routine Monitoring,0.09431995296640874
0001061219,2022,0,0.02823493045823516,Routine Monitoring,0.031790697089668064
0001062231,2022,0,0.040054417916069764,Routine Monitoring,0.04440842892789298
0001064728,2022,0,0.026190372503289715,Routine Monitoring,0.029082987106739896
0001065059,2022,0,0.1938579672995247,Routine Monitoring,0.21125154666592177
0001065088,2022,0,0.01292875666176672,Routine Monitoring,0.01437830867079334
0001065696,2022,0,0.025747731578627663,Routine Monitoring,0.028999620101199695
0001065837,2022,0,0.06630476653937047,Routine Monitoring,0.07329438280994172
0001066605,2022,0,0.07498446920079467,Routine Monitoring,0.08280792088811322
0001067294,2022,0,0.038122812896480486,Routine Monitoring,0.04286887757271046
0001067701,2022,0,0.004005899567513979,Routine Monitoring,0.004459554621341465
0001068148,2022,0,0.14790486948239132,Routine Monitoring,0.16398806082021755
0001069183,2022,0,0.043467503402265954,Routine Monitoring,0.04817390617581124
0001069202,2022,0,0.017760845021306843,Routine Monitoring,0.01974132796118852
0001069258,2022,0,0.13704340458043882,Routine Monitoring,0.15028974124902475
0001069878,2022,0,0.015241399908856194,Routine Monitoring,0.016945790443082087
0001069899,2022,0,0.0739278112005229,Routine Monitoring,0.08165074856157037
0001070081,2022,1,0.8019311681639495,High Review Priority,0.8184891175038178
0001070235,2022,1,0.9125516777106812,High Review Priority,0.9174509028499699
0001070494,2022,0,0.7986188962799916,High Review Priority,0.8153899981353009
0001076930,2022,0,0.03941940747512617,Routine Monitoring,0.04370753422692321
0001077688,2022,0,0.30434995912800344,Medium Review Priority,0.3276281672754818
0001078075,2022,0,0.046018669682666616,Routine Monitoring,0.050986573791643584
0001078207,2022,1,0.3625393015237842,Medium Review Priority,0.38041089460887756
0001078271,2022,0,0.03597151363106754,Routine Monitoring,0.0404610201977501
0001081316,2022,0,0.03472120836610858,Routine Monitoring,0.03851874908131615
0001082554,2022,0,0.012352391536195148,Routine Monitoring,0.013060372716792959
0001084765,2022,0,0.0376340218266415,Routine Monitoring,0.04173636914121447
0001084869,2022,0,0.14709322838803504,Routine Monitoring,0.16112958348937687
0001085869,2022,0,0.02634966296689286,Routine Monitoring,0.029259341918178517
0001086222,2022,0,0.011153109608634013,Routine Monitoring,0.012406081029893944
0001086600,2022,0,0.00752486985002472,Routine Monitoring,0.008373686369935239
0001088856,2022,0,0.015524387520425816,Routine Monitoring,0.017259868883552288
0001089063,2022,0,0.03790355158584634,Routine Monitoring,0.04262352912246552
0001089819,2022,0,0.06277033444292038,Routine Monitoring,0.06941506307151976
0001090872,2022,0,0.017479647575488186,Routine Monitoring,0.01942939488715241
0001092699,2022,0,0.02924989003167342,Routine Monitoring,0.03246914850726715
0001092796,2022,0,0.026813144849452745,Routine Monitoring,0.029772439094629986
0001093557,2022,0,0.022359313023629514,Routine Monitoring,0.024839596399179976
0001093691,2022,1,0.6604573627835342,High Review Priority,0.662713892715577
0001094285,2022,0,0.043681724613820125,Routine Monitoring,0.04841014810663045
0001095565,2022,0,0.048437294418376756,Routine Monitoring,0.054394834718839845
0001096056,2022,0,0.0891323433370757,Routine Monitoring,0.09827507944562643
0001096752,2022,0,0.06536221982465112,Routine Monitoring,0.07226016574871148
0001097149,2022,0,0.0559320224051474,Routine Monitoring,0.06190067271696827
0001097864,2022,0,0.005735502317315497,Routine Monitoring,0.006383773807630987
0001099590,2022,0,0.007133939285795158,Routine Monitoring,0.007939011001450799
0001099800,2022,0,0.014783076335237238,Routine Monitoring,0.016437069687042966
0001101302,2022,0,0.02604605637064966,Routine Monitoring,0.029334488265156698
0001101396,2022,1,0.16550390287209843,Routine Monitoring,0.1809244223551296
0001101680,2022,1,0.4272665652008852,High Review Priority,0.4538130497298907
0001102993,2022,1,0.4762679355833308,High Review Priority,0.5031841262097415
0001103982,2022,0,0.020829685247321074,Routine Monitoring,0.0231443063459853
0001104485,2022,0,0.003084484345167379,Routine Monitoring,0.003020270929770355
0001104506,2022,1,0.8877904117620754,High Review Priority,0.8932919930728448
0001104657,2022,0,0.06013752558973803,Routine Monitoring,0.06743215557898435
0001107843,2022,0,0.005144580922451466,Routine Monitoring,0.005726446517508948
0001108426,2022,0,0.04110669502896555,Routine Monitoring,0.04556966109711114
0001108524,2022,0,0.01819829009864107,Routine Monitoring,0.020226547360917446
0001109354,2022,0,0.04642071233008329,Routine Monitoring,0.05214381484519445
0001109357,2022,0,0.08077172755191153,Routine Monitoring,0.08664128221023425
0001110611,2022,1,0.40718612677627897,High Review Priority,0.42207890736694004
0001110803,2022,0,0.6295622211515735,High Review Priority,0.6474597039842367
0001111711,2022,0,0.03438850208607494,Routine Monitoring,0.038688366225270554
0001111928,2022,0,0.06628890240459415,Routine Monitoring,0.0732769775800321
0001113232,2022,0,0.010513410642443034,Routine Monitoring,0.011695366472735932
0001114483,2022,0,0.05516934599325891,Routine Monitoring,0.06106187322254587
0001114925,2022,0,0.32620122452864936,Medium Review Priority,0.3343280883509793
0001114995,2022,1,0.16412442125939058,Routine Monitoring,0.17944404840580153
0001116132,2022,0,0.02411763642725658,Routine Monitoring,0.02678762347838631
0001116463,2022,0,0.293537262205918,Medium Review Priority,0.31636456465143653
0001116942,2022,0,0.035033393274886256,Routine Monitoring,0.039410602136657646
0001117171,2022,1,0.09952761757110401,Routine Monitoring,0.10286938674377272
0001117297,2022,0,0.11382042822804012,Routine Monitoring,0.12514760783462775
0001118417,2022,0,0.13254096274362398,Routine Monitoring,0.1454254419189367
0001120370,2022,0,0.055170353166820146,Routine Monitoring,0.06190215278089592
0001121484,2022,0,0.1050676627176724,Routine Monitoring,0.11563744892487764
0001121788,2022,0,0.02986464183756317,Routine Monitoring,0.03361854593983583
0001122904,2022,1,0.22741320812433027,Routine Monitoring,0.24689539811033143
0001122976,2022,0,0.10522194634694418,Routine Monitoring,0.11730273778963243
0001123360,2022,0,0.023474539918984866,Routine Monitoring,0.02607523410504391
0001123494,2022,0,0.25830478311710575,Routine Monitoring,0.27947608838364807
0001124198,2022,0,0.08131656795032474,Routine Monitoring,0.09093164693341103
0001124524,2022,1,0.18137738746328885,Routine Monitoring,0.19066757234576506
0001124796,2022,1,0.48485541108402896,High Review Priority,0.5117826746855829
0001124941,2022,0,0.025946203379323896,Routine Monitoring,0.028812648448103568
0001128928,2022,0,0.029188910739752567,Routine Monitoring,0.032860754318098095
0001129155,2022,0,0.011843536489017955,Routine Monitoring,0.013173039106230524
0001130310,2022,0,0.043547471667734615,Routine Monitoring,0.04893451714387985
0001130464,2022,0,0.04459222908968323,Routine Monitoring,0.050101746353129493
0001130713,2022,1,0.3046503498275002,Medium Review Priority,0.3279407023907227
0001131554,2022,1,0.11492994696071268,Routine Monitoring,0.12635180033023666
0001132105,2022,0,0.07979941104807513,Routine Monitoring,0.08807739264206753
0001133062,2022,0,0.033037136330095626,Routine Monitoring,0.03401509106441971
0001133421,2022,0,0.024000761289125577,Routine Monitoring,0.026658162915394062
0001136869,2022,0,0.041281982801513954,Routine Monitoring,0.04576307166066665
0001136893,2022,0,0.3257610260985047,Medium Review Priority,0.3397493463335831
0001137091,2022,0,0.15893334867580536,Routine Monitoring,0.17386922209036068
0001137789,2022,1,0.0070434566072999924,Routine Monitoring,0.007838397881525613
0001138639,2022,0,0.13320267771303707,Routine Monitoring,0.14796476559345065
0001138723,2022,0,0.15169904928456981,Routine Monitoring,0.16608932712587082
0001140859,2022,0,0.021718930997823415,Routine Monitoring,0.0244747724411396
0001141103,2022,0,0.02242874400535503,Routine Monitoring,0.024916532957490304
0001141391,2022,0,0.001031406156030403,Routine Monitoring,0.001091238445179087
0001142750,2022,0,0.009533274281366131,Routine Monitoring,0.010606220742419388
0001144215,2022,0,0.02493289955564774,Routine Monitoring,0.02769058081883406
0001144980,2022,0,0.018094921690467697,Routine Monitoring,0.0204005140959371
0001145197,2022,0,0.07609202892070686,Routine Monitoring,0.08402054090408127
0001145986,2022,1,0.611340715222786,High Review Priority,0.636611639216158
0001156174,2022,0,0.05489938085753717,Routine Monitoring,0.06160027251310912
0001156388,2022,1,0.22595414295562097,Routine Monitoring,0.24535103189519453
0001157762,2022,0,0.09653146332703946,Routine Monitoring,0.10634455338017047
0001158114,2022,1,0.26760718973224495,Medium Review Priority,0.28924360659214887
0001158172,2022,0,0.12542079110339427,Routine Monitoring,0.13772300079779368
0001158449,2022,0,0.03590936022544194,Routine Monitoring,0.03983148959326084
0001158895,2022,0,0.08094546853127166,Routine Monitoring,0.0893307950795105
0001159036,2022,0,0.014393478923758047,Routine Monitoring,0.016235244333112436
0001159167,2022,1,0.5679648305696555,High Review Priority,0.5941839131237789
0001162461,2022,1,0.6069851568867853,High Review Priority,0.6323689786577018
0001163302,2022,0,0.03368784431859953,Routine Monitoring,0.03574364027014058
0001163609,2022,0,0.06640069730055628,Routine Monitoring,0.07439490911497106
0001164863,2022,0,0.08227741682239446,Routine Monitoring,0.09078709289011898
0001166388,2022,0,0.035821285846489685,Routine Monitoring,0.03973419193321096
0001169445,2022,0,0.04968575987038637,Routine Monitoring,0.05502670675220703
0001169561,2022,0,0.027000636971365552,Routine Monitoring,0.030405826453097876
0001171759,2022,0,0.1287647675410985,Routine Monitoring,0.14134197056702694
0001173514,2022,0,0.06760666107207847,Routine Monitoring,0.07472253525533273
0001175454,2022,0,0.010600861501284666,Routine Monitoring,0.011963220448964296
0001176334,2022,0,0.08693029131764515,Routine Monitoring,0.09587092616693887
0001177394,2022,0,0.01599572469257004,Routine Monitoring,0.01778294536574934
0001177609,2022,0,0.045554151041333424,Routine Monitoring,0.050474561688494096
0001178670,2022,0,0.9088706232748628,High Review Priority,0.9174094680290563
0001178879,2022,1,0.8540580544606057,High Review Priority,0.866981172092188
0001180262,2022,0,0.02679077645535786,Routine Monitoring,0.029747677424050118
0001192448,2022,1,0.46589937132080667,High Review Priority,0.4927809322853532
0001193311,2022,0,0.034483012624575586,Routine Monitoring,0.03825553379137915
0001195734,2022,0,0.11678861646336725,Routine Monitoring,0.1283683954513145
0001206264,2022,0,0.038538837472550935,Routine Monitoring,0.04273543558176991
0001210677,2022,0,0.03282138611040073,Routine Monitoring,0.03482621222219358
0001210708,2022,0,0.10591016093133324,Routine Monitoring,0.11655366400187234
0001219601,2022,0,0.02842899353918251,Routine Monitoring,0.0320083945163669
0001223389,2022,1,0.12430980742690206,Routine Monitoring,0.13652005408741152
0001227654,2022,0,0.13792115711699543,Routine Monitoring,0.1441330276523314
0001232524,2022,0,0.032915316042574916,Routine Monitoring,0.03703804170453374
0001235468,2022,0,0.04302025670186449,Routine Monitoring,0.04768064813286559
0001237831,2022,0,0.04528224732246224,Routine Monitoring,0.05017483292579009
0001254699,2022,0,0.10185006182336553,Routine Monitoring,0.11213671698563332
0001257640,2022,1,0.09482916556336346,Routine Monitoring,0.10585790175377455
0001260221,2022,0,0.012122748401141116,Routine Monitoring,0.01348316643396116
0001261333,2022,0,0.028697170026592996,Routine Monitoring,0.031857592219833836
0001262039,2022,0,0.002949068614132489,Routine Monitoring,0.0032834355620001542
0001262823,2022,0,0.012037447966434795,Routine Monitoring,0.013388423294463008
0001262976,2022,0,0.03698566719057042,Routine Monitoring,0.04102035220905792
0001267565,2022,0,0.015087929610654562,Routine Monitoring,0.016775450474101537
0001274494,2022,0,0.039514832981318956,Routine Monitoring,0.043812866854915936
0001275014,2022,0,0.10609174837699856,Routine Monitoring,0.11675111724565924
0001275158,2022,0,0.11826961811933966,Routine Monitoring,0.1299746310764576
0001275187,2022,0,0.2973536609776848,Medium Review Priority,0.32034317343226737
0001276187,2022,0,0.05432934846062816,Routine Monitoring,0.060965151437789585
0001278027,2022,0,0.0852961252471039,Routine Monitoring,0.09408600752255061
0001280058,2022,0,0.03672462182484992,Routine Monitoring,0.040732034447718155
0001280263,2022,1,0.22138338184565756,Routine Monitoring,0.24050981432053112
0001280452,2022,0,0.016607113117883262,Routine Monitoring,0.018461363304335728
0001282637,2022,0,0.05154469682285525,Routine Monitoring,0.05707346822322551
0001282648,2022,0,0.15038882284475089,Routine Monitoring,0.16668928075690992
0001285785,2022,0,0.005797303118024407,Routine Monitoring,0.006546422205697942
0001286139,2022,0,0.049282713256657756,Routine Monitoring,0.05223873645122999
0001286681,2022,0,0.00346495339863334,Routine Monitoring,0.003913876096902391
0001287213,2022,0,0.06405629320205013,Routine Monitoring,0.07178995796471523
0001288403,2022,0,0.013835228041875243,Routine Monitoring,0.014883001063464263
0001288469,2022,1,0.008859314605263308,Routine Monitoring,0.009857163457305508
0001288847,2022,0,0.08211249111937541,Routine Monitoring,0.0906067935856916
0001289308,2022,0,0.037564348523233614,Routine Monitoring,0.041659429774683676
0001289460,2022,0,0.01698361638166674,Routine Monitoring,0.018879097610181438
0001290677,2022,0,0.09124411135871688,Routine Monitoring,0.10057954282683917
0001290900,2022,0,0.05724044321007719,Routine Monitoring,0.06333935077022701
0001294133,2022,1,0.6366628263326967,High Review Priority,0.661199744262607
0001295947,2022,0,0.07087750799450097,Routine Monitoring,0.07830873790430239
0001296445,2022,0,0.0468925286619619,Routine Monitoring,0.0519496322712479
0001297184,2022,0,0.0464246523372062,Routine Monitoring,0.051434020973968736
0001297989,2022,0,0.022352623399580863,Routine Monitoring,0.02483218355432028
0001299130,2022,1,0.8686637322390167,High Review Priority,0.8705502788236237
0001301787,2022,0,0.012831094698494125,Routine Monitoring,0.014269855298014505
0001302028,2022,0,0.14663468467440838,Routine Monitoring,0.1606355243404294
0001305168,2022,0,0.04458938107289891,Routine Monitoring,0.049410979379368364
0001306830,2022,0,0.03198311335757513,Routine Monitoring,0.03599342395830182
0001307954,2022,0,0.04311303895011304,Routine Monitoring,0.04778297963468164
0001309108,2022,0,0.01816759706059577,Routine Monitoring,0.020192503841853733
0001309402,2022,1,0.10924990564060015,Routine Monitoring,0.12018392282729161
0001313275,2022,0,0.0755670946326812,Routine Monitoring,0.08344585045160546
0001314727,2022,0,0.17889252918522222,Routine Monitoring,0.19526860857121858
0001315098,2022,0,0.14366387366710803,Routine Monitoring,0.1513795735495452
0001315257,2022,0,0.04416176353073166,Routine Monitoring,0.04893949068840207
0001316517,2022,1,0.1752874046493028,Routine Monitoring,0.18066255574927503
0001316835,2022,0,0.00532976888360589,Routine Monitoring,0.005665162896345522
0001317630,2022,0,0.016087191341352176,Routine Monitoring,0.017005547983564916
0001317945,2022,0,0.06563741442540136,Routine Monitoring,0.07256214801933752
0001318008,2022,0,0.2109596611048495,Routine Monitoring,0.22945092141933346
0001318220,2022,0,0.03303253326654231,Routine Monitoring,0.0366523925812769
0001318484,2022,1,0.19076256535013822,Routine Monitoring,0.20795005734653846
0001318605,2022,0,0.007485750445932625,Routine Monitoring,0.008330191276394916
0001319947,2022,0,0.06536992534964142,Routine Monitoring,0.0722686215912599
0001320461,2022,0,0.13166443014644091,Routine Monitoring,0.14447789224134225
0001320695,2022,0,0.1686932457494746,Routine Monitoring,0.18434528164174285
0001320854,2022,0,0.14334314084690541,Routine Monitoring,0.15708755303995617
0001321655,2022,0,0.22915335868309933,Routine Monitoring,0.24873662948024014
0001321732,2022,0,0.22064094789102906,Routine Monitoring,0.23972298617320317
0001323468,2022,0,0.01722972307185584,Routine Monitoring,0.019152136253571272
0001323885,2022,0,0.3350684057656676,Medium Review Priority,0.35948199372129525
0001324404,2022,0,0.001571438074461263,Routine Monitoring,0.0017383628453342915
0001324948,2022,0,0.022621300281472013,Routine Monitoring,0.025129898467004
0001325702,2022,1,0.2880486555443906,Medium Review Priority,0.3106368090602658
0001326380,2022,1,0.1309978809257635,Routine Monitoring,0.14375721426855692
0001326732,2022,0,0.6957483240600384,High Review Priority,0.7093304525332484
0001326801,2022,0,0.0029772273290440588,Routine Monitoring,0.003314776312570754
0001327318,2022,1,0.9386723447667757,High Review Priority,0.9448608716282789
0001327567,2022,0,0.012745734434326944,Routine Monitoring,0.014175060961510498
0001327688,2022,0,0.11110556906021052,Routine Monitoring,0.12219982748394415
0001327811,2022,0,0.02110311419305561,Routine Monitoring,0.023447391488328757
0001328581,2022,0,0.007161419350259253,Routine Monitoring,0.008085374043672855
0001333274,2022,1,0.02250301046333912,Routine Monitoring,0.02499882637136509
0001334036,2022,0,0.013435353115070506,Routine Monitoring,0.014940844189999266
0001334978,2022,0,0.044443603697723474,Routine Monitoring,0.049935717578886846
0001336047,2022,0,0.02976257411491059,Routine Monitoring,0.033504091660173464
0001336917,2022,0,0.13275291110491597,Routine Monitoring,0.14565453448799645
0001336920,2022,0,0.02699313726512349,Routine Monitoring,0.029971684986113977
0001337013,2022,0,0.04480386861989567,Routine Monitoring,0.04750466997749645
0001337298,2022,0,0.09650871958596205,Routine Monitoring,0.10631976966269407
0001337619,2022,0,0.07455419226711364,Routine Monitoring,0.08233674726216501
0001339605,2022,0,0.012402341209148631,Routine Monitoring,0.013793697119106678
0001340122,2022,1,0.042471748684599145,Routine Monitoring,0.04707564313289314
0001340476,2022,0,0.6473691122923406,High Review Priority,0.6715560055214985
0001341439,2022,0,0.010564386839707311,Routine Monitoring,0.011922114767042523
0001341766,2022,0,0.1528024648771861,Routine Monitoring,0.166655583099091
0001345126,2022,0,0.07338912113128035,Routine Monitoring,0.08106070956206778
0001347178,2022,1,0.14647801500532392,Routine Monitoring,0.16046670856722695
0001349436,2022,0,0.03455424458161122,Routine Monitoring,0.03648772035336044
0001350593,2022,0,0.07727247802945023,Routine Monitoring,0.0853126309624613
0001350653,2022,1,0.7061870366525744,High Review Priority,0.730904476746522
0001352010,2022,0,0.0352909185492066,Routine Monitoring,0.03914824272290733
0001352081,2022,0,0.009781429821096413,Routine Monitoring,0.011039655363812231
0001354327,2022,0,0.02919543929042028,Routine Monitoring,0.03240890496319576
0001355096,2022,0,0.12479646249160022,Routine Monitoring,0.1370470295201474
0001356576,2022,0,0.05617243589629606,Routine Monitoring,0.06216505200995769
0001357615,2022,0,0.06687716265960196,Routine Monitoring,0.073922341697906
0001357971,2022,0,0.045756924831758417,Routine Monitoring,0.050698074161243424
0001359687,2022,0,0.015705798192588456,Routine Monitoring,0.016923453199604407
0001359841,2022,0,0.12279866217345602,Routine Monitoring,0.13488334060764715
0001361113,2022,0,0.22546914493261422,Routine Monitoring,0.2475364777680665
0001361538,2022,0,0.05148873827038302,Routine Monitoring,0.05701186825590394
0001364885,2022,1,0.15697373425475822,Routine Monitoring,0.17384188370141984
0001365135,2022,0,0.028567071267499147,Routine Monitoring,0.0317136334825567
0001366561,2022,0,0.1678200629378421,Routine Monitoring,0.1834089560769939
0001367644,2022,1,0.33976367147378506,Medium Review Priority,0.3643319165239586
0001368265,2022,0,0.13068769089372512,Routine Monitoring,0.14342179778231057
0001368458,2022,0,0.0504705611906106,Routine Monitoring,0.055890908333457
0001368622,2022,0,0.15301878284626233,Routine Monitoring,0.16954741299846396
0001369568,2022,0,0.003871442928805485,Routine Monitoring,0.004296740254879221
0001370637,2022,0,0.030316547099618278,Routine Monitoring,0.033649133090716946
0001370946,2022,0,0.014404904347230837,Routine Monitoring,0.016017274094971983
0001371451,2022,0,0.008545462623602246,Routine Monitoring,0.009213180049579687
0001372020,2022,0,0.15685506729474077,Routine Monitoring,0.17163548901893452
0001372612,2022,0,0.012729721355577012,Routine Monitoring,0.014157277902034191
0001373715,2022,0,0.008068864037192298,Routine Monitoring,0.008978488783707037
0001375365,2022,0,0.14075024537809128,Routine Monitoring,0.15429081688460064
0001376139,2022,0,0.01129357100674623,Routine Monitoring,0.012743806167396269
0001376339,2022,0,0.5524255267226165,High Review Priority,0.5788884420808768
0001376986,2022,0,0.032845889783417244,Routine Monitoring,0.036960251971218154
0001377630,2022,1,0.139652777231493,Routine Monitoring,0.14592943669197483
0001377789,2022,0,0.12478418942618588,Routine Monitoring,0.13703374031327137
0001378950,2022,0,0.10300366219303204,Routine Monitoring,0.1133921190664892
0001378992,2022,0,0.027957525646847725,Routine Monitoring,0.031039093786048372
0001381531,2022,0,0.006356077707081338,Routine Monitoring,0.006356077707081338
0001383312,2022,0,0.025409202424071457,Routine Monitoring,0.02821804017590655
0001383650,2022,0,0.008146182548555238,Routine Monitoring,0.009196012985942628
0001384195,2022,0,0.040701554652471335,Routine Monitoring,0.042963694701332926
0001384905,2022,0,0.09335340092259983,Routine Monitoring,0.10288020799063927
0001385157,2022,0,0.01782562826703727,Routine Monitoring,0.019813189365248365
0001387467,2022,0,0.0255154287883024,Routine Monitoring,0.028335667827143512
0001388658,2022,1,0.4011130570753479,High Review Priority,0.4272467710514508
0001389170,2022,0,0.09915803033981894,Routine Monitoring,0.11062868711008453
0001392972,2022,0,0.3643491908632217,Medium Review Priority,0.3896460362649618
0001393052,2022,0,0.013837486314403102,Routine Monitoring,0.015387335394613438
0001393584,2022,1,0.8888658797793018,High Review Priority,0.8943210081459753
0001393883,2022,0,0.02408731510483491,Routine Monitoring,0.026754037405328116
0001395942,2022,0,0.10067349982920744,Routine Monitoring,0.11229761303531527
0001396009,2022,0,0.04554773887684824,Routine Monitoring,0.050467493552789816
0001396033,2022,1,0.45331913472370083,High Review Priority,0.48012734453880007
0001396814,2022,0,0.04194590402579811,Routine Monitoring,0.04649556529724783
0001397047,2022,0,0.6307092395859875,High Review Priority,0.6554306170801063
0001397187,2022,0,0.015338883886039163,Routine Monitoring,0.017053986912586975
0001397702,2022,1,0.6832123141982516,High Review Priority,0.6963420102149088
0001399520,2022,0,0.14929837837427296,Routine Monitoring,0.16350482032893474
0001401257,2022,0,0.1322541131124863,Routine Monitoring,0.1451153720889074
0001401667,2022,0,0.39724610500557367,High Review Priority,0.42330595448067243
0001402057,2022,0,0.021648677500926902,Routine Monitoring,0.024395827014487205
0001402436,2022,0,0.016872240750180775,Routine Monitoring,0.01875552890283087
0001402829,2022,0,0.08160665161360721,Routine Monitoring,0.090053760284501
0001403161,2022,0,0.0013467685202395868,Routine Monitoring,0.0014248690140624312
0001403568,2022,0,0.006174021676409734,Routine Monitoring,0.0068715155159840904
0001404655,2022,0,0.041933061073968846,Routine Monitoring,0.04648139691895722
0001408075,2022,0,0.017131406233813564,Routine Monitoring,0.019316645993206188
0001408198,2022,0,0.00312745294309218,Routine Monitoring,0.003308475054723387
0001408710,2022,0,0.043545029851253615,Routine Monitoring,0.04825940322464372
0001409171,2022,0,0.07729001566048181,Routine Monitoring,0.08647380005138432
0001410384,2022,0,0.13921322510668835,Routine Monitoring,0.15263219693173843
0001411207,2022,0,0.011514421754904495,Routine Monitoring,0.01280745826112591
0001411688,2022,1,0.118603711427648,Routine Monitoring,0.1303369016018682
0001412408,2022,1,0.8935677544378842,High Review Priority,0.9033880616011228
0001413329,2022,0,0.003674679453943302,Routine Monitoring,0.004090978978912565
0001413447,2022,0,0.007605242681393979,Routine Monitoring,0.008585963549897942
0001413898,2022,1,0.6770138959402058,High Review Priority,0.7001093890731217
0001418135,2022,0,0.017466886531353375,Routine Monitoring,0.019415238554557703
0001418819,2022,0,0.01729801787374872,Routine Monitoring,0.019227901989362722
0001419612,2022,0,0.04614393993961536,Routine Monitoring,0.05183477466720044
0001420800,2022,0,0.29044566745584777,Medium Review Priority,0.30647196946005945
0001421517,2022,0,0.06745183780500882,Routine Monitoring,0.07455271919870805
0001422930,2022,0,0.024607844639679553,Routine Monitoring,0.026124515290800347
0001423221,2022,0,0.04104352777083143,Routine Monitoring,0.04549996117069326
0001423774,2022,1,0.4267499490716644,High Review Priority,0.45328973958441876
0001423902,2022,0,0.01215104349760215,Routine Monitoring,0.013041071468038032
0001424929,2022,0,0.03863232080524556,Routine Monitoring,0.04283864500478102
0001425292,2022,0,0.004586698366952806,Routine Monitoring,0.0051801999445639
0001428336,2022,0,0.05035469722884223,Routine Monitoring,0.05576333178576941
0001431695,2022,1,0.2983755054409725,Medium Review Priority,0.311673556215956
0001432133,2022,1,0.6998669222608636,High Review Priority,0.7125967188222286
0001433195,2022,0,0.11470915815859457,Routine Monitoring,0.12611219582584196
0001433270,2022,0,0.010578934865300281,Routine Monitoring,0.011768169555869843
0001433660,2022,0,0.03887318791960593,Routine Monitoring,0.043708424896739165
0001436208,2022,1,0.06478091384877775,Routine Monitoring,0.07162221327340737
0001437352,2022,0,0.16003142624965785,Routine Monitoring,0.17504901506750395
0001438133,2022,1,0.16576815392174363,Routine Monitoring,0.18120794811936014
0001438533,2022,1,0.9139064507104773,High Review Priority,0.9182454895963541
0001439095,2022,0,0.0856567325415711,Routine Monitoring,0.09573152643106841
0001439288,2022,0,0.04324468118222638,Routine Monitoring,0.0458560059846623
0001441236,2022,0,0.03821822510736052,Routine Monitoring,0.04238144981514189
0001441683,2022,1,0.6000315734278227,High Review Priority,0.625587477922076
0001441816,2022,0,0.16050614042558595,Routine Monitoring,0.1755589663305422
0001442145,2022,0,0.0079513646222867,Routine Monitoring,0.00840924730070372
0001442236,2022,0,0.28598409457191937,Medium Review Priority,0.2986773786689687
0001443669,2022,0,0.17072352104564417,Routine Monitoring,0.18652166754525776
0001444380,2022,1,0.17494542900539908,Routine Monitoring,0.1910442529978946
0001445305,2022,0,0.15800304189002826,Routine Monitoring,0.17286945830596773
0001446847,2022,0,0.010708960358622021,Routine Monitoring,0.011487811186138536
0001447669,2022,0,0.18489992252536608,Routine Monitoring,0.20169084766808518
0001451505,2022,0,0.09594351343161196,Routine Monitoring,0.10708651714963055
0001451809,2022,1,0.1271778634650204,Routine Monitoring,0.14134903880523916
0001454938,2022,0,0.1263253861151363,Routine Monitoring,0.13325479763748804
0001455684,2022,1,0.25631423206793696,Routine Monitoring,0.27738340276520007
0001459200,2022,0,0.1010893652934713,Routine Monitoring,0.11130871309194398
0001459417,2022,1,0.196269577196817,Routine Monitoring,0.2138221419167758
0001460329,2022,1,0.3270466955092591,Medium Review Priority,0.3511845002402409
0001462418,2022,1,0.6336400066129435,High Review Priority,0.6615354372966307
0001463101,2022,0,0.005208736426069759,Routine Monitoring,0.005797815889441643
0001466258,2022,0,0.022207720077038303,Routine Monitoring,0.024671611851324722
0001466593,2022,0,0.04241971981952617,Routine Monitoring,0.04767421039721481
0001467373,2022,0,0.0047935441372651665,Routine Monitoring,0.005413665217514773
0001467623,2022,0,0.0075530794427386555,Routine Monitoring,0.00840505109833557
0001467858,2022,0,0.018420357621416562,Routine Monitoring,0.020472848917003492
0001468327,2022,1,0.7073362337608848,High Review Priority,0.7198760292214994
0001468666,2022,1,0.48305108054549734,High Review Priority,0.509977339007416
0001469367,2022,1,0.1573639631143217,Routine Monitoring,0.17218254525419296
0001474432,2022,0,0.012182442640610844,Routine Monitoring,0.013549467696359441
0001474735,2022,0,0.061270735309633534,Routine Monitoring,0.06776819800278085
0001474903,2022,0,0.12200837793387186,Routine Monitoring,0.13402716688411198
0001475115,2022,0,0.4929725377454355,High Review Priority,0.5198956437422616
0001476840,2022,1,0.07305011597704637,Routine Monitoring,0.0773157959371487
0001477294,2022,0,0.04429039036873876,Routine Monitoring,0.049081318714180186
0001477333,2022,0,0.07395347706667789,Routine Monitoring,0.0816788591556957
0001477720,2022,1,0.8610941519166257,High Review Priority,0.8734865180551082
0001478320,2022,1,0.8943774245460167,High Review Priority,0.8953257524629147
0001481582,2022,0,0.01765686258751348,Routine Monitoring,0.019625982291638595
0001481646,2022,1,0.884105855843782,High Review Priority,0.8904073467029713
0001481792,2022,0,0.04136360103714246,Routine Monitoring,0.04585312568756073
0001482981,2022,0,0.289273992349466,Medium Review Priority,0.30205152574722344
0001483510,2022,1,0.46329468874055646,High Review Priority,0.49016388676045136
0001484612,2022,1,0.9084304606010087,High Review Priority,0.9092654143288106
0001484778,2022,1,0.6560504131065807,High Review Priority,0.6697617214712687
0001486159,2022,0,0.008384796334034078,Routine Monitoring,0.008639520492517025
0001486957,2022,0,0.02417193206376331,Routine Monitoring,0.027230362789372905
0001487952,2022,0,0.06652469044559169,Routine Monitoring,0.07353566443709274
0001488139,2022,1,0.13654003424891917,Routine Monitoring,0.15160729177087742
0001489096,2022,0,0.04396190152654361,Routine Monitoring,0.048719108318323476
0001489393,2022,0,0.01804913734950538,Routine Monitoring,0.02034901696976303
0001490281,2022,1,0.6865264237955881,High Review Priority,0.7092338490312875
0001490978,2022,1,0.871587695097054,High Review Priority,0.8831709041356829
0001493594,2022,0,0.030159693282346904,Routine Monitoring,0.033475632157630344
0001493761,2022,0,0.7745999102996608,High Review Priority,0.7928524781842473
0001494259,2022,0,0.010488165849209962,Routine Monitoring,0.011667317033084169
0001495320,2022,0,0.4271416122409795,High Review Priority,0.453686483078905
0001496963,2022,0,0.02983703870267904,Routine Monitoring,0.03166554044237651
0001499200,2022,0,0.013260162004752737,Routine Monitoring,0.014959111093539021
0001499717,2022,1,0.3027400807823483,Medium Review Priority,0.32595285173226346
0001500435,2022,1,0.20680719352064128,Routine Monitoring,0.2250382852692902
0001501585,2022,0,0.031765524887425484,Routine Monitoring,0.03525160120347081
0001503274,2022,1,0.9262502314482081,High Review Priority,0.9269357686208028
0001503802,2022,1,0.9843792836997542,High Review Priority,0.9845335077671424
0001504461,2022,0,0.14340503691750578,Routine Monitoring,0.1590902729436421
0001504776,2022,0,0.2576448661290676,Routine Monitoring,0.2695551792782911
0001505155,2022,0,0.12129338451427372,Routine Monitoring,0.13325243047679156
0001505952,2022,0,0.3359714567948563,Medium Review Priority,0.3637744016168915
0001506293,2022,0,0.0911699235810837,Routine Monitoring,0.100498604108397
0001506307,2022,0,0.04238810057818665,Routine Monitoring,0.04698337256844596
0001507079,2022,0,0.05454982562382711,Routine Monitoring,0.06038041177176421
0001507605,2022,0,0.913884747401346,High Review Priority,0.9163072250564707
0001510295,2022,0,0.007605138799241606,Routine Monitoring,0.00846293256786416
0001511737,2022,0,0.004590925016338085,Routine Monitoring,0.005110492349911743
0001512673,2022,0,0.12876451021948318,Routine Monitoring,0.14134169218885356
0001512762,2022,1,0.9607758753579695,High Review Priority,0.9628487615685352
0001514416,2022,0,0.10716115377844233,Routine Monitoring,0.11791379607332633
0001514705,2022,0,0.021703849309278957,Routine Monitoring,0.02411321648700451
0001515673,2022,1,0.8926320424868569,High Review Priority,0.8985231513243689
0001516513,2022,0,0.014713416979653511,Routine Monitoring,0.015630030317291498
0001517022,2022,1,0.7165840385242219,High Review Priority,0.7392116785477385
0001517175,2022,0,0.08474152804753128,Routine Monitoring,0.09348009909320543
0001517228,2022,1,0.056664921704287136,Routine Monitoring,0.0627065867780919
0001517375,2022,0,0.18819439093455,Routine Monitoring,0.20520916987574278
0001517413,2022,0,0.4020322436845268,High Review Priority,0.4281830277840181
0001519061,2022,1,0.18336698350956213,Routine Monitoring,0.2023904116932598
0001519751,2022,0,0.06268420947840557,Routine Monitoring,0.06932049543120071
0001520006,2022,0,0.0061453987727797975,Routine Monitoring,0.0065945592655053216
0001520262,2022,0,0.19227020260704347,Routine Monitoring,0.2095583551188223
0001521036,2022,0,0.0056061036901494735,Routine Monitoring,0.0058163085003152615
0001521332,2022,0,0.03753049197648783,Routine Monitoring,0.04162204197075484
0001522540,2022,0,0.2736008811540222,Medium Review Priority,0.2859646668206375
0001522727,2022,0,0.08059127907775133,Routine Monitoring,0.08894346520761151
0001524025,2022,1,0.27093255494641993,Medium Review Priority,0.2927303713136839
0001524472,2022,0,0.02929745413481785,Routine Monitoring,0.03252177216190135
0001524741,2022,0,0.07316272944169551,Routine Monitoring,0.08081271639623451
0001524931,2022,0,0.08173337697204694,Routine Monitoring,0.09019231478069782
0001525769,2022,0,0.06978715668764136,Routine Monitoring,0.07487871927269107
0001526520,2022,0,0.025772294863986325,Routine Monitoring,0.0286200916523706
0001527508,2022,0,0.04147005190018748,Routine Monitoring,0.04597057645927134
0001528129,2022,0,0.02344469969738202,Routine Monitoring,0.02477249367261107
0001528356,2022,0,0.039525308812029515,Routine Monitoring,0.043824430152715185
0001528396,2022,0,0.22305816711627444,Routine Monitoring,0.2422842682033662
0001528849,2022,0,0.047708696405286896,Routine Monitoring,0.05284893867025217
0001529274,2022,1,0.40544096525893064,High Review Priority,0.4203151726846525
0001529628,2022,0,0.15429603487672067,Routine Monitoring,0.16247441181787822
0001530721,2022,0,0.037800127288775826,Routine Monitoring,0.04191979244835613
0001530804,2022,0,0.0367764793922918,Routine Monitoring,0.040789311128398155
0001530950,2022,0,0.0580341094712222,Routine Monitoring,0.06421182160104186
0001530979,2022,0,0.6099534995149615,High Review Priority,0.6244505011295947
0001531048,2022,0,0.37670201896117755,Medium Review Priority,0.40231369730578537
0001531152,2022,0,0.018192475441610945,Routine Monitoring,0.020510238169372995
0001531978,2022,1,0.7342571816327969,High Review Priority,0.7460576075556836
0001532286,2022,0,0.224636646113303,Routine Monitoring,0.24395608101011543
0001533924,2022,0,0.21576832644757768,Routine Monitoring,0.23455578460624113
0001534504,2022,0,0.0021479512699633563,Routine Monitoring,0.002391704996487573
0001534675,2022,0,0.010211151409787669,Routine Monitoring,0.011359516268764906
0001535527,2022,0,0.0201942053646405,Routine Monitoring,0.022439829435853518
0001537028,2022,0,0.1845967761931149,Routine Monitoring,0.19019156339361504
0001538849,2022,0,0.032065506179541556,Routine Monitoring,0.03558329377237563
0001539838,2022,0,0.031055771834786364,Routine Monitoring,0.03136049282093176
0001543151,2022,0,0.03540228751814521,Routine Monitoring,0.039271288878972625
0001544522,2022,0,0.3162180097423267,Medium Review Priority,0.3296337007600874
0001546417,2022,0,0.03249790723968787,Routine Monitoring,0.03606136462991594
0001547459,2022,0,0.06787110458494916,Routine Monitoring,0.07501257324551253
0001549346,2022,0,0.019923716797724412,Routine Monitoring,0.022139941825629474
0001550695,2022,0,0.29786387548684784,Medium Review Priority,0.3208748205984153
0001551152,2022,0,0.005616203137114615,Routine Monitoring,0.006342070027542536
0001552033,2022,0,0.022580717045051518,Routine Monitoring,0.02508493024378757
0001552275,2022,0,0.02663004293917087,Routine Monitoring,0.029569742744873003
0001552800,2022,0,0.12847161815687336,Routine Monitoring,0.14102482243400458
0001556739,2022,1,0.026083370172772197,Routine Monitoring,0.029376371008691227
0001559720,2022,0,0.006792364998212696,Routine Monitoring,0.007219129893978613
0001559865,2022,0,0.011863930365851311,Routine Monitoring,0.01319569173746873
0001560327,2022,0,0.07854984181464142,Routine Monitoring,0.08671041395370861
0001561550,2022,0,0.022329443058096858,Routine Monitoring,0.024806497079812334
0001562088,2022,0,0.13798095311852365,Routine Monitoring,0.14544328065292383
0001563190,2022,1,0.39317448709158115,High Review Priority,0.40790742031480104
0001564408,2022,0,0.20434396133893978,Routine Monitoring,0.22241879668990686
0001565687,2022,0,0.2307211747325506,Routine Monitoring,0.23730706275809244
0001566011,2022,0,0.0022234536598755585,Routine Monitoring,0.0024757542874982697
0001567683,2022,0,0.08020382929240528,Routine Monitoring,0.08497675673115167
0001567892,2022,1,0.29103229747454606,Medium Review Priority,0.30707696014835123
0001568100,2022,0,0.22006899511107883,Routine Monitoring,0.23911674478712297
0001569345,2022,0,0.12240696969845936,Routine Monitoring,0.12915321567923183
0001571123,2022,0,0.027116158529383573,Routine Monitoring,0.030535459813319864
0001571996,2022,0,0.023667563146890558,Routine Monitoring,0.026289066268284308
0001573221,2022,1,0.7132524340951747,High Review Priority,0.734771812747579
0001573516,2022,0,0.007025825397230853,Routine Monitoring,0.007818792440111964
0001575515,2022,0,0.025940406583856136,Routine Monitoring,0.028806230182294848
0001575828,2022,0,0.3087250620345365,Medium Review Priority,0.3321781117259986
0001576427,2022,0,0.04916096808896566,Routine Monitoring,0.054448734898255795
0001576942,2022,1,0.11947120706433838,Routine Monitoring,0.13127743441806056
0001577526,2022,1,0.7211627351561563,High Review Priority,0.7333334501461752
0001579157,2022,0,0.387077440574486,High Review Priority,0.41645717532193566
0001579214,2022,0,0.00723169966538184,Routine Monitoring,0.007128032248367276
0001579241,2022,0,0.016099677955270526,Routine Monitoring,0.017898302180921533
0001579684,2022,0,0.10697202862646081,Routine Monitoring,0.11770819578792659
0001579733,2022,0,0.1983640181988336,Routine Monitoring,0.21605353982199058
0001580560,2022,0,0.178139013196534,Routine Monitoring,0.18730127910044866
0001580670,2022,0,0.30409669295769143,Medium Review Priority,0.3273646458336244
0001580808,2022,0,0.02114398635575814,Routine Monitoring,0.023492695043812777
0001580864,2022,1,0.675581651520283,High Review Priority,0.688883593020503
0001580905,2022,0,0.016907892046913828,Routine Monitoring,0.018795083538515604
0001581280,2022,1,0.8120798308275695,High Review Priority,0.8136130774669883
0001582961,2022,0,0.03022502137520401,Routine Monitoring,0.03207651370731249
0001582982,2022,1,0.0679783076080268,Routine Monitoring,0.07513014710697462
0001583708,2022,1,0.6168366522547211,High Review Priority,0.6192159390380548
0001584509,2022,0,0.024571791273984397,Routine Monitoring,0.027679380375869755
0001585364,2022,0,0.046335524359870615,Routine Monitoring,0.05133579354479398
0001585521,2022,0,0.029435049411859246,Routine Monitoring,0.03267400070946245
0001589526,2022,0,0.20166804188863677,Routine Monitoring,0.2220738010145032
0001590714,2022,0,0.050675154849044925,Routine Monitoring,0.05611617601976104
0001590955,2022,0,0.013642395452182252,Routine Monitoring,0.01517072978760213
0001590976,2022,0,0.01734428199349793,Routine Monitoring,0.019279226385769607
0001591698,2022,0,0.023845131977331038,Routine Monitoring,0.026485769697223976
0001592000,2022,0,0.061456948371674626,Routine Monitoring,0.06889989056189748
0001592057,2022,1,0.16842189357388657,Routine Monitoring,0.1840543266337201
0001593548,2022,0,0.06104796670880416,Routine Monitoring,0.06752350513607507
0001595974,2022,0,0.12927546636034742,Routine Monitoring,0.1418944280852085
0001596532,2022,0,0.012398967231317387,Routine Monitoring,0.013789949916949009
0001596783,2022,1,0.035607637792500764,Routine Monitoring,0.039498162266395354
0001596961,2022,1,0.14811020295042188,Routine Monitoring,0.1622251445790377
0001597033,2022,0,0.17570015084076754,Routine Monitoring,0.19411725183059161
0001597672,2022,0,0.05440627103995442,Routine Monitoring,0.061050862816749034
0001599617,2022,0,0.0907695977352607,Routine Monitoring,0.10006182606945424
0001600033,2022,0,0.021611107375246713,Routine Monitoring,0.024010431853826016
0001600438,2022,0,0.027570728837127422,Routine Monitoring,0.030611005596531782
0001601046,2022,0,0.017900540052613465,Routine Monitoring,0.01989628462638387
0001602065,2022,0,0.013982502705314736,Routine Monitoring,0.014782515807883612
0001603145,2022,1,0.03679589784821997,Routine Monitoring,0.040810758638840795
0001603756,2022,1,0.3368010252233993,Medium Review Priority,0.361272264727719
0001603923,2022,0,0.03992076324339026,Routine Monitoring,0.044260915552696345
0001604028,2022,0,0.009187870224525082,Routine Monitoring,0.010222343524628112
0001604665,2022,0,0.0033565128049457458,Routine Monitoring,0.003736902847641914
0001604778,2022,0,0.04287144392859697,Routine Monitoring,0.04751651489247947
0001604868,2022,1,0.7777756205232346,High Review Priority,0.7892939166853882
0001606163,2022,0,0.05373278880335674,Routine Monitoring,0.0594815397453786
0001606268,2022,0,0.16671707584345402,Routine Monitoring,0.1822259473875064
0001606366,2022,0,0.06828638280691557,Routine Monitoring,0.07546800971393182
0001606498,2022,0,0.0684874607834802,Routine Monitoring,0.07568851699673754
0001606745,2022,0,0.07028388216855604,Routine Monitoring,0.0776580748287824
0001606757,2022,0,0.1941259142450129,Routine Monitoring,0.21397306724541332
0001609151,2022,0,0.4916953274501361,High Review Priority,0.5070353545872925
0001609253,2022,0,0.10093590815152495,Routine Monitoring,0.10803609675368922
0001609550,2022,0,0.3297329192563115,Medium Review Priority,0.35396470073820757
0001609711,2022,0,0.016713835071734972,Routine Monitoring,0.0188468318491417
0001609804,2022,0,0.056246576914470284,Routine Monitoring,0.06310092544120056
0001610250,2022,0,0.0768551088472919,Routine Monitoring,0.08485582841042527
0001611052,2022,0,0.23571335890117712,Routine Monitoring,0.2469470883897776
0001611647,2022,0,0.1780048044339832,Routine Monitoring,0.19531640187736077
0001613103,2022,0,0.014527130054150645,Routine Monitoring,0.01615295655175501
0001614178,2022,0,0.1943275254085283,Routine Monitoring,0.2117521685678463
0001615063,2022,0,0.02218132093475414,Routine Monitoring,0.02464235760405381
0001615165,2022,1,0.29786837022010126,Medium Review Priority,0.3108594857496969
0001616318,2022,0,0.032090464095178364,Routine Monitoring,0.03561088899410626
0001616533,2022,0,0.05715117391839779,Routine Monitoring,0.06324120797529938
0001616707,2022,0,0.39249368317881766,High Review Priority,0.4220014728876805
0001616862,2022,0,0.04958569276802767,Routine Monitoring,0.05491650458804401
0001617553,2022,0,0.02434626961999432,Routine Monitoring,0.02584724567208018
0001617640,2022,0,0.017351528088670826,Routine Monitoring,0.017873745160080633
0001618673,2022,0,0.021015875670057006,Routine Monitoring,0.023350693088626577
0001618732,2022,0,0.14942340827416217,Routine Monitoring,0.16363945889013504
0001618755,2022,0,0.01357050634576627,Routine Monitoring,0.015090910284339473
0001618756,2022,0,0.01357050634576627,Routine Monitoring,0.015090910284339473
0001618921,2022,0,0.02568734440351235,Routine Monitoring,0.028526029158045134
0001620179,2022,0,0.3724759576766634,Medium Review Priority,0.4014733544593801
0001620533,2022,0,0.08721250454765657,Routine Monitoring,0.09617910716101048
0001621434,2022,0,0.002210274365145069,Routine Monitoring,0.0023725074930576757
0001621563,2022,0,0.1134452959830441,Routine Monitoring,0.12474039816823787
0001623925,2022,0,0.03218883195998619,Routine Monitoring,0.033994611981537554
0001624794,2022,0,0.037595989004249236,Routine Monitoring,0.041694370116741514
0001625278,2022,0,0.09824967743830014,Routine Monitoring,0.10382204382027992
0001625641,2022,1,0.8805753636817506,High Review Priority,0.8868794522122889
0001626450,2022,1,0.7590108004301669,High Review Priority,0.7781642206674672
0001627475,2022,0,0.1749514641089932,Routine Monitoring,0.1910507148632576
0001630805,2022,0,0.15299604810798922,Routine Monitoring,0.16748506879220337
0001633917,2022,0,0.014706053023142252,Routine Monitoring,0.016351571706980744
0001633931,2022,0,0.017864378631000894,Routine Monitoring,0.019856173053414396
0001633978,2022,0,0.029752911647142295,Routine Monitoring,0.03302564946460217
0001634117,2022,0,0.10116225569221855,Routine Monitoring,0.11138805905973169
0001634997,2022,0,0.05902535732799679,Routine Monitoring,0.06530127249186922
0001635282,2022,0,0.0637002210153938,Routine Monitoring,0.07043598759855964
0001636222,2022,0,0.01464253131891118,Routine Monitoring,0.016515631043002993
0001636422,2022,1,0.5087555627201782,High Review Priority,0.5356300429555615
0001636651,2022,1,0.8628930558737179,High Review Priority,0.8707328045641053
0001637459,2022,0,0.0249494508974231,Routine Monitoring,0.02770891078481415
0001637757,2022,0,0.08000223783857956,Routine Monitoring,0.08476427413802808
0001637873,2022,1,0.38325943834794807,High Review Priority,0.3978644333474352
0001637880,2022,0,0.11467020360826966,Routine Monitoring,0.12768097967581957
0001638290,2022,0,0.01630955548817765,Routine Monitoring,0.01813119473696069
0001639300,2022,0,0.062305475549797866,Routine Monitoring,0.06890461305907368
0001639691,2022,0,0.14378781691609144,Routine Monitoring,0.1575670242904297
0001639825,2022,1,0.946110715179674,High Review Priority,0.9494707345908491
0001640147,2022,0,0.1477538686027884,Routine Monitoring,0.16184130292964075
0001640428,2022,1,0.46693418890030103,High Review Priority,0.49382025280922726
0001641614,2022,0,0.033558233068405524,Routine Monitoring,0.03560641095910909
0001642545,2022,0,0.017202132652189273,Routine Monitoring,0.01827091242100994
0001643953,2022,1,0.4318454919896755,High Review Priority,0.4584487450062902
0001645070,2022,0,0.04561733167900907,Routine Monitoring,0.0483646861766963
0001645113,2022,1,0.19683574544320218,Routine Monitoring,0.2144254348512788
0001645590,2022,0,0.022747810384126498,Routine Monitoring,0.025630782428577834
0001646972,2022,0,0.016957158587783377,Routine Monitoring,0.019120604142405774
0001647088,2022,0,0.014123374171357938,Routine Monitoring,0.01570473380788739
0001649744,2022,0,0.18799277535720987,Routine Monitoring,0.2049939290131436
0001650164,2022,0,0.2607542590220432,Medium Review Priority,0.27275549926764087
0001650729,2022,0,0.04198422549817075,Routine Monitoring,0.0465378414016352
0001651308,2022,1,0.9772438698992628,High Review Priority,0.9774669296369782
0001651562,2022,0,0.3613454017487577,Medium Review Priority,0.37562391747496404
0001652044,2022,0,0.0030673197696986622,Routine Monitoring,0.003415048173401708
0001652535,2022,1,0.07657079495475924,Routine Monitoring,0.08454462769346151
0001653482,2022,0,0.4089475443365315,High Review Priority,0.42385868601094057
0001653558,2022,0,0.03870052003749449,Routine Monitoring,0.04291393836795888
0001653909,2022,1,0.7751127161465343,High Review Priority,0.7856286045792961
0001655210,2022,1,0.9374458629867769,High Review Priority,0.9442443511747821
0001657573,2022,1,0.27680147329713284,Medium Review Priority,0.28925229845140243
0001657788,2022,0,0.019510237451416074,Routine Monitoring,0.01970397671981263
0001658566,2022,0,0.017444112078559317,Routine Monitoring,0.0193899738484977
0001659166,2022,0,0.02153379782434062,Routine Monitoring,0.024266731051126863
0001660134,2022,0,0.1787650942090048,Routine Monitoring,0.19513228028378396
0001660280,2022,0,0.05208589647565067,Routine Monitoring,0.05766918823703355
0001661181,2022,0,0.165207006600642,Routine Monitoring,0.18060585023760817
0001662991,2022,0,0.2920016324357571,Medium Review Priority,0.304847970523628
0001664703,2022,1,0.3030225876231264,Medium Review Priority,0.3262468846230244
0001665918,2022,0,0.037544538335043204,Routine Monitoring,0.04163755340734467
0001665988,2022,0,0.36198466776963517,Medium Review Priority,0.3762735613736545
0001666071,2022,1,0.8845734912615852,High Review Priority,0.8908526945147843
0001666134,2022,0,0.07655966590995351,Routine Monitoring,0.084532445798011
0001666138,2022,0,0.0038747123565661926,Routine Monitoring,0.004313575229330073
0001668673,2022,0,0.11352730672073598,Routine Monitoring,0.12642692477304363
0001669779,2022,0,0.058538247957510614,Routine Monitoring,0.06476593564158238
0001669811,2022,0,0.023961935561925683,Routine Monitoring,0.02661515557126719
0001670592,2022,0,0.06651868906465093,Routine Monitoring,0.07352908039622581
0001671933,2022,0,0.02418857088550957,Routine Monitoring,0.02686619467321077
0001672013,2022,0,0.13673013453518337,Routine Monitoring,0.1499514527635889
0001673358,2022,0,0.03014289334420393,Routine Monitoring,0.0334570488526393
0001674101,2022,0,0.0708446647218289,Routine Monitoring,0.07827274123509144
0001674335,2022,0,0.08990878626742838,Routine Monitoring,0.09912249891617064
0001674862,2022,0,0.04540062026820122,Routine Monitoring,0.051004684846117865
0001676238,2022,0,0.3103758447614019,Medium Review Priority,0.3236609995563624
0001679273,2022,0,0.02869129929911301,Routine Monitoring,0.03230262828624639
0001680062,2022,0,0.10316289838436925,Routine Monitoring,0.11356538178685371
0001680247,2022,0,0.027757938357297424,Routine Monitoring,0.03081820481934171
0001680873,2022,0,0.0650921087045598,Routine Monitoring,0.07196374353794063
0001681622,2022,0,0.09148818031476444,Routine Monitoring,0.1008458120336272
0001682852,2022,1,0.028890280632850283,Routine Monitoring,0.029554892905975398
0001683606,2022,0,0.08646728185132348,Routine Monitoring,0.0953652705817628
0001683695,2022,0,0.08717696343825207,Routine Monitoring,0.09741151463299845
0001687187,2022,0,0.006307493029275453,Routine Monitoring,0.007019958934881711
0001687221,2022,0,0.07053831505452036,Routine Monitoring,0.07793696502137527
0001687932,2022,0,0.05855425772836156,Routine Monitoring,0.06478353143644182
0001688757,2022,1,0.6673846030745695,High Review Priority,0.6808638746705683
0001689923,2022,0,0.20232748578936918,Routine Monitoring,0.22027333681390238
0001691303,2022,0,0.006391645711084344,Routine Monitoring,0.007113549076201843
0001692427,2022,0,0.5327559228857771,High Review Priority,0.5594543682825468
0001692787,2022,0,0.013565200895409617,Routine Monitoring,0.01397508411172757
0001692819,2022,0,0.1394025595754927,Routine Monitoring,0.1528365412236958
0001693256,2022,0,0.1587312356680493,Routine Monitoring,0.17365203693445908
0001693317,2022,0,0.14559786028875848,Routine Monitoring,0.1614777276870611
0001694028,2022,0,0.06219204451454985,Routine Monitoring,0.06878004911862658
0001694426,2022,0,0.022124878851090882,Routine Monitoring,0.02493091695444425
0001695295,2022,1,0.6769883802070537,High Review Priority,0.691659672985708
0001696558,2022,1,0.10089561052099696,Routine Monitoring,0.10660030441694575
0001697500,2022,0,0.016070368581340973,Routine Monitoring,0.017865777878295182
0001698990,2022,0,0.017093894160194134,Routine Monitoring,0.018328510824309193
0001699039,2022,0,0.058315740913014925,Routine Monitoring,0.06438968167619821
0001699136,2022,0,0.019697387738302295,Routine Monitoring,0.021888999211634647
0001699150,2022,0,0.02586092483999429,Routine Monitoring,0.02871822640571302
0001699838,2022,1,0.560062709153995,High Review Priority,0.5751223567554827
0001701605,2022,0,0.05183781493256792,Routine Monitoring,0.05818802615146323
0001701732,2022,0,0.101808469494955,Routine Monitoring,0.11209144817782715
0001701758,2022,0,0.2146767807844205,Routine Monitoring,0.23339748164458796
0001702744,2022,0,0.053394975122275846,Routine Monitoring,0.05910984178764815
0001703056,2022,0,0.012081287563118225,Routine Monitoring,0.01343711613642622
0001703956,2022,0,0.03237972026815286,Routine Monitoring,0.035930699513888144
0001704292,2022,1,0.9691777145592309,High Review Priority,0.9696708635952135
0001704711,2022,1,0.19438742506029416,Routine Monitoring,0.21425420623592017
0001704715,2022,0,0.004659204345132552,Routine Monitoring,0.005186458771563963
0001704720,2022,1,0.37826292518076404,High Review Priority,0.40391195692546633
0001705012,2022,0,0.08178310367781427,Routine Monitoring,0.0840785536523087
0001705110,2022,1,0.11031112604676364,Routine Monitoring,0.12289596616893199
0001707753,2022,0,0.2003266327387846,Routine Monitoring,0.21814354755703597
0001707925,2022,0,0.012163286889219988,Routine Monitoring,0.013528191863682057
0001708035,2022,0,0.017049956698240578,Routine Monitoring,0.018952699184009037
0001708055,2022,0,0.164927546329364,Routine Monitoring,0.18030596779245495
0001709164,2022,0,0.13683630491355692,Routine Monitoring,0.15006610480326765
0001709682,2022,0,0.12621001568107507,Routine Monitoring,0.13482146927327163
0001710155,2022,0,0.09023703544169374,Routine Monitoring,0.1007911707564451
0001711269,2022,0,0.039997045586365104,Routine Monitoring,0.04496553346578273
0001712463,2022,0,0.2567279929534099,Routine Monitoring,0.27781846940469873
0001713683,2022,0,0.054729024815458945,Routine Monitoring,0.060577537525719406
0001714899,2022,1,0.8349389027539412,High Review Priority,0.8329248295250672
0001718227,2022,0,0.06871828358387715,Routine Monitoring,0.07594163087894087
0001718512,2022,0,0.05190081964553815,Routine Monitoring,0.05746547500292061
0001720592,2022,0,0.08975198970629046,Routine Monitoring,0.09895138113987689
0001720635,2022,0,0.02886110495340042,Routine Monitoring,0.032038985789221784
0001720671,2022,1,0.6235142791068435,High Review Priority,0.6378065509450024
0001721386,2022,0,0.08140192860389092,Routine Monitoring,0.08610999841104428
0001721741,2022,1,0.28877656405527413,Medium Review Priority,0.3113968322060753
0001721947,2022,0,0.12173792891114076,Routine Monitoring,0.133734134462108
0001722482,2022,0,0.03319113532443095,Routine Monitoring,0.0368277130492094
0001723128,2022,0,0.09329408969507892,Routine Monitoring,0.10416483978556254
0001724521,2022,1,0.16233919270129415,Routine Monitoring,0.16233919270129415
0001724965,2022,0,0.04466420539431668,Routine Monitoring,0.049493475562799434
0001725057,2022,0,0.045484964153043456,Routine Monitoring,0.050398296366449456
0001725134,2022,1,0.2633680802753263,Medium Review Priority,0.2847950347519708
0001728688,2022,0,0.05546352733616045,Routine Monitoring,0.06138543407480768
0001730168,2022,0,0.0019947458377047324,Routine Monitoring,0.002221152211232007
0001731348,2022,0,0.7908053537664047,High Review Priority,0.7935444723900578
0001732845,2022,0,0.026398058741222644,Routine Monitoring,0.029729575948260988
0001733998,2022,0,0.07291029050834424,Routine Monitoring,0.0816196990856448
0001734722,2022,0,0.3246218007807547,Medium Review Priority,0.33821767442897854
0001736946,2022,0,0.6043753259790596,High Review Priority,0.6298249108864559
0001738177,2022,1,0.20402032756901908,Routine Monitoring,0.22207452641459205
0001738827,2022,0,0.25036330700427145,Routine Monitoring,0.2601114573339061
0001739445,2022,0,0.048051940148063486,Routine Monitoring,0.0532270972128667
0001739566,2022,0,0.17280606195175072,Routine Monitoring,0.18175469640359487
0001739942,2022,0,0.45209665505756064,High Review Priority,0.4677464083820682
0001740332,2022,0,0.05655810184723781,Routine Monitoring,0.06258913335301955
0001743725,2022,0,0.19415875522563059,Routine Monitoring,0.21157223935375735
0001743759,2022,0,0.14230993237555967,Routine Monitoring,0.15597331337510525
0001746618,2022,0,0.14544058011144928,Routine Monitoring,0.15934869525311182
0001747009,2022,0,0.0177030483232108,Routine Monitoring,0.018711893837276318
0001748790,2022,0,0.021542405470578608,Routine Monitoring,0.023934289065665554
0001749704,2022,0,0.03229990635146995,Routine Monitoring,0.03475865475110569
0001749723,2022,0,0.11758702321327634,Routine Monitoring,0.12410519228255347
0001751008,2022,0,0.049216812028798546,Routine Monitoring,0.05216909931070065
0001752474,2022,0,0.10678026728441369,Routine Monitoring,0.11749972074389795
0001753706,2022,0,0.3165022448915878,Medium Review Priority,0.3299241763514971
0001754170,2022,1,0.20821527914956922,Routine Monitoring,0.22653504936446142
0001754195,2022,0,0.0816564905357824,Routine Monitoring,0.08637789906939779
0001754820,2022,1,0.9016833888882281,High Review Priority,0.9031485152305733
0001756390,2022,0,0.16352629245724706,Routine Monitoring,0.17209435654828517
0001757073,2022,0,0.05830212534243681,Routine Monitoring,0.06538961220595005
0001757715,2022,1,0.9330603770696643,High Review Priority,0.9398553923138449
0001757898,2022,0,0.053473061257540706,Routine Monitoring,0.05919576284702231
0001758021,2022,0,0.05696983208737331,Routine Monitoring,0.06035766348519074
0001758766,2022,1,0.27547251613912777,Medium Review Priority,0.2815374826581633
0001759509,2022,1,0.29497556227849125,Medium Review Priority,0.3178643898548472
0001759824,2022,0,0.07873811737358641,Routine Monitoring,0.08691640451838017
0001760689,2022,1,0.6772386955429721,High Review Priority,0.6905038200498521
0001760965,2022,0,0.0595782279154781,Routine Monitoring,0.06590881001526408
0001762359,2022,1,0.9073293664541021,High Review Priority,0.9159992799472265
0001764046,2022,0,0.43432752899235677,High Review Priority,0.4498672236013079
0001766368,2022,0,0.05061040194240101,Routine Monitoring,0.05604488101060385
0001766502,2022,0,0.023904649116739493,Routine Monitoring,0.02655169855698892
0001767258,2022,0,0.10190835121033573,Routine Monitoring,0.11220015804603148
0001768267,2022,1,0.5061311487352068,High Review Priority,0.53464967500879
0001770787,2022,1,0.7461867568076416,High Review Priority,0.7660452457733028
0001771515,2022,0,0.04081522444334123,Routine Monitoring,0.04524803872288756
0001772016,2022,0,0.06870574756257147,Routine Monitoring,0.07661741615967921
0001772177,2022,0,0.06958587233450705,Routine Monitoring,0.07200269593936097
0001772695,2022,1,0.06636575190276307,Routine Monitoring,0.07126961205079811
0001772921,2022,0,0.053435152377096194,Routine Monitoring,0.059154050494886534
0001773383,2022,0,0.02533538791858985,Routine Monitoring,0.028136301482482227
0001774170,2022,0,0.18086425033320996,Routine Monitoring,0.19737743679824396
0001774675,2022,0,0.7082345716137586,High Review Priority,0.7146357087680066
0001776661,2022,0,0.16033573851809452,Routine Monitoring,0.17537592205220218
0001777393,2022,1,0.8215471553427615,High Review Priority,0.8303669261804669
0001777921,2022,0,0.2946121761125527,Medium Review Priority,0.30752347749868103
0001779474,2022,1,0.4742287841906847,High Review Priority,0.48954870409059104
0001780201,2022,1,0.11057327985076182,Routine Monitoring,0.11675409983893904
0001781335,2022,0,0.011195440465432705,Routine Monitoring,0.01245310756360208
0001782170,2022,1,0.548849335414377,High Review Priority,0.5639940074903843
0001782754,2022,0,0.07180435810752056,Routine Monitoring,0.07932446811204498
0001783180,2022,0,0.023932912459623385,Routine Monitoring,0.026583006369025157
0001784535,2022,0,0.37727342392152,High Review Priority,0.3917952194038228
0001785424,2022,1,0.6933850304730654,High Review Priority,0.7062743675728987
0001786352,2022,0,0.05622720732017382,Routine Monitoring,0.05785055791750212
0001786842,2022,0,0.030431079613641106,Routine Monitoring,0.033775817203701194
0001789832,2022,0,0.007401373226250981,Routine Monitoring,0.007827834324882984
0001789940,2022,0,0.06049749915526813,Routine Monitoring,0.06408085572862143
0001792044,2022,0,0.047653266811967424,Routine Monitoring,0.05278786801667948
0001792580,2022,0,0.01630300079497896,Routine Monitoring,0.018123921428616047
0001792781,2022,0,0.037381586641881154,Routine Monitoring,0.03965354277903839
0001792789,2022,0,0.1032146421827726,Routine Monitoring,0.11362168217014024
0001792849,2022,0,0.006046648728365304,Routine Monitoring,0.006007355601962606
0001793229,2022,0,0.1324129379209864,Routine Monitoring,0.14610344936245934
0001794515,2022,0,0.020245937491629094,Routine Monitoring,0.022497182161610875
0001794669,2022,0,0.045284867347523385,Routine Monitoring,0.05017772115698128
0001796209,2022,0,0.02637892436344643,Routine Monitoring,0.029291737314634043
0001799208,2022,0,0.03486922102416366,Routine Monitoring,0.03868230150098068
0001799332,2022,1,0.8705653304264348,High Review Priority,0.8724285734531393
0001800227,2022,1,0.06926124172217847,Routine Monitoring,0.0775712295925881
0001800347,2022,0,0.49646229393405045,High Review Priority,0.5006216937329147
0001800667,2022,0,0.19208751466595528,Routine Monitoring,0.20936349838473742
0001801368,2022,1,0.06461169773630121,Routine Monitoring,0.06810838373665547
0001801661,2022,1,0.9852882762443076,High Review Priority,0.9855450286687901
0001802665,2022,0,0.02352531544211018,Routine Monitoring,0.02613148440862343
0001802768,2022,0,0.022451994443361205,Routine Monitoring,0.024942296526199666
0001803599,2022,0,0.023229639905219954,Routine Monitoring,0.024663514669383862
0001803914,2022,1,0.8772848322628632,High Review Priority,0.8790647836101189
0001804591,2022,1,0.9110214851777103,High Review Priority,0.9118351062115148
0001805651,2022,0,0.12676451193418076,Routine Monitoring,0.13617766181596958
0001806837,2022,0,0.053577009624301536,Routine Monitoring,0.059310138721041225
0001807794,2022,1,0.5240294118861424,High Review Priority,0.5331848218263959
0001808665,2022,0,0.023663923431101675,Routine Monitoring,0.02628503425831637
0001808834,2022,0,0.024131965772264778,Routine Monitoring,0.026803495609023478
0001808997,2022,1,0.5298808384977177,High Review Priority,0.5451345469549889
0001809104,2022,0,0.025461269893790058,Routine Monitoring,0.027029082646837656
0001809519,2022,0,0.1505170139997269,Routine Monitoring,0.1648169487051937
0001809987,2022,0,0.14185308642309763,Routine Monitoring,0.14556726418096186
0001810019,2022,0,0.09066915005715162,Routine Monitoring,0.0999522258174353
0001810806,2022,0,0.3307524824617126,Medium Review Priority,0.35501950436205837
0001814974,2022,1,0.21109816892537175,Routine Monitoring,0.22959803714523305
0001817358,2022,0,0.031093376741259914,Routine Monitoring,0.03450831781049856
0001818093,2022,0,0.41262714668961964,High Review Priority,0.4275753969981145
0001818201,2022,0,0.05428302587966192,Routine Monitoring,0.0575208263641305
0001819394,2022,1,0.9153050747374476,High Review Priority,0.9169637855505459
0001819574,2022,0,0.25959442081114004,Routine Monitoring,0.2715618891426907
0001819810,2022,0,0.8759925578204254,High Review Priority,0.8770832677877285
0001819928,2022,0,0.04396967795064365,Routine Monitoring,0.04662264825338879
0001819974,2022,0,0.267051252853162,Medium Review Priority,0.27923284020038974
0001820721,2022,0,0.01735471343720441,Routine Monitoring,0.018642932612254682
0001821393,2022,0,0.03946270545315734,Routine Monitoring,0.0437553277039242
0001821806,2022,0,0.041321178655435054,Routine Monitoring,0.04382167296027251
0001822250,2022,1,0.9551474359217773,High Review Priority,0.9583151980187733
0001822492,2022,0,0.0672224007659931,Routine Monitoring,0.07117390725101637
0001822928,2022,0,0.09707905748017572,Routine Monitoring,0.10259258413403868
0001823239,2022,1,0.005388982815350109,Routine Monitoring,0.00544327461236799
0001823794,2022,0,0.04087212069618729,Routine Monitoring,0.04334666955437415
0001823878,2022,0,0.131635101896883,Routine Monitoring,0.13880949583380545
0001826470,2022,0,0.04513510985211882,Routine Monitoring,0.047854878252415196
0001826600,2022,0,0.04153488055615138,Routine Monitoring,0.0440477125661948
0001826889,2022,1,0.5763140649027901,High Review Priority,0.5912234411689565
0001827090,2022,0,0.048739611915912875,Routine Monitoring,0.0516648296472318
0001828016,2022,0,0.013137890957443102,Routine Monitoring,0.014610543704665378
0001828161,2022,1,0.9435130507272813,High Review Priority,0.9451003666472086
0001828791,2022,0,0.29143913945479927,Medium Review Priority,0.30427136625272727
0001828962,2022,0,0.05164019749213146,Routine Monitoring,0.054729484651932656
0001829864,2022,0,0.026446871183211405,Routine Monitoring,0.028073625397486715
0001830043,2022,0,0.0784337417670661,Routine Monitoring,0.08298564834082248
0001830210,2022,1,0.6569477877419003,High Review Priority,0.6637176669914935
0001830214,2022,1,0.9281403897452911,High Review Priority,0.9292421897785293
0001831651,2022,0,0.03200012353387213,Routine Monitoring,0.033956545769587315
0001831840,2022,0,0.27992818773731026,Medium Review Priority,0.2924627795786022
0001831915,2022,0,0.2870375256098899,Medium Review Priority,0.29975793667248446
0001833197,2022,0,0.09752179976446325,Routine Monitoring,0.10305760158668596
0001833756,2022,0,0.07134753087393939,Routine Monitoring,0.0765435682854371
0001834045,2022,1,0.1016552791892747,Routine Monitoring,0.10739779455768611
0001834488,2022,0,0.04585563863076401,Routine Monitoring,0.0486166143178203
0001834494,2022,0,0.04346757385004848,Routine Monitoring,0.046091709594731696
0001834622,2022,0,0.036156739311184426,Routine Monitoring,0.03835721870998662
0001835256,2022,0,0.042063144285942634,Routine Monitoring,0.044606448509837394
0001835591,2022,0,0.11585527818053111,Routine Monitoring,0.12229075558831612
0001835632,2022,0,0.027169115300963016,Routine Monitoring,0.02883897895882512
0001835681,2022,0,0.04378323038567133,Routine Monitoring,0.04642549740789404
0001836176,2022,1,0.7834953373039478,High Review Priority,0.7863043060823983
0001836833,2022,1,0.755358910315317,High Review Priority,0.7572165874161244
0001836981,2022,1,0.8286180794196458,High Review Priority,0.8371576501254101
0001837014,2022,0,0.737918807250788,High Review Priority,0.749612083730496
0001837240,2022,0,0.6378076698703902,High Review Priority,0.6462519181607888
0001837686,2022,0,0.36935234636544617,Medium Review Priority,0.3872022124310897
0001838672,2022,0,0.13506184572113866,Routine Monitoring,0.14239237925926904
0001839439,2022,0,0.12648931989541784,Routine Monitoring,0.13342635048584192
0001839839,2022,0,0.03915068923544475,Routine Monitoring,0.0415255285796749
0001841156,2022,0,0.12545398968508192,Routine Monitoring,0.13234284247325614
0001841804,2022,0,0.05352595933007029,Routine Monitoring,0.056721311685688135
0001842022,2022,0,0.019136786222905395,Routine Monitoring,0.019326890169040614
0001842718,2022,0,0.06175822925025277,Routine Monitoring,0.06541106163865656
0001845022,2022,1,0.7144342637846995,High Review Priority,0.7267874011402637
0001845815,2022,0,0.042664547773025974,Routine Monitoring,0.04524249782961672
0001846069,2022,1,0.699421609874382,High Review Priority,0.7121625259333445
0001846576,2022,0,0.3717190529421852,Medium Review Priority,0.3861596297964417
0001851003,2022,0,0.09931128087780727,Routine Monitoring,0.10493685088297221
0001853145,2022,0,0.06823373192614733,Routine Monitoring,0.07224008299806703
0001854139,2022,1,0.8701683356475509,High Review Priority,0.8769450123947191
0001855747,2022,1,0.9611553595630034,High Review Priority,0.9617718014620008
0001856314,2022,0,0.0405420149598868,Routine Monitoring,0.042997473959354125
0001856430,2022,0,0.10020251432399525,Routine Monitoring,0.10587263470275507
0001856437,2022,0,0.033544959524416926,Routine Monitoring,0.03559235711941219
0001856525,2022,0,0.0295683664642461,Routine Monitoring,0.031380935755219344
0001856608,2022,0,0.10467756192347484,Routine Monitoring,0.11056979268450878
0001857154,2022,0,0.05320624587660594,Routine Monitoring,0.05638364921752591
0001857853,2022,0,0.40223250430394,High Review Priority,0.4170715738413075
0001858257,2022,0,0.17205440054671178,Routine Monitoring,0.18097262656987192
0001859285,2022,0,0.04192949019729897,Routine Monitoring,0.044465088278008366
0001860543,2022,0,0.060774358870419785,Routine Monitoring,0.06437299063867177
0001861795,2022,0,0.09166103000677366,Routine Monitoring,0.0968998673234731
0001865107,2022,1,0.301415942047332,Medium Review Priority,0.3144924781242657
0001865187,2022,0,0.08781513146279286,Routine Monitoring,0.09285662901003176
0001866175,2022,0,0.009729310889693775,Routine Monitoring,0.010338683527048389
0001866368,2022,0,0.0746330773272711,Routine Monitoring,0.07898331634718693
0001866550,2022,1,0.06994991183991377,Routine Monitoring,0.07404902058639135
0001866581,2022,0,0.06218612998494122,Routine Monitoring,0.0658624948977526
0001866633,2022,0,0.011689432737845442,Routine Monitoring,0.012420033264697306
0001866757,2022,0,0.14652566800980127,Routine Monitoring,0.15436735894317868
0001868726,2022,0,0.011780649652598734,Routine Monitoring,0.011898564537201997
0001868778,2022,0,0.04985493381372801,Routine Monitoring,0.05284337160685805
0001868912,2022,0,0.3439826228417977,Medium Review Priority,0.35946843129950373
0001870600,2022,0,0.09389736665561557,Routine Monitoring,0.10055781670128897
0001871509,2022,0,0.05835533923565822,Routine Monitoring,0.06182016154365638
0001872789,2022,0,0.004269128493880024,Routine Monitoring,0.004492778481085019
0001874944,2022,1,0.28469065196848875,Medium Review Priority,0.29735043497786606
0001875444,2022,0,0.038258978098916666,Routine Monitoring,0.04058201172232353
0001876588,2022,1,0.1427262034183635,Routine Monitoring,0.1504003888981739
0001891101,2022,1,0.6508864360834151,High Review Priority,0.66469839038312
0001902733,2022,0,0.15045103269770607,Routine Monitoring,0.15846379484900622
