cik,company_name,sector,feature_year,liabilities_to_assets,operating_cash_flow_to_assets,operating_margin,log_assets,next_year_financial_pressure,outcome_year,outcome_label
0000001750,AAR CORP,Industrial / Manufacturing,2021,,0.068324998376307,,21.154853429849624,,2022,Unknown
0000001750,AAR CORP,Industrial / Manufacturing,2022,,0.0477794014867526,,21.1768224531572,,2023,Unknown
0000001800,ABBOTT LABORATORIES,Industrial / Manufacturing,2021,,0.140073940103197,0.1955890887986071,25.043363875011423,0.0,2022,No Pressure
0000001800,ABBOTT LABORATORIES,Industrial / Manufacturing,2022,,0.1287111421585749,0.1915561358898586,25.033232401097305,0.0,2023,No Pressure
0000002098,ACME UNITED CORP,Industrial / Manufacturing,2021,0.4663343720301411,0.0355900362537227,0.0701310241629413,18.788365650205808,0.0,2022,No Pressure
0000002098,ACME UNITED CORP,Industrial / Manufacturing,2022,0.519214476488161,0.0175921033381875,0.0323428839339171,18.91767376689796,0.0,2023,No Pressure
0000002178,"ADAMS RESOURCES & ENERGY, INC.",Consumer / Retail,2021,0.5719649962770514,0.2162405958852744,0.0079789492811588,19.741644272805768,0.0,2022,No Pressure
0000002178,"ADAMS RESOURCES & ENERGY, INC.",Consumer / Retail,2022,0.7574519925343413,0.0358627547447801,0.0017140309666083,19.76656708995487,0.0,2023,No Pressure
0000002488,ADVANCED MICRO DEVICES INC,Technology / Software / Electronics,2021,,0.2835171914002737,0.2219788243884629,23.242493394992827,0.0,2022,No Pressure
0000002488,ADVANCED MICRO DEVICES INC,Technology / Software / Electronics,2022,,0.0527522935779816,0.0535570526672598,24.93657791824735,0.0,2023,No Pressure
0000002969,AIR PRODUCTS & CHEMICALS INC /DE/,Industrial / Manufacturing,2021,0.4754869839756955,0.1241734675641865,0.2210016468080984,24.013874243569656,0.0,2022,No Pressure
0000002969,"AIR PRODUCTS & CHEMICALS, INC.",Industrial / Manufacturing,2022,0.4960982031876319,0.1165978979575325,0.1841777833776952,24.026210714446893,0.0,2023,No Pressure
0000003197,CECO ENVIRONMENTAL CORP,Technology / Software / Electronics,2021,0.5051453998947614,0.0319512154100101,0.0304096995125563,19.846669266227497,0.0,2022,No Pressure
0000003197,CECO ENVIRONMENTAL CORP,Technology / Software / Electronics,2022,0.5677849742729152,0.0587433453333623,0.0524363090857896,20.03951636130272,0.0,2023,No Pressure
0000003570,CHENIERE ENERGY INC,Energy / Capital-intensive,2021,,0.0628916399205257,-0.0441880988401412,24.393421082087546,0.0,2022,No Pressure
0000003570,CHENIERE ENERGY INC,Energy / Capital-intensive,2022,,0.2550041196142102,0.136382673208089,24.44330475333368,0.0,2023,No Pressure
0000004127,SKYWORKS SOLUTIONS INC,Technology / Software / Electronics,2021,0.3833913417998533,0.2062695705821411,0.3156524632518447,22.87394605984361,0.0,2022,No Pressure
0000004127,SKYWORKS SOLUTIONS INC,Technology / Software / Electronics,2022,0.3836913160089251,0.1605400166783114,0.2783702488378452,22.90636895201111,0.0,2023,No Pressure
0000004281,HOWMET AEROSPACE INC.,Industrial / Manufacturing,2021,0.656717878461689,0.0439377629905078,0.1504424778761062,23.04751456967434,0.0,2022,No Pressure
0000004281,HOWMET AEROSPACE INC.,Industrial / Manufacturing,2022,0.6488542174549,0.0714773281326182,0.1622814762493378,23.05103122856827,0.0,2023,No Pressure
0000004447,HESS CORP,Industrial / Manufacturing,2021,0.6575188886180843,0.1408725322934438,,23.744422162889304,,2022,Unknown
0000004447,HESS CORP,Industrial / Manufacturing,2022,0.6083890297303526,0.181793039870938,,23.80034765624282,,2023,Unknown
0000004904,AMERICAN ELECTRIC POWER CO INC,Energy / Capital-intensive,2021,0.7408025897498195,0.0438001247879802,0.203150309671272,25.196830774114847,0.0,2022,No Pressure
0000004904,AMERICAN ELECTRIC POWER CO INC,Energy / Capital-intensive,2022,0.7414308854020674,0.0565746650775547,0.1773313984571908,25.26089994695907,0.0,2023,No Pressure
0000005981,AMERICAN VANGUARD CORP,Industrial / Manufacturing,2021,0.4630373400945027,0.1244107986631324,0.0555711186771825,20.3582130408901,0.0,2022,No Pressure
0000005981,AMERICAN VANGUARD CORP,Industrial / Manufacturing,2022,0.4906066668227059,0.0786231280453468,0.066683070462505,20.40349161073286,0.0,2023,No Pressure
0000006176,AMPCO PITTSBURGH CORP,Technology / Software / Electronics,2021,0.8109556207169215,-0.0326708289404322,-0.0394758204801113,20.000961695455885,0.0,2022,No Pressure
0000006176,AMPCO PITTSBURGH CORP,Technology / Software / Electronics,2022,0.7744592998046836,-0.0541157657317204,0.0071196266424732,20.035651324910663,1.0,2023,Pressure
0000006281,ANALOG DEVICES INC,Technology / Software / Electronics,2021,,0.0522737144712792,0.2312291429987841,24.6806841266644,0.0,2022,No Pressure
0000006281,ANALOG DEVICES INC,Technology / Software / Electronics,2022,,0.0889700381791308,0.2729076765990345,24.641317632662563,0.0,2023,No Pressure
0000006845,"APOGEE ENTERPRISES, INC.",Industrial / Manufacturing,2021,,0.1131604763347498,0.0167773104095429,20.60432801090119,0.0,2022,No Pressure
0000006845,"APOGEE ENTERPRISES, INC.",Industrial / Manufacturing,2022,,0.1121913116625608,0.0873105776652395,20.6348334518938,0.0,2023,No Pressure
0000006951,APPLIED MATERIALS INC /DE,Technology / Software / Electronics,2021,0.5257696030977734,0.2107260406582768,0.2987035511425226,23.97460885199084,0.0,2022,No Pressure
0000006951,APPLIED MATERIALS INC /DE,Technology / Software / Electronics,2022,0.5437401781037192,0.2020130210282122,0.3020360674810937,24.008902711342696,0.0,2023,No Pressure
0000006955,ENERPAC TOOL GROUP CORP,Technology / Software / Electronics,2021,0.4974708837703764,0.0660569316315695,0.0966840691559792,20.525116073596426,0.0,2022,No Pressure
0000006955,ENERPAC TOOL GROUP CORP,Technology / Software / Electronics,2022,0.5792870045635088,0.0683153046564691,0.0536743093327824,20.44528588104683,0.0,2023,No Pressure
0000007039,TRECORA RESOURCES,Industrial / Manufacturing,2021,0.3187538325270831,0.0149042719901887,-0.0113095456379038,19.497524477554016,,2022,Unknown
0000007084,ARCHER-DANIELS-MIDLAND CO,Industrial / Manufacturing,2021,,0.1174825423970357,,24.75104315491421,,2022,Unknown
0000007084,ARCHER-DANIELS-MIDLAND CO,Industrial / Manufacturing,2022,,0.0581858333054505,,24.813836620765667,,2023,Unknown
0000007332,SOUTHWESTERN ENERGY CO,Energy / Capital-intensive,2021,,0.1150405131667792,0.3952302384880756,23.195424913996312,0.0,2022,No Pressure
0000007332,SOUTHWESTERN ENERGY CO,Energy / Capital-intensive,2022,,0.2440043323533962,0.4902013064924677,23.28250662386448,1.0,2023,Pressure
0000007431,ARMSTRONG WORLD INDUSTRIES INC,Industrial / Manufacturing,2021,,0.1094736842105263,0.2349539128863184,21.25975920804577,0.0,2022,No Pressure
0000007431,ARMSTRONG WORLD INDUSTRIES INC,Industrial / Manufacturing,2022,,0.1081081081081081,0.2260157327061876,21.246336187721536,0.0,2023,No Pressure
0000007536,ARROW ELECTRONICS INC,Consumer / Retail,2021,,0.0214472187612935,0.0451553553732518,23.695501207815184,0.0,2022,No Pressure
0000007536,"ARROW ELECTRONICS, INC",Consumer / Retail,2022,,-0.0015198604689332,0.0557178775739592,23.80348547990695,0.0,2023,No Pressure
0000008063,ASTRONICS CORP,Industrial / Manufacturing,2021,0.5787424196159162,-0.0090784025951426,-0.0644492794015841,20.22755540263093,1.0,2022,Pressure
0000008063,ASTRONICS CORP,Industrial / Manufacturing,2022,0.6099058421445424,-0.0460334519723396,-0.0561681379862178,20.237183232630425,1.0,2023,Pressure
0000008146,"ASTRONOVA, INC.",Technology / Software / Electronics,2021,0.2952720629811665,0.012126484276456,0.036227442969016,18.56005131409923,0.0,2022,No Pressure
0000008146,"ASTRONOVA, INC.",Technology / Software / Electronics,2022,0.3939457067532523,-0.021090893417716,0.0381892553691581,18.751472599140094,0.0,2023,No Pressure
0000008670,AUTOMATIC DATA PROCESSING INC,Technology / Software / Electronics,2021,0.8837439130657645,0.0634230355220667,,24.6104324663962,,2022,Unknown
0000008670,AUTOMATIC DATA PROCESSING INC,Technology / Software / Electronics,2022,0.9488601228511356,0.0491452110572364,,24.867482517512787,,2023,Unknown
0000008818,AVERY DENNISON CORP,Industrial / Manufacturing,2021,,0.1313161724120628,,22.79915106254892,,2022,Unknown
0000008818,AVERY DENNISON CORP,Industrial / Manufacturing,2022,,0.120872901075404,,22.796500656842504,,2023,Unknown
0000008858,AVNET INC,Consumer / Retail,2021,0.5424099835279497,0.0101898823383364,0.0144055604906535,22.91216944651952,0.0,2022,No Pressure
0000008858,AVNET INC,Consumer / Retail,2022,0.5964049588527042,-0.0211107786932744,0.0386254073719284,23.06396834246984,0.0,2023,No Pressure
0000008868,AVON PRODUCTS INC,Industrial / Manufacturing,2021,1.3703527168732126,-0.1128347343790623,-0.0171537670729916,21.559560527158155,1.0,2022,Pressure
0000008868,AVON PRODUCTS INC,Industrial / Manufacturing,2022,1.5741777304898923,-0.0754498774112966,-0.064495161057345,21.49416078659088,,2023,Unknown
0000008947,AZZ INC,Technology / Software / Electronics,2021,0.410989843145977,0.0759116279562376,0.1255616707878014,20.84815953272044,0.0,2022,No Pressure
0000008947,AZZ INC,Industrial / Manufacturing,2022,0.6158145091625894,0.041157265047295,0.131181302596081,21.52143902767346,0.0,2023,No Pressure
0000009092,BADGER METER INC,Industrial / Manufacturing,2021,,0.1648587651511441,0.1558260325654495,20.089929772808865,0.0,2022,No Pressure
0000009092,BADGER METER INC,Industrial / Manufacturing,2022,,0.1367240032700602,0.1543492559692203,20.21750569692752,0.0,2023,No Pressure
0000009326,BALCHEM CORP,Industrial / Manufacturing,2021,0.2687428345110791,0.1338369499510141,0.1595723777663471,20.90502473631169,0.0,2022,No Pressure
0000009326,BALCHEM CORP,Industrial / Manufacturing,2022,0.4224210101248867,0.0852785328763345,0.1540667134995405,21.20847330054999,0.0,2023,No Pressure
0000009389,BALL CORP,Industrial / Manufacturing,2021,0.8130770011159582,0.0892766561834229,0.0934762146115415,23.704594880240386,0.0,2022,No Pressure
0000009389,BALL CORP,Industrial / Manufacturing,2022,0.8228439399266664,0.0151187904967602,0.0790931005277216,23.71443772779429,0.0,2023,No Pressure
0000009984,BARNES GROUP INC,Industrial / Manufacturing,2021,,0.0651213511227016,0.119171050311158,21.66982191790395,0.0,2022,No Pressure
0000009984,BARNES GROUP INC,Industrial / Manufacturing,2022,,0.0313038326573394,0.045265431883525,21.60443910622472,0.0,2023,No Pressure
0000010254,EARTHSTONE ENERGY INC,Energy / Capital-intensive,2021,,0.148341618654212,0.4529588245246554,21.165620096716776,0.0,2022,No Pressure
0000010254,EARTHSTONE ENERGY INC,Energy / Capital-intensive,2022,,0.2587694268376525,0.5699216708334464,22.093786698178903,,2023,Unknown
0000010329,BASSETT FURNITURE INDUSTRIES INC,Industrial / Manufacturing,2021,,0.0345373049376274,0.0534371698586326,19.8597098624277,,2022,Unknown
0000010329,BASSETT FURNITURE INDUSTRIES INC,Industrial / Manufacturing,2022,,-0.0073103553521892,,19.822535907851645,1.0,2023,Pressure
0000010456,BAXTER INTERNATIONAL INC,Industrial / Manufacturing,2021,0.7279019122341219,0.0662868052862384,0.1337609511889862,24.23543794508069,0.0,2022,No Pressure
0000010456,BAXTER INTERNATIONAL INC,Industrial / Manufacturing,2022,0.7916003818008273,0.0428111853501608,-0.1285648117514722,24.06566817213341,0.0,2023,No Pressure
0000010795,BECTON DICKINSON & CO,Industrial / Manufacturing,2021,,0.0862696320499016,0.1382358751481627,24.70976531806965,0.0,2022,No Pressure
0000010795,BECTON DICKINSON & CO,Industrial / Manufacturing,2022,,0.0466807722824649,0.1209326974032856,24.69231169148936,0.0,2023,No Pressure
0000012040,FLANIGANS ENTERPRISES INC,Consumer / Retail,2021,0.5263355260074062,0.1097560975609756,0.0629975165140888,18.6675564545742,0.0,2022,No Pressure
0000012040,FLANIGANS ENTERPRISES INC,Consumer / Retail,2022,0.5027526916714127,0.0712038619043744,0.0438178230845116,18.80928450176515,0.0,2023,No Pressure
0000012208,"BIO-RAD LABORATORIES, INC.",Industrial / Manufacturing,2021,0.2311379603556409,0.0369334254811106,0.1674670535440857,23.6011035374302,0.0,2022,No Pressure
0000012208,"BIO-RAD LABORATORIES, INC.",Industrial / Manufacturing,2022,0.2878469960670038,0.0144017042045033,0.1722245239448742,23.3260789222582,0.0,2023,No Pressure
0000012927,BOEING CO,Industrial / Manufacturing,2021,1.1071511057220391,-0.0246550031757029,-0.0465915293966541,25.65451154338037,0.0,2022,No Pressure
0000012927,BOEING CO,Industrial / Manufacturing,2022,1.1155944566010212,0.0256163384390955,-0.0532518616382416,25.643976423521973,0.0,2023,No Pressure
0000014177,BRIDGFORD FOODS CORP,Industrial / Manufacturing,2021,0.521793481727151,-0.0382167230052937,-0.0342677702449777,18.870417894714592,0.0,2022,No Pressure
0000014177,BRIDGFORD FOODS CORP,Industrial / Manufacturing,2022,0.2836607163109306,-0.0444008437861501,0.2428412398739366,18.98796987916956,0.0,2023,No Pressure
0000014272,BRISTOL MYERS SQUIBB CO,Industrial / Manufacturing,2021,0.6706185849936879,0.1482609729769288,,25.41749031176716,,2022,Unknown
0000014272,BRISTOL MYERS SQUIBB CO,Industrial / Manufacturing,2022,0.6785994629208841,0.1349514563106796,,25.296119421468287,,2023,Unknown
0000014693,BROWN FORMAN CORP,Industrial / Manufacturing,2021,0.5927629561484208,0.1252683226004293,0.3368968506212077,22.598446914466862,0.0,2022,No Pressure
0000014693,BROWN FORMAN CORP,Industrial / Manufacturing,2022,0.57053193158638,0.1468696061509493,0.3061276379354182,22.57533615343548,0.0,2023,No Pressure
0000014707,CALERES INC,Industrial / Manufacturing,2021,,0.0913491105391431,0.0740951553929213,21.335162831666054,0.0,2022,No Pressure
0000014707,CALERES INC,Industrial / Manufacturing,2022,,0.0685439255267709,0.0722092436402889,21.331112177259698,0.0,2023,No Pressure
0000014930,BRUNSWICK CORP,Technology / Software / Electronics,2021,,0.1058064516129032,0.1390475864664226,22.414283736557262,0.0,2022,No Pressure
0000014930,BRUNSWICK CORP,Technology / Software / Electronics,2022,,0.0927182699761125,0.1391327324506033,22.56719072031334,0.0,2023,No Pressure
0000015615,MASTEC INC,Industrial / Manufacturing,2021,0.6427860391920514,0.1113650096266278,,22.686369189441937,,2022,Unknown
0000015615,MASTEC INC,Industrial / Manufacturing,2022,0.7050349075604155,0.0379088756699883,,22.95255513568096,,2023,Unknown
0000016040,CABOT CORP,Industrial / Manufacturing,2021,,0.0777374470659407,0.1331768847169258,21.919004836647723,0.0,2022,No Pressure
0000016040,CABOT CORP,Industrial / Manufacturing,2022,,0.0283687943262411,0.0900254570701226,21.98314627349433,0.0,2023,No Pressure
0000016058,CACI INTERNATIONAL INC /DE/,Technology / Software / Electronics,2021,0.5681922606090495,0.0959460965735701,0.0892519773300894,22.543349041990066,0.0,2022,No Pressure
0000016058,CACI INTERNATIONAL INC /DE/,Technology / Software / Electronics,2022,0.5393959149736983,0.1124612353609231,0.0800154185522714,22.614784815590987,0.0,2023,No Pressure
0000016732,CAMPBELL SOUP CO,Industrial / Manufacturing,2021,0.7312084540651099,0.0882052156127492,0.1822793770646531,23.1857564475353,0.0,2022,No Pressure
0000016732,CAMPBELL SOUP CO,Industrial / Manufacturing,2022,0.7197275479313825,0.0993104608139926,0.1358327493576267,23.19913174216635,0.0,2023,No Pressure
0000016918,"CONSTELLATION BRANDS, INC.",Industrial / Manufacturing,2021,0.534038784334656,0.104634163321189,0.264344099674629,23.975800784145346,0.0,2022,No Pressure
0000016918,"CONSTELLATION BRANDS, INC.",Industrial / Manufacturing,2022,0.6458602806713081,0.1117860053604083,0.3007532319150287,23.928541598824857,0.0,2023,No Pressure
0000017843,CARPENTER TECHNOLOGY CORP,Industrial / Manufacturing,2021,0.5314014539579968,0.0841410877759827,-0.1684738411493629,21.81223174889928,0.0,2022,No Pressure
0000017843,CARPENTER TECHNOLOGY CORP,Industrial / Manufacturing,2022,0.5462606145346656,0.0020461753572281,-0.0135598758372814,21.799052935313608,0.0,2023,No Pressure
0000018230,CATERPILLAR INC,Technology / Software / Electronics,2021,0.8005145362530649,0.0869397171258439,0.1349394753879657,25.139609353713105,0.0,2022,No Pressure
0000018230,CATERPILLAR INC,Technology / Software / Electronics,2022,0.8060725138205826,0.094773196002099,0.1330035169199185,25.129289720562365,0.0,2023,No Pressure
0000018255,CATO CORP,Consumer / Retail,2021,,0.0943376577474967,,20.267190360677173,,2022,Unknown
0000018255,CATO CORP,Consumer / Retail,2022,,0.0241710959250822,,20.13112169381069,,2023,Unknown
0000018498,GENESCO INC,Consumer / Retail,2021,0.6143214994696239,0.1535562086653918,0.0642285734103358,21.16929626727732,0.0,2022,No Pressure
0000018498,GENESCO INC,Consumer / Retail,2022,0.5832496810685884,-0.1132113818347104,0.0390965948925064,21.09925132703121,0.0,2023,No Pressure
0000019745,CHESAPEAKE UTILITIES CORP,Energy / Capital-intensive,2021,,0.0711646915246287,0.2300339668191898,21.472258709464946,0.0,2022,No Pressure
0000019745,CHESAPEAKE UTILITIES CORP,Energy / Capital-intensive,2022,,0.0717288243943554,0.2099781990409928,21.5185349450444,0.0,2023,No Pressure
0000021076,CLOROX CO /DE/,Industrial / Manufacturing,2021,0.9065361540890432,0.201452478686454,,22.569197785220737,,2022,Unknown
0000021076,CLOROX CO /DE/,Industrial / Manufacturing,2022,0.8816174082494317,0.1276388437804482,,22.54101788661111,,2023,Unknown
0000021344,COCA COLA CO,Industrial / Manufacturing,2021,,0.1338046081777137,0.2666666666666666,25.270319503209425,0.0,2022,No Pressure
0000021344,COCA COLA CO,Industrial / Manufacturing,2022,,0.1187758050084624,0.2536740768300623,25.253313690348065,0.0,2023,No Pressure
0000021510,COHERENT INC,Industrial / Manufacturing,2021,,0.0386133948849348,-0.0660269666305426,21.359276368664844,,2022,Unknown
0000021535,COHU INC,Industrial / Manufacturing,2021,,0.0776215922557114,0.227135730500195,20.95361854056392,0.0,2022,No Pressure
0000021535,COHU INC,Industrial / Manufacturing,2022,,0.0919502303216355,0.1544794069699486,20.92817535489348,0.0,2023,No Pressure
0000021665,COLGATE PALMOLIVE CO,Industrial / Manufacturing,2021,0.935438829787234,0.2210771276595744,0.1912634177142529,23.4339791555346,0.0,2022,No Pressure
0000021665,COLGATE PALMOLIVE CO,Industrial / Manufacturing,2022,0.9487635878202276,0.1624817239844892,0.1610174208270718,23.478899124850347,0.0,2023,No Pressure
0000022444,COMMERCIAL METALS CO,Industrial / Manufacturing,2021,0.5052227243535918,0.0492541937119489,,22.257693739959628,,2022,Unknown
0000022444,COMMERCIAL METALS CO,Industrial / Manufacturing,2022,0.4730776377912105,0.1122825025448823,,22.55376946364569,,2023,Unknown
0000023111,COMPUTER TASK GROUP INC,Technology / Software / Electronics,2021,0.4985663767561885,0.0393503031847674,0.0324814866742292,19.053727545569064,0.0,2022,No Pressure
0000023111,COMPUTER TASK GROUP INC,Technology / Software / Electronics,2022,0.4164762497315809,0.0654391886311454,0.0340716131413805,19.01742164971529,,2023,Unknown
0000023194,COMSTOCK RESOURCES INC,Energy / Capital-intensive,2021,0.7455611110765988,0.1840108957808196,0.486712810620674,22.26404560779383,0.0,2022,No Pressure
0000023194,COMSTOCK RESOURCES INC,Energy / Capital-intensive,2022,0.5998925232537005,0.298263425153949,0.6288437585186781,22.46272360895824,0.0,2023,No Pressure
0000023197,COMTECH TELECOMMUNICATIONS CORP /DE/,Technology / Software / Electronics,2021,0.4958076186851218,-0.0409198971716152,-0.1174120458315784,20.716352999246528,1.0,2022,Pressure
0000023197,COMTECH TELECOMMUNICATIONS CORP /DE/,Technology / Software / Electronics,2022,0.4131265928151272,0.0020496830022056,-0.0694144237710261,20.69722674428348,1.0,2023,Pressure
0000023217,CONAGRA BRANDS INC.,Industrial / Manufacturing,2021,0.6111211231054804,0.0661437402007605,,23.82315990802764,,2022,Unknown
0000023217,CONAGRA BRANDS INC.,Industrial / Manufacturing,2022,0.6049850457541976,0.0524758079972899,,23.833892533730147,,2023,Unknown
0000024545,MOLSON COORS BEVERAGE CO,Industrial / Manufacturing,2021,0.5052644918353307,0.0569716499511206,0.116820215423417,24.04176977866024,0.0,2022,No Pressure
0000024545,MOLSON COORS BEVERAGE CO,Industrial / Manufacturing,2022,0.500732556835973,0.0580633439383337,0.0122974819441733,23.97628411784251,0.0,2023,No Pressure
0000024741,CORNING INC /NY,Industrial / Manufacturing,2021,0.5839689593420442,0.1131524839158983,0.149978696207925,24.1295834213363,0.0,2022,No Pressure
0000024741,CORNING INC /NY,Industrial / Manufacturing,2022,0.5838841994643886,0.0886470727821282,0.101346113186271,24.10762220144644,0.0,2023,No Pressure
0000025445,CRANE CO /DE/,Industrial / Manufacturing,2021,,0.1040208621227655,0.1579559748427673,22.22436101376637,0.0,2022,No Pressure
0000025445,"CRANE HOLDINGS, CO.",Industrial / Manufacturing,2022,,-0.0345314564256753,0.1094847254733473,22.20264062131009,0.0,2023,No Pressure
0000026058,CTS CORP,Technology / Software / Electronics,2021,0.3023257913921338,0.1296402202082286,0.1491036701272115,20.31448825013335,0.0,2022,No Pressure
0000026058,CTS CORP,Technology / Software / Electronics,2022,0.3236702841866325,0.1619226519632271,0.1584782975417001,20.433564394939687,0.0,2023,No Pressure
0000026172,CUMMINS INC,Technology / Software / Electronics,2021,0.6035006326444539,0.09514972585407,0.1126514299987511,23.889162737065902,0.0,2022,No Pressure
0000026172,CUMMINS INC,Technology / Software / Electronics,2022,0.6625301165054952,0.0647546123634443,0.1043314098454085,24.134380545649787,0.0,2023,No Pressure
0000026324,CURTISS WRIGHT CORP,Technology / Software / Electronics,2021,0.5548994832516763,0.0944714874577956,0.1527109086403416,22.135117071465928,0.0,2022,No Pressure
0000026324,CURTISS WRIGHT CORP,Technology / Software / Electronics,2022,0.5522927668586988,0.0662477228300418,0.1655998670329777,22.216080491147217,0.0,2023,No Pressure
0000026780,DANA INC,Industrial / Manufacturing,2021,0.7152777777777778,0.0207023060796645,0.0441587479038569,22.755615771223425,0.0,2022,No Pressure
0000026780,DANA INC,Industrial / Manufacturing,2022,0.7586253188347429,0.0871257886964693,0.0084679007483261,22.731345632274795,0.0,2023,No Pressure
0000027419,TARGET CORP,Consumer / Retail,2021,,0.160283213469365,0.0843922456487901,24.70874374419998,0.0,2022,No Pressure
0000027419,TARGET CORP,Consumer / Retail,2022,,0.0753351457766944,0.0352639296187683,24.699858613042608,0.0,2023,No Pressure
0000027996,DELUXE CORP,Industrial / Manufacturing,2021,,0.0685734117794003,0.0702968108448385,21.846370393259136,0.0,2022,No Pressure
0000027996,DELUXE CORP,Industrial / Manufacturing,2022,,0.0622557305006955,0.0757127984235995,21.847064925342604,0.0,2023,No Pressure
0000028823,"DIEBOLD NIXDORF, INC",Technology / Software / Electronics,2021,,0.03515625,0.0351070367714841,21.978083835563044,1.0,2022,Pressure
0000028823,"DIEBOLD NIXDORF, INC",Technology / Software / Electronics,2022,,-0.126557911908646,-0.0611725951397116,21.84331340666085,0.0,2023,No Pressure
0000028917,"DILLARD'S, INC.",Consumer / Retail,2021,,0.3943914711712042,,21.90055282137092,,2022,Unknown
0000028917,"DILLARD'S, INC.",Consumer / Retail,2022,,0.2848748178964601,,21.92598285340072,,2023,Unknown
0000029002,DIODES INC /DEL/,Technology / Software / Electronics,2021,0.4063672963483626,0.1542692054436214,0.1528865553340919,21.50921778912232,0.0,2022,No Pressure
0000029002,DIODES INC /DEL/,Technology / Software / Electronics,2022,0.3082591010316775,0.1715242501896594,0.2040373291745393,21.551080265240653,0.0,2023,No Pressure
0000029332,DIXIE GROUP INC,Industrial / Manufacturing,2021,0.7181516694338405,-0.028191202510414,0.0293072173528265,19.277217229373534,1.0,2022,Pressure
0000029332,DIXIE GROUP INC,Industrial / Manufacturing,2022,0.8447173139652913,-0.0862101248608004,-0.092749612939355,19.128450496694366,0.0,2023,No Pressure
0000029534,DOLLAR GENERAL CORP,Consumer / Retail,2021,,0.1088529120511121,0.0941155097059071,23.993874957425422,0.0,2022,No Pressure
0000029534,DOLLAR GENERAL CORP,Consumer / Retail,2022,,0.0682367691471211,0.0879459386601558,24.09343226698768,0.0,2023,No Pressure
0000029644,DONALDSON CO INC,Technology / Software / Electronics,2021,0.5262478126822765,0.1674443796350304,0.134797995725148,21.598817904578247,0.0,2022,No Pressure
0000029644,DONALDSON CO INC,Technology / Software / Electronics,2022,0.5642041302926586,0.0972195515902011,0.1341256880179036,21.678892660317512,0.0,2023,No Pressure
0000029669,RR DONNELLEY & SONS CO,Industrial / Manufacturing,2021,1.0526601520086862,0.0294117647058823,0.0329391381429175,21.864746026161043,,2022,Unknown
0000029905,DOVER CORP,Technology / Software / Electronics,2021,,0.1072573055531498,0.1620709336353074,23.065420332390712,0.0,2022,No Pressure
0000029905,DOVER CORP,Technology / Software / Electronics,2022,,0.0739432473801954,0.1621198558359998,23.11170921746956,0.0,2023,No Pressure
0000029989,OMNICOM GROUP INC.,Technology / Software / Electronics,2021,,0.0684474593445876,0.1538133161644296,24.07042229332403,0.0,2022,No Pressure
0000029989,OMNICOM GROUP INC.,Technology / Software / Electronics,2022,,0.0343116378113137,0.1457964462422405,24.019195291293936,0.0,2023,No Pressure
0000030305,DUCOMMUN INC /DE/,Industrial / Manufacturing,2021,0.5150863103904529,-0.0005772757692327,0.0757360015989761,20.70177148050308,0.0,2022,No Pressure
0000030305,DUCOMMUN INC /DE/,Industrial / Manufacturing,2022,0.4851131564572308,0.031991980468054,0.0558399072609562,20.74454384689877,0.0,2023,No Pressure
0000030625,FLOWSERVE CORP,Technology / Software / Electronics,2021,,0.0526592035653109,0.07646269761032,22.28136161190542,0.0,2022,No Pressure
0000030625,FLOWSERVE CORP,Technology / Software / Electronics,2022,,-0.0083517129465536,0.0545539290535307,22.289928598900705,0.0,2023,No Pressure
0000030697,WENDY'S CO,Consumer / Retail,2021,0.9144537244841652,0.0677799447248799,0.1934424812255996,22.35277908478257,0.0,2022,No Pressure
0000030697,WENDY'S CO,Consumer / Retail,2022,0.9153135355780616,0.0472609096648618,0.1686056583019367,22.427894649525847,0.0,2023,No Pressure
0000031107,EASTERN CO,Industrial / Manufacturing,2021,0.569696533348883,-0.029127225699303,0.0707714839043523,19.40024270428784,0.0,2022,No Pressure
0000031107,EASTERN CO,Industrial / Manufacturing,2022,0.5158564293646747,0.0280217995177503,0.0507271251099841,19.382032921720093,0.0,2023,No Pressure
0000031235,EASTMAN KODAK CO,Industrial / Manufacturing,2021,0.5499769691386458,-0.0216490096729617,-0.04,21.498453728303183,1.0,2022,Pressure
0000031235,EASTMAN KODAK CO,Industrial / Manufacturing,2022,0.4555798687089715,-0.0507658643326039,-0.0215767634854771,21.549631861730216,0.0,2023,No Pressure
0000031462,ECOLAB INC.,Industrial / Manufacturing,2021,0.6579758940697148,0.0972300814848347,0.1255468032136714,23.777568859905337,0.0,2022,No Pressure
0000031462,ECOLAB INC.,Industrial / Manufacturing,2022,0.6618291768191835,0.0833197448787055,0.110129829853818,23.789656926910187,0.0,2023,No Pressure
0000031667,EDUCATIONAL DEVELOPMENT CORP,Consumer / Retail,2021,0.5746026923500255,-0.1923277393556298,,18.515388023867253,,2022,Unknown
0000031791,PERKINELMER INC,Industrial / Manufacturing,2021,0.5239345826827463,0.0940465265482861,0.2629432726636905,23.4313529707666,0.0,2022,No Pressure
0000031791,PERKINELMER INC,Industrial / Manufacturing,2022,0.4774981059607476,0.0481116048253856,0.2242569196049787,23.371555771806754,0.0,2023,No Pressure
0000032604,EMERSON ELECTRIC CO,Technology / Software / Electronics,2021,,0.1446489985838559,,23.9306761837458,,2022,Unknown
0000032604,EMERSON ELECTRIC CO,Technology / Software / Electronics,2022,,0.0819129849742094,,24.29763190429962,,2023,Unknown
0000033002,"ENNIS, INC.",Industrial / Manufacturing,2021,0.1763048877032024,0.1373968398564162,0.1089561865334713,19.72588435109834,0.0,2022,No Pressure
0000033002,"ENNIS, INC.",Industrial / Manufacturing,2022,0.1584496045298158,0.1187705511191234,0.1531897452047879,19.791442600361897,0.0,2023,No Pressure
0000033185,EQUIFAX INC,Technology / Software / Electronics,2021,0.6738309376952966,0.1208959414540481,0.231117610024574,23.124872396302347,0.0,2022,No Pressure
0000033185,EQUIFAX INC,Technology / Software / Electronics,2022,0.655928783588358,0.0655617038595762,0.2061614150169849,23.16976943928806,0.0,2023,No Pressure
0000033213,EQT CORP,Energy / Capital-intensive,2021,0.5350774003780558,0.0769388692423165,-0.4440863481563878,23.796301130238515,0.0,2022,No Pressure
0000033213,EQT CORP,Energy / Capital-intensive,2022,0.5053654784757569,0.1528703710810525,0.3625113018157995,23.844305037278783,0.0,2023,No Pressure
0000033488,ESCALADE INC,Industrial / Manufacturing,2021,0.4177277023645938,0.0037291797393148,0.1017052918893409,19.34413774070266,0.0,2022,No Pressure
0000033488,ESCALADE INC,Industrial / Manufacturing,2022,0.4694829236939187,0.0285352740711975,0.0838706387427212,19.51501054584992,0.0,2023,No Pressure
0000034067,DMC GLOBAL INC.,Industrial / Manufacturing,2021,0.3547972494597484,-0.0148216359791395,-0.0092343771024354,20.577560066119325,0.0,2022,No Pressure
0000034067,DMC GLOBAL INC.,Industrial / Manufacturing,2022,0.3536027067799194,0.0511230087669998,0.0458502398767134,20.59427042803251,0.0,2023,No Pressure
0000034088,EXXON MOBIL CORP,Industrial / Manufacturing,2021,0.4816433231146897,0.1420057063108729,,26.549038779886857,,2022,Unknown
0000034088,EXXON MOBIL CORP,Industrial / Manufacturing,2022,0.4513922946240113,0.2080841689991248,,26.6342440363232,,2023,Unknown
0000034563,FARMER BROTHERS CO,Industrial / Manufacturing,2021,0.6894759264628438,-0.0043963716620415,-0.0959482216915923,19.638574207727554,1.0,2022,Pressure
0000034563,FARMER BROTHERS CO,Industrial / Manufacturing,2022,0.7007806987725347,-0.0327190769872397,-0.0311769357172847,19.673646551874427,1.0,2023,Pressure
0000035214,FERRO CORP,Industrial / Manufacturing,2021,0.575121858197987,-0.047520821318053,,20.97792666057327,,2022,Unknown
0000037472,FLEXSTEEL INDUSTRIES INC,Industrial / Manufacturing,2021,0.4340300358178982,-0.1101560420380148,0.0651458996711384,19.5084983154068,0.0,2022,No Pressure
0000037472,FLEXSTEEL INDUSTRIES INC,Industrial / Manufacturing,2022,0.5104580246408252,0.0297423913731064,0.0121573008109766,19.40925865219436,0.0,2023,No Pressure
0000037785,FMC CORP,Industrial / Manufacturing,2021,,0.084923402606485,0.2071077459763735,23.08235412926869,0.0,2022,No Pressure
0000037785,FMC CORP,Industrial / Manufacturing,2022,,0.0590799638359009,0.1972148975406304,23.13661382651424,1.0,2023,Pressure
0000037996,FORD MOTOR CO,Industrial / Manufacturing,2021,0.8108351002781722,0.061419651020289,0.0331741735794808,26.27247809934337,0.0,2022,No Pressure
0000037996,FORD MOTOR CO,Industrial / Manufacturing,2022,0.8313024651795344,0.0267816666927201,0.0397071942400526,26.267990053737726,0.0,2023,No Pressure
0000038725,FRANKLIN ELECTRIC CO INC,Technology / Software / Electronics,2021,,0.0823805760031488,0.1138437839415355,21.17762586627648,0.0,2022,No Pressure
0000038725,FRANKLIN ELECTRIC CO INC,Technology / Software / Electronics,2022,,0.0600129500572836,0.12584411396719,21.250477080800884,0.0,2023,No Pressure
0000039092,FRIEDMAN INDUSTRIES INC,Industrial / Manufacturing,2021,0.4996916466588273,-0.0841171126153013,0.0990923854888481,18.88614327173662,0.0,2022,No Pressure
0000039092,FRIEDMAN INDUSTRIES INC,Industrial / Manufacturing,2022,0.4208477161435338,0.320572770329935,0.0384883716682921,19.11038199912527,0.0,2023,No Pressure
0000039368,FULLER H B CO,Industrial / Manufacturing,2021,0.6263074536849665,0.0499041999939174,,22.1759399920046,,2022,Unknown
0000039368,FULLER H B CO,Industrial / Manufacturing,2022,,0.057467589712317,,22.21922794947669,,2023,Unknown
0000039911,GAP INC,Consumer / Retail,2021,,0.0633962855575581,0.0485902819436112,23.26965948177661,0.0,2022,No Pressure
0000039911,GAP INC,Consumer / Retail,2022,,0.0533110837871069,-0.0044185450819672,23.15565036756313,0.0,2023,No Pressure
0000040533,GENERAL DYNAMICS CORP,Industrial / Manufacturing,2021,,0.0852954686158209,0.1082170059008552,24.636747777630774,0.0,2022,No Pressure
0000040533,GENERAL DYNAMICS CORP,Industrial / Manufacturing,2022,,0.0887661141804788,0.1068591874540056,24.666496769518137,0.0,2023,No Pressure
0000040545,GENERAL ELECTRIC CO,Technology / Software / Electronics,2021,0.7907619900037209,0.016754326860223,,26.01593729531265,,2022,Unknown
0000040545,GENERAL ELECTRIC CO,Technology / Software / Electronics,2022,0.7998700662449145,0.0315036104543421,,25.95857950392077,,2023,Unknown
0000040570,GEE GROUP INC.,Technology / Software / Electronics,2021,,0.0031465528238185,0.0435921547555077,18.58270606014313,0.0,2022,No Pressure
0000040570,GEE GROUP INC.,Technology / Software / Electronics,2022,0.1551683757967111,0.0771952423172792,0.0228632685692136,18.599278718477144,0.0,2023,No Pressure
0000040704,GENERAL MILLS INC,Industrial / Manufacturing,2021,0.6740740973371564,0.0936878766656512,0.1734870634964417,24.184048869540447,0.0,2022,No Pressure
0000040704,GENERAL MILLS INC,Industrial / Manufacturing,2022,0.6530085139642523,0.1066609628145293,0.1830061918200581,24.160155277512384,0.0,2023,No Pressure
0000040888,"AEROJET ROCKETDYNE HOLDINGS, INC.",Industrial / Manufacturing,2021,0.7807774490466798,0.0820184089414858,0.1174588665447897,21.612637479880217,0.0,2022,No Pressure
0000040888,"AEROJET ROCKETDYNE HOLDINGS, INC.",Industrial / Manufacturing,2022,0.7717767096719791,-0.0205329285774517,0.0649356453342867,21.58691499791659,,2023,Unknown
0000040987,GENUINE PARTS CO,Consumer / Retail,2021,,0.0876725235090999,,23.38716224933069,,2022,Unknown
0000040987,GENUINE PARTS CO,Consumer / Retail,2022,,0.0889322397502961,,23.52634611808321,,2023,Unknown
0000041719,GLATFELTER CORP,Industrial / Manufacturing,2021,0.7113899926991657,0.037741537705645,0.0263797900606069,21.35486043454838,1.0,2022,Pressure
0000041719,GLATFELTER CORP,Industrial / Manufacturing,2022,0.8069606210690726,-0.0247791456961561,-0.1099363921771631,21.222435594866933,0.0,2023,No Pressure
0000042582,GOODYEAR TIRE & RUBBER CO /OH/,Industrial / Manufacturing,2021,0.7577796467619848,0.0496215306980656,,23.786750212597944,,2022,Unknown
0000042582,GOODYEAR TIRE & RUBBER CO /OH/,Industrial / Manufacturing,2022,0.7563193794302527,0.023226784360929,,23.83370976767688,,2023,Unknown
0000042682,GORMAN RUPP CO,Technology / Software / Electronics,2021,0.215750771234498,0.1079918432148001,0.1040294357098298,19.85755890019972,0.0,2022,No Pressure
0000042682,GORMAN RUPP CO,Technology / Software / Electronics,2022,0.6205515392459012,0.0156788836314058,0.0771226827016642,20.58725136517378,0.0,2023,No Pressure
0000042888,GRACO INC,Technology / Software / Electronics,2021,,0.1870073567512743,0.2673178010955883,21.61657367423905,0.0,2022,No Pressure
0000042888,GRACO INC,Technology / Software / Electronics,2022,,0.1547394317110172,0.2671772284946124,21.61481295533968,0.0,2023,No Pressure
0000043920,"GREIF, INC",Industrial / Manufacturing,2021,,0.0680903744970597,0.1053256780835478,22.48384418886284,0.0,2022,No Pressure
0000043920,"GREIF, INC",Industrial / Manufacturing,2022,,0.1202032943929505,0.097834475155524,22.42252617186036,0.0,2023,No Pressure
0000045012,HALLIBURTON CO,Energy / Capital-intensive,2021,0.6985798127324044,0.0856144437973209,0.117685518143184,23.828793776368087,0.0,2022,No Pressure
0000045012,HALLIBURTON CO,Energy / Capital-intensive,2022,0.6569769941947968,0.0964093743281014,0.1333694634675075,23.86978599966548,0.0,2023,No Pressure
0000045919,HARTE HANKS INC,Technology / Software / Electronics,2021,1.1389937048608858,-0.0163451108370958,0.0392556887089148,18.49635392837915,0.0,2022,No Pressure
0000045919,HARTE HANKS INC,Technology / Software / Electronics,2022,0.843245766102147,0.2399653287104947,0.0732361182481893,18.602868966857752,0.0,2023,No Pressure
0000046080,"HASBRO, INC.",Industrial / Manufacturing,2021,0.6924624917810676,0.0814819980473809,0.1188866737274936,23.02962380379258,0.0,2022,No Pressure
0000046080,"HASBRO, INC.",Industrial / Manufacturing,2022,0.6921330909325617,0.0401144590625974,0.0696125804634009,22.952839279790705,1.0,2023,Pressure
0000046129,ALLIED MOTION TECHNOLOGIES INC,Industrial / Manufacturing,2021,0.6011725097443631,0.0539566893592616,0.0644980620347148,19.969912074304244,0.0,2022,No Pressure
0000046129,ALLIED MOTION TECHNOLOGIES INC,Industrial / Manufacturing,2022,0.6337790453592863,0.0095113937863199,0.0629358950909365,20.1928274695552,0.0,2023,No Pressure
0000046250,HAWKINS INC,Consumer / Retail,2021,0.4666207202887923,0.0755065852557956,0.0919176647846918,20.156448179442894,0.0,2022,No Pressure
0000046250,HAWKINS INC,Consumer / Retail,2022,0.407289999745993,0.1310675912520003,0.0942681943496831,20.196539465342124,0.0,2023,No Pressure
0000046619,HEICO CORP,Industrial / Manufacturing,2021,0.2712323065898279,0.1269389181990546,0.2105932307863826,21.97557355926153,0.0,2022,No Pressure
0000046619,HEICO CORP,Industrial / Manufacturing,2022,0.2733707956252429,0.1142367127205105,0.2249871169150151,22.1331536704819,0.0,2023,No Pressure
0000046765,"HELMERICH & PAYNE, INC.",Energy / Capital-intensive,2021,,0.0271030057241293,-0.3516824666329659,22.339506160630663,0.0,2022,No Pressure
0000046765,"HELMERICH & PAYNE, INC.",Energy / Capital-intensive,2022,,0.0537048180807345,0.0219976842497901,22.194712368865208,0.0,2023,No Pressure
0000047111,HERSHEY CO,Industrial / Manufacturing,2021,0.7351932549325885,0.2000420467044959,0.2278057328578783,23.06624700986797,0.0,2022,No Pressure
0000047111,HERSHEY CO,Industrial / Manufacturing,2022,0.6986393054228675,0.212610765361016,0.2169808242285897,23.11649752493637,0.0,2023,No Pressure
0000047217,HP INC,Technology / Software / Electronics,2021,,0.165993265993266,0.0835131601745239,24.376777147248458,0.0,2022,No Pressure
0000047217,HP INC,Technology / Software / Electronics,2022,,0.1156607147484904,0.0742422558468158,24.37618126915268,0.0,2023,No Pressure
0000047307,CRAWFORD UNITED CORP,Industrial / Manufacturing,2021,,0.0195749251035947,0.0671092794511776,18.32596681835317,0.0,2022,No Pressure
0000047307,CRAWFORD UNITED CORP,Industrial / Manufacturing,2022,,0.0807887007935515,0.0667956391223956,18.416653395058816,0.0,2023,No Pressure
0000048039,HOLLYFRONTIER CORP,Industrial / Manufacturing,2021,,0.0314851888803976,0.0407406718595136,23.28178014930773,,2022,Unknown
0000048287,HNI CORP,Industrial / Manufacturing,2021,,0.0878778714424289,0.0391044163910771,21.12732796200062,0.0,2022,No Pressure
0000048287,HNI CORP,Industrial / Manufacturing,2022,,0.0574054436196535,0.0657125920907782,21.07004194941286,0.0,2023,No Pressure
0000048465,HORMEL FOODS CORP /DE/,Industrial / Manufacturing,2021,,0.0789152518023123,0.0985930410956642,23.264578733587125,0.0,2022,No Pressure
0000048465,HORMEL FOODS CORP /DE/,Industrial / Manufacturing,2022,,0.0852922453349269,0.1053557620208549,23.31154996254277,0.0,2023,No Pressure
0000048898,HUBBELL INC,Technology / Software / Electronics,2021,0.5757455268389662,0.0972640348385875,0.1269163825373739,22.38747598541683,0.0,2022,No Pressure
0000048898,HUBBELL INC,Technology / Software / Electronics,2022,0.5612112686484285,0.117758116462444,0.1433133248448836,22.4101461563082,0.0,2023,No Pressure
0000049754,"DINE BRANDS GLOBAL, INC.",Consumer / Retail,2021,1.121441997113085,0.0979485496902518,,21.4160959677514,,2022,Unknown
0000049754,"DINE BRANDS GLOBAL, INC.",Consumer / Retail,2022,1.1600241510589209,0.047481492071979,,21.35533038510033,,2023,Unknown
0000049826,ILLINOIS TOOL WORKS INC,Technology / Software / Electronics,2021,,0.1590470858991105,0.2405396056727775,23.50065551618944,0.0,2022,No Pressure
0000049826,ILLINOIS TOOL WORKS INC,Technology / Software / Electronics,2022,,0.1522500324212164,0.2378860155661561,23.459060898422024,0.0,2023,No Pressure
0000050493,INGLES MARKETS INC,Consumer / Retail,2021,0.5128389610877795,0.1517564373709534,0.0701810840714948,21.425543188357864,0.0,2022,No Pressure
0000050493,INGLES MARKETS INC,Consumer / Retail,2022,0.4512792245830173,0.1478967039023527,0.0663749839317396,21.55422119426298,0.0,2023,No Pressure
0000050725,GRIFFON CORP,Industrial / Manufacturing,2021,0.6901130079069062,0.027270860008024,0.0751259784746585,21.68057758391891,0.0,2022,No Pressure
0000050725,GRIFFON CORP,Industrial / Manufacturing,2022,0.8304369221942045,0.0210333913964765,-0.066374511670753,21.758751585296025,0.0,2023,No Pressure
0000050863,INTEL CORP,Technology / Software / Electronics,2021,,0.1780874790684417,0.2462036849564689,25.849643567579545,0.0,2022,No Pressure
0000050863,INTEL CORP,Technology / Software / Electronics,2022,,0.0847487410970714,0.0370158911409268,25.927838298014343,0.0,2023,No Pressure
0000051143,INTERNATIONAL BUSINESS MACHINES CORP,Technology / Software / Electronics,2021,0.8560919993030356,0.0969386595556094,,25.60607533526924,,2022,Unknown
0000051143,INTERNATIONAL BUSINESS MACHINES CORP,Technology / Software / Electronics,2022,0.8269374346722413,0.0820084405428982,,25.569364481048623,,2023,Unknown
0000051253,INTERNATIONAL FLAVORS & FRAGRANCES INC,Industrial / Manufacturing,2021,,0.0362348076050229,0.0501887439945092,24.40355853014824,0.0,2022,No Pressure
0000051253,INTERNATIONAL FLAVORS & FRAGRANCES INC,Industrial / Manufacturing,2022,,0.0112124721100347,-0.1065916398713826,24.29017537767938,0.0,2023,No Pressure
0000051434,INTERNATIONAL PAPER CO /NEW/,Industrial / Manufacturing,2021,,0.0804183337955076,,23.951814726549912,,2022,Unknown
0000051434,INTERNATIONAL PAPER CO /NEW/,Industrial / Manufacturing,2022,,0.0908103592314118,,23.89881653711801,,2023,Unknown
0000051644,"INTERPUBLIC GROUP OF COMPANIES, INC.",Technology / Software / Electronics,2021,0.8189379784220361,0.1042533100275249,0.1402443192359897,23.714447773451813,0.0,2022,No Pressure
0000051644,"INTERPUBLIC GROUP OF COMPANIES, INC.",Technology / Software / Electronics,2022,0.801310692491377,0.0323056513664101,0.1263932356009443,23.65951346371857,0.0,2023,No Pressure
0000052988,JACOBS ENGINEERING GROUP INC /DE/,Industrial / Manufacturing,2021,,0.049634074142212,0.0488261525597205,23.40651836834161,0.0,2022,No Pressure
0000052988,JACOBS SOLUTIONS INC.,Industrial / Manufacturing,2022,,0.032380316005975,0.0615064506887938,23.408417114237952,0.0,2023,No Pressure
0000054381,KAMAN CORP,Industrial / Manufacturing,2021,,0.0406330674970504,0.0698116906654931,20.90432159378685,0.0,2022,No Pressure
0000054381,KAMAN CORP,Industrial / Manufacturing,2022,,0.0140605847658334,-0.0964342455458957,21.12293551796184,0.0,2023,No Pressure
0000055067,KELLOGG CO,Industrial / Manufacturing,2021,,0.0935746506766421,0.1235455891686058,23.623477908698,0.0,2022,No Pressure
0000055067,KELLOGG CO,Industrial / Manufacturing,2022,,0.0892625432525951,0.1067580803134182,23.640820329490445,0.0,2023,No Pressure
0000055135,KELLY SERVICES INC,Technology / Software / Electronics,2021,,0.0293690829935733,0.009898771819052,21.78597457161369,0.0,2022,No Pressure
0000055135,KELLY SERVICES INC,Technology / Software / Electronics,2022,,-0.0286432915384037,0.0029806259314456,21.703019512106607,0.0,2023,No Pressure
0000055242,KENNAMETAL INC,Technology / Software / Electronics,2021,0.4867488120652977,0.0884107765099722,0.0554826356098294,21.70375540764764,0.0,2022,No Pressure
0000055242,KENNAMETAL INC,Technology / Software / Electronics,2022,0.4982572534781102,0.0705041025457699,0.1083949164602853,21.66854200322304,0.0,2023,No Pressure
0000055529,KEWAUNEE SCIENTIFIC CORP /DE/,Industrial / Manufacturing,2021,0.5358565291327307,0.0102031683522778,-0.0089239094318127,18.308452264397,1.0,2022,Pressure
0000055529,KEWAUNEE SCIENTIFIC CORP /DE/,Industrial / Manufacturing,2022,0.6953853148442828,-0.0663871418588399,-0.0154436496281207,18.592724674754606,0.0,2023,No Pressure
0000055772,KIMBALL INTERNATIONAL INC,Industrial / Manufacturing,2021,,0.0613907038990542,0.0026730731378117,19.91267431561649,1.0,2022,Pressure
0000055772,KIMBALL INTERNATIONAL INC,Industrial / Manufacturing,2022,,-0.0099137613326453,-0.0210834733742117,19.949511458251497,,2023,Unknown
0000055785,KIMBERLY CLARK CORP,Industrial / Manufacturing,2021,,0.1530526433817346,0.131738683127572,23.60454078857864,0.0,2022,No Pressure
0000055785,KIMBERLY CLARK CORP,Industrial / Manufacturing,2022,,0.1520868113522537,0.1328872366790582,23.611969537797528,0.0,2023,No Pressure
0000056679,KORN FERRY,Technology / Software / Electronics,2021,0.5521795005179082,0.0822610375308438,0.0855981441207596,21.840544814185684,0.0,2022,No Pressure
0000056679,KORN FERRY,Technology / Software / Electronics,2022,0.5527295639890479,0.1447976156183234,0.177825610801016,21.96584743676143,0.0,2023,No Pressure
0000056868,PRIMEENERGY RESOURCES CORP,Energy / Capital-intensive,2022,0.4320842285857642,0.1340430611361309,0.4769880163406269,19.325453400744323,,2023,Unknown
0000056873,KROGER CO,Consumer / Retail,2021,0.8079085686346412,0.1261052031129038,0.0252161174286377,24.6168396987264,0.0,2022,No Pressure
0000056873,KROGER CO,Consumer / Retail,2022,0.7981984160570703,0.0906434516252544,0.0278298641557285,24.62772027289476,0.0,2023,No Pressure
0000056978,KULICKE & SOFFA INDUSTRIES INC,Technology / Software / Electronics,2021,0.3161739501795357,0.1873290414583633,0.2717643694519999,21.19428832260663,0.0,2022,No Pressure
0000056978,KULICKE & SOFFA INDUSTRIES INC,Technology / Software / Electronics,2022,0.2479851743580349,0.2456176794773256,0.3126268605099693,21.186118333307512,0.0,2023,No Pressure
0000057131,LA-Z-BOY INC,Industrial / Manufacturing,2021,,0.1734944763598052,0.0788447300379877,21.303424594863447,0.0,2022,No Pressure
0000057131,LA-Z-BOY INC,Industrial / Manufacturing,2022,,0.0408904558744447,0.0877270175673823,21.381867638445883,0.0,2023,No Pressure
0000057515,LANCASTER COLONY CORP,Industrial / Manufacturing,2021,,0.1581688663697408,0.1266826941100849,20.819743517683488,0.0,2022,No Pressure
0000057515,LANCASTER COLONY CORP,Industrial / Manufacturing,2022,,0.0933743834684246,0.0667571388519377,20.80978659451868,0.0,2023,No Pressure
0000057725,LANNETT CO INC,Industrial / Manufacturing,2021,1.0401777291560936,0.0889976701568,-0.4955344648250337,20.3430839001852,1.0,2022,Pressure
0000057725,LANNETT CO INC,Industrial / Manufacturing,2022,1.518259415607873,-0.0147078555430553,-0.5175686111005082,19.99849382343251,,2023,Unknown
0000058361,"LEE ENTERPRISES, INC",Industrial / Manufacturing,2021,0.9327865179461584,0.0593657052152152,0.0711710453294473,20.553130921667204,0.0,2022,No Pressure
0000058361,"LEE ENTERPRISES, INC",Industrial / Manufacturing,2022,0.9768332970450592,0.0046086108042287,0.0318207252784681,20.427608044160948,1.0,2023,Pressure
0000058492,LEGGETT & PLATT INC,Industrial / Manufacturing,2021,,0.0511182710606146,,22.39234906849537,,2022,Unknown
0000058492,LEGGETT & PLATT INC,Industrial / Manufacturing,2022,,0.0851121266462274,,22.369247806753947,,2023,Unknown
0000059255,VALHI INC /DE/,Industrial / Manufacturing,2021,,0.1529681884733129,,21.82360995879204,,2022,Unknown
0000059255,VALHI INC /DE/,Industrial / Manufacturing,2022,,0.012307366787742,,21.76555465758088,,2023,Unknown
0000059440,VECTOR GROUP LTD,Industrial / Manufacturing,2021,1.966095235033929,0.2929891044178136,0.26250430081101,20.58525241616601,0.0,2022,No Pressure
0000059440,VECTOR GROUP LTD,Industrial / Manufacturing,2022,1.8891536455897096,0.1995584371846078,0.2352587666003474,20.62740560699224,0.0,2023,No Pressure
0000059478,ELI LILLY & CO,Industrial / Manufacturing,2021,,0.1487665450969143,,24.61111909308784,,2022,Unknown
0000059478,ELI LILLY & CO,Industrial / Manufacturing,2022,,0.1431486892248503,,24.6250324247018,,2023,Unknown
0000059527,LINCOLN ELECTRIC HOLDINGS INC,Technology / Software / Electronics,2021,0.6667412463107186,0.1408255272234345,0.1427468477326555,21.6758140501666,0.0,2022,No Pressure
0000059527,LINCOLN ELECTRIC HOLDINGS INC,Technology / Software / Electronics,2022,0.6748856957264571,0.1205409385684093,0.1628028844965092,21.88031871742768,0.0,2023,No Pressure
0000060519,LOUISIANA-PACIFIC CORP,Industrial / Manufacturing,2021,0.4352780309936189,0.6763901549680948,0.4006149791346365,21.50899219925524,0.0,2022,No Pressure
0000060519,LOUISIANA-PACIFIC CORP,Industrial / Manufacturing,2022,0.3897872340425531,0.4868085106382979,0.3243383497664764,21.57768116552801,0.0,2023,No Pressure
0000060667,LOWES COMPANIES INC,Consumer / Retail,2021,1.1078853046594983,0.2265456989247311,0.1256415584415584,24.52189615504187,0.0,2022,No Pressure
0000060667,LOWES COMPANIES INC,Consumer / Retail,2022,1.3261187883225038,0.1965086483023702,0.1046682945424947,24.500796988677788,0.0,2023,No Pressure
0000060714,LSB INDUSTRIES INC,Industrial / Manufacturing,2021,,0.0773516118781116,0.1816629182779345,20.84799359189752,0.0,2022,No Pressure
0000060714,"LSB INDUSTRIES, INC.",Industrial / Manufacturing,2022,,0.2400676751730599,0.3419920573221354,21.0877832488842,0.0,2023,No Pressure
0000061986,MANITOWOC CO INC,Technology / Software / Electronics,2021,,0.0429247408742676,0.0270317404952912,21.29717893014597,0.0,2022,No Pressure
0000061986,MANITOWOC CO INC,Technology / Software / Electronics,2022,,0.0476013618074899,-0.0457564575645756,21.20291034384783,0.0,2023,No Pressure
0000062996,MASCO CORP /DE/,Industrial / Manufacturing,2021,0.9860089686098654,0.1668161434977578,0.1677611940298507,22.441558154471966,0.0,2022,No Pressure
0000062996,MASCO CORP /DE/,Industrial / Manufacturing,2022,1.0466550992866783,0.1619433198380566,0.1494239631336405,22.369421332508463,0.0,2023,No Pressure
0000063276,MATTEL INC /DE/,Industrial / Manufacturing,2021,,0.075926031929838,0.1336747199986221,22.578609309561127,0.0,2022,No Pressure
0000063276,MATTEL INC /DE/,Industrial / Manufacturing,2022,,0.0716844125956409,0.1242969466318851,22.544205557972244,0.0,2023,No Pressure
0000063296,MATTHEWS INTERNATIONAL CORP,Industrial / Manufacturing,2021,0.686821568857101,0.0801204481324043,0.0251545454001424,21.43232475224481,0.0,2022,No Pressure
0000063296,MATTHEWS INTERNATIONAL CORP,Industrial / Manufacturing,2022,0.7412983310237942,0.0673794104540594,-0.0249301663694399,21.356010465311886,0.0,2023,No Pressure
0000063754,MCCORMICK & CO INC,Industrial / Manufacturing,2021,0.6570921601140572,0.0641804460010228,0.1606704759492869,23.28094265974925,0.0,2022,No Pressure
0000063754,MCCORMICK & CO INC,Industrial / Manufacturing,2022,0.6419629863846582,0.049638473435988,0.1359892921817179,23.297777026423645,0.0,2023,No Pressure
0000063908,MCDONALDS CORP,Consumer / Retail,2021,,0.1697450342869557,0.4459391376615323,24.709548088818604,0.0,2022,No Pressure
0000063908,MCDONALDS CORP,Consumer / Retail,2022,,0.1464580574038972,0.4042255829803387,24.64396311190272,0.0,2023,No Pressure
0000064040,S&P GLOBAL INC.,Technology / Software / Electronics,2021,0.6315719419672567,0.2394516171968587,0.5087380981077498,23.43304787095993,0.0,2022,No Pressure
0000064040,S&P GLOBAL INC.,Technology / Software / Electronics,2022,0.3567266606241098,0.0421306487116405,0.4421786960021465,24.84691026822956,0.0,2023,No Pressure
0000064803,CVS HEALTH CORP,Consumer / Retail,2021,0.6764750063304993,0.0783908943815209,0.0451643382138981,26.1742999986617,0.0,2022,No Pressure
0000064803,CVS HEALTH CORP,Consumer / Retail,2022,0.6875917205125397,0.0708662797064943,0.0240210626203611,26.1538168794532,0.0,2023,No Pressure
0000065011,MEREDITH CORP,Industrial / Manufacturing,2021,0.8828380466419922,0.0716159402062596,0.1885537717471619,22.4399065671372,,2022,Unknown
0000065270,METHODE ELECTRONICS INC,Technology / Software / Electronics,2021,0.3742331288343558,0.1225630538513974,0.1175551470588235,21.10648533678892,0.0,2022,No Pressure
0000065270,METHODE ELECTRONICS INC,Technology / Software / Electronics,2022,0.3421639910733569,0.0711251889712763,0.0959951873496046,21.05192189308751,0.0,2023,No Pressure
0000065984,ENTERGY CORP /DE/,Energy / Capital-intensive,2021,,0.0386972051548483,0.1571695772490874,24.8084728116335,0.0,2022,No Pressure
0000065984,ENTERGY CORP /DE/,Energy / Capital-intensive,2022,,0.0441246108405039,0.1489930026633514,24.793918465332524,0.0,2023,No Pressure
0000066382,HERMAN MILLER INC,Industrial / Manufacturing,2021,0.5506086619137689,0.1611620350162471,0.0935459007748164,21.446893725244934,0.0,2022,No Pressure
0000066382,"MILLERKNOLL, INC.",Industrial / Manufacturing,2022,0.6601683650863979,-0.0026362428001772,0.0100861632032437,22.230449515563286,0.0,2023,No Pressure
0000066570,MSA SAFETY INC,Industrial / Manufacturing,2021,0.651815476240154,0.0831018746484304,0.0162693135606656,21.597231779419523,0.0,2022,No Pressure
0000066570,MSA SAFETY INC,Industrial / Manufacturing,2022,0.611379753098054,0.0662417289867461,0.1565080863089375,21.589094928933577,0.0,2023,No Pressure
0000066740,3M CO,Industrial / Manufacturing,2021,0.6788536709721278,0.1583531611148878,0.2084287936642624,24.574944181386684,0.0,2022,No Pressure
0000066740,3M CO,Industrial / Manufacturing,2022,0.6820579054999462,0.1203530298137982,0.1910368401063426,24.56174993906121,0.0,2023,No Pressure
0000066756,ALLETE INC,Energy / Capital-intensive,2021,0.5421445221445221,0.0409479409479409,0.1066093573844419,22.585017678149903,0.0,2022,No Pressure
0000066756,ALLETE INC,Energy / Capital-intensive,2022,0.5108829028865256,0.0323273343461493,0.0854396129114407,22.6468719472142,0.0,2023,No Pressure
0000067215,DYCOM INDUSTRIES INC,Industrial / Manufacturing,2021,0.6418962300493244,0.1457140510163231,,21.4738438391566,,2022,Unknown
0000067215,DYCOM INDUSTRIES INC,Industrial / Manufacturing,2022,0.6244446135184463,0.0712368810342487,,21.561921028693128,,2023,Unknown
0000067347,MODINE MANUFACTURING CO,Industrial / Manufacturing,2021,0.6789768745620183,0.0080588647512263,0.0581435051948685,21.07884017614188,0.0,2022,No Pressure
0000067347,MODINE MANUFACTURING CO,Industrial / Manufacturing,2022,0.6170892138706175,0.0686506162590203,0.0654510640149702,21.17172657615428,0.0,2023,No Pressure
0000067716,MDU RESOURCES GROUP INC,Energy / Capital-intensive,2021,,0.0556400445096114,0.0940405049841279,22.910488898898446,0.0,2022,No Pressure
0000067716,MDU RESOURCES GROUP INC,Energy / Capital-intensive,2022,,0.052797387706025,0.0823005725376921,22.99134033086754,0.0,2023,No Pressure
0000067887,MOOG INC.,Technology / Software / Electronics,2021,0.5921715476284447,0.0854097191253911,,21.956749578581977,,2022,Unknown
0000067887,MOOG INC.,Technology / Software / Electronics,2022,0.5813287969926345,0.0719153364039884,,21.956362689118983,,2023,Unknown
0000068505,"MOTOROLA SOLUTIONS, INC.",Technology / Software / Electronics,2021,,0.1507096562474362,0.20401419654877,23.223799742702152,0.0,2022,No Pressure
0000068505,"MOTOROLA SOLUTIONS, INC.",Technology / Software / Electronics,2022,,0.142266271265803,0.1822870939420544,23.27380416024128,0.0,2023,No Pressure
0000069488,MYERS INDUSTRIES INC,Industrial / Manufacturing,2021,0.568000346714161,0.0926923799244245,0.0647474833702154,19.998729121435968,0.0,2022,No Pressure
0000069488,MYERS INDUSTRIES INC,Industrial / Manufacturing,2022,0.527440226745836,0.133830537710501,0.0933147462000318,20.11194561932943,0.0,2023,No Pressure
0000069633,"NAPCO SECURITY TECHNOLOGIES, INC",Technology / Software / Electronics,2021,0.2437770189710689,0.1864420526712789,0.1520147323190248,18.63007420253317,0.0,2022,No Pressure
0000069633,"NAPCO SECURITY TECHNOLOGIES, INC",Technology / Software / Electronics,2022,0.2341226039198793,0.0560790437217316,0.1269212287507051,18.816607176532347,0.0,2023,No Pressure
0000069733,"NATHANS FAMOUS, INC.",Consumer / Retail,2021,1.7003413317030924,0.2098553161139131,0.2599449870301701,18.17881299637613,0.0,2022,No Pressure
0000069733,"NATHANS FAMOUS, INC.",Consumer / Retail,2022,1.7603139396007508,0.3384576010919638,0.2633711817104408,17.886415905514546,0.0,2023,No Pressure
0000069891,NATIONAL BEVERAGE CORP,Industrial / Manufacturing,2021,0.3611389767728991,0.3477335496386636,0.2124816966825528,20.138501202905683,0.0,2022,No Pressure
0000069891,NATIONAL BEVERAGE CORP,Industrial / Manufacturing,2022,0.4881659840445999,0.2845914100777248,0.1826481771297867,19.96355996487812,0.0,2023,No Pressure
0000070145,NATIONAL FUEL GAS CO,Energy / Capital-intensive,2021,,0.1060377168922245,0.3672112559026178,22.73346782506399,0.0,2022,No Pressure
0000070145,NATIONAL FUEL GAS CO,Energy / Capital-intensive,2022,,0.1028994478653317,0.3725978318845989,22.789655320011395,0.0,2023,No Pressure
0000070866,NCR CORP,Technology / Software / Electronics,2021,0.8683102826217679,0.0925178249291298,0.0662381218557853,23.17779918629842,0.0,2022,No Pressure
0000070866,NCR CORP,Technology / Software / Electronics,2022,0.8475710437125228,0.0388459198748587,0.0623406425293217,23.166221382874635,0.0,2023,No Pressure
0000071691,NEW YORK TIMES CO,Industrial / Manufacturing,2021,,0.1049479975102452,0.1291806695047465,21.66487649719261,0.0,2022,No Pressure
0000071691,NEW YORK TIMES CO,Industrial / Manufacturing,2022,,0.059471882015288,0.0874951967252388,21.652967045468703,0.0,2023,No Pressure
0000071829,NEWPARK RESOURCES INC,Technology / Software / Electronics,2021,0.3858485879668369,-0.004001933891718,-0.014354705171435,20.439424381208788,1.0,2022,Pressure
0000071829,NEWPARK RESOURCES INC,Technology / Software / Electronics,2022,0.4082489945794719,-0.035000524567232,-0.0110765895776575,20.3876182615986,0.0,2023,No Pressure
0000072162,NL INDUSTRIES INC,Industrial / Manufacturing,2021,,0.0295377688911552,0.074502006178319,20.206006227748567,0.0,2022,No Pressure
0000072162,NL INDUSTRIES INC,Industrial / Manufacturing,2022,,0.0441588083959289,0.0824377709201378,20.228751460211843,0.0,2023,No Pressure
0000072331,NORDSON CORP,Technology / Software / Electronics,2021,,0.1440075484817702,0.2604032920033748,22.055885386168395,0.0,2022,No Pressure
0000072331,NORDSON CORP,Technology / Software / Electronics,2022,,0.1343143016065177,0.2711523627965801,22.0636144225478,0.0,2023,No Pressure
0000072333,NORDSTROM INC,Consumer / Retail,2021,,0.0794903596797835,,22.90582788745348,,2022,Unknown
0000072333,NORDSTROM INC,Consumer / Retail,2022,,0.1081761006289308,,22.89174794553133,,2023,Unknown
0000072573,MOVADO GROUP INC,Industrial / Manufacturing,2021,0.3732119396710284,0.1718613694886751,0.1604207030924654,20.450354144711863,0.0,2022,No Pressure
0000072573,MOVADO GROUP INC,Industrial / Manufacturing,2022,0.3518588811801372,0.0689864860575977,0.1600669239710705,20.48463421351718,0.0,2023,No Pressure
0000072741,EVERSOURCE ENERGY,Energy / Capital-intensive,2021,,0.0404725350976438,0.2020991403805198,24.604667642408952,0.0,2022,No Pressure
0000072741,EVERSOURCE ENERGY,Energy / Capital-intensive,2022,,0.0451108848432019,0.1788667833640483,24.69790489176572,0.0,2023,No Pressure
0000073088,NORTHWESTERN CORP,Energy / Capital-intensive,2021,0.6549321334903929,0.0324430129417797,0.2008874049417189,22.63730827614472,0.0,2022,No Pressure
0000073088,NORTHWESTERN CORP,Energy / Capital-intensive,2022,0.6357936549908627,0.0419856669704472,0.1780162494239892,22.71357325032979,,2023,Unknown
0000073309,NUCOR CORP,Industrial / Manufacturing,2021,0.4344672082392056,0.241287171410125,,23.97453419286316,,2022,Unknown
0000073309,NUCOR CORP,Industrial / Manufacturing,2022,0.3974636082589447,0.3101077273739109,,24.20386602931477,,2023,Unknown
0000073756,OCEANEERING INTERNATIONAL INC,Energy / Capital-intensive,2021,,0.1147886832421483,0.0212911422877853,21.397667921336964,0.0,2022,No Pressure
0000073756,OCEANEERING INTERNATIONAL INC,Energy / Capital-intensive,2022,,0.0594989474243767,0.0536585153362593,21.432130351047963,0.0,2023,No Pressure
0000074046,OIL-DRI CORP OF AMERICA,Industrial / Manufacturing,2021,0.3002821159575684,0.0599210778411537,0.0427436463255088,19.24295086856598,0.0,2022,No Pressure
0000074046,OIL-DRI CORP OF AMERICA,Industrial / Manufacturing,2022,0.3976667694933316,0.0394133271370252,0.0138300405348418,19.33541426800753,0.0,2023,No Pressure
0000074303,OLIN CORP,Industrial / Manufacturing,2021,0.6886248635194947,0.2043979008417765,0.2077076740062397,22.86541218840951,0.0,2022,No Pressure
0000074303,OLIN CORP,Industrial / Manufacturing,2022,0.683797021456453,0.2389174809179284,0.1897357138286299,22.80821717192416,0.0,2023,No Pressure
0000075252,OWENS & MINOR INC/VA/,Consumer / Retail,2021,0.7346281730420401,0.0351124584376133,0.0376557116454605,21.98641779565685,0.0,2022,No Pressure
0000075252,OWENS & MINOR INC/VA/,Consumer / Retail,2022,0.8244421988224533,0.0603395699780349,0.01435521660192,22.407121373772743,0.0,2023,No Pressure
0000075288,OXFORD INDUSTRIES INC,Industrial / Manufacturing,2021,,0.2067641143558866,0.1449137931789307,20.679984571939585,0.0,2022,No Pressure
0000075288,OXFORD INDUSTRIES INC,Industrial / Manufacturing,2022,,0.1056731711626067,0.1549909034748159,20.896096666428303,0.0,2023,No Pressure
0000075362,PACCAR INC,Industrial / Manufacturing,2021,,0.0746270694191804,,24.10091137179825,,2022,Unknown
0000075362,PACCAR INC,Industrial / Manufacturing,2022,,0.0909678291836336,,24.228087227440763,,2023,Unknown
0000075677,PACKAGING CORP OF AMERICA,Industrial / Manufacturing,2021,,0.1396105553287056,0.1605888516616431,22.78209642484973,0.0,2022,No Pressure
0000075677,PACKAGING CORP OF AMERICA,Industrial / Manufacturing,2022,,0.1867862765186536,0.1675748997405048,22.8031822659744,0.0,2023,No Pressure
0000076063,"PANHANDLE EASTERN PIPE LINE COMPANY, LP",Energy / Capital-intensive,2021,,0.137495735243944,0.3940455341506129,21.798609499016347,,2022,Unknown
0000076282,PARK OHIO HOLDINGS CORP,Industrial / Manufacturing,2021,,-0.0318382352941176,-0.0084144645340751,21.030750537429665,0.0,2022,No Pressure
0000076282,PARK OHIO HOLDINGS CORP,Industrial / Manufacturing,2022,,-0.0185159404148684,0.0223725634670775,21.085545048301064,0.0,2023,No Pressure
0000076334,PARKER HANNIFIN CORP,Industrial / Manufacturing,2021,0.5863729770121724,0.1265904174778282,,23.73591422292588,,2022,Unknown
0000076334,PARKER HANNIFIN CORP,Industrial / Manufacturing,2022,0.658497553745011,0.0941156091809174,,23.979204008947782,,2023,Unknown
0000076605,PATRICK INDUSTRIES INC,Industrial / Manufacturing,2021,0.7104357250886643,0.0951171582480455,0.0862442534400891,21.698101288339043,0.0,2022,No Pressure
0000076605,PATRICK INDUSTRIES INC,Industrial / Manufacturing,2022,0.6567191535868657,0.1479756662333587,0.1016351924016033,21.74660521913693,0.0,2023,No Pressure
0000077159,RANGER OIL CORP,Energy / Capital-intensive,2021,,0.1833207747265014,0.4821541663287264,21.178541541421808,0.0,2022,No Pressure
0000077159,RANGER OIL CORP,Energy / Capital-intensive,2022,,0.3353329623022857,0.5902038877425473,21.423491406993943,,2023,Unknown
0000077360,PENTAIR PLC,Technology / Software / Electronics,2021,0.4905124537192864,0.1289969707169303,0.1691723331916702,22.282168062882985,0.0,2022,No Pressure
0000077360,PENTAIR PLC,Technology / Software / Electronics,2022,0.57997673516867,0.0563474214811942,0.1444271920034936,22.586958295874872,0.0,2023,No Pressure
0000077476,PEPSICO INC,Industrial / Manufacturing,2021,0.8251621074509888,0.1257455860224947,0.140448448549211,25.249143866870792,0.0,2022,No Pressure
0000077476,PEPSICO INC,Industrial / Manufacturing,2022,0.8126308481673121,0.1172725004610194,0.1332530789887952,25.24708495974788,0.0,2023,No Pressure
0000077543,TUTOR PERINI CORP,Industrial / Manufacturing,2021,0.6457658980151529,-0.0314195142413656,0.0488609018425922,22.27611181056917,1.0,2022,Pressure
0000077543,TUTOR PERINI CORP,Industrial / Manufacturing,2022,0.682578145637052,0.0455602271726688,-0.054016680054501,22.236809399201896,0.0,2023,No Pressure
0000077877,"PDC ENERGY, INC.",Energy / Capital-intensive,2021,0.454669450926852,0.2900305171805767,0.3403139160842929,22.397866950552377,0.0,2022,No Pressure
0000077877,"PDC ENERGY, INC.",Energy / Capital-intensive,2022,0.5010820185737649,0.3472886900716732,0.5738822741984428,22.800550679747246,,2023,Unknown
0000078003,PFIZER INC,Industrial / Manufacturing,2021,0.5731501686173378,0.1795278714540765,,25.92438925050853,,2022,Unknown
0000078003,PFIZER INC,Industrial / Manufacturing,2022,0.5136178088790853,0.1484090159985801,,26.00750963376816,,2023,Unknown
0000078128,"ESSENTIAL UTILITIES, INC.",Energy / Capital-intensive,2021,,0.0439805412341067,0.3209067036393375,23.408271064090933,0.0,2022,No Pressure
0000078128,"ESSENTIAL UTILITIES, INC.",Energy / Capital-intensive,2022,,0.0381895740006095,0.288976290541391,23.478142815781755,0.0,2023,No Pressure
0000078239,PVH CORP. /DE/,Industrial / Manufacturing,2021,,0.0864093959731543,0.1176335652724829,23.24070421181756,0.0,2022,No Pressure
0000078239,PVH CORP. /DE/,Industrial / Manufacturing,2022,,0.0033309823848814,0.0521597482325303,23.188675312867584,0.0,2023,No Pressure
0000078749,AGILYSYS INC,Technology / Software / Electronics,2021,,0.1329600956285428,0.0388536363412774,19.182243300614232,0.0,2022,No Pressure
0000078749,AGILYSYS INC,Technology / Software / Electronics,2022,,0.1418020375582218,0.0650039128568904,19.308720142594733,0.0,2023,No Pressure
0000078814,PITNEY BOWES INC /DE/,Technology / Software / Electronics,2021,0.977286765475448,0.0608031545890183,,22.32444393100758,,2022,Unknown
0000078814,PITNEY BOWES INC /DE/,Technology / Software / Electronics,2022,0.9872076653193022,0.0371166048524103,,22.2795887969916,,2023,Unknown
0000079879,PPG INDUSTRIES INC,Industrial / Manufacturing,2021,0.6997330335815652,0.0731581658938691,,23.78436441397849,,2022,Unknown
0000079879,PPG INDUSTRIES INC,Industrial / Manufacturing,2022,0.6765811801002699,0.0464230620902429,,23.75552288523098,,2023,Unknown
0000080035,PREFORMED LINE PRODUCTS CO,Industrial / Manufacturing,2021,,0.0687050374423845,0.0918968646179,20.007909858622547,0.0,2022,No Pressure
0000080035,PREFORMED LINE PRODUCTS CO,Industrial / Manufacturing,2022,,0.0460052174310748,0.1088833806106863,20.158474932917688,0.0,2023,No Pressure
0000080172,NATIONAL PRESTO INDUSTRIES INC,Industrial / Manufacturing,2021,0.1493227845993558,0.0825122859766221,0.08440399463709,19.85671244196052,0.0,2022,No Pressure
0000080172,NATIONAL PRESTO INDUSTRIES INC,Industrial / Manufacturing,2022,0.1548997564629583,0.0212894594351785,0.0687979404458014,19.836162481547674,0.0,2023,No Pressure
0000080420,POWELL INDUSTRIES INC,Technology / Software / Electronics,2021,0.3094256657618663,-0.0698339263443621,0.0021655095322796,19.89359307364528,0.0,2022,No Pressure
0000080420,POWELL INDUSTRIES INC,Technology / Software / Electronics,2022,0.3976123880173497,-0.0072601240423203,0.0135641084377616,20.01679022820197,0.0,2023,No Pressure
0000080424,PROCTER & GAMBLE CO,Industrial / Manufacturing,2021,0.6089584014349535,0.1539809064011332,0.23629102183452,25.50496583994503,0.0,2022,No Pressure
0000080424,PROCTER & GAMBLE CO,Industrial / Manufacturing,2022,0.6002491297522353,0.1426779741997133,0.2221432401760883,25.487215971153955,0.0,2023,No Pressure
0000081061,PUBLIX SUPER MARKETS INC,Consumer / Retail,2021,0.3009255671497335,0.1709398135986766,0.0858109265697435,24.17402600489532,0.0,2022,No Pressure
0000081061,PUBLIX SUPER MARKETS INC,Consumer / Retail,2022,0.2961638805681708,0.177279608335749,0.0866186159950493,24.158768022332765,0.0,2023,No Pressure
0000081362,QUAKER CHEMICAL CORP,Industrial / Manufacturing,2021,0.5304348120280402,0.016555133028392,0.0854358325601678,21.80702164627616,0.0,2022,No Pressure
0000081362,QUAKER CHEMICAL CORP,Industrial / Manufacturing,2022,0.5468616986967071,0.0148120478221391,0.0269110947038591,21.760577734204738,0.0,2023,No Pressure
0000082020,UNITED STATES LIME & MINERALS INC,Energy / Capital-intensive,2021,0.1201469974319725,0.176121772571443,0.2452616839713614,19.571872835600846,0.0,2022,No Pressure
0000082020,UNITED STATES LIME & MINERALS INC,Energy / Capital-intensive,2022,0.1269373416138259,0.1750078853202527,0.2319839085327122,19.722973741625047,0.0,2023,No Pressure
0000082811,REGAL REXNORD CORP,Technology / Software / Electronics,2021,,0.0347903050108932,0.0872372254153216,23.053621726983074,0.0,2022,No Pressure
0000082811,REGAL REXNORD CORP,Technology / Software / Electronics,2022,,0.0424777726923039,0.1323137660744744,23.05238574716599,0.0,2023,No Pressure
0000084129,RITE AID CORP,Consumer / Retail,2021,0.9883886780201624,0.0444685035284897,,22.866738310141688,,2022,Unknown
0000084129,RITE AID CORP,Consumer / Retail,2022,1.0852590854538415,-0.006966451194987,,22.741810485505155,,2023,Unknown
0000084748,ROGERS CORP,Industrial / Manufacturing,2021,,0.0777966002029318,0.1256123470606269,21.19237281494554,0.0,2022,No Pressure
0000084748,ROGERS CORP,Industrial / Manufacturing,2022,,0.078641658982368,0.1487194325201226,21.221743943508564,0.0,2023,No Pressure
0000084839,ROLLINS INC,Technology / Software / Electronics,2021,0.4537511295541858,0.2028426903330354,0.1814911520851379,21.40680197959183,0.0,2022,No Pressure
0000084839,ROLLINS INC,Technology / Software / Electronics,2022,0.4028368145943409,0.2195682620587475,0.1830194341394075,21.47563807262136,0.0,2023,No Pressure
0000087347,SCHLUMBERGER LIMITED/NV,Energy / Capital-intensive,2021,0.6317602563176026,0.1120425911204259,,24.44922428932586,,2022,Unknown
0000087347,SCHLUMBERGER LIMITED/NV,Energy / Capital-intensive,2022,0.5829604729338125,0.0862408716819288,,24.48760056949813,,2023,Unknown
0000088121,SEABOARD CORP /DE/,Consumer / Retail,2021,,0.0122617619618819,0.0496261783508505,22.738568777643284,0.0,2022,No Pressure
0000088121,SEABOARD CORP /DE/,Consumer / Retail,2022,0.3654770944064793,0.0855479625411288,0.0584363604020279,22.79038172906216,1.0,2023,Pressure
0000088205,SPX CORP,Technology / Software / Electronics,2021,,0.0664231910522711,0.0604346043460434,21.689717222392613,0.0,2022,No Pressure
0000088205,"SPX TECHNOLOGIES, INC.",Technology / Software / Electronics,2022,,-0.0708477911854575,0.0349099869943185,21.38125205293066,0.0,2023,No Pressure
0000088790,INTRICON CORP,Technology / Software / Electronics,2021,0.2344376485190961,0.0035767073061187,0.0038895899557529,18.62328684621501,,2022,Unknown
0000088941,SEMTECH CORP,Technology / Software / Electronics,2021,,0.1796100665746464,0.1957419640470913,20.846289340444788,0.0,2022,No Pressure
0000088941,SEMTECH CORP,Technology / Software / Electronics,2022,,0.049311028678081,0.1226635189740566,21.66702697868412,1.0,2023,Pressure
0000088948,SENECA FOODS CORP,Industrial / Manufacturing,2021,0.3835073862496436,0.0318384845253054,0.0507803476553476,20.66884133069079,0.0,2022,No Pressure
0000088948,SENECA FOODS CORP,Industrial / Manufacturing,2022,0.5308485130156362,-0.1711049179115158,0.0350720044098394,20.94132287465601,0.0,2023,No Pressure
0000089439,MUELLER INDUSTRIES INC,Industrial / Manufacturing,2021,0.2729846564592327,0.1802848688441908,0.1739944207813293,21.2707720279249,0.0,2022,No Pressure
0000089439,MUELLER INDUSTRIES INC,Industrial / Manufacturing,2022,0.1910610020785774,0.3228430801119694,0.2202533361958892,21.53081211230994,0.0,2023,No Pressure
0000089800,SHERWIN WILLIAMS CO,Consumer / Retail,2021,,0.1086095022427383,,23.751789546273702,,2022,Unknown
0000089800,SHERWIN WILLIAMS CO,Consumer / Retail,2022,,0.084973886872621,,23.840950221295408,,2023,Unknown
0000090896,SKYLINE CHAMPION CORP,Industrial / Manufacturing,2021,,0.1818204644509763,0.1508248577741593,20.934028258215488,0.0,2022,No Pressure
0000090896,SKYLINE CHAMPION CORP,Industrial / Manufacturing,2022,,0.2663458166637231,0.198838699281812,21.16969628993968,0.0,2023,No Pressure
0000091142,SMITH A O CORP,Technology / Software / Electronics,2021,0.4726571494358738,0.1845210683859083,,21.968687639472705,,2022,Unknown
0000091142,SMITH A O CORP,Technology / Software / Electronics,2022,0.4755274134981844,0.1174564114875611,,21.926928593512507,,2023,Unknown
0000091419,J M SMUCKER CO,Industrial / Manufacturing,2021,0.5010623794844082,0.0961054273467533,0.1732915141139865,23.513461149567725,0.0,2022,No Pressure
0000091419,J M SMUCKER CO,Industrial / Manufacturing,2022,0.4929866085331672,0.0707754593584553,0.12799259898236,23.49928616455017,0.0,2023,No Pressure
0000091440,SNAP-ON INC,Industrial / Manufacturing,2021,0.3781084959391689,0.142994511590751,0.2441489014929265,22.634244347466232,0.0,2022,No Pressure
0000091440,SNAP-ON INC,Industrial / Manufacturing,2022,0.354133203304268,0.0968334098210188,0.2492927207021166,22.66528270285799,0.0,2023,No Pressure
0000091767,SONOCO PRODUCTS CO,Industrial / Manufacturing,2021,,0.0588721003462287,0.0870867363165462,22.34724451832952,0.0,2022,No Pressure
0000091767,SONOCO PRODUCTS CO,Industrial / Manufacturing,2022,,0.0721754332235918,0.0931509766428818,22.676710388259764,0.0,2023,No Pressure
0000091928,SOUTH JERSEY INDUSTRIES INC,Energy / Capital-intensive,2021,,0.037368348175975,0.1752613961072211,22.71232742539447,,2022,Unknown
0000092122,SOUTHERN CO,Energy / Capital-intensive,2021,0.7446406448476485,0.0483714146815751,0.1599965387444295,25.571648832670164,0.0,2022,No Pressure
0000092122,SOUTHERN CO,Energy / Capital-intensive,2022,0.7440007116857315,0.0467192029119807,0.1834079032753851,25.627732881855927,0.0,2023,No Pressure
0000093389,"STANDARD MOTOR PRODUCTS, INC.",Industrial / Manufacturing,2021,0.4886085607127444,0.071424695795606,0.0993204580171479,20.903886782687422,0.0,2022,No Pressure
0000093389,"STANDARD MOTOR PRODUCTS, INC.",Industrial / Manufacturing,2022,0.5051210068458056,-0.021939886639005,0.0759103815018789,20.95034483502149,0.0,2023,No Pressure
0000093410,CHEVRON CORP,Industrial / Manufacturing,2021,0.4157847496190536,0.1218485816269021,,26.201965380911528,,2022,Unknown
0000093410,CHEVRON CORP,Industrial / Manufacturing,2022,0.3782056505593518,0.1924729054864207,,26.27509687832939,,2023,Unknown
0000093556,"STANLEY BLACK & DECKER, INC.",Industrial / Manufacturing,2021,,0.0235308729595457,,24.06187834345243,,2022,Unknown
0000093556,"STANLEY BLACK & DECKER, INC.",Industrial / Manufacturing,2022,,-0.0584658278352621,,23.940672583286982,,2023,Unknown
0000093676,STARRETT L S CO,Industrial / Manufacturing,2021,0.5472014136574049,0.0247606864477521,0.075422046584473,19.033084143227423,0.0,2022,No Pressure
0000093676,STARRETT L S CO,Industrial / Manufacturing,2022,0.4867103641119697,0.0265191376770197,0.0849622193054028,19.11159543937077,0.0,2023,No Pressure
0000094049,STEPAN CO,Industrial / Manufacturing,2021,,0.0349218536685495,0.0727977302313844,21.44869238797393,0.0,2022,No Pressure
0000094049,STEPAN CO,Industrial / Manufacturing,2022,,0.0660713669235056,0.0747622842348563,21.612461593275736,0.0,2023,No Pressure
0000094845,LEVI STRAUSS & CO,Industrial / Manufacturing,2021,0.7176878778875297,0.1249585386204805,0.1190525016238903,22.498229882874444,0.0,2022,No Pressure
0000094845,LEVI STRAUSS & CO,Industrial / Manufacturing,2022,0.6847030375302262,0.0377786611017257,0.1048049800603054,22.52130554429724,0.0,2023,No Pressure
0000095029,STURM RUGER & CO INC,Industrial / Manufacturing,2021,,0.3896048993654246,0.2779882200959033,19.90759615945585,0.0,2022,No Pressure
0000095029,STURM RUGER & CO INC,Industrial / Manufacturing,2022,,0.1593170270833376,0.1736299220263089,19.9991706717377,0.0,2023,No Pressure
0000095552,SUPERIOR INDUSTRIES INTERNATIONAL INC,Industrial / Manufacturing,2021,,0.0425794504940961,0.039989889871818,20.775997746980064,0.0,2022,No Pressure
0000095552,SUPERIOR INDUSTRIES INTERNATIONAL INC,Industrial / Manufacturing,2022,,0.1345724192252361,0.0597840602670159,20.848786857913264,1.0,2023,Pressure
0000095574,"SUPERIOR GROUP OF COMPANIES, INC.",Industrial / Manufacturing,2021,,0.0363214919882189,,19.968764395573228,,2022,Unknown
0000095574,"SUPERIOR GROUP OF COMPANIES, INC.",Industrial / Manufacturing,2022,,-0.0056987663615215,,19.940064839867816,,2023,Unknown
0000095953,SYNALLOY CORP,Industrial / Manufacturing,2021,0.5804918760009323,0.0716347997383478,0.0817053314013414,19.39901438927407,0.0,2022,No Pressure
0000095953,ASCENT INDUSTRIES CO.,Industrial / Manufacturing,2022,0.5009756804674346,0.0207290284452671,0.0492288969858528,19.41038177980925,1.0,2023,Pressure
0000096021,SYSCO CORP,Consumer / Retail,2021,,0.0889083303792054,0.0280175913049599,23.787289222525104,0.0,2022,No Pressure
0000096021,SYSCO CORP,Consumer / Retail,2022,,0.0811061896736022,0.0340787636881593,23.81819563392081,0.0,2023,No Pressure
0000096271,TAMPA ELECTRIC CO,Energy / Capital-intensive,2021,,0.0653492948507707,0.224860853432282,23.22437386615441,0.0,2022,No Pressure
0000096271,TAMPA ELECTRIC CO,Energy / Capital-intensive,2022,,0.0370209374773599,0.2439255285579047,23.3481517968603,0.0,2023,No Pressure
0000096943,TELEFLEX INC,Industrial / Manufacturing,2021,0.4535943101307066,0.0949018310112079,0.2235561188697317,22.650680566939304,0.0,2022,No Pressure
0000096943,TELEFLEX INC,Industrial / Manufacturing,2022,0.4194671728591382,0.0494807856106389,0.1790460978538115,22.65884610184303,0.0,2023,No Pressure
0000097134,TENNANT CO,Technology / Software / Electronics,2021,0.590185551474051,0.0653668644626542,0.0859002566923359,20.78313723492569,0.0,2022,No Pressure
0000097134,TENNANT CO,Technology / Software / Electronics,2022,0.5649248917150493,-0.0231315086167173,0.0798388573521333,20.80493798651201,0.0,2023,No Pressure
0000097210,"TERADYNE, INC",Industrial / Manufacturing,2021,0.3269440926124021,0.288328553521857,0.3242664293019408,22.060744096322995,0.0,2022,No Pressure
0000097210,"TERADYNE, INC",Industrial / Manufacturing,2022,0.2998807283794483,0.1650618121746164,0.2636853040130965,21.976386456048605,0.0,2023,No Pressure
0000097216,TEREX CORP,Technology / Software / Electronics,2021,0.612502182643618,0.1024620220010476,0.0843881856540084,21.775310490147408,0.0,2022,No Pressure
0000097216,TEREX CORP,Technology / Software / Electronics,2022,0.6211795644783682,0.0837689618678041,0.0950720963397242,21.86048967922934,0.0,2023,No Pressure
0000097476,TEXAS INSTRUMENTS INC,Technology / Software / Electronics,2021,0.4596774193548387,0.3548387096774194,0.4884430876580898,23.92909694833433,0.0,2022,No Pressure
0000097476,TEXAS INSTRUMENTS INC,Technology / Software / Electronics,2022,0.4642187672290219,0.320505752196126,0.5062911923307369,24.026740130116707,0.0,2023,No Pressure
0000097745,THERMO FISHER SCIENTIFIC INC.,Industrial / Manufacturing,2021,,0.0978943052679162,0.2557445614750963,25.2784366279506,0.0,2022,No Pressure
0000097745,THERMO FISHER SCIENTIFIC INC.,Industrial / Manufacturing,2022,,0.0942215451757004,0.1868640765891127,25.29956318537568,0.0,2023,No Pressure
0000098362,TIMKEN CO,Technology / Software / Electronics,2021,,0.0749028178002978,0.1241501125117955,22.36627391301324,0.0,2022,No Pressure
0000098362,TIMKEN CO,Technology / Software / Electronics,2022,,0.0803478622410089,0.1349656414704116,22.47635377569944,0.0,2023,No Pressure
0000098677,TOOTSIE ROLL INDUSTRIES INC,Industrial / Manufacturing,2021,,0.0837389482612716,0.1176170686924467,20.74171264455393,0.0,2022,No Pressure
0000098677,TOOTSIE ROLL INDUSTRIES INC,Industrial / Manufacturing,2022,,0.0707228947593148,0.1612224696857213,20.741870689353423,0.0,2023,No Pressure
0000099250,"TRANSCONTINENTAL GAS PIPE LINE COMPANY, LLC",Energy / Capital-intensive,2021,,0.0951916411748978,8.148617401668654,23.44576521088304,0.0,2022,No Pressure
0000099250,"TRANSCONTINENTAL GAS PIPE LINE COMPANY, LLC",Energy / Capital-intensive,2022,,0.0968094373358074,0.471096734940111,23.474349282017787,0.0,2023,No Pressure
0000099302,TRANSCAT INC,Industrial / Manufacturing,2021,0.5152169755065762,0.0991100460165839,0.0690040447113813,18.995956140542912,0.0,2022,No Pressure
0000099302,TRANSCAT INC,Industrial / Manufacturing,2022,0.4910318826660672,0.086595589249498,0.0704691437270405,19.09234378937389,0.0,2023,No Pressure
0000099780,TRINITY INDUSTRIES INC,Industrial / Manufacturing,2021,0.8425430129069076,0.0742845347806554,0.1693931398416886,22.831768484343247,0.0,2022,No Pressure
0000099780,TRINITY INDUSTRIES INC,Industrial / Manufacturing,2022,0.85447543069358,-0.0014671664202285,0.1689172103373286,22.889378072704627,0.0,2023,No Pressure
0000100122,TUCSON ELECTRIC POWER CO,Energy / Capital-intensive,2021,,0.067711421222638,0.177294036240429,22.56726032382644,0.0,2022,No Pressure
0000100122,TUCSON ELECTRIC POWER CO,Energy / Capital-intensive,2022,,0.0761474852465275,0.1751347560564178,22.623846975274205,0.0,2023,No Pressure
0000100378,TWIN DISC INC,Technology / Software / Electronics,2021,0.5255852120270285,0.023702584845305,-0.0561347967115165,19.43378235084248,0.0,2022,No Pressure
0000100378,TWIN DISC INC,Technology / Software / Electronics,2022,0.5255801506565457,-0.0300589824354574,0.0454319036033477,19.43780456172366,0.0,2023,No Pressure
0000100493,"TYSON FOODS, INC.",Industrial / Manufacturing,2021,,0.1057589027513839,0.0934345044528045,24.31533148139853,0.0,2022,No Pressure
0000100493,"TYSON FOODS, INC.",Industrial / Manufacturing,2022,,0.0729746611987724,0.0827671633947674,24.329334171562333,0.0,2023,No Pressure
0000100591,ARGAN INC,Industrial / Manufacturing,2021,0.4118428064344229,0.0513290641906843,0.0873824528338928,20.131925868331333,1.0,2022,Pressure
0000100591,ARGAN INC,Industrial / Manufacturing,2022,0.4261400200618198,-0.0614132755313215,0.0915721694796061,20.00886846391318,0.0,2023,No Pressure
0000100726,UNIFI INC,Industrial / Manufacturing,2021,0.3546279223865977,0.06604809783783,0.057836223322029,20.13514151684519,0.0,2022,No Pressure
0000100726,UNIFI INC,Industrial / Manufacturing,2022,0.3860405151532652,0.0006454703270496,0.035058191277315,20.193457851074747,1.0,2023,Pressure
0000100790,UNION CARBIDE CORP /NEW/,Industrial / Manufacturing,2021,,0.0787432117920868,,22.3634269222173,,2022,Unknown
0000100790,UNION CARBIDE CORP /NEW/,Industrial / Manufacturing,2022,,0.2783865702961063,,22.17931944271431,,2023,Unknown
0000101778,MARATHON OIL CORP,Energy / Capital-intensive,2021,0.3711898317053078,0.1905966811815935,0.2392537040424364,23.55612617758661,0.0,2022,No Pressure
0000101778,MARATHON OIL CORP,Energy / Capital-intensive,2022,0.4284353059177532,0.2722166499498495,0.4916625186660029,23.71599360153025,0.0,2023,No Pressure
0000101829,RAYTHEON TECHNOLOGIES CORP,Industrial / Manufacturing,2021,0.5371923868057793,0.0442492131545686,0.0770019258246878,25.807176375628817,0.0,2022,No Pressure
0000101829,RAYTHEON TECHNOLOGIES CORP,Industrial / Manufacturing,2022,0.5328457045019639,0.0451203545170712,0.0807168202284044,25.791314327243946,0.0,2023,No Pressure
0000101984,UNIVERSAL ELECTRONICS INC,Technology / Software / Electronics,2021,0.4592924827764584,0.0789324147444488,0.0386517996948148,20.05060340588635,0.0,2022,No Pressure
0000101984,UNIVERSAL ELECTRONICS INC,Technology / Software / Electronics,2022,0.4676205909596698,0.0216715625700418,0.0268041882926056,20.038410188430927,1.0,2023,Pressure
0000102729,VALMONT INDUSTRIES INC,Industrial / Manufacturing,2021,,0.0191277160425603,0.0819017156565259,21.960842358889867,0.0,2022,No Pressure
0000102729,VALMONT INDUSTRIES INC,Industrial / Manufacturing,2022,,0.0917248712115504,0.0997063460100109,21.99218220565008,0.0,2023,No Pressure
0000103145,VEECO INSTRUMENTS INC,Technology / Software / Electronics,2021,0.5131927882390631,0.0753546257074716,0.0972265321622488,20.616766896862664,0.0,2022,No Pressure
0000103145,VEECO INSTRUMENTS INC,Technology / Software / Electronics,2022,0.4878277726219948,0.0961572723574101,0.0933176710202325,20.84387421179269,0.0,2023,No Pressure
0000103379,V F CORP,Industrial / Manufacturing,2021,0.7353994930973944,0.0647784834414213,0.1378336474737034,23.31419838105375,0.0,2022,No Pressure
0000103379,V F CORP,Industrial / Manufacturing,2022,0.7919505738470309,-0.0468743477711427,0.0282190489107619,23.361643507145526,0.0,2023,No Pressure
0000103595,VILLAGE SUPER MARKET INC,Consumer / Retail,2021,,0.0592708244282365,0.0143636748705875,20.60561229403048,0.0,2022,No Pressure
0000103595,VILLAGE SUPER MARKET INC,Consumer / Retail,2022,,0.086132481221226,0.0188968523359552,20.64470736167149,0.0,2023,No Pressure
0000103730,VISHAY INTERTECHNOLOGY INC,Technology / Software / Electronics,2021,0.5070298315927972,0.1290067302484691,0.1443616345320934,21.988312197878948,0.0,2022,No Pressure
0000103730,VISHAY INTERTECHNOLOGY INC,Technology / Software / Electronics,2022,0.4696497590445909,0.1252797392833759,0.1759838234163025,22.075396457108223,0.0,2023,No Pressure
0000103872,"VOLT INFORMATION SCIENCES, INC.",Technology / Software / Electronics,2021,0.8804593547196506,0.0917594500661274,0.0054574635218484,19.376592112845746,,2022,Unknown
0000104169,WALMART INC.,Consumer / Retail,2021,,0.0987543902638242,0.045293441861602,26.223952455596265,0.0,2022,No Pressure
0000104169,WALMART INC.,Consumer / Retail,2022,,0.1185911010415424,0.0334179087142088,26.217137651440137,0.0,2023,No Pressure
0000104918,AVISTA CORP,Energy / Capital-intensive,2021,0.6856032822539685,0.0390073338281596,0.1586116408234973,22.64803741830871,0.0,2022,No Pressure
0000104918,AVISTA CORP,Energy / Capital-intensive,2022,0.6852423035181028,0.0167454683950467,0.1112391657851944,22.72708768761268,0.0,2023,No Pressure
0000105016,WATSCO INC,Consumer / Retail,2021,,0.1132798917384807,0.1000810166313386,21.85009654807128,0.0,2022,No Pressure
0000105016,WATSCO INC,Consumer / Retail,2022,,0.1639704444738769,0.1143165624281722,21.9726556946088,0.0,2023,No Pressure
0000105132,WD 40 CO,Industrial / Manufacturing,2021,0.5342152425715302,0.1969163394955404,0.1820105755067003,19.87976775059877,0.0,2022,No Pressure
0000105132,WD 40 CO,Industrial / Manufacturing,2022,0.5656777075490163,0.0059959244292474,0.1683242743147912,19.88923458696217,0.0,2023,No Pressure
0000105418,WEIS MARKETS INC,Consumer / Retail,2021,0.3615503997696908,0.1191897303026734,0.0347292892723421,21.37061773970935,0.0,2022,No Pressure
0000105418,WEIS MARKETS INC,Consumer / Retail,2022,0.3355108082586836,0.1112849960442028,0.033444187887289,21.39577654316634,0.0,2023,No Pressure
0000105634,"EMCOR GROUP, INC.",Industrial / Manufacturing,2021,0.5859392889316553,0.0585904923066405,0.0535967801542472,22.417310671500665,0.0,2022,No Pressure
0000105634,"EMCOR GROUP, INC.",Industrial / Manufacturing,2022,0.6426368427654673,0.0901300309687186,0.0509995377442642,22.43247795077957,0.0,2023,No Pressure
0000105770,WEST PHARMACEUTICAL SERVICES INC,Industrial / Manufacturing,2021,0.2952501659725994,0.1762327237612408,0.2656801808164995,21.92136140440124,0.0,2022,No Pressure
0000105770,WEST PHARMACEUTICAL SERVICES INC,Industrial / Manufacturing,2022,0.257658703826587,0.2001769520017695,0.2542519657764384,22.00885549422116,0.0,2023,No Pressure
0000106040,WESTERN DIGITAL CORP,Technology / Software / Electronics,2021,0.5897367212612888,0.0726312566967702,0.0720954969861718,23.986426453963183,0.0,2022,No Pressure
0000106040,WESTERN DIGITAL CORP,Technology / Software / Electronics,2022,0.5345976617540653,0.0715945009330134,0.1272282232746235,23.991274624402905,1.0,2023,Pressure
0000106532,WEYCO GROUP INC,Consumer / Retail,2021,0.2746887458718537,0.0230203805277544,0.0960316244521579,19.441933115543915,0.0,2022,No Pressure
0000106532,WEYCO GROUP INC,Consumer / Retail,2022,0.3144785989835282,-0.091555936562366,0.1147590387135843,19.604307976674534,0.0,2023,No Pressure
0000106640,WHIRLPOOL CORP /DE/,Technology / Software / Electronics,2021,,0.1072713827951688,0.1068000909711166,23.73314753365412,1.0,2022,Pressure
0000106640,WHIRLPOOL CORP /DE/,Technology / Software / Electronics,2022,,0.0811726232188741,-0.0535388359359156,23.56374682528751,0.0,2023,No Pressure
0000107140,"JOHN WILEY & SONS, INC.",Industrial / Manufacturing,2021,0.6833569374069873,0.1044333005748832,0.0955502984546492,21.96060736130846,0.0,2022,No Pressure
0000107140,"JOHN WILEY & SONS, INC.",Industrial / Manufacturing,2022,0.6602103998131895,0.1008717328609525,0.1052729619074687,21.935711148305376,0.0,2023,No Pressure
0000107263,"WILLIAMS COMPANIES, INC.",Energy / Capital-intensive,2021,,0.0828572628749054,0.2475769266961513,24.58635066727305,0.0,2022,No Pressure
0000107263,"WILLIAMS COMPANIES, INC.",Energy / Capital-intensive,2022,,0.1009435715318068,0.2752393980848153,24.603447236539047,0.0,2023,No Pressure
0000107687,WINNEBAGO INDUSTRIES INC,Industrial / Manufacturing,2021,0.4875594344329178,0.1150406265590402,0.1122419209404693,21.44721716097881,0.0,2022,No Pressure
0000107687,WINNEBAGO INDUSTRIES INC,Industrial / Manufacturing,2022,0.4773743232903966,0.1657752837907903,0.1176945900644044,21.60565101755068,0.0,2023,No Pressure
0000107815,WISCONSIN ELECTRIC POWER CO,Energy / Capital-intensive,2021,,0.0567146240588214,0.2370582617000955,23.37259169296631,0.0,2022,No Pressure
0000107815,WISCONSIN ELECTRIC POWER CO,Energy / Capital-intensive,2022,,0.0424095551324216,0.230941208264747,23.43266179883956,0.0,2023,No Pressure
0000107833,WISCONSIN PUBLIC SERVICE CORP,Energy / Capital-intensive,2021,,0.0702888208220408,0.1898875665724242,22.553556679383707,0.0,2022,No Pressure
0000107833,WISCONSIN PUBLIC SERVICE CORP,Energy / Capital-intensive,2022,,0.0429585022656808,0.1878781088953618,22.62668593452983,0.0,2023,No Pressure
0000108312,"WOODWARD, INC.",Technology / Software / Electronics,2021,0.4586216488666352,0.1135831204271616,,22.132056253893683,,2022,Unknown
0000108312,"WOODWARD, INC.",Technology / Software / Electronics,2022,0.5005519584410235,0.0508710750132801,,22.059961782612284,,2023,Unknown
0000108516,WORTHINGTON INDUSTRIES INC,Industrial / Manufacturing,2021,0.5399993181639637,0.0813397781661278,0.0528067946657484,21.939141026320467,0.0,2022,No Pressure
0000108516,WORTHINGTON INDUSTRIES INC,Industrial / Manufacturing,2022,0.5569717786574502,0.0192455551337446,0.0628108058820129,22.01607966870531,0.0,2023,No Pressure
0000109177,"SPECTRUM BRANDS HOLDINGS, INC.",Technology / Software / Electronics,2021,0.7230544528499738,0.0540034454347988,0.0323871785464127,22.398566393667465,0.0,2022,No Pressure
0000109177,"SPECTRUM BRANDS HOLDINGS, INC.",Technology / Software / Electronics,2022,0.7802652538264423,-0.0093150495186647,0.0074062250598563,22.47690798423448,1.0,2023,Pressure
0000109198,TJX COMPANIES INC /DE/,Consumer / Retail,2021,,0.1074254523433058,,24.071816658127258,,2022,Unknown
0000109198,TJX COMPANIES INC /DE/,Consumer / Retail,2022,,0.1440615189248298,,24.06785759316472,,2023,Unknown
0000109563,APPLIED INDUSTRIAL TECHNOLOGIES INC,Consumer / Retail,2021,0.5895135458249755,0.1063897593413525,0.0634917005030101,21.54384138745418,0.0,2022,No Pressure
0000109563,APPLIED INDUSTRIAL TECHNOLOGIES INC,Consumer / Retail,2022,0.5313705359399948,0.0764783975131575,0.0939093221255231,21.620409630921102,0.0,2023,No Pressure
0000110471,WOLVERINE WORLD WIDE INC /DE/,Industrial / Manufacturing,2021,,0.0335601608413238,0.0644747194500807,21.67353278476213,1.0,2022,Pressure
0000110471,WOLVERINE WORLD WIDE INC /DE/,Industrial / Manufacturing,2022,,-0.0717695671360372,-0.077622169249106,21.63663229770449,1.0,2023,Pressure
0000110621,RPM INTERNATIONAL INC/DE/,Industrial / Manufacturing,2021,,0.1225267548903568,,22.556322228058864,,2022,Unknown
0000110621,RPM INTERNATIONAL INC/DE/,Industrial / Manufacturing,2022,,0.0266456222142115,,22.62652285183121,,2023,Unknown
0000200406,JOHNSON & JOHNSON,Industrial / Manufacturing,2021,0.5933204408355217,0.1286136535946994,,25.92737142023721,,2022,Unknown
0000200406,JOHNSON & JOHNSON,Industrial / Manufacturing,2022,0.5901119661859984,0.1131082624427627,,25.95639380392012,,2023,Unknown
0000202058,"L3HARRIS TECHNOLOGIES, INC. /DE/",Industrial / Manufacturing,2021,,0.0774150796623354,,24.270264856292727,,2022,Unknown
0000202058,"L3HARRIS TECHNOLOGIES, INC. /DE/",Industrial / Manufacturing,2022,,0.0643717933420832,,24.2355274372129,0.0,2023,No Pressure
0000205402,GRAYBAR ELECTRIC CO INC,Consumer / Retail,2021,0.6311827956989248,0.0415444770283479,0.04681030647976,21.84461761290985,0.0,2022,No Pressure
0000205402,GRAYBAR ELECTRIC CO INC,Consumer / Retail,2022,0.593075671494492,0.0941292576885119,0.0620633353584447,22.044781648390853,0.0,2023,No Pressure
0000215466,"COEUR MINING, INC.",Energy / Capital-intensive,2021,,0.0636996071313671,,21.27394005420756,,2022,Unknown
0000215466,"COEUR MINING, INC.",Energy / Capital-intensive,2022,,0.0138754148513955,,21.33636443535724,,2023,Unknown
0000216085,HAVERTY FURNITURE COMPANIES INC,Consumer / Retail,2021,0.627023561468184,0.1416922875169389,,20.34681083834245,,2022,Unknown
0000216085,HAVERTY FURNITURE COMPANIES INC,Consumer / Retail,2022,0.5541184101662586,0.0785996126640669,,20.29101877412945,,2023,Unknown
0000216228,ITT INC.,Technology / Software / Electronics,2021,0.3743478992539406,-0.0023559768889886,0.1823869801084991,21.994542086762507,0.0,2022,No Pressure
0000216228,ITT INC.,Technology / Software / Electronics,2022,0.4028516255323651,0.0734597783244716,0.1566422331559393,22.05306920877256,,2023,Unknown
0000217346,TEXTRON INC,Industrial / Manufacturing,2021,0.569406710052442,0.1009667024704618,,23.48498317936074,,2022,Unknown
0000217346,TEXTRON INC,Industrial / Manufacturing,2022,0.5634321487755478,0.0913275639845332,,23.514001404728607,,2023,Unknown
0000275053,NATURES SUNSHINE PRODUCTS INC,Industrial / Manufacturing,2021,0.3765152158965365,0.1336866583743442,0.0780708154313147,19.371852018667266,0.0,2022,No Pressure
0000275053,NATURES SUNSHINE PRODUCTS INC,Industrial / Manufacturing,2022,0.3600475241319882,0.0030899389845851,0.0385342845630584,19.25262418772592,0.0,2023,No Pressure
0000275880,PARSONS CORP,Technology / Software / Electronics,2021,0.4943507337624708,0.0536615034430192,0.0361798102093793,22.066376041096184,0.0,2022,No Pressure
0000275880,PARSONS CORP,Technology / Software / Electronics,2022,0.5007469971239658,0.0565788389244575,0.0442560100989876,22.15790788364223,0.0,2023,No Pressure
0000277135,"W.W. GRAINGER, INC.",Consumer / Retail,2021,,0.1421419902912621,0.118798955613577,22.60912262970528,0.0,2022,No Pressure
0000277135,"W.W. GRAINGER, INC.",Consumer / Retail,2022,,0.1756721138639957,0.1454557394273706,22.749833889150967,0.0,2023,No Pressure
0000277509,FEDERAL SIGNAL CORP /DE/,Industrial / Manufacturing,2021,0.4261035063318937,0.0745187028768025,0.1077316188592153,21.035225802589725,0.0,2022,No Pressure
0000277509,FEDERAL SIGNAL CORP /DE/,Industrial / Manufacturing,2022,0.4352161647969559,0.0471035885324411,0.1120713688318929,21.144801125888108,0.0,2023,No Pressure
0000278166,CAVCO INDUSTRIES INC.,Industrial / Manufacturing,2021,,0.1248722912763253,0.1244476565889729,20.86734193906789,0.0,2022,No Pressure
0000278166,CAVCO INDUSTRIES INC.,Industrial / Manufacturing,2022,,0.1954876813394751,0.1384268448457632,20.99174597741345,0.0,2023,No Pressure
0000310142,SENSIENT TECHNOLOGIES CORP,Industrial / Manufacturing,2021,,0.0831959795885746,0.1231851298012554,21.280302874762,0.0,2022,No Pressure
0000310142,SENSIENT TECHNOLOGIES CORP,Industrial / Manufacturing,2022,,0.0060909945125539,0.1369141686481716,21.407177501617088,0.0,2023,No Pressure
0000310158,"MERCK & CO., INC.",Industrial / Manufacturing,2021,,0.1241508505686226,,25.38381396379328,,2022,Unknown
0000310158,"MERCK & CO., INC.",Industrial / Manufacturing,2022,,0.1749267130817149,,25.41608053279571,,2023,Unknown
0000310354,STANDEX INTERNATIONAL CORP/DE/,Technology / Software / Electronics,2021,,0.0868634401796673,0.0901586633995294,20.68475679153756,0.0,2022,No Pressure
0000310354,STANDEX INTERNATIONAL CORP/DE/,Technology / Software / Electronics,2022,,0.083168617748189,0.1200725107739423,20.65545690825109,0.0,2023,No Pressure
0000310764,STRYKER CORP,Industrial / Manufacturing,2021,0.5704137911120095,0.0942219398804539,0.1510404489127893,24.2680150716692,0.0,2022,No Pressure
0000310764,STRYKER CORP,Industrial / Manufacturing,2022,0.5495065611105087,0.0711419585728229,0.1539920862919399,24.33104368965041,0.0,2023,No Pressure
0000313143,HAEMONETICS CORP,Industrial / Manufacturing,2021,,0.0926277628951237,0.0813031868835557,21.34369930422953,0.0,2022,No Pressure
0000313143,HAEMONETICS CORP,Industrial / Manufacturing,2022,,0.1411280089930613,0.1335144524498143,21.383282720578634,0.0,2023,No Pressure
0000313616,DANAHER CORP /DE/,Industrial / Manufacturing,2021,,0.1004760530871321,0.2534546565714868,25.144320858599794,0.0,2022,No Pressure
0000313616,DANAHER CORP /DE/,Industrial / Manufacturing,2022,,0.1009958506224066,0.2760636776715071,25.158240645950244,0.0,2023,No Pressure
0000313927,CHURCH & DWIGHT CO INC /DE/,Industrial / Manufacturing,2021,0.5956731069843056,0.1242793722253485,0.2079150690738136,22.80226978302025,0.0,2022,No Pressure
0000313927,CHURCH & DWIGHT CO INC /DE/,Industrial / Manufacturing,2022,0.5818275498466258,0.1060678680981595,0.1112061909368256,22.845000290936323,0.0,2023,No Pressure
0000314203,MCEWEN MINING INC.,Energy / Capital-intensive,2021,0.2577373553558545,-0.0384949965831716,-0.4707743461670853,20.079558135419653,1.0,2022,Pressure
0000314203,MCEWEN MINING INC.,Energy / Capital-intensive,2022,0.3261562380016606,-0.1108509435068533,-0.8643324850340074,20.08596765965578,1.0,2023,Pressure
0000314808,VALARIS LTD,Energy / Capital-intensive,2021,,-0.0100413919975471,-0.014251497005988,21.68230949826948,0.0,2022,No Pressure
0000314808,VALARIS LTD,Energy / Capital-intensive,2022,,0.0445757438030975,0.0232137285491419,21.77419235173157,0.0,2023,No Pressure
0000315189,DEERE & CO,Technology / Software / Electronics,2021,0.7808450436312623,0.0918515348217894,,25.155438858572754,,2022,Unknown
0000315189,DEERE & CO,Technology / Software / Electronics,2022,0.7738864822836832,0.0521937132067088,,25.223408785077904,,2023,Unknown
0000315213,ROBERT HALF INTERNATIONAL INC.,Technology / Software / Electronics,2021,0.5322211831284746,0.2042895189914234,,21.80587034909528,,2022,Unknown
0000315213,ROBERT HALF INTERNATIONAL INC.,Technology / Software / Electronics,2022,0.4708840109995385,0.2306469110348903,,21.80997017354068,,2023,Unknown
0000315374,HURCO COMPANIES INC,Industrial / Manufacturing,2021,,0.0966404853800291,0.0435723548544824,19.62345783670005,0.0,2022,No Pressure
0000315374,HURCO COMPANIES INC,Industrial / Manufacturing,2022,,-0.0129507538279175,0.0508225218687952,19.53986987320808,0.0,2023,No Pressure
0000315852,RANGE RESOURCES CORP,Energy / Capital-intensive,2021,0.6868612254292353,0.1190521982785995,,22.61946144487753,,2022,Unknown
0000315852,RANGE RESOURCES CORP,Energy / Capital-intensive,2022,0.5659227096508945,0.281446917257736,,22.61420103556043,,2023,Unknown
0000317540,"COCA-COLA CONSOLIDATED, INC.",Industrial / Manufacturing,2021,0.7934199566399754,0.151427775375337,0.0789490525667866,21.96035518520005,0.0,2022,No Pressure
0000317540,"COCA-COLA CONSOLIDATED, INC.",Industrial / Manufacturing,2022,0.6993194583163164,0.149480866251791,0.1033787204136393,22.03417506480481,0.0,2023,No Pressure
0000318154,AMGEN INC,Industrial / Manufacturing,2021,,0.151410120166762,0.2940451903460487,24.83684096746164,0.0,2022,No Pressure
0000318154,AMGEN INC,Industrial / Manufacturing,2022,,0.1492759632069532,0.363408426091251,24.899512914803505,0.0,2023,No Pressure
0000319201,KLA CORP,Industrial / Manufacturing,2021,0.6713463881849737,0.2127348477148168,,23.05260229998097,,2022,Unknown
0000319201,KLA CORP,Industrial / Manufacturing,2022,0.8889354428579049,0.2629736332714354,,23.256731513161828,,2023,Unknown
0000320121,TELOS CORP,Technology / Software / Electronics,2021,0.2675013511811152,0.0295106082956424,-0.1710328214393255,19.32117131205612,1.0,2022,Pressure
0000320121,TELOS CORP,Technology / Software / Electronics,2022,0.2739840857298112,0.0695375257480086,-0.2482859738020259,19.2852444073726,1.0,2023,Pressure
0000320187,"NIKE, INC.",Industrial / Manufacturing,2021,,0.1763910969793322,,24.353986376913312,,2022,Unknown
0000320187,"NIKE, INC.",Industrial / Manufacturing,2022,,0.1286674437637955,,24.42013826201408,,2023,Unknown
0000320193,APPLE INC,Technology / Software / Electronics,2021,0.8202574344305731,0.2964028694993191,0.2978237752756159,26.58405775840459,0.0,2022,No Pressure
0000320193,APPLE INC,Technology / Software / Electronics,2022,0.8563535598361469,0.3462771612025343,0.3028874439552859,26.58903960192615,0.0,2023,No Pressure
0000350698,"AUTONATION, INC.",Consumer / Retail,2021,,0.181996064224697,0.0736263736263736,22.914204029751733,0.0,2022,No Pressure
0000350698,"AUTONATION, INC.",Consumer / Retail,2022,,0.1658200542759724,0.0750231610153789,23.031803180199194,0.0,2023,No Pressure
0000350868,"ITERIS, INC.",Technology / Software / Electronics,2021,0.3918248498611363,-0.045267164096437,-0.0501152936244123,18.65482754487352,1.0,2022,Pressure
0000350868,"ITERIS, INC.",Technology / Software / Electronics,2022,0.4373043276025547,-0.0432581354992217,-0.0930138671724809,18.53216845892719,0.0,2023,No Pressure
0000351817,"SILVERBOW RESOURCES, INC.",Energy / Capital-intensive,2021,,0.2632557776275422,0.6023919449901768,20.52414882400536,0.0,2022,No Pressure
0000351817,"SILVERBOW RESOURCES, INC.",Energy / Capital-intensive,2022,,0.1929901734016483,0.6182142762337076,21.26347277205774,0.0,2023,No Pressure
0000351834,SUNOPTA INC.,Consumer / Retail,2021,0.5588390703981756,-0.0283822814682189,0.0015493020142156,20.442385912011552,0.0,2022,No Pressure
0000351834,SUNOPTA INC.,Consumer / Retail,2022,0.5942417614260409,0.0707774241340792,0.0030770481735643,20.567608023129736,0.0,2023,No Pressure
0000352541,ALLIANT ENERGY CORP,Energy / Capital-intensive,2021,,0.0313695898237481,0.2166802943581357,23.64389733804505,0.0,2022,No Pressure
0000352541,ALLIANT ENERGY CORP,Energy / Capital-intensive,2022,,0.0241035560184496,0.2206896551724138,23.727115078651945,0.0,2023,No Pressure
0000352825,FOSTER L B CO,Consumer / Retail,2021,,-0.0023643077102701,0.0087048790934932,19.65205955238765,1.0,2022,Pressure
0000352825,FOSTER L B CO,Consumer / Retail,2022,,-0.0289507541540061,-0.0144845094543283,19.7162568688887,0.0,2023,No Pressure
0000353569,QUIDEL CORP /DE/,Industrial / Manufacturing,2021,,0.3315822996789794,0.5334340858767267,21.611310992332506,,2022,Unknown
0000354707,HAWAIIAN ELECTRIC INDUSTRIES INC,Energy / Capital-intensive,2021,0.8467273817885097,0.0237427553953238,0.1354437427443859,23.484707473195304,0.0,2022,No Pressure
0000354707,HAWAIIAN ELECTRIC INDUSTRIES INC,Energy / Capital-intensive,2022,0.8626407219149995,0.0279089406913824,0.1018371265518167,23.5134638515697,0.0,2023,No Pressure
0000354950,"HOME DEPOT, INC.",Consumer / Retail,2021,1.0235961934442652,0.230549835828371,0.1524243005616676,24.998208249024533,0.0,2022,No Pressure
0000354950,"HOME DEPOT, INC.",Consumer / Retail,2022,0.9795670089606908,0.1911832036104389,0.1527226291747933,25.05983736497207,0.0,2023,No Pressure
0000355811,GENTEX CORP,Industrial / Manufacturing,2021,0.0907401241429373,0.1699207389883683,0.2367081192524572,21.480040733518088,0.0,2022,No Pressure
0000355811,GENTEX CORP,Industrial / Manufacturing,2022,0.1123383213252288,0.1453232125937548,0.1928161625782873,21.567944523862867,0.0,2023,No Pressure
0000355948,RICHARDSON ELECTRONICS LTD/DE,Consumer / Retail,2021,0.2245124495224972,0.0053077134089937,0.0163165420460389,18.870181882429605,0.0,2022,No Pressure
0000355948,"RICHARDSON ELECTRONICS, LTD.",Consumer / Retail,2022,0.2445347821976543,0.0106273530605775,0.071039978630576,19.00746135294992,0.0,2023,No Pressure
0000357294,HOVNANIAN ENTERPRISES INC,Industrial / Manufacturing,2021,0.9244199976901608,0.0905892158096416,,21.565051964603363,,2022,Unknown
0000357294,HOVNANIAN ENTERPRISES INC,Industrial / Manufacturing,2022,0.8504892604692372,0.0349199658083629,,21.664065750344587,,2023,Unknown
0000700841,"RCM TECHNOLOGIES, INC.",Technology / Software / Electronics,2021,0.6435375830450777,0.0125597100971833,0.0693366033108522,18.10394055762703,0.0,2022,No Pressure
0000700841,"RCM TECHNOLOGIES, INC.",Technology / Software / Electronics,2022,0.6366468100586603,0.3215292619708062,0.1011591962905718,18.29243820920116,0.0,2023,No Pressure
0000700923,MYR GROUP INC.,Industrial / Manufacturing,2021,0.536967528088685,0.1224056544868752,0.0474564792143743,20.837569048141628,0.0,2022,No Pressure
0000700923,MYR GROUP INC.,Industrial / Manufacturing,2022,0.5995304741439088,0.1197290933032516,0.0381935834699997,21.058922027120847,0.0,2023,No Pressure
0000701288,ATRION CORP,Industrial / Manufacturing,2021,0.0859375,0.1451673251915708,0.2184244495754777,19.403747495645906,0.0,2022,No Pressure
0000701288,ATRION CORP,Industrial / Manufacturing,2022,0.0950882468494061,0.1087559309740397,0.2162708576286334,19.394153004288214,,2023,Unknown
0000701719,ENVELA CORP,Consumer / Retail,2022,0.3922819003757568,0.1405762815432349,0.0763306446267043,18.08208719894664,0.0,2023,No Pressure
0000701985,"BATH & BODY WORKS, INC.",Consumer / Retail,2021,,0.2475937603717225,0.2548845470692717,22.519349277820467,0.0,2022,No Pressure
0000701985,"BATH & BODY WORKS, INC.",Consumer / Retail,2022,,0.2082271568984346,0.182010582010582,22.42692242480151,0.0,2023,No Pressure
0000703351,"BRINKER INTERNATIONAL, INC",Consumer / Retail,2021,,0.1625126379181502,0.0597099886152555,21.54520193277885,0.0,2022,No Pressure
0000703351,"BRINKER INTERNATIONAL, INC",Consumer / Retail,2022,,0.1015134438898728,0.0419284456244578,21.63329701905193,0.0,2023,No Pressure
0000703604,LAWSON PRODUCTS INC/NEW/DE/,Consumer / Retail,2021,0.4807598465003884,0.0212721104635048,0.0286953628274519,19.3613010996176,0.0,2022,No Pressure
0000703604,"DISTRIBUTION SOLUTIONS GROUP, INC.",Consumer / Retail,2022,0.5368621515124095,-0.0090728111812176,0.0362907778381861,20.918511846185968,0.0,2023,No Pressure
0000704532,ONTO INNOVATION INC.,Industrial / Manufacturing,2021,0.1356262800693169,0.106242949958571,0.1982598532892043,21.223927785708987,0.0,2022,No Pressure
0000704532,ONTO INNOVATION INC.,Industrial / Manufacturing,2022,0.1105582988785216,0.0761634732010186,0.2354934375133682,21.308194533411264,0.0,2023,No Pressure
0000704562,"AVID BIOSERVICES, INC.",Industrial / Manufacturing,2022,0.5939773359110186,0.022019667646094,0.1289497228191342,19.878930586028066,0.0,2023,No Pressure
0000707388,"STAR EQUITY HOLDINGS, INC.",Industrial / Manufacturing,2021,0.4747839887145124,-0.0947804619996473,-0.1088129580795615,18.03578269147881,1.0,2022,Pressure
0000707388,"STAR EQUITY HOLDINGS, INC.",Industrial / Manufacturing,2022,0.4303702491064364,-0.0526179367547952,-0.0276858877763015,18.11009846525645,,2023,Unknown
0000707549,LAM RESEARCH CORP,Technology / Software / Electronics,2021,0.6207443774763796,0.225782071553305,0.3064390150518079,23.48909123947673,0.0,2022,No Pressure
0000707549,LAM RESEARCH CORP,Technology / Software / Electronics,2022,0.6348859989560139,0.1802593821500716,0.3124055155386831,23.56792123508396,0.0,2023,No Pressure
0000708781,CASS INFORMATION SYSTEMS INC,Technology / Software / Electronics,2021,0.903793532508696,0.0135218546628616,,21.66127931268896,,2022,Unknown
0000708781,CASS INFORMATION SYSTEMS INC,Technology / Software / Electronics,2022,0.9198122208779324,0.0200573411119916,,21.668347309576447,,2023,Unknown
0000708818,"NEXTGEN HEALTHCARE, INC.",Technology / Software / Electronics,2021,0.3259590169419157,0.0853070224352131,0.0111645845560493,20.25753148296205,0.0,2022,No Pressure
0000708818,"NEXTGEN HEALTHCARE, INC.",Technology / Software / Electronics,2022,0.5531363094115507,0.0487221864499649,-0.0059188085221044,20.613563688916653,,2023,Unknown
0000708821,PAR TECHNOLOGY CORP,Technology / Software / Electronics,2021,0.432139201868155,-0.0598503179083689,-0.1904756854593532,20.604650080799537,1.0,2022,Pressure
0000708821,PAR TECHNOLOGY CORP,Technology / Software / Electronics,2022,0.5611037154708736,-0.0503826366484258,-0.1631051588695737,20.56644593240636,1.0,2023,Pressure
0000709283,QUANTUM CORP /DE/,Technology / Software / Electronics,2021,1.6282788206412575,-0.1672725469288566,-0.0371217749787434,19.12196969516339,1.0,2022,Pressure
0000709283,QUANTUM CORP /DE/,Technology / Software / Electronics,2022,1.4066705045938117,-0.0229058724965716,-0.0630087800907082,19.17988248806412,1.0,2023,Pressure
0000711377,NEOGEN CORP,Industrial / Manufacturing,2021,0.086737333078314,0.0881218267492001,0.158325488463238,20.64009290297236,0.0,2022,No Pressure
0000711377,NEOGEN CORP,Industrial / Manufacturing,2022,0.1063066946377837,0.0685225227584248,0.111196052803803,20.71616971995676,0.0,2023,No Pressure
0000711404,"COOPER COMPANIES, INC.",Industrial / Manufacturing,2021,0.2773417168078949,0.0768878432678894,0.173071000855432,22.98567456039704,0.0,2022,No Pressure
0000711404,"COOPER COMPANIES, INC.",Industrial / Manufacturing,2022,0.3756950305856965,0.0602490363112692,0.1534276387377584,23.16494308292634,0.0,2023,No Pressure
0000712034,ACCO BRANDS CORP,Industrial / Manufacturing,2021,0.7202471452139877,0.0516287645974185,0.0745568557744531,21.8518575516792,0.0,2022,No Pressure
0000712034,ACCO BRANDS CORP,Industrial / Manufacturing,2022,0.7101298887179304,0.0277668443840125,0.017868145409735,21.7509906036246,0.0,2023,No Pressure
0000712515,ELECTRONIC ARTS INC.,Technology / Software / Electronics,2021,0.447463768115942,0.1376086956521739,0.1614933485910456,23.34793442918204,0.0,2022,No Pressure
0000712515,ELECTRONIC ARTS INC.,Technology / Software / Electronics,2022,0.4581321049112118,0.1151645738910766,0.1793697818475626,23.32291386427229,0.0,2023,No Pressure
0000713425,AMERICAN SOFTWARE INC,Technology / Software / Electronics,2021,0.3091382220290476,0.1002274818381435,0.0391444061467758,18.99254690867549,0.0,2022,No Pressure
0000713425,AMERICAN SOFTWARE INC,Technology / Software / Electronics,2022,0.3104156403142583,0.1504913527108668,0.1031414392448629,19.077345464120675,0.0,2023,No Pressure
0000715787,INTERFACE INC,Industrial / Manufacturing,2021,0.7267801304756112,0.0651769059521509,0.0873018782103935,21.00848763615644,0.0,2022,No Pressure
0000715787,INTERFACE INC,Industrial / Manufacturing,2022,0.7145391680872449,0.033999919463278,0.0580914525482715,20.959525396925503,0.0,2023,No Pressure
0000715957,"DOMINION ENERGY, INC",Energy / Capital-intensive,2021,0.7096294808715734,0.0405361984134953,0.2161987969063305,25.3243275949,0.0,2022,No Pressure
0000715957,"DOMINION ENERGY, INC",Energy / Capital-intensive,2022,0.7325383958635112,0.0354939900041249,0.0929311750320251,25.36999054909753,0.0,2023,No Pressure
0000716314,GRAHAM CORP,Technology / Software / Electronics,2021,0.4746939153251928,-0.0120800692467241,-0.092359177292491,19.028765561505843,0.0,2022,No Pressure
0000716314,GRAHAM CORP,Technology / Software / Electronics,2022,0.5246471620945674,0.068233309467531,0.0079558039180743,19.13322851512022,0.0,2023,No Pressure
0000717423,MURPHY OIL CORP,Energy / Capital-intensive,2021,0.5807063408423533,0.138007887479209,0.122401307191248,23.055889228952623,0.0,2022,No Pressure
0000717423,MURPHY OIL CORP,Energy / Capital-intensive,2022,0.5005415681438812,0.2114903629389292,0.4034697108472582,23.056278481021103,0.0,2023,No Pressure
0000717605,HEXCEL CORP /DE/,Industrial / Manufacturing,2021,0.4731148471305951,0.0538057742782152,0.0391031931758133,21.759789933655785,0.0,2022,No Pressure
0000717605,HEXCEL CORP /DE/,Industrial / Manufacturing,2022,0.4522257075388574,0.0610087054594156,0.1110477277048868,21.766118733040727,0.0,2023,No Pressure
0000718877,"ACTIVISION BLIZZARD, INC.",Technology / Software / Electronics,2021,0.2976133461047254,0.0963441890166028,0.3702146995342497,23.94437915679472,0.0,2022,No Pressure
0000718877,"ACTIVISION BLIZZARD, INC.",Technology / Software / Electronics,2022,0.297264726290034,0.0810721980791001,0.2218384697130712,24.03318821986948,,2023,Unknown
0000718937,STAAR SURGICAL CO,Industrial / Manufacturing,2021,0.2522427684815113,0.1271393784451295,0.1446553160470686,19.66130751149168,0.0,2022,No Pressure
0000718937,STAAR SURGICAL CO,Industrial / Manufacturing,2022,0.199340560812537,0.0860813983195869,0.1540203452289277,19.843543267263048,0.0,2023,No Pressure
0000719413,HECLA MINING CO/DE/,Energy / Capital-intensive,2021,0.3547413376096816,0.0807447794055133,0.1033099558746856,21.72713072112246,0.0,2022,No Pressure
0000719413,HECLA MINING CO/DE/,Energy / Capital-intensive,2022,0.3239321092166773,0.0307088206637669,0.0173013124126275,21.797302606510105,0.0,2023,No Pressure
0000719733,KEY TRONIC CORP,Technology / Software / Electronics,2021,0.6581280434217872,-0.0415978068017886,0.0183652144407728,19.70672926767465,0.0,2022,No Pressure
0000719733,KEY TRONIC CORP,Technology / Software / Electronics,2022,0.6931163881127388,-0.0120587924496772,0.0165377057811457,19.82413453877661,0.0,2023,No Pressure
0000719955,WILLIAMS SONOMA INC,Consumer / Retail,2021,0.640219689468655,0.2964244793130434,0.1762220807922836,22.2548762531966,0.0,2022,No Pressure
0000719955,WILLIAMS SONOMA INC,Consumer / Retail,2022,0.6352036964917127,0.2257813398023939,0.1727403697562614,22.262928286248584,0.0,2023,No Pressure
0000720500,AMTECH SYSTEMS INC,Technology / Software / Electronics,2022,0.2633486602662992,0.0389713481210777,0.1626182994976387,18.709866692515384,1.0,2023,Pressure
0000721371,CARDINAL HEALTH INC,Consumer / Retail,2021,,0.0546419814185769,0.0029052053647817,24.517698288214923,0.0,2022,No Pressure
0000721371,CARDINAL HEALTH INC,Consumer / Retail,2022,,0.0711518300742969,-0.0032862089499569,24.50467889248607,0.0,2023,No Pressure
0000722313,NORTECH SYSTEMS INC,Technology / Software / Electronics,2021,0.6108121804713001,-0.0676692850009688,0.0197277021394831,18.021560479684137,0.0,2022,No Pressure
0000722313,NORTECH SYSTEMS INC,Technology / Software / Electronics,2022,0.5962036238136325,0.0776819096922634,0.0289883166943775,18.057412698924203,0.0,2023,No Pressure
0000723125,MICRON TECHNOLOGY INC,Technology / Software / Electronics,2021,0.2534622508453839,0.2118642627742187,0.2267821692835228,24.79824067817188,0.0,2022,No Pressure
0000723125,MICRON TECHNOLOGY INC,Technology / Software / Electronics,2022,0.2470618408943469,0.2290330854065144,0.3154301319981793,24.91719929101817,1.0,2023,Pressure
0000723254,CINTAS CORP,Industrial / Manufacturing,2021,,0.165202044526148,0.1946916532936874,22.83188054839008,0.0,2022,No Pressure
0000723254,CINTAS CORP,Industrial / Manufacturing,2022,,0.1887291868575137,0.2020979420734133,22.820947020513525,0.0,2023,No Pressure
0000723603,CULP INC,Industrial / Manufacturing,2021,0.3973934977578475,0.1003269805680119,0.040290938208995,19.181860339575287,0.0,2022,No Pressure
0000723603,CULP INC,Industrial / Manufacturing,2022,0.3269937993838806,-0.0982242922230419,0.0022995600989014,18.99483603911641,1.0,2023,Pressure
0000724004,MESA LABORATORIES INC /CO/,Industrial / Manufacturing,2021,0.4432877324281952,0.0554491361651415,0.0255079068001193,20.37706301274071,0.0,2022,No Pressure
0000724004,MESA LABORATORIES INC /CO/,Industrial / Manufacturing,2022,0.4054684572519914,0.0422811227018337,0.0151542815409895,20.310522306770505,0.0,2023,No Pressure
0000726958,CASEYS GENERAL STORES INC,Consumer / Retail,2021,0.566694407613455,0.1802760971536981,,22.218485004311813,,2022,Unknown
0000726958,CASEYS GENERAL STORES INC,Consumer / Retail,2022,0.5929989302054405,0.143258205542226,,22.429055205232352,,2023,Unknown
0000728391,"IPALCO ENTERPRISES, INC.",Energy / Capital-intensive,2021,0.8369423678571967,0.0429822547452968,0.1757691433892514,22.37954286883273,0.0,2022,No Pressure
0000728391,"IPALCO ENTERPRISES, INC.",Energy / Capital-intensive,2022,0.8048888448357855,0.061966852584281,0.1301270126711283,22.44410450617709,0.0,2023,No Pressure
0000728447,"EVO TRANSPORTATION & ENERGY SERVICES, INC.",Consumer / Retail,2021,1.3324612295872391,0.1861295983053258,0.0634309827099099,18.655863539849182,0.0,2022,No Pressure
0000728447,"EVO TRANSPORTATION & ENERGY SERVICES, INC.",Consumer / Retail,2022,1.1247285656334265,0.083939835031538,-0.012193192860348,18.649575732000027,,2023,Unknown
0000729580,BEL FUSE INC /NJ,Technology / Software / Electronics,2021,0.5921761623613352,0.0090495969490823,0.0575112144752288,20.053534358463743,0.0,2022,No Pressure
0000729580,BEL FUSE INC /NJ,Technology / Software / Electronics,2022,0.5319145139937124,0.071827729068311,0.0995776733977038,20.14427914029593,0.0,2023,No Pressure
0000730255,CALAMP CORP.,Technology / Software / Electronics,2021,0.8074421384081455,-0.010771717728899,-0.0455315222130956,19.785702951100465,1.0,2022,Pressure
0000730255,CALAMP CORP.,Technology / Software / Electronics,2022,0.9623618857202988,-0.060328317373461,-0.0836924349633326,19.755997552938137,,2023,Unknown
0000730263,THOR INDUSTRIES INC,Industrial / Manufacturing,2021,,0.079121586609615,,22.61849723973328,,2022,Unknown
0000730263,THOR INDUSTRIES INC,Industrial / Manufacturing,2022,,0.1336710792950233,,22.72584415284104,,2023,Unknown
0000730272,REPLIGEN CORP,Industrial / Manufacturing,2021,0.2579286230989919,0.0504657061662498,0.2494265764301288,21.58122975544412,0.0,2022,No Pressure
0000730272,REPLIGEN CORP,Industrial / Manufacturing,2022,0.2431846214417952,0.0681609152606016,0.2802993252954328,21.649371445351697,0.0,2023,No Pressure
0000731802,ATMOS ENERGY CORP,Energy / Capital-intensive,2021,,-0.0552944917914338,0.2655908014403564,23.69923724438321,0.0,2022,No Pressure
0000731802,ATMOS ENERGY CORP,Energy / Capital-intensive,2022,,0.0440492265372636,0.2191946901012028,23.82304226518016,0.0,2023,No Pressure
0000732834,"CONTINENTAL RESOURCES, INC",Energy / Capital-intensive,2021,,0.2137500550666391,0.4304149550698177,23.645949400261408,0.0,2022,No Pressure
0000732834,"CONTINENTAL RESOURCES, INC",Energy / Capital-intensive,2022,,0.3371765489131085,0.5651092476145559,23.76197857389776,0.0,2023,No Pressure
0000733269,"LIVERAMP HOLDINGS, INC.",Technology / Software / Electronics,2021,,0.0585400708985886,-0.1239707409530186,21.011249864555143,0.0,2022,No Pressure
0000733269,"LIVERAMP HOLDINGS, INC.",Technology / Software / Electronics,2022,,0.0293689024416241,-0.2108675574060943,20.88257717847977,0.0,2023,No Pressure
0000737758,TORO CO,Technology / Software / Electronics,2021,,0.1891834176844428,0.1308925382060337,21.800361630826128,0.0,2022,No Pressure
0000737758,TORO CO,Technology / Software / Electronics,2022,,0.0835692258544577,0.1275096563153565,21.99190159244943,0.0,2023,No Pressure
0000738214,"AEMETIS, INC",Industrial / Manufacturing,2021,,-0.1283769919978113,-0.0746641880829822,18.895864688415653,1.0,2022,Pressure
0000738214,"AEMETIS, INC",Industrial / Manufacturing,2022,,-0.1104029664822271,-0.1341101620580633,19.148779929102425,1.0,2023,Pressure
0000742112,INVACARE CORP,Industrial / Manufacturing,2021,,-0.0157322840013149,-0.0277767271051753,20.62843964110295,1.0,2022,Pressure
0000742112,INVACARE CORP,Industrial / Manufacturing,2022,,-0.0716643600456049,-0.1084837805517618,20.46315872449363,,2023,Unknown
0000742278,RPC INC,Energy / Capital-intensive,2021,0.2575000144614833,0.0552070016717474,0.0188350720116911,20.57750569242051,0.0,2022,No Pressure
0000742278,RPC INC,Energy / Capital-intensive,2022,0.2402788984714967,0.1782849267457505,0.1797645343065948,20.844609637548075,0.0,2023,No Pressure
0000743238,"SHYFT GROUP, INC.",Industrial / Manufacturing,2021,0.4041646292314459,0.1652477186307542,0.0847476083694968,19.92000687353596,0.0,2022,No Pressure
0000743238,"SHYFT GROUP, INC.",Industrial / Manufacturing,2022,0.5371183552950054,-0.0324610107824373,0.0462525945223937,20.179367629884453,0.0,2023,No Pressure
0000743316,MAXIM INTEGRATED PRODUCTS INC,Technology / Software / Electronics,2021,0.4658662125237586,0.2043421998943644,0.3592363085079025,22.23246321555101,,2022,Unknown
0000744187,REX AMERICAN RESOURCES CORP,Industrial / Manufacturing,2021,,0.1666378976708015,,20.126084986331744,,2022,Unknown
0000744187,REX AMERICAN RESOURCES CORP,Industrial / Manufacturing,2022,,0.0945427629365453,,20.17781253759574,,2023,Unknown
0000745732,"ROSS STORES, INC.",Consumer / Retail,2021,,0.1274792056688672,,23.33629125758736,,2022,Unknown
0000745732,"ROSS STORES, INC.",Consumer / Retail,2022,,0.1259179114495378,,23.319748371977965,,2023,Unknown
0000746598,BRADY CORP,Industrial / Manufacturing,2021,0.3010170160754153,0.1492753433844599,0.1460009539634034,21.043721926370463,0.0,2022,No Pressure
0000746598,BRADY CORP,Industrial / Manufacturing,2022,0.3335210468269594,0.0866278270383491,0.1482356446928026,21.036127233525285,0.0,2023,No Pressure
0000746838,UNISYS CORP,Technology / Software / Electronics,2021,,0.0547633808638148,0.0749610591900311,21.60682674461096,0.0,2022,No Pressure
0000746838,UNISYS CORP,Technology / Software / Electronics,2022,,0.0061483346243222,0.0263649679276731,21.448686578540773,0.0,2023,No Pressure
0000750004,SCIENTIFIC GAMES CORP,Technology / Software / Electronics,2021,1.2671571736648484,0.0868958518330584,0.051091500232234,22.78797437915104,0.0,2022,No Pressure
0000750004,"LIGHT & WONDER, INC.",Technology / Software / Electronics,2022,0.8067898152770844,-0.0634048926610084,0.1086783439490445,22.51652418246461,0.0,2023,No Pressure
0000751365,VIRCO MFG CORPORATION,Industrial / Manufacturing,2021,,-0.0031713393174898,-0.0018179063778215,18.655317996886367,0.0,2022,No Pressure
0000751365,VIRCO MFG CORPORATION,Industrial / Manufacturing,2022,,-0.0252321383371301,0.0469047536613232,18.826985506119044,0.0,2023,No Pressure
0000751978,VICOR CORP,Technology / Software / Electronics,2021,0.1116920401085487,0.1140893326767322,0.1547233445754165,19.98345672801577,0.0,2022,No Pressure
0000751978,VICOR CORP,Technology / Software / Electronics,2022,0.1351552707109876,0.0427248226395555,0.0681594371039318,20.10132427979784,0.0,2023,No Pressure
0000752714,MCGRATH RENTCORP,Technology / Software / Electronics,2021,0.5413189583978204,0.1226516768321338,0.2146788514881661,21.190719969610903,0.0,2022,No Pressure
0000752714,MCGRATH RENTCORP,Technology / Software / Electronics,2022,0.5292632113940149,0.1138464637285372,0.2256211647767922,21.258497593832423,0.0,2023,No Pressure
0000755001,UNITIL CORP,Energy / Capital-intensive,2021,,0.0699863662922807,0.1643777730826114,21.15524304024391,0.0,2022,No Pressure
0000755001,UNITIL CORP,Energy / Capital-intensive,2022,,0.0614310865191146,0.1429332386363636,21.187251394495355,0.0,2023,No Pressure
0000763532,LSI INDUSTRIES INC,Technology / Software / Electronics,2021,,0.0976532401741853,0.0254426320925693,19.47436888925297,0.0,2022,No Pressure
0000763532,LSI INDUSTRIES INC,Technology / Software / Electronics,2022,,-0.0124180275170374,0.0465833186851819,19.555560675005623,0.0,2023,No Pressure
0000763744,LCI INDUSTRIES,Industrial / Manufacturing,2021,0.6676265946168206,-0.0339324240730344,0.0890760093965676,21.91357390284361,0.0,2022,No Pressure
0000763744,LCI INDUSTRIES,Industrial / Manufacturing,2022,0.5746703329194016,0.1855652386020933,0.1062056486637682,21.90097022806759,0.0,2023,No Pressure
0000764065,CLEVELAND-CLIFFS INC.,Energy / Capital-intensive,2021,0.6957048748353096,0.1467720685111989,0.1962433965955781,23.666388160280807,0.0,2022,No Pressure
0000764065,CLEVELAND-CLIFFS INC.,Energy / Capital-intensive,2022,0.571207677952546,0.1291922154092242,0.0843446865892383,23.654726220533583,0.0,2023,No Pressure
0000764180,"ALTRIA GROUP, INC.",Industrial / Manufacturing,2021,1.0406345672140274,0.2126609822128887,0.4443931880213739,24.400148617901465,0.0,2022,No Pressure
0000764180,"ALTRIA GROUP, INC.",Industrial / Manufacturing,2022,1.1061590084970505,0.2234128917031985,0.4749362448198916,24.332939732906432,0.0,2023,No Pressure
0000764401,INSTEEL INDUSTRIES INC,Industrial / Manufacturing,2021,,0.1788487625092779,,19.78347615734293,,2022,Unknown
0000764401,INSTEEL INDUSTRIES INC,Industrial / Manufacturing,2022,,0.012019205290994,,19.971949145442423,,2023,Unknown
0000764478,BEST BUY CO INC,Consumer / Retail,2021,,0.1857861060329067,0.0587121578022062,23.58569526324311,0.0,2022,No Pressure
0000764478,BEST BUY CO INC,Consumer / Retail,2022,,0.1154211225716636,0.0387705732429046,23.48346563243666,0.0,2023,No Pressure
0000764622,PINNACLE WEST CAPITAL CORP,Energy / Capital-intensive,2021,,0.0390858211583739,0.2117100242255513,23.81445473417221,0.0,2022,No Pressure
0000764622,PINNACLE WEST CAPITAL CORP,Energy / Capital-intensive,2022,,0.054632701393123,0.1692520439322585,23.84666128757204,0.0,2023,No Pressure
0000766829,SJW GROUP,Energy / Capital-intensive,2021,,0.0372351924682059,0.1937627900977189,21.973853584506017,0.0,2022,No Pressure
0000766829,SJW GROUP,Energy / Capital-intensive,2022,,0.0457517761265685,0.2110172741010926,22.01322108937116,0.0,2023,No Pressure
0000768835,BIG LOTS INC,Consumer / Retail,2021,,0.0493377941273455,0.0389804056610384,22.09120603649197,1.0,2022,Pressure
0000768835,BIG LOTS INC,Consumer / Retail,2022,,-0.0390920339610791,-0.0478208242408238,22.029144566969634,1.0,2023,Pressure
0000768899,"TRUEBLUE, INC.",Technology / Software / Electronics,2021,0.5227888187095563,0.0197827000094848,0.0314875355512596,20.75595178437454,0.0,2022,No Pressure
0000768899,"TRUEBLUE, INC.",Technology / Software / Electronics,2022,0.5131340935130978,0.1182088035408786,0.0320226742803604,20.742487904573963,1.0,2023,Pressure
0000769397,"AUTODESK, INC.",Technology / Software / Electronics,2021,,0.1779174606125389,0.1407988327557906,22.87581842555976,0.0,2022,No Pressure
0000769397,"AUTODESK, INC.",Technology / Software / Electronics,2022,,0.2194320830684467,0.1976023976023976,22.96800993035656,0.0,2023,No Pressure
0000769520,MIDDLEBY CORP,Technology / Software / Electronics,2021,,0.0663260750441992,0.1937964655997676,22.57699772534307,0.0,2022,No Pressure
0000769520,MIDDLEBY CORP,Technology / Software / Electronics,2022,,0.0483721428170381,0.1585983917588863,22.65113798954546,0.0,2023,No Pressure
0000771497,ABM INDUSTRIES INC /DE/,Technology / Software / Electronics,2021,0.6372571119426537,0.0708489247554213,0.0331214076999646,22.21306399130638,0.0,2022,No Pressure
0000771497,ABM INDUSTRIES INC /DE/,Technology / Software / Electronics,2022,0.6473125346587525,0.0041898580788268,0.0446801424435733,22.30613387604328,0.0,2023,No Pressure
0000772406,"CIRRUS LOGIC, INC.",Technology / Software / Electronics,2021,,0.0587515305641895,0.2056391948177337,21.47628441501469,0.0,2022,No Pressure
0000772406,"CIRRUS LOGIC, INC.",Technology / Software / Electronics,2022,,0.1645220899956685,0.1312335418580251,21.447895212046337,0.0,2023,No Pressure
0000773141,"M.D.C. HOLDINGS, INC.",Industrial / Manufacturing,2021,0.4767540346302066,-0.0419036620726225,,22.325382615360223,,2022,Unknown
0000773141,"M.D.C. HOLDINGS, INC.",Industrial / Manufacturing,2022,0.4235265338024996,0.168860725318425,,22.40284007372933,,2023,Unknown
0000773840,HONEYWELL INTERNATIONAL INC,Industrial / Manufacturing,2021,,0.0936559640142702,,24.88946583628445,,2022,Unknown
0000773840,HONEYWELL INTERNATIONAL INC,Industrial / Manufacturing,2022,,0.0846888799678843,,24.854825898110715,,2023,Unknown
0000775158,OSHKOSH CORP,Industrial / Manufacturing,2021,,0.177259272157409,0.0703992348752148,22.65356911576763,0.0,2022,No Pressure
0000775158,OSHKOSH CORP,Industrial / Manufacturing,2022,,0.0777979039979298,0.0449529099251388,22.768245325200528,0.0,2023,No Pressure
0000778164,"ALTO INGREDIENTS, INC.",Industrial / Manufacturing,2021,0.2881495732576146,0.0553063905161943,0.0331734956436502,19.99956253905151,0.0,2022,No Pressure
0000778164,"ALTO INGREDIENTS, INC.",Industrial / Manufacturing,2022,0.3558948906696549,0.0126463191036981,-0.0459404277111545,19.985792615276,0.0,2023,No Pressure
0000779152,HENRY JACK & ASSOCIATES INC,Technology / Software / Electronics,2021,0.4352723020209267,0.1978159848914199,0.2267735926858053,21.571772680932625,0.0,2022,No Pressure
0000779152,HENRY JACK & ASSOCIATES INC,Technology / Software / Electronics,2022,0.4373500344523702,0.2055051303895968,0.2442858142843319,21.62162230744925,0.0,2023,No Pressure
0000779544,ARK RESTAURANTS CORP,Consumer / Retail,2021,0.6808505359269551,0.0576493648273124,0.0470690831879881,18.89825564489728,0.0,2022,No Pressure
0000779544,ARK RESTAURANTS CORP,Consumer / Retail,2022,0.7130871362165567,0.0971059589374516,0.0537038448555593,19.160396580100624,0.0,2023,No Pressure
0000780571,"ITRON, INC.",Industrial / Manufacturing,2021,0.5226151834538535,0.0646648202223252,-0.0400182279523529,21.59614372135413,0.0,2022,No Pressure
0000780571,"ITRON, INC.",Industrial / Manufacturing,2022,0.4989415822357382,0.0103024375146652,-0.0041429879413933,21.58955843577041,0.0,2023,No Pressure
0000783325,"WEC ENERGY GROUP, INC.",Energy / Capital-intensive,2021,,0.0521358862228605,0.2062169312169312,24.3865325678236,0.0,2022,No Pressure
0000783325,"WEC ENERGY GROUP, INC.",Energy / Capital-intensive,2022,,0.049214154532493,0.2004917998624627,24.45788557098603,0.0,2023,No Pressure
0000784199,"ARTIVION, INC.",Industrial / Manufacturing,2021,0.6207966186328261,-0.0032595592722797,0.0271620554417807,20.4913993524807,0.0,2022,No Pressure
0000784199,"ARTIVION, INC.",Industrial / Manufacturing,2022,0.6272551842034195,-0.006755392646546,0.0197616869934892,20.45250381107882,0.0,2023,No Pressure
0000784539,EACO CORP,Consumer / Retail,2021,0.3919282511210762,0.0798840422158807,0.0534244963481564,18.519484822070147,0.0,2022,No Pressure
0000784539,EACO CORP,Consumer / Retail,2022,0.3717971664005842,0.1217345236646358,0.100942706161429,18.754871816410187,0.0,2023,No Pressure
0000784977,PORTLAND GENERAL ELECTRIC CO /OR/,Energy / Capital-intensive,2021,0.7148725510848957,0.0560353907731198,0.1577629382303839,22.973925857180863,0.0,2022,No Pressure
0000784977,PORTLAND GENERAL ELECTRIC CO /OR/,Energy / Capital-intensive,2022,0.734295821780285,0.0644421072760302,0.1499811106913487,23.07072868881416,0.0,2023,No Pressure
0000785557,DLH HOLDINGS CORP.,Technology / Software / Electronics,2021,0.6672516102855404,0.2316021707156261,0.0699854527131909,19.099576863814217,0.0,2022,No Pressure
0000785557,DLH HOLDINGS CORP.,Technology / Software / Electronics,2022,0.4553049487610347,0.0073545073722575,0.0842112188838812,18.94548028220045,0.0,2023,No Pressure
0000785786,PLEXUS CORP,Technology / Software / Electronics,2021,0.5823409059613882,0.0579135648868573,0.0523226665360588,21.62419640356929,0.0,2022,No Pressure
0000785786,PLEXUS CORP,Technology / Software / Electronics,2022,0.6770827162949701,-0.0077330563107368,0.0467509303746056,21.945046633841947,0.0,2023,No Pressure
0000785956,J&J SNACK FOODS CORP,Industrial / Manufacturing,2021,,0.0904449131586615,0.0622220047720602,20.838573813057245,0.0,2022,No Pressure
0000785956,J&J SNACK FOODS CORP,Industrial / Manufacturing,2022,,0.0214155531050169,0.0447606065522476,20.9196267138319,0.0,2023,No Pressure
0000787250,DPL INC,Energy / Capital-intensive,2021,,0.0538263191822451,0.1268024379366731,21.49882215420752,0.0,2022,No Pressure
0000787250,DPL INC,Energy / Capital-intensive,2022,,0.035667107001321,0.0567318757192174,21.608024621620217,0.0,2023,No Pressure
0000787253,NATURAL ALTERNATIVES INTERNATIONAL INC,Industrial / Manufacturing,2021,0.3342007465850799,0.1729782758706695,0.0765852565538875,18.60534123829806,0.0,2022,No Pressure
0000787253,NATURAL ALTERNATIVES INTERNATIONAL INC,Industrial / Manufacturing,2022,0.3937110881283261,0.0812723026239186,0.0800100604798614,18.799137734255883,0.0,2023,No Pressure
0000788329,JOHNSON OUTDOORS INC,Industrial / Manufacturing,2021,0.3200150677678792,0.0864883944077225,0.1480514228012734,20.329166395749453,0.0,2022,No Pressure
0000788329,JOHNSON OUTDOORS INC,Industrial / Manufacturing,2022,0.2822595233928148,-0.0913975094531651,0.0892036779197019,20.33750188186844,0.0,2023,No Pressure
0000788784,PUBLIC SERVICE ENTERPRISE GROUP INC,Energy / Capital-intensive,2021,,0.0354292944753974,-0.0880477268051841,24.61506572670593,0.0,2022,No Pressure
0000788784,PUBLIC SERVICE ENTERPRISE GROUP INC,Energy / Capital-intensive,2022,,0.0308510201568208,0.1409183673469387,24.609314408622847,0.0,2023,No Pressure
0000788816,OGLETHORPE POWER CORP,Energy / Capital-intensive,2021,,0.0356850494804045,0.1211199959124236,23.47737396518252,0.0,2022,No Pressure
0000788816,OGLETHORPE POWER CORP,Energy / Capital-intensive,2022,,0.0331288581674133,0.0910978965202707,23.525981767876026,0.0,2023,No Pressure
0000788965,HALLADOR ENERGY CO,Energy / Capital-intensive,2021,0.473882705237584,0.135527430928301,-0.0244038341960543,19.6847509751519,0.0,2022,No Pressure
0000788965,HALLADOR ENERGY CO,Energy / Capital-intensive,2022,0.658991934077018,0.0859069960701224,0.0840628634413562,20.26210935760017,0.0,2023,No Pressure
0000789019,MICROSOFT CORP,Technology / Software / Electronics,2021,0.5746047534446445,0.2299126068446487,0.415948788729713,26.5337449342748,0.0,2022,No Pressure
0000789019,MICROSOFT CORP,Technology / Software / Electronics,2022,0.5435204473193729,0.2440384826225194,0.4205527815604983,26.62272473826111,0.0,2023,No Pressure
0000789460,WORLD FUEL SERVICES CORP,Consumer / Retail,2021,0.6774367259019924,0.0291464728056004,0.0045505313208028,22.50537892929094,0.0,2022,No Pressure
0000789460,WORLD FUEL SERVICES CORP,Consumer / Retail,2022,0.7561668667172917,0.0169634764715968,0.0046271283181269,22.823073572701578,0.0,2023,No Pressure
0000789933,NACCO INDUSTRIES INC,Technology / Software / Electronics,2021,0.3057923583454911,0.1476183904420172,0.2888254120492478,20.04445539445805,0.0,2022,No Pressure
0000789933,NACCO INDUSTRIES INC,Energy / Capital-intensive,2022,0.2483945697024321,0.1192366460589502,0.2895345421750048,20.157758730975704,1.0,2023,Pressure
0000790051,CARLISLE COMPANIES INC,Industrial / Manufacturing,2021,,0.0581912016338245,0.1179760098122778,22.70382582920412,0.0,2022,No Pressure
0000790051,CARLISLE COMPANIES INC,Industrial / Manufacturing,2022,,0.1385904181667128,0.1935253872176459,22.70039775994014,0.0,2023,No Pressure
0000792987,ASTEC INDUSTRIES INC,Technology / Software / Electronics,2021,0.281466037528805,0.008120267749369,0.0201421800947867,20.630382710563687,0.0,2022,No Pressure
0000792987,ASTEC INDUSTRIES INC,Technology / Software / Electronics,2022,0.3819992113564668,-0.0728509463722397,0.0058846606512357,20.73756314263304,0.0,2023,No Pressure
0000793306,BLUE DOLPHIN ENERGY CO,Energy / Capital-intensive,2021,1.356316638766985,-0.0913299853715182,-0.022269131041819,18.0098362076306,0.0,2022,No Pressure
0000793306,BLUE DOLPHIN ENERGY CO,Energy / Capital-intensive,2022,0.8738081617086194,0.1939359267734553,0.0801695986084216,18.245183858023893,0.0,2023,No Pressure
0000793952,"HARLEY-DAVIDSON, INC.",Industrial / Manufacturing,2021,,0.0882903035049594,0.1543087467964742,23.125791735556327,0.0,2022,No Pressure
0000793952,"HARLEY-DAVIDSON, INC.",Industrial / Manufacturing,2022,,0.0477234844780184,0.1579943459139932,23.16495839741102,0.0,2023,No Pressure
0000794170,"TOLL BROTHERS, INC.",Industrial / Manufacturing,2021,0.5371360348765151,0.1129436593472787,0.1161359584663246,23.16889877226325,0.0,2022,No Pressure
0000794170,"TOLL BROTHERS, INC.",Industrial / Manufacturing,2022,0.5099698796798429,0.0803026256449617,0.146816941717423,23.2319471172138,0.0,2023,No Pressure
0000794172,MERIDIAN BIOSCIENCE INC,Industrial / Manufacturing,2021,,0.148680740546382,0.2926554596471802,19.924140174271137,0.0,2022,No Pressure
0000794172,MERIDIAN BIOSCIENCE INC,Industrial / Manufacturing,2022,,0.1778482693690522,0.1633275078224,19.953447095506885,,2023,Unknown
0000794367,"MACY'S, INC.",Consumer / Retail,2021,,0.1541785105173393,0.0960752248569092,23.59059639575273,0.0,2022,No Pressure
0000794367,"MACY'S, INC.",Consumer / Retail,2022,,0.0957547729159255,0.0707798052532526,23.548565598158152,0.0,2023,No Pressure
0000794619,AMERICAN WOODMARK CORP,Industrial / Manufacturing,2021,,0.0927355341903582,0.0640361831957771,21.215834207322622,0.0,2022,No Pressure
0000794619,AMERICAN WOODMARK CORP,Industrial / Manufacturing,2022,,0.0149740029990885,0.0194697784713001,21.21337596949471,0.0,2023,No Pressure
0000795212,KASPIEN HOLDINGS INC.,Consumer / Retail,2021,0.8439441326421319,-0.31134055953044,-0.0669250520133877,17.6588692307878,1.0,2022,Pressure
0000795212,KASPIEN HOLDINGS INC.,Consumer / Retail,2022,1.0270257001890082,-0.2769336508014433,-0.1202857410238013,17.522696447107347,,2023,Unknown
0000795266,KB HOME,Industrial / Manufacturing,2021,,-0.0063907683418444,,22.48729741695992,,2022,Unknown
0000795266,KB HOME,Industrial / Manufacturing,2022,,0.0275736515567662,,22.618172875221124,,2023,Unknown
0000795403,WATTS WATER TECHNOLOGIES INC,Industrial / Manufacturing,2021,,0.0974347919810303,0.1324342250718549,21.34147393138077,0.0,2022,No Pressure
0000795403,WATTS WATER TECHNOLOGIES INC,Industrial / Manufacturing,2022,,0.1160080791340825,0.1591310937105329,21.38125205293066,0.0,2023,No Pressure
0000796343,ADOBE INC.,Technology / Software / Electronics,2021,0.4568114239565361,0.2654087588561359,0.3675641431738993,24.02798902831014,0.0,2022,No Pressure
0000796343,ADOBE INC.,Technology / Software / Electronics,2022,0.4827535431621572,0.2885330388367385,0.3463591957287288,24.02519521698671,0.0,2023,No Pressure
0000796505,"CLEARFIELD, INC.",Technology / Software / Electronics,2021,0.175416023356143,0.0865914946406673,0.179276540575186,18.65108746249168,0.0,2022,No Pressure
0000796505,"CLEARFIELD, INC.",Technology / Software / Electronics,2022,0.3558971404629726,0.0043687371251003,0.2355887966391394,19.249791361692488,0.0,2023,No Pressure
0000797468,OCCIDENTAL PETROLEUM CORP /DE/,Energy / Capital-intensive,2021,,0.1390532544378698,,25.0412338353329,,2022,Unknown
0000797468,OCCIDENTAL PETROLEUM CORP /DE/,Energy / Capital-intensive,2022,,0.2315139996419176,,25.008354718049816,,2023,Unknown
0000797721,VIASAT INC,Technology / Software / Electronics,2021,0.5801457613971759,0.0791381465333071,0.0029881960873643,22.57789775283667,0.0,2022,No Pressure
0000797721,VIASAT INC,Technology / Software / Electronics,2022,0.5005949934653561,0.0475866705423062,-0.0610118779825034,22.76841829510256,0.0,2023,No Pressure
0000798081,LAKELAND INDUSTRIES INC,Industrial / Manufacturing,2021,0.1215436841164909,0.2906271216723244,0.2758050314465409,18.756617129888383,0.0,2022,No Pressure
0000798081,LAKELAND INDUSTRIES INC,Industrial / Manufacturing,2022,0.1114615073192559,0.0907857634967647,0.1355481222441842,18.762801291645875,0.0,2023,No Pressure
0000798354,FISERV INC,Technology / Software / Electronics,2021,0.5809781111883434,0.052905611876877,0.141008258350795,25.05727013760695,0.0,2022,No Pressure
0000798354,FISERV INC,Technology / Software / Electronics,2022,0.6221726740511989,0.0550620610714328,0.210858657044596,25.152521894669075,0.0,2023,No Pressure
0000798949,UNIT CORP,Energy / Capital-intensive,2021,,0.2795479421805721,,20.26039987543573,,2022,Unknown
0000798949,UNIT CORP,Energy / Capital-intensive,2022,,0.3397321285868024,,19.96665689080617,,2023,Unknown
0000799288,"LANDS' END, INC.",Consumer / Retail,2021,0.607676383371566,0.0680751354865844,0.0487503543880573,20.7592447636836,0.0,2022,No Pressure
0000799288,"LANDS' END, INC.",Consumer / Retail,2022,0.6481516391473255,-0.0336063089337133,0.0158959361050874,20.80221379267457,0.0,2023,No Pressure
0000799292,"M/I HOMES, INC.",Industrial / Manufacturing,2021,0.4986858971687913,-0.0051925195371518,,21.898793795659667,,2022,Unknown
0000799292,"M/I HOMES, INC.",Industrial / Manufacturing,2022,0.4425927536048526,0.0495490754451707,,22.035623788387205,,2023,Unknown
0000799850,AMERICAS CARMART INC,Consumer / Retail,2021,0.5050884317996884,-0.0654520597597301,,20.5274443661884,,2022,Unknown
0000799850,AMERICAS CARMART INC,Consumer / Retail,2022,0.5898357827386773,-0.0997841636165516,,20.858942926790306,,2023,Unknown
0000800240,ODP CORP,Consumer / Retail,2021,0.7044193216855087,0.071120246659815,0.0276432368576491,22.30533255278993,0.0,2022,No Pressure
0000800240,ODP CORP,Consumer / Retail,2022,0.6898047722342733,0.0571221981200289,0.0286185372747615,22.146133178538165,0.0,2023,No Pressure
0000802481,PILGRIMS PRIDE CORP,Industrial / Manufacturing,2021,0.7095394978573925,0.0366264435744493,0.0142896024471867,22.91079972205488,0.0,2022,No Pressure
0000802481,PILGRIMS PRIDE CORP,Industrial / Manufacturing,2022,0.6917299902363596,0.0723724846633488,0.0673557136991032,22.94851286984961,0.0,2023,No Pressure
0000804328,QUALCOMM INC/DE,Technology / Software / Electronics,2021,0.758729388942774,0.2554801163918526,0.2916343919442293,24.44267449611942,0.0,2022,No Pressure
0000804328,QUALCOMM INC/DE,Technology / Software / Electronics,2022,0.6324927571714204,0.1855796303097074,0.3588235294117647,24.6153718085546,0.0,2023,No Pressure
0000804753,CERNER CORP,Technology / Software / Electronics,2021,0.5049255073674787,0.2383166997526821,0.1228616866707465,22.72935116242935,,2022,Unknown
0000805928,"AXOGEN, INC.",Industrial / Manufacturing,2021,0.4589566588470561,-0.0644396800369188,-0.1995634353554547,19.15316402043182,1.0,2022,Pressure
0000805928,"AXOGEN, INC.",Industrial / Manufacturing,2022,0.4830822930901237,-0.082226555502669,-0.2143609651907868,19.0904927702833,1.0,2023,Pressure
0000807707,VOXX INTERNATIONAL CORP,Consumer / Retail,2021,0.4031285369478952,-0.005045477479443,0.0124606868788526,20.18996281356804,1.0,2022,Pressure
0000807707,VOXX INTERNATIONAL CORP,Consumer / Retail,2022,0.4054472895422282,-0.0735545797389936,-0.0510791851899013,20.068283044517173,1.0,2023,Pressure
0000807863,MITEK SYSTEMS INC,Technology / Software / Electronics,2021,0.5405451127371674,0.0889721772819656,0.1108291526498994,19.85503405196749,0.0,2022,No Pressure
0000807863,MITEK SYSTEMS INC,Technology / Software / Electronics,2022,0.5274354207707889,0.073113953552898,0.0787742370243777,19.70275283303597,0.0,2023,No Pressure
0000807882,JACK IN THE BOX INC /NEW/,Consumer / Retail,2021,,0.1149178607160468,0.253522432170119,21.282959908103336,0.0,2022,No Pressure
0000807882,JACK IN THE BOX INC,Consumer / Retail,2022,,0.0557336751404445,0.1691116919138768,21.795707304687348,0.0,2023,No Pressure
0000808326,EMCORE CORP,Technology / Software / Electronics,2021,0.2397338686930696,0.0616825117662999,0.1197962687132362,19.01297391152292,1.0,2022,Pressure
0000808326,EMCORE CORP,Technology / Software / Electronics,2022,0.3715530827894776,0.0156334288827069,-0.1945764787393455,19.0576913466554,,2023,Unknown
0000808362,BAKER HUGHES HOLDINGS LLC,Technology / Software / Electronics,2021,,0.0671654480530522,0.0638962052482684,24.286752121680625,0.0,2022,No Pressure
0000808362,BAKER HUGHES HOLDINGS LLC,Technology / Software / Electronics,2022,,0.055454758281634,0.0560124787294384,24.25467243226505,,2023,Unknown
0000809248,"CARROLS RESTAURANT GROUP, INC.",Consumer / Retail,2021,0.8730196364808922,0.0420084833770384,-0.0065717726659283,21.24625557754996,,2022,Unknown
0000810136,PHOTRONICS INC,Technology / Software / Electronics,2021,0.2268888473360418,0.1164980428093914,0.1424518765037415,20.981160126715128,0.0,2022,No Pressure
0000810136,PHOTRONICS INC,Technology / Software / Electronics,2022,0.1928372206136051,0.2091356786210984,0.2569477374904341,20.99773348293384,0.0,2023,No Pressure
0000811156,CMS ENERGY CORP,Energy / Capital-intensive,2021,,0.0632629638646402,0.1563651248465002,24.08200794660678,0.0,2022,No Pressure
0000811156,CMS ENERGY CORP,Energy / Capital-intensive,2022,,0.0272701176920868,0.1423918101442531,24.168575793258785,0.0,2023,No Pressure
0000811596,KAISER ALUMINUM CORP,Industrial / Manufacturing,2021,0.7141264861294584,0.0327774108322325,0.0245614035087719,21.608024621620217,0.0,2022,No Pressure
0000811596,KAISER ALUMINUM CORP,Industrial / Manufacturing,2022,0.7242222998951415,-0.0275690318070604,0.0011668951836401,21.551293500137085,0.0,2023,No Pressure
0000812074,"O-I GLASS, INC. /DE/",Industrial / Manufacturing,2021,,0.0777853260869565,,22.90164732659437,0.0,2022,No Pressure
0000812074,"O-I GLASS, INC. /DE/",Industrial / Manufacturing,2022,,0.0169959165655004,0.1174154025670945,22.9272453262967,0.0,2023,No Pressure
0000812128,SANDERSON FARMS INC,Industrial / Manufacturing,2021,,0.2658738704316741,0.1247738117734761,21.57556531166674,,2022,Unknown
0000813298,"DESTINATION XL GROUP, INC.",Consumer / Retail,2021,,0.2698297601783124,0.1227275697446244,19.450150153454363,0.0,2022,No Pressure
0000813298,"DESTINATION XL GROUP, INC.",Consumer / Retail,2022,,0.1709764459580488,0.1073322121215452,19.675150828780847,0.0,2023,No Pressure
0000813672,CADENCE DESIGN SYSTEMS INC,Technology / Software / Electronics,2021,,0.2509993048809486,0.2607180002703929,22.201751656301152,0.0,2022,No Pressure
0000813672,CADENCE DESIGN SYSTEMS INC,Technology / Software / Electronics,2022,,0.2417513793365908,0.301451715155439,22.359748909827168,0.0,2023,No Pressure
0000813762,ICAHN ENTERPRISES L.P.,Industrial / Manufacturing,2021,0.6632667771931089,0.0115692352050746,,24.046357522640985,,2022,Unknown
0000813762,ICAHN ENTERPRISES L.P.,Industrial / Manufacturing,2022,0.6575911728881565,0.037794655011822,,24.05239419206869,,2023,Unknown
0000814453,NEWELL BRANDS INC.,Industrial / Manufacturing,2021,0.7114747161294873,0.0623457225474292,0.0893379922561148,23.37502783377236,1.0,2022,Pressure
0000814453,NEWELL BRANDS INC.,Industrial / Manufacturing,2022,0.7346554064243703,-0.0205097270396621,0.0329844592451633,23.30816863996849,1.0,2023,Pressure
0000814547,FAIR ISAAC CORP,Technology / Software / Electronics,2021,1.0707639356642786,0.2703300726634417,0.3839537999720478,21.17292389216456,0.0,2022,No Pressure
0000814547,FAIR ISAAC CORP,Technology / Software / Electronics,2022,1.5561221163994747,0.353285706162268,0.3938327270615057,21.08932045458805,0.0,2023,No Pressure
0000814549,EBIX INC,Technology / Software / Electronics,2021,0.5553443860444215,0.0441576635357785,0.1196154936287487,21.176408745379856,0.0,2022,No Pressure
0000814549,EBIX INC,Technology / Software / Electronics,2022,0.5711112773201609,0.0504482766470142,0.1145973988378758,21.15345933001324,,2023,Unknown
0000814586,"LIFEWAY FOODS, INC.",Industrial / Manufacturing,2021,0.3067838699664192,0.078505516832689,0.0493847898206861,18.07641422467476,0.0,2022,No Pressure
0000814586,"LIFEWAY FOODS, INC.",Industrial / Manufacturing,2022,0.310569718401716,0.0577834461369005,0.0165927328209764,18.049602584195853,0.0,2023,No Pressure
0000815094,ABIOMED INC,Industrial / Manufacturing,2021,0.1016300414786006,0.1705457116170559,0.1363892326942591,21.23811913931433,,2022,Unknown
0000815556,FASTENAL CO,Consumer / Retail,2021,,0.1791346824842986,0.2025320667454125,22.181648274693167,0.0,2022,No Pressure
0000815556,FASTENAL CO,Consumer / Retail,2022,,0.2068768412258717,0.2082342492049394,22.23808533047444,0.0,2023,No Pressure
0000816761,TERADATA CORP /DE/,Technology / Software / Electronics,2021,0.7879207007837713,0.2134624250806823,0.1205007824726134,21.49753206925219,0.0,2022,No Pressure
0000816761,TERADATA CORP /DE/,Technology / Software / Electronics,2022,0.8724035608308606,0.2072205736894164,0.0657381615598885,21.42735295803925,0.0,2023,No Pressure
0000816956,CONMED CORP,Industrial / Manufacturing,2021,0.5552506006454071,0.063289311484544,0.1085624384669044,21.29199256592216,0.0,2022,No Pressure
0000816956,CONMED CORP,Industrial / Manufacturing,2022,0.6755102733644616,0.0145217253541969,0.0670070551865568,21.555127455353205,0.0,2023,No Pressure
0000817720,SYNAPTICS INC,Technology / Software / Electronics,2021,0.5656547512125022,0.1433447098976109,0.109734249029561,21.5238314147227,0.0,2022,No Pressure
0000817720,SYNAPTICS INC,Technology / Software / Electronics,2022,0.5569084356740492,0.1618907665931913,0.2014140369029143,21.773422905695,0.0,2023,No Pressure
0000818033,"HERON THERAPEUTICS, INC. /DE/",Industrial / Manufacturing,2022,0.9459177289590398,-0.5854210582942487,-1.6221301731183595,19.340768262899665,1.0,2023,Pressure
0000818479,DENTSPLY SIRONA INC.,Industrial / Manufacturing,2021,0.4530368763557483,0.0712581344902386,0.1463185132909903,22.94464087462337,0.0,2022,No Pressure
0000818479,DENTSPLY SIRONA INC.,Industrial / Manufacturing,2022,0.5012429674211697,0.067643595446814,-0.2389087200407955,22.757056033338,0.0,2023,No Pressure
0000818686,TEVA PHARMACEUTICAL INDUSTRIES LTD,Industrial / Manufacturing,2021,0.7641085889313137,0.0167414928880124,0.1080740647436704,24.5874841924474,0.0,2022,No Pressure
0000818686,TEVA PHARMACEUTICAL INDUSTRIES LTD,Industrial / Manufacturing,2022,0.8025042039721856,0.0361314366222787,-0.1406365159128978,24.507591825227085,0.0,2023,No Pressure
0000819793,ALBANY INTERNATIONAL CORP /DE/,Industrial / Manufacturing,2021,0.4360097014004565,0.1397596756945729,0.1915662261633162,21.1654253936048,0.0,2022,No Pressure
0000819793,ALBANY INTERNATIONAL CORP /DE/,Industrial / Manufacturing,2022,0.4717367278528608,0.0780719194035031,0.1749195805918907,21.21933613494458,0.0,2023,No Pressure
0000820313,AMPHENOL CORP /DE/,Technology / Software / Electronics,2021,0.5654090364072378,0.1049228798779158,0.1935492768680525,23.40964286243525,0.0,2022,No Pressure
0000820313,AMPHENOL CORP /DE/,Technology / Software / Electronics,2022,0.5371259672978299,0.1418877477783142,0.2048482927988592,23.452829619194155,0.0,2023,No Pressure
0000820318,II-VI INC,Industrial / Manufacturing,2021,0.365489009850061,0.0881903679761694,,22.597012276543754,,2022,Unknown
0000820318,II-VI INC,Industrial / Manufacturing,2022,0.4412537862438599,0.0526883510523979,,22.783122592728407,,2023,Unknown
0000821002,G III APPAREL GROUP LTD /DE/,Industrial / Manufacturing,2021,0.4456271731774479,0.0677469838047232,0.1124484825438869,21.73214596008889,1.0,2022,Pressure
0000821002,G III APPAREL GROUP LTD /DE/,Industrial / Manufacturing,2022,0.4895312462556292,-0.0385631939183123,-0.0339235287263134,21.72110153252687,0.0,2023,No Pressure
0000821026,"ANDERSONS, INC.",Consumer / Retail,2021,0.7138014177039884,-0.0111725877004363,,22.242608130311435,,2022,Unknown
0000821026,"ANDERSONS, INC.",Consumer / Retail,2022,0.6897199997569442,0.0623084308232906,,22.25105889250108,,2023,Unknown
0000821189,EOG RESOURCES INC,Energy / Capital-intensive,2021,,0.2299142169683021,0.327325394271001,24.36704331717408,0.0,2022,No Pressure
0000821189,EOG RESOURCES INC,Energy / Capital-intensive,2022,,0.2681346837156462,0.3877519259201618,24.44584598925715,0.0,2023,No Pressure
0000821483,"PAR PACIFIC HOLDINGS, INC.",Energy / Capital-intensive,2021,0.8966248821613142,-0.0107468103309754,-0.001617591514725,21.667269396843302,0.0,2022,No Pressure
0000821483,"PAR PACIFIC HOLDINGS, INC.",Energy / Capital-intensive,2022,0.8035335712742029,0.1379624202177192,0.0598082298237383,21.91130649629241,0.0,2023,No Pressure
0000822416,PULTEGROUP INC/MI/,Industrial / Manufacturing,2021,0.4390981822234135,0.0751927466579432,,23.3149792811018,,2022,Unknown
0000822416,PULTEGROUP INC/MI/,Industrial / Manufacturing,2022,0.397554221382535,0.045177259645261,,23.41765751708298,,2023,Unknown
0000822663,INTER PARFUMS INC,Industrial / Manufacturing,2021,,0.1044087294519471,0.1683312185338299,20.85898832823508,0.0,2022,No Pressure
0000822663,INTER PARFUMS INC,Industrial / Manufacturing,2022,,0.0879987039009829,0.178808690538746,20.99217937800549,0.0,2023,No Pressure
0000822818,CLEAN HARBORS INC,Energy / Capital-intensive,2021,,0.0965734114957305,0.0914153111521387,22.455575858330945,0.0,2022,No Pressure
0000822818,CLEAN HARBORS INC,Energy / Capital-intensive,2022,,0.1021605110978387,0.1228557244070332,22.53641278819917,0.0,2023,No Pressure
0000823277,CHS INC,Consumer / Retail,2021,,0.0431155634513001,0.005352601523204,23.58981581829913,0.0,2022,No Pressure
0000823277,CHS INC,Consumer / Retail,2022,,0.1034017506793031,0.0236251651072385,23.6584413583089,0.0,2023,No Pressure
0000823768,WASTE MANAGEMENT INC,Energy / Capital-intensive,2021,0.7550950269787263,0.1490875347974018,0.1653560872232446,24.09390091306029,0.0,2022,No Pressure
0000823768,WASTE MANAGEMENT INC,Energy / Capital-intensive,2022,0.7811712946727453,0.144610577995983,0.1708295258401868,24.16902222183761,0.0,2023,No Pressure
0000824142,"AAON, INC.",Technology / Software / Electronics,2021,,0.0941016333938294,0.1295618287163925,20.2927598071328,0.0,2022,No Pressure
0000824142,"AAON, INC.",Technology / Software / Electronics,2022,,0.075338215979054,0.1426223126324838,20.51735175347563,0.0,2023,No Pressure
0000825324,GOOD TIMES RESTAURANTS INC.,Consumer / Retail,2021,,0.0976185138928918,0.0556420578767758,18.355405962508343,0.0,2022,No Pressure
0000825324,GOOD TIMES RESTAURANTS INC.,Consumer / Retail,2022,,0.0612469324443209,-0.0063531114327062,18.27435934681512,0.0,2023,No Pressure
0000825542,SCOTTS MIRACLE-GRO CO,Industrial / Manufacturing,2021,0.7888958333333334,0.0565625,0.1468020304568528,22.29188175506859,1.0,2022,Pressure
0000825542,SCOTTS MIRACLE-GRO CO,Industrial / Manufacturing,2022,0.9656255818283374,-0.0300223422081549,-0.1105986085981498,22.18113639678825,0.0,2023,No Pressure
0000827052,EDISON INTERNATIONAL,Energy / Capital-intensive,2021,0.762004147434611,0.0001471670345842,0.0990942636699094,25.03734815736127,0.0,2022,No Pressure
0000827052,EDISON INTERNATIONAL,Energy / Capital-intensive,2022,0.775476992862726,0.041209108032957,0.0861207897793263,25.080500166573607,0.0,2023,No Pressure
0000827054,MICROCHIP TECHNOLOGY INC,Technology / Software / Electronics,2021,,0.1754807247137257,0.2711665615974432,23.50824621457264,0.0,2022,No Pressure
0000827054,MICROCHIP TECHNOLOGY INC,Technology / Software / Electronics,2022,,0.221193258523057,0.3692511879791911,23.51873455442909,0.0,2023,No Pressure
0000827187,SLEEP NUMBER CORP,Industrial / Manufacturing,2021,1.4621365030341258,0.3262609565652391,0.0885768958451661,20.63938410405318,0.0,2022,No Pressure
0000827187,SLEEP NUMBER CORP,Industrial / Manufacturing,2022,1.459335846429949,0.0378830445648345,0.0321052340328723,20.67610714225661,1.0,2023,Pressure
0000827871,"EAGLE PHARMACEUTICALS, INC.",Industrial / Manufacturing,2021,0.3045693881733483,0.1112157709709457,0.0161414431114686,19.35178915378477,0.0,2022,No Pressure
0000827871,"EAGLE PHARMACEUTICALS, INC.",Industrial / Manufacturing,2022,0.4249556824896592,0.1248301162103604,0.2557089163323963,19.8222577310655,,2023,Unknown
0000829224,STARBUCKS CORP,Consumer / Retail,2021,1.1692914890770436,0.1907806298299599,0.1676531110851118,24.16983803332841,0.0,2022,No Pressure
0000829224,STARBUCKS CORP,Consumer / Retail,2022,1.3109077002258889,0.1571676722042718,0.1431862649339696,24.0546986208818,0.0,2023,No Pressure
0000830524,CHASE CORP,Technology / Software / Electronics,2021,,0.1514676154681697,0.2033538331469714,19.81731892533,0.0,2022,No Pressure
0000830524,CHASE CORP,Technology / Software / Electronics,2022,0.3903839236077046,0.0569982667843945,0.1806331757047227,20.23155633200776,0.0,2023,No Pressure
0000831259,FREEPORT-MCMORAN INC,Energy / Capital-intensive,2021,0.5206571987838907,0.1606555328807629,0.3662070474939812,24.59492507620582,0.0,2022,No Pressure
0000831259,FREEPORT-MCMORAN INC,Energy / Capital-intensive,2022,0.5132209891765995,0.10058129293641,0.3089113257243195,24.656913338490792,0.0,2023,No Pressure
0000832101,IDEX CORP /DE/,Technology / Software / Electronics,2021,0.4299398031399983,0.1149638005368909,0.230396412037037,22.31600509996083,0.0,2022,No Pressure
0000832101,IDEX CORP /DE/,Technology / Software / Electronics,2022,0.4485386164480487,0.1011266532411691,0.2361482133316572,22.4301752284395,0.0,2023,No Pressure
0000832988,SIGNET JEWELERS LTD,Consumer / Retail,2021,0.6629556964913081,0.1912214262900944,0.115435727063634,22.606555624172145,0.0,2022,No Pressure
0000832988,SIGNET JEWELERS LTD,Consumer / Retail,2022,0.662799830825932,0.120521418645399,0.0771349510972826,22.613421628181708,0.0,2023,No Pressure
0000833444,JOHNSON CONTROLS INTERNATIONAL PLC,Technology / Software / Electronics,2021,,0.0608975889233707,,24.458312971929228,,2022,Unknown
0000833444,JOHNSON CONTROLS INTERNATIONAL PLC,Technology / Software / Electronics,2022,,0.0472033777693439,,24.46469030174784,,2023,Unknown
0000833640,POWER INTEGRATIONS INC,Technology / Software / Electronics,2021,0.1009919299113739,0.2275711763679574,0.2489175673312222,20.737648903939576,0.0,2022,No Pressure
0000833640,POWER INTEGRATIONS INC,Technology / Software / Electronics,2022,0.1010360720679541,0.2563314192663695,0.2770718342348319,20.549026730176145,0.0,2023,No Pressure
0000834365,BIOLIFE SOLUTIONS INC,Industrial / Manufacturing,2021,0.1334158759838789,-0.008289760800784,-0.2848366846822652,20.13277812931045,1.0,2022,Pressure
0000834365,BIOLIFE SOLUTIONS INC,Industrial / Manufacturing,2022,0.1911049710258557,-0.0188526283291391,-0.899739736274334,19.925266902398583,1.0,2023,Pressure
0000835011,MGP INGREDIENTS INC,Consumer / Retail,2021,0.3813870242648111,0.0847487246355381,0.2016259254531529,20.76389613405389,0.0,2022,No Pressure
0000835011,MGP INGREDIENTS INC,Consumer / Retail,2022,0.3562105695767006,0.0767873902078291,0.1904051597861848,20.87014241107038,0.0,2023,No Pressure
0000836157,LINDSAY CORP,Technology / Software / Electronics,2021,0.4688434285176204,0.0690035076155276,0.0953182088837057,20.272570596802847,0.0,2022,No Pressure
0000836157,LINDSAY CORP,Technology / Software / Electronics,2022,0.4464837269384636,0.0042890130626339,0.1227944982958002,20.38169482503492,0.0,2023,No Pressure
0000837465,CALLAWAY GOLF CO,Industrial / Manufacturing,2021,,0.0359144167748697,0.0653322044381155,22.770672187792734,0.0,2022,No Pressure
0000837465,TOPGOLF CALLAWAY BRANDS CORP.,Industrial / Manufacturing,2022,,-0.0040859564164648,0.0642690892709662,22.873911137748987,0.0,2023,No Pressure
0000840489,"FIRSTCASH HOLDINGS, INC.",Consumer / Retail,2021,0.528698130460123,0.0582058631256171,,22.06781381836076,,2022,Unknown
0000840489,"FIRSTCASH HOLDINGS, INC.",Consumer / Retail,2022,0.5186094686451549,0.1201846311282817,,22.085489561015287,,2023,Unknown
0000842023,BIO-TECHNE CORP,Industrial / Manufacturing,2021,,0.1556211629297419,0.2548741611459112,21.53993820253351,0.0,2022,No Pressure
0000842023,BIO-TECHNE CORP,Industrial / Manufacturing,2022,,0.1417427624569407,0.2682618200631513,21.553913709964498,0.0,2023,No Pressure
0000842162,LEAR CORP,Industrial / Manufacturing,2021,,0.0501857343998082,,23.314961980990823,,2022,Unknown
0000842162,LEAR CORP,Industrial / Manufacturing,2022,,0.0742134709002397,,23.345249669016464,,2023,Unknown
0000842633,TRIMAS CORP,Industrial / Manufacturing,2021,0.5160857291890399,0.1029578718050995,0.1109425861324684,20.988426189482983,0.0,2022,No Pressure
0000842633,TRIMAS CORP,Industrial / Manufacturing,2022,0.5005134099616858,0.0556091954022988,0.1120803774481517,20.98946887848735,0.0,2023,No Pressure
0000844965,TETRA TECHNOLOGIES INC,Energy / Capital-intensive,2021,,0.011693189978557,,19.80263068422728,,2022,Unknown
0000844965,TETRA TECHNOLOGIES INC,Energy / Capital-intensive,2022,,0.0436429186446453,,19.889398056946423,,2023,Unknown
0000846475,ZYNEX INC,Industrial / Manufacturing,2021,0.4453156654711346,0.0521407026126626,0.1716487210382115,18.7079177248656,0.0,2022,No Pressure
0000846475,ZYNEX INC,Industrial / Manufacturing,2022,0.4302371507564439,0.1180258616248518,0.1450239304026756,18.57310995146748,0.0,2023,No Pressure
0000849146,LIFEVANTAGE CORP,Industrial / Manufacturing,2021,0.5325026672763298,0.2066885129299395,0.0800023616933341,18.18156025081633,0.0,2022,No Pressure
0000849146,LIFEVANTAGE CORP,Industrial / Manufacturing,2022,0.5542669646140356,0.1125647045512403,0.0367076952897848,18.07404100703841,0.0,2023,No Pressure
0000849399,NORTONLIFELOCK INC.,Technology / Software / Electronics,2021,1.013394786115512,0.140285179317298,0.3594420600858369,22.66099979486157,0.0,2022,No Pressure
0000849399,GEN DIGITAL INC.,Technology / Software / Electronics,2022,0.8620430174954536,0.0474697435254279,0.3675853804673457,23.492536560774955,0.0,2023,No Pressure
0000849869,SILGAN HOLDINGS INC,Industrial / Manufacturing,2021,,0.0716577062523179,,22.773644875836503,,2022,Unknown
0000849869,SILGAN HOLDINGS INC,Industrial / Manufacturing,2022,,0.1018835771452826,,22.7173887047061,,2023,Unknown
0000850209,"FOOT LOCKER, INC.",Consumer / Retail,2021,0.6013521819299323,0.0818684695759065,0.0960035722259432,22.81944157774034,0.0,2022,No Pressure
0000850209,"FOOT LOCKER, INC.",Consumer / Retail,2022,0.5835335778424181,0.021879347413684,0.0663317730334513,22.791014280161672,0.0,2023,No Pressure
0000850460,ENCORE WIRE CORP,Industrial / Manufacturing,2021,,0.2733800446379569,0.269679228887335,21.148883838451404,0.0,2022,No Pressure
0000850460,ENCORE WIRE CORP,Industrial / Manufacturing,2022,,0.3412453956245802,0.3032266189017267,21.425735428982183,0.0,2023,No Pressure
0000851205,COGNEX CORP,Industrial / Manufacturing,2021,0.2862603572858097,0.1567454989913468,0.3038295320210819,21.41824234376832,0.0,2022,No Pressure
0000851205,COGNEX CORP,Industrial / Manufacturing,2022,0.2654284167628464,0.1243046973147987,0.2447385422775298,21.39526088054148,0.0,2023,No Pressure
0000851310,HARMONIC INC,Technology / Software / Electronics,2021,0.5721464754946762,0.0591290583924138,0.0370877197825491,20.35752996795874,0.0,2022,No Pressure
0000851310,HARMONIC INC,Technology / Software / Electronics,2022,0.5429608826818475,0.0077124805286626,0.072835411076282,20.380800881199367,0.0,2023,No Pressure
0000851968,MOHAWK INDUSTRIES INC,Industrial / Manufacturing,2021,0.4074866654523313,0.092032580086902,0.1191908871416234,23.378232862146845,0.0,2022,No Pressure
0000851968,MOHAWK INDUSTRIES INC,Industrial / Manufacturing,2022,0.4321764376613973,0.0473889892320574,0.0208073313047171,23.370888663515164,0.0,2023,No Pressure
0000852772,DENNY'S CORP,Consumer / Retail,2021,1.149852936786927,0.1748984563528782,0.2613807029087786,19.892067352334912,0.0,2022,No Pressure
0000852772,DENNY'S CORP,Consumer / Retail,2022,1.074480018461477,0.0791676282019123,0.1328005012827844,20.026783101603645,0.0,2023,No Pressure
0000854775,DIGI INTERNATIONAL INC,Technology / Software / Electronics,2021,0.2372988599440544,0.0931720930833162,0.034111822494103,20.244473299750744,0.0,2022,No Pressure
0000854775,DIGI INTERNATIONAL INC,Technology / Software / Electronics,2022,0.4126760315963906,0.0441974715860849,0.098448064910812,20.56531879454521,0.0,2023,No Pressure
0000855654,"IMMUNOGEN, INC.",Industrial / Manufacturing,2022,0.5534252699635464,-0.6585792236971822,-2.0306024893824346,19.670399085127364,,2023,Unknown
0000855658,LATTICE SEMICONDUCTOR CORP,Technology / Software / Electronics,2021,0.4333979358398004,0.2308649486437603,0.1956350045699138,20.40374078354204,0.0,2022,No Pressure
0000855658,LATTICE SEMICONDUCTOR CORP,Technology / Software / Electronics,2022,0.3900650170962536,0.2989884977457485,0.2837363482727498,20.498512241456403,0.0,2023,No Pressure
0000856982,MERIT MEDICAL SYSTEMS INC,Industrial / Manufacturing,2021,0.3691665443179432,0.0893232639322839,0.0566791749903,21.22300665118759,0.0,2022,No Pressure
0000856982,MERIT MEDICAL SYSTEMS INC,Industrial / Manufacturing,2022,0.3122473656312689,0.0686858986301402,0.0760768422762843,21.232469747045343,0.0,2023,No Pressure
0000857005,PTC INC.,Technology / Software / Electronics,2021,0.547766862781638,0.0818200977912662,0.2106887108439268,22.22902182432309,0.0,2022,No Pressure
0000857005,PTC INC.,Technology / Software / Electronics,2022,0.5101551692798449,0.0928741433175999,0.2313925022254153,22.26811573389812,0.0,2023,No Pressure
0000857949,"CHINA GREEN AGRICULTURE, INC.",Industrial / Manufacturing,2021,0.2969979372826336,-0.0482869491175712,-0.4915436806670547,19.401742741127062,1.0,2022,Pressure
0000857949,"CHINA GREEN AGRICULTURE, INC.",Industrial / Manufacturing,2022,0.3092759177469494,-0.1022381470597407,-0.4974630709016557,19.08910069082264,1.0,2023,Pressure
0000858470,COTERRA ENERGY INC.,Energy / Capital-intensive,2021,0.4076381909547739,0.0837688442211055,0.4534647723977965,23.71398556872711,0.0,2022,No Pressure
0000858470,COTERRA ENERGY INC.,Energy / Capital-intensive,2022,0.3713406767887268,0.2707154907214448,0.5755165175118772,23.72666861685424,0.0,2023,No Pressure
0000858655,HAYNES INTERNATIONAL INC,Industrial / Manufacturing,2021,0.3717305176089522,0.0425744114336953,-0.0211543530345524,20.11896252184305,0.0,2022,No Pressure
0000858655,HAYNES INTERNATIONAL INC,Industrial / Manufacturing,2022,0.4061506100791561,-0.1257024015688879,0.1129998103824768,20.26486661694034,0.0,2023,No Pressure
0000858877,"CISCO SYSTEMS, INC.",Technology / Software / Electronics,2021,0.5766536406248397,0.1585074412546027,0.2575976554658958,25.30308744525632,0.0,2022,No Pressure
0000858877,"CISCO SYSTEMS, INC.",Technology / Software / Electronics,2022,0.5768919810216804,0.1406991340609774,0.2709428399635355,25.266581895596453,0.0,2023,No Pressure
0000859737,HOLOGIC INC,Industrial / Manufacturing,2021,,0.261258534288501,0.4403707188892637,22.911550572825263,0.0,2022,No Pressure
0000859737,HOLOGIC INC,Industrial / Manufacturing,2022,,0.2343350383631713,0.3372953853746812,22.92837039673214,0.0,2023,No Pressure
0000860731,TYLER TECHNOLOGIES INC,Technology / Software / Electronics,2021,0.5088856866873296,0.0785588233367377,0.1135065475005448,22.27764780636372,0.0,2022,No Pressure
0000860731,TYLER TECHNOLOGIES INC,Technology / Software / Electronics,2022,0.4401204330658015,0.0813785076087747,0.1157975012485109,22.268147521632844,0.0,2023,No Pressure
0000861459,GRANITE CONSTRUCTION INC,Industrial / Manufacturing,2021,,0.0087902371492232,0.0003651098502252,21.637525307605635,0.0,2022,No Pressure
0000861459,GRANITE CONSTRUCTION INC,Industrial / Manufacturing,2022,,0.0256682286768087,0.0258631866174571,21.49704001644849,0.0,2023,No Pressure
0000861878,STERICYCLE INC,Energy / Capital-intensive,2021,0.5609800661416747,0.0553799492061171,0.0273149722316672,22.42311102063869,0.0,2022,No Pressure
0000861878,STERICYCLE INC,Energy / Capital-intensive,2022,0.545471588459159,0.0375321047599407,0.0568270048434207,22.397386010374515,0.0,2023,No Pressure
0000861884,RELIANCE STEEL & ALUMINUM CO,Consumer / Retail,2021,,0.0838296979865771,0.138285568319698,22.97833994737427,0.0,2022,No Pressure
0000861884,RELIANCE STEEL & ALUMINUM CO,Consumer / Retail,2022,,0.2050939505706734,0.1472481644640235,23.0583084395858,0.0,2023,No Pressure
0000863436,BENCHMARK ELECTRONICS INC,Technology / Software / Electronics,2021,,-0.0013771876378763,0.02352749211974,21.36715974664457,0.0,2022,No Pressure
0000863436,BENCHMARK ELECTRONICS INC,Technology / Software / Electronics,2022,,-0.0796769766146118,0.0312053607157321,21.524069845070745,0.0,2023,No Pressure
0000864240,SYPRIS SOLUTIONS INC,Industrial / Manufacturing,2022,0.8120390997080965,0.1324416192963589,0.0033054549086913,18.4612851243964,0.0,2023,No Pressure
0000864749,TRIMBLE INC.,Industrial / Manufacturing,2021,0.4443771480083385,0.1057101808552594,0.1533163892760514,22.68330428151932,0.0,2022,No Pressure
0000864749,TRIMBLE INC.,Industrial / Manufacturing,2022,0.4428119411198239,0.0538175815105241,0.1389712482659195,22.70688456758648,0.0,2023,No Pressure
0000865752,MONSTER BEVERAGE CORP,Industrial / Manufacturing,2021,,0.148081100002255,0.3243733659222514,22.7780027160914,0.0,2022,No Pressure
0000865752,MONSTER BEVERAGE CORP,Industrial / Manufacturing,2022,,0.1070406078302396,0.2511025899018388,22.838690283736504,0.0,2023,No Pressure
0000866273,MATRIX SERVICE CO,Industrial / Manufacturing,2021,0.3892945443968209,-0.0063543190548297,-0.064964552909275,19.963029687754272,1.0,2022,Pressure
0000866273,MATRIX SERVICE CO,Industrial / Manufacturing,2022,0.4834173863922521,-0.1229511357938987,-0.1241261408912373,19.90408593772774,0.0,2023,No Pressure
0000866291,"ALLEGRO MICROSYSTEMS, INC.",Technology / Software / Electronics,2021,0.1761746319822545,0.1749109363446931,0.1777736725842164,20.60967151748178,0.0,2022,No Pressure
0000866291,"ALLEGRO MICROSYSTEMS, INC.",Technology / Software / Electronics,2022,0.1814664459787242,0.1635737900614229,0.2088084769419906,20.889758611104305,0.0,2023,No Pressure
0000866374,FLEX LTD.,Technology / Software / Electronics,2021,0.7823027166882277,0.0529883570504527,0.0373257555393418,23.684665431471643,0.0,2022,No Pressure
0000866374,FLEX LTD.,Technology / Software / Electronics,2022,0.7333021734050011,0.0444028978733348,0.0390166743557635,23.78642308686193,0.0,2023,No Pressure
0000866706,ESCO TECHNOLOGIES INC,Technology / Software / Electronics,2021,0.3535364806050673,0.078067258589592,,21.17900889145077,,2022,Unknown
0000866706,ESCO TECHNOLOGIES INC,Technology / Software / Electronics,2022,0.3664642637821737,0.0817640360335965,,21.226738091439536,,2023,Unknown
0000866729,SCHOLASTIC CORP,Industrial / Manufacturing,2021,,0.0353532838719314,-0.0174575098054295,21.42055443050484,0.0,2022,No Pressure
0000866729,SCHOLASTIC CORP,Industrial / Manufacturing,2022,,0.1164468260511129,0.0592854099458275,21.38636609666931,0.0,2023,No Pressure
0000866787,AUTOZONE INC,Consumer / Retail,2021,,0.2423873494707533,0.2012720798300157,23.398531035282904,0.0,2022,No Pressure
0000866787,AUTOZONE INC,Consumer / Retail,2022,,0.2102210121437956,0.2012480133495526,23.44948615712286,0.0,2023,No Pressure
0000866829,HELIX ENERGY SOLUTIONS GROUP INC,Energy / Capital-intensive,2021,0.2917243472563529,0.0602387417520339,-0.0721579658766199,21.56742792923354,0.0,2022,No Pressure
0000866829,HELIX ENERGY SOLUTIONS GROUP INC,Energy / Capital-intensive,2022,0.365217897174866,0.0213900251868927,-0.0513744130111098,21.59428217749255,0.0,2023,No Pressure
0000867773,SUNPOWER CORP,Technology / Software / Electronics,2021,0.7491494115664591,-0.0286054980492743,-0.0207496375122497,21.1646166165953,1.0,2022,Pressure
0000867773,SUNPOWER CORP,Technology / Software / Electronics,2022,0.6766001482016644,-0.1019557788255888,-0.0002825845226389,21.299883134388736,,2023,Unknown
0000868780,"DORMAN PRODUCTS, INC.",Industrial / Manufacturing,2021,,0.0599706297041633,0.1275236034369845,21.2379553867263,0.0,2022,No Pressure
0000868780,"DORMAN PRODUCTS, INC.",Industrial / Manufacturing,2022,,0.017801797431533,0.0986578795431172,21.574179723480768,0.0,2023,No Pressure
0000870826,"IMEDIA BRANDS, INC.",Consumer / Retail,2021,0.8672851848379499,-0.0956209449207591,-0.0194598772712262,20.0744168438609,,2022,Unknown
0000871763,MANPOWERGROUP INC.,Technology / Software / Electronics,2021,,0.0656024580573614,0.0282468973770048,23.00859286260592,0.0,2022,No Pressure
0000871763,MANPOWERGROUP INC.,Technology / Software / Electronics,2022,,0.0463616051870673,0.0293380406001765,22.934875342313187,0.0,2023,No Pressure
0000872589,"REGENERON PHARMACEUTICALS, INC.",Industrial / Manufacturing,2021,0.2620818720807712,0.2784098951043452,0.5566803760647598,23.959384152048884,0.0,2022,No Pressure
0000872589,"REGENERON PHARMACEUTICALS, INC.",Industrial / Manufacturing,2022,0.2242208492358246,0.171657909599685,0.3892991809675591,24.09793099834461,0.0,2023,No Pressure
0000873303,"SAREPTA THERAPEUTICS, INC.",Industrial / Manufacturing,2021,0.7052043631872436,-0.1407800699751649,-0.6549629783711624,21.87002490857293,1.0,2022,Pressure
0000873303,"SAREPTA THERAPEUTICS, INC.",Industrial / Manufacturing,2022,0.8769485411873164,-0.1039987009192658,-0.5746983161006332,21.863776660776903,1.0,2023,Pressure
0000874015,IONIS PHARMACEUTICALS INC,Industrial / Manufacturing,2021,0.7045066604382603,0.0117927472249769,-0.0372456987177588,21.68326335869857,1.0,2022,Pressure
0000874015,IONIS PHARMACEUTICALS INC,Industrial / Manufacturing,2022,0.773908825846253,-0.10828075249144,-0.6983555426164562,21.65301598355176,1.0,2023,Pressure
0000874238,STERLING CONSTRUCTION CO INC,Industrial / Manufacturing,2021,0.7073694796733702,0.1231474350850855,0.0678273524655353,20.93108943556506,0.0,2022,No Pressure
0000874238,"STERLING INFRASTRUCTURE, INC.",Industrial / Manufacturing,2022,0.6685679998890137,0.151992896879899,0.0903508236522824,21.08903331888969,0.0,2023,No Pressure
0000874396,"LIFETIME BRANDS, INC",Industrial / Manufacturing,2021,,0.0446136291814723,0.0589182824906944,20.535819974495627,0.0,2022,No Pressure
0000874396,"LIFETIME BRANDS, INC",Industrial / Manufacturing,2022,,0.0335024135954858,0.033343777742963,20.402906292293405,0.0,2023,No Pressure
0000874499,GULFPORT ENERGY CORP,Energy / Capital-intensive,2021,0.7198759173372591,0.1351262226551402,-0.104385318189878,21.49717792632985,0.0,2022,No Pressure
0000874499,GULFPORT ENERGY CORP,Energy / Capital-intensive,2022,0.6523427497327853,0.2916090446991275,0.4080242684312063,21.65325393057899,0.0,2023,No Pressure
0000874716,IDEXX LABORATORIES INC /DE,Industrial / Manufacturing,2021,0.716891863336784,0.310005362704707,0.289867386544586,21.61411690766889,0.0,2022,No Pressure
0000874716,IDEXX LABORATORIES INC /DE,Industrial / Manufacturing,2022,0.778380385653669,0.19768127233309,0.2669077879051734,21.73368969289378,0.0,2023,No Pressure
0000874761,AES CORP,Energy / Capital-intensive,2021,,0.0577010587628553,,24.21865155729348,,2022,Unknown
0000874761,AES CORP,Energy / Capital-intensive,2022,,0.0707713161118786,,24.370359290394816,,2023,Unknown
0000875045,BIOGEN INC.,Industrial / Manufacturing,2021,0.5409991917009042,0.1524418590041587,0.2586757970077492,23.896194053793693,,2022,Unknown
0000875045,BIOGEN INC.,Industrial / Manufacturing,2022,0.4547387198064682,0.0563775499814694,,23.92414468339368,,2023,Unknown
0000875320,VERTEX PHARMACEUTICALS INC / MA,Industrial / Manufacturing,2021,0.2480923134189465,0.1967988088591103,0.3673030207013096,23.320942980641696,0.0,2022,No Pressure
0000875320,VERTEX PHARMACEUTICALS INC / MA,Industrial / Manufacturing,2022,0.2334980634569084,0.2275314171749059,0.4823138163861735,23.62198598325984,0.0,2023,No Pressure
0000875657,ULTRALIFE CORP,Technology / Software / Electronics,2022,0.308893902511429,-0.0074986641334679,0.000978458737864,18.94203079711175,0.0,2023,No Pressure
0000876167,PROGRESS SOFTWARE CORP /MA,Technology / Software / Electronics,2021,,0.130931540544921,0.2185190273906341,21.033347896662065,0.0,2022,No Pressure
0000876167,PROGRESS SOFTWARE CORP /MA,Technology / Software / Electronics,2022,,0.1361408848449038,0.2194819713195562,21.06790392846604,0.0,2023,No Pressure
0000876523,EZCORP INC,Consumer / Retail,2021,0.4693881417084546,0.0366545084856,0.0427235381762207,20.959847491935008,0.0,2022,No Pressure
0000876523,EZCORP INC,Consumer / Retail,2022,0.4864290388299238,0.049362776156299,0.0845406076335016,21.02179734163162,0.0,2023,No Pressure
0000876883,STAGWELL INC,Technology / Software / Electronics,2021,0.7725592886837395,0.0495258384743982,0.0304390405910588,22.123359547824307,0.0,2022,No Pressure
0000876883,STAGWELL INC,Technology / Software / Electronics,2022,0.7536530897005308,0.0870415983444401,0.0592411912826587,22.10789180732615,0.0,2023,No Pressure
0000877212,ZEBRA TECHNOLOGIES CORP,Technology / Software / Electronics,2021,0.5198712791633145,0.1720032180209171,0.1739825839701439,22.550231562069985,0.0,2022,No Pressure
0000877212,ZEBRA TECHNOLOGIES CORP,Technology / Software / Electronics,2022,0.6370035861336166,0.0648160446274405,0.0915066597474485,22.742028067947217,1.0,2023,Pressure
0000877422,SPARTANNASH CO,Consumer / Retail,2021,,0.0730271499405015,0.012562928008712,21.51480118317558,0.0,2022,No Pressure
0000877422,SPARTANNASH CO,Consumer / Retail,2022,,0.0478417869720332,0.0071080876481629,21.559023508043595,0.0,2023,No Pressure
0000877890,CITRIX SYSTEMS INC,Technology / Software / Electronics,2021,,0.0962869132137446,0.0735491130403429,22.66567228391411,,2022,Unknown
0000878526,NATUS MEDICAL INC,Industrial / Manufacturing,2021,0.2472815299988658,0.1134084013836906,0.0502262175828725,20.15107531920098,,2022,Unknown
0000878726,TUESDAY MORNING CORP/DE,Consumer / Retail,2021,0.8281795905083708,-0.3782269720783758,-0.0709144602556493,19.850714442406748,1.0,2022,Pressure
0000878726,TUESDAY MORNING CORP/DE,Consumer / Retail,2022,0.9463910598120708,-0.1739615332490061,-0.0686988286350257,19.685304525512134,,2023,Unknown
0000879407,"ARROWHEAD PHARMACEUTICALS, INC.",Industrial / Manufacturing,2021,,0.2411103037676653,-1.077729649207807,20.380983958389187,1.0,2022,Pressure
0000879407,"ARROWHEAD PHARMACEUTICALS, INC.",Industrial / Manufacturing,2022,,-0.1967384408163147,-0.7338990506966628,20.35500836085268,1.0,2023,Pressure
0000879526,WABASH NATIONAL CORP,Industrial / Manufacturing,2021,0.7059456891202099,-0.0067475347109625,0.0186006738876306,20.824983626827525,0.0,2022,No Pressure
0000879526,WABASH NATIONAL CORP,Industrial / Manufacturing,2022,0.6692003393370962,0.1031006470171322,0.0666000833690029,20.90851892676215,0.0,2023,No Pressure
0000880117,SANFILIPPO JOHN B & SON INC,Industrial / Manufacturing,2021,0.3914143378800617,0.2627574004592739,0.0992193196828821,19.80310512886492,0.0,2022,No Pressure
0000880117,SANFILIPPO JOHN B & SON INC,Industrial / Manufacturing,2022,0.3766047640980007,0.0438311325352925,0.0914739273623554,19.91865511286063,0.0,2023,No Pressure
0000880266,AGCO CORP /DE,Technology / Software / Electronics,2021,0.6249441848814541,0.0719007634419141,0.089906000017956,22.94052177369649,0.0,2022,No Pressure
0000880266,AGCO CORP /DE,Technology / Software / Electronics,2022,0.6157249324504884,0.0829597078298049,0.1000205510852553,23.036167530441386,0.0,2023,No Pressure
0000880807,AMERICAN SUPERCONDUCTOR CORP /DE/,Technology / Software / Electronics,2021,0.3709190451270078,-0.1091340928304013,-0.1944851754507308,18.97391622667436,1.0,2022,Pressure
0000880807,AMERICAN SUPERCONDUCTOR CORP /DE/,Technology / Software / Electronics,2022,0.5340821708693845,-0.1280751419734451,-0.3114526721014493,18.98349712452244,0.0,2023,No Pressure
0000882095,"GILEAD SCIENCES, INC.",Industrial / Manufacturing,2021,,0.1675300211914292,0.3632301776231459,24.942067410532044,0.0,2022,No Pressure
0000882095,"GILEAD SCIENCES, INC.",Industrial / Manufacturing,2022,,0.1436102008833167,0.2686851654997984,24.869111172046743,0.0,2023,No Pressure
0000882184,HORTON D R INC /DE/,Industrial / Manufacturing,2021,0.3664114191015119,0.0222519247665088,,23.90198194797975,,2022,Unknown
0000882184,HORTON D R INC /DE/,Industrial / Manufacturing,2022,0.3481092942265684,0.0185100375274701,,24.13609859765015,,2023,Unknown
0000882796,BIOCRYST PHARMACEUTICALS INC,Industrial / Manufacturing,2021,,-0.2417015358300844,-1.130750143157091,20.19249427731605,1.0,2022,Pressure
0000882796,BIOCRYST PHARMACEUTICALS INC,Industrial / Manufacturing,2022,,-0.2942727272727273,-0.5480805089595941,20.12542883800897,1.0,2023,Pressure
0000882835,ROPER TECHNOLOGIES INC,Industrial / Manufacturing,2021,0.5123619480557816,0.0848405365629441,0.2561874762020146,23.88932721109729,0.0,2022,No Pressure
0000882835,ROPER TECHNOLOGIES INC,Industrial / Manufacturing,2022,0.4055847120915614,0.0272267686651248,0.2837968651103913,24.01839133891725,0.0,2023,No Pressure
0000883241,SYNOPSYS INC,Technology / Software / Electronics,2021,0.3945628900421148,0.1705413230411345,0.1747755157767495,22.892577789794466,0.0,2022,No Pressure
0000883241,SYNOPSYS INC,Technology / Software / Electronics,2022,0.4097325709562887,0.1846340981984982,0.2286782240508885,22.965897826461354,0.0,2023,No Pressure
0000883569,"FOSSIL GROUP, INC.",Industrial / Manufacturing,2021,,0.0365516954173939,0.0495375490097516,21.03714110360139,1.0,2022,Pressure
0000883569,"FOSSIL GROUP, INC.",Industrial / Manufacturing,2022,,-0.0895351692232144,-0.0008755146546174,20.936866399240504,1.0,2023,Pressure
0000883902,"CORNERSTONE BUILDING BRANDS, INC.",Industrial / Manufacturing,2021,,-0.0370465005336802,0.2036928343330998,22.485847065015367,0.0,2022,No Pressure
0000883902,"CORNERSTONE BUILDING BRANDS, INC.",Industrial / Manufacturing,2022,0.7596567806329193,0.0246465980413281,0.0298150828599623,22.69646452952117,0.0,2023,No Pressure
0000883984,ICU MEDICAL INC/DE,Industrial / Manufacturing,2021,,0.1422516054867823,0.0936293025644454,21.35493009048262,1.0,2022,Pressure
0000883984,ICU MEDICAL INC/DE,Industrial / Manufacturing,2022,,-0.0137586225300018,-0.0188149370371978,22.230812985166946,0.0,2023,No Pressure
0000884219,VIAD CORP,Technology / Software / Electronics,2021,0.7784634214508062,-0.036479284523385,,20.76020510438814,,2022,Unknown
0000884219,VIAD CORP,Technology / Software / Electronics,2022,0.7850342918669854,0.0673465120246233,,20.80976091492664,,2023,Unknown
0000884614,UGI CORP /PA/,Energy / Capital-intensive,2021,0.6692579082700473,0.0885606649524606,0.3155633140862092,23.540050854405195,0.0,2022,No Pressure
0000884614,UGI CORP /PA/,Energy / Capital-intensive,2022,0.6543954480796587,0.0407396870554765,0.16485256283396,23.58974327470004,1.0,2023,Pressure
0000884624,ORTHOFIX MEDICAL INC.,Industrial / Manufacturing,2021,0.2930806948049087,0.0387622922099856,-0.0179017781212928,19.982236382060297,1.0,2022,Pressure
0000884624,ORTHOFIX MEDICAL INC.,Industrial / Manufacturing,2022,0.2655065423250601,-0.0251575892496985,-0.0287988400587784,19.94375216450464,1.0,2023,Pressure
0000884713,PRIMO WATER CORP /CN/,Industrial / Manufacturing,2021,0.6454584519525165,0.0694795079765805,0.0496792552934934,22.03790306657064,0.0,2022,No Pressure
0000884713,PRIMO WATER CORP /CN/,Industrial / Manufacturing,2022,0.650149986364876,0.0767930188164712,0.0577400568823077,22.022639726308302,0.0,2023,No Pressure
0000885245,BUCKLE INC,Consumer / Retail,2021,0.5992695457968149,0.3992321522786995,0.2591512327679365,20.47593717052445,0.0,2022,No Pressure
0000885245,BUCKLE INC,Consumer / Retail,2022,0.5507122313238513,0.2893840461616158,0.2439303977811263,20.54602614676698,0.0,2023,No Pressure
0000885568,OLD DOMINION ELECTRIC COOPERATIVE,Energy / Capital-intensive,2021,,0.0908439725083319,0.0705869542939127,21.500321628015683,0.0,2022,No Pressure
0000885568,OLD DOMINION ELECTRIC COOPERATIVE,Energy / Capital-intensive,2022,,-0.0270324569984566,0.0601540683774108,21.513983822443866,0.0,2023,No Pressure
0000885590,BAUSCH HEALTH COMPANIES INC.,Industrial / Manufacturing,2021,1.0011643038148073,0.048832271762208,0.0533554659710694,24.09750303706003,0.0,2022,No Pressure
0000885590,BAUSCH HEALTH COMPANIES INC.,Industrial / Manufacturing,2022,0.9898777544187496,-0.0283422876275013,0.0558838010832102,23.969211933376208,0.0,2023,No Pressure
0000885639,KOHLS CORP,Consumer / Retail,2021,,0.1508569151056197,0.0864508825194257,23.43490957362518,0.0,2022,No Pressure
0000885639,KOHLS CORP,Consumer / Retail,2022,,0.0196584175670965,0.0135926621726157,23.38666728644945,0.0,2023,No Pressure
0000885725,BOSTON SCIENTIFIC CORP,Industrial / Manufacturing,2021,,0.0580222780725433,0.1008580080753701,24.19613250532996,0.0,2022,No Pressure
0000885725,BOSTON SCIENTIFIC CORP,Industrial / Manufacturing,2022,,0.0469986756598601,0.1300268096514745,24.20355162495833,0.0,2023,No Pressure
0000886128,FUELCELL ENERGY INC,Technology / Software / Electronics,2022,0.1972221424109599,-0.1193625314855429,-1.1014683792648907,20.661089325133872,1.0,2023,Pressure
0000886158,BED BATH & BEYOND INC,Consumer / Retail,2021,0.966057390871817,0.0034799238759343,-0.0518034443778154,22.358482991082887,1.0,2022,Pressure
0000886158,BED BATH & BEYOND INC,Consumer / Retail,2022,2.258307841437486,-0.4453403870274225,-0.5193269575288347,21.52312027634834,,2023,Unknown
0000886163,LIGAND PHARMACEUTICALS INC,Industrial / Manufacturing,2021,0.3671660539924013,0.060726423600675,0.2846828057286573,20.983774535531246,0.0,2022,No Pressure
0000886163,LIGAND PHARMACEUTICALS INC,Industrial / Manufacturing,2022,0.2165857227522329,0.1807470616310111,0.015475553517287,20.45233337135726,0.0,2023,No Pressure
0000886346,KADANT INC,Technology / Software / Electronics,2021,,0.1434536994838422,0.1483767046920907,20.84743907922802,0.0,2022,No Pressure
0000886346,KADANT INC,Technology / Software / Electronics,2022,,0.0892483657004507,0.1893164769065995,20.86292429657611,0.0,2023,No Pressure
0000886835,SUPERIOR ENERGY SERVICES INC,Energy / Capital-intensive,2021,0.3816356372779506,0.0490901269520503,-0.2321527111971564,20.90517731050106,0.0,2022,No Pressure
0000886835,SUPERIOR ENERGY SERVICES INC,Energy / Capital-intensive,2022,0.3426732896058142,0.1472831507994881,0.2301167473641341,20.89806920367519,0.0,2023,No Pressure
0000887359,VERICEL CORP,Industrial / Manufacturing,2021,0.3005395867955109,0.1191604603926878,-0.0502868411617067,19.31146903951742,0.0,2022,No Pressure
0000887359,VERICEL CORP,Industrial / Manufacturing,2022,0.2957146991058706,0.0647868338443167,-0.1037812186292702,19.424993345762807,0.0,2023,No Pressure
0000887596,CHEESECAKE FACTORY INC,Consumer / Retail,2021,,0.076124547688184,0.0281184885603612,21.752215387316888,0.0,2022,No Pressure
0000887596,CHEESECAKE FACTORY INC,Consumer / Retail,2022,,0.0583470859967858,0.0117872119875658,21.743995860641984,0.0,2023,No Pressure
0000887733,CENTRAL GARDEN & PET CO,Consumer / Retail,2021,,0.0804843615642286,0.0770340020413574,21.860034169965463,0.0,2022,No Pressure
0000887733,CENTRAL GARDEN & PET CO,Consumer / Retail,2022,,-0.0103686713170802,0.0778880173294818,21.91171943930334,0.0,2023,No Pressure
0000887921,REVLON INC /DE/,Industrial / Manufacturing,2021,,-0.0045220966084275,0.0496464136238995,21.612185372435533,0.0,2022,No Pressure
0000887921,REVLON INC /DE/,Industrial / Manufacturing,2022,,-0.0977990200016065,0.0403453847707533,21.6354682233136,,2023,Unknown
0000889331,LITTELFUSE INC /DE,Technology / Software / Electronics,2021,,0.1184578247195802,0.1854112257731998,21.8712090962202,0.0,2022,No Pressure
0000889331,LITTELFUSE INC /DE,Technology / Software / Electronics,2022,,0.1075170593078319,0.1992229594132138,22.08519936818621,0.0,2023,No Pressure
0000889900,PATTERSON UTI ENERGY INC,Energy / Capital-intensive,2021,0.4558587865231749,0.0322856346911673,-0.499417499766042,21.807727814181124,0.0,2022,No Pressure
0000889900,PATTERSON UTI ENERGY INC,Energy / Capital-intensive,2022,0.4702236735337835,0.1800953806877804,0.0797067675079846,21.868705412536755,0.0,2023,No Pressure
0000890447,VERTEX ENERGY INC.,Industrial / Manufacturing,2021,0.7236948503356867,-0.0583313127060579,-0.1329184249193793,19.399232856246016,0.0,2022,No Pressure
0000890447,VERTEX ENERGY INC.,Industrial / Manufacturing,2022,0.7600469984116277,0.1027132879305467,0.0173925346964142,20.35131045521042,1.0,2023,Pressure
0000890564,ASGN INC,Technology / Software / Electronics,2021,0.4674546077423775,0.0552986182482585,0.087517146776406,21.97682848589783,0.0,2022,No Pressure
0000890564,ASGN INC,Technology / Software / Electronics,2022,0.4697548595811138,0.0858409794461332,0.0893890113728144,22.00021955023604,0.0,2023,No Pressure
0000891014,MINERALS TECHNOLOGIES INC,Industrial / Manufacturing,2021,0.5318890403651236,0.0688755853239286,0.1268363558090728,21.939424096432514,0.0,2022,No Pressure
0000891014,MINERALS TECHNOLOGIES INC,Industrial / Manufacturing,2022,0.525752587017874,0.0310736124176857,0.1010585744530698,21.947511746405883,0.0,2023,No Pressure
0000891024,"PATTERSON COMPANIES, INC.",Consumer / Retail,2021,0.6494031824695594,-0.2654973939773455,0.0356232491315218,21.735416052638904,0.0,2022,No Pressure
0000891024,"PATTERSON COMPANIES, INC.",Consumer / Retail,2022,0.6197025127387722,-0.3578141470585017,0.0241563650826498,21.73181847134487,0.0,2023,No Pressure
0000891103,"MATCH GROUP, INC.",Technology / Software / Electronics,2021,,0.1802186642355718,0.2854843851241437,22.34528191178468,0.0,2022,No Pressure
0000891103,"MATCH GROUP, INC.",Technology / Software / Electronics,2022,,0.1256795745588323,0.1615021498392991,22.1542381092158,0.0,2023,No Pressure
0000892553,CHART INDUSTRIES INC,Industrial / Manufacturing,2021,0.4660621591431763,-0.0069978316577961,0.0671624800789254,21.83637257209351,0.0,2022,No Pressure
0000892553,CHART INDUSTRIES INC,Industrial / Manufacturing,2022,0.5451803656449618,0.0136905064470763,0.0939593153063756,22.49854017008404,0.0,2023,No Pressure
0000893538,SM ENERGY CO,Energy / Capital-intensive,2021,,0.2215852305044519,0.0797298708983283,22.3784372468911,0.0,2022,No Pressure
0000893538,SM ENERGY CO,Energy / Capital-intensive,2022,,0.2950305272584739,0.4702729998121267,22.46654192011881,0.0,2023,No Pressure
0000893691,MASONITE INTERNATIONAL CORP,Industrial / Manufacturing,2021,0.6885193655530224,0.0696411227899002,0.0844431095297506,21.532691811691944,0.0,2022,No Pressure
0000893691,MASONITE INTERNATIONAL CORP,Industrial / Manufacturing,2022,0.6696071218560096,0.0841557029736969,0.1129192059859867,21.53338594778264,0.0,2023,No Pressure
0000894627,VAALCO ENERGY INC /DE/,Energy / Capital-intensive,2021,0.4515298947128359,0.1904937473868258,0.3973376868014567,19.388006740727327,0.0,2022,No Pressure
0000894627,VAALCO ENERGY INC /DE/,Energy / Capital-intensive,2022,0.4552563516708526,0.1505841819174163,0.4833853569876328,20.567361454781725,0.0,2023,No Pressure
0000895126,CHESAPEAKE ENERGY CORP,Energy / Capital-intensive,2021,0.4848760105368335,0.1643201017349441,0.1690394665705532,23.12197895712552,0.0,2022,No Pressure
0000895126,CHESAPEAKE ENERGY CORP,Energy / Capital-intensive,2022,0.4101370571502457,0.2666795965865011,0.3218938942348633,23.46203921075611,0.0,2023,No Pressure
0000895419,"CREE, INC.",Technology / Software / Electronics,2021,,-0.0364105837298363,-0.5972222222222222,21.96071210162001,1.0,2022,Pressure
0000895419,"WOLFSPEED, INC.",Technology / Software / Electronics,2022,,-0.0393618379068283,-0.3320825515947467,22.08871953244972,1.0,2023,Pressure
0000895447,SHOE CARNIVAL INC,Consumer / Retail,2021,0.44287448415786,0.1820750396422837,0.1560845884752937,20.51533596966871,0.0,2022,No Pressure
0000895447,SHOE CARNIVAL INC,Consumer / Retail,2022,0.4690057699632545,0.0509587474400902,0.1160196001536956,20.71299426551101,0.0,2023,No Pressure
0000895456,"ROCKY BRANDS, INC.",Industrial / Manufacturing,2021,0.68321658727935,-0.0878597446263459,0.0699535419182579,20.2525819779969,0.0,2022,No Pressure
0000895456,"ROCKY BRANDS, INC.",Industrial / Manufacturing,2022,0.63001940280568,0.0328353852229605,0.0715512409114911,20.18265088608673,0.0,2023,No Pressure
0000896156,ETHAN ALLEN INTERIORS INC,Industrial / Manufacturing,2021,0.4856632686664374,0.1901397009857371,0.1127969887721131,20.34236406624367,0.0,2022,No Pressure
0000896156,ETHAN ALLEN INTERIORS INC,Industrial / Manufacturing,2022,0.4341910973128026,0.0963418276276401,0.169058968257268,20.394615927395417,0.0,2023,No Pressure
0000896264,USANA HEALTH SCIENCES INC,Industrial / Manufacturing,2021,,0.2098296811714612,0.1434447231437279,20.174634500175404,0.0,2022,No Pressure
0000896264,USANA HEALTH SCIENCES INC,Industrial / Manufacturing,2022,,0.1741717780098533,0.1077647629033017,20.206671943655564,0.0,2023,No Pressure
0000896429,"CANTALOUPE, INC.",Technology / Software / Electronics,2021,0.3498140294186946,0.0344045575414857,-0.0521447954043093,19.286402134058864,,2022,Unknown
0000896622,"APTARGROUP, INC.",Industrial / Manufacturing,2021,,0.0877592503339479,0.107630682869255,22.14429103936128,0.0,2022,No Pressure
0000896622,"APTARGROUP, INC.",Industrial / Manufacturing,2022,,0.1138626816302196,0.1141615213068015,22.159173357054,0.0,2023,No Pressure
0000896841,"AVID TECHNOLOGY, INC.",Technology / Software / Electronics,2021,1.452824817518248,0.2280620437956204,0.112851999297465,19.42863866800198,0.0,2022,No Pressure
0000896841,"AVID TECHNOLOGY, INC.",Technology / Software / Electronics,2022,1.413222335477452,0.1670499177256803,0.1290208977679181,19.47656993005561,,2023,Unknown
0000896878,INTUIT INC,Technology / Software / Electronics,2021,0.3639468935292601,0.2094612013405516,0.2595245510225267,23.465137586588583,0.0,2022,No Pressure
0000896878,INTUIT INC,Technology / Software / Electronics,2022,0.4071897310160813,0.1402249945914761,0.202027345591702,24.04592493431414,0.0,2023,No Pressure
0000897077,ALAMO GROUP INC,Technology / Software / Electronics,2021,,0.0411920626469012,0.0876450188611649,20.91036098284615,0.0,2022,No Pressure
0000897077,ALAMO GROUP INC,Technology / Software / Electronics,2022,,0.0111042500313333,0.0981702096172345,20.99215339455085,0.0,2023,No Pressure
0000897429,"CHICO'S FAS, INC.",Consumer / Retail,2021,,0.052313723589762,0.0367860140215599,20.90294808131754,0.0,2022,No Pressure
0000897429,"CHICO'S FAS, INC.",Consumer / Retail,2022,,0.1360384091810267,0.0663602580741543,20.89540321138773,,2023,Unknown
0000897448,AMARIN CORP PLCUK,Industrial / Manufacturing,2021,0.3754134813892413,-0.0622967703276486,0.0180079459933091,20.789114437991927,1.0,2022,Pressure
0000897448,AMARIN CORP PLCUK,Industrial / Manufacturing,2022,0.3282023157849599,-0.2032230508734691,-0.28675787460759,20.60242952089487,1.0,2023,Pressure
0000897723,SANMINA CORP,Technology / Software / Electronics,2021,,0.0804289518743705,0.0416331009348873,22.159948846122223,0.0,2022,No Pressure
0000897723,SANMINA CORP,Technology / Software / Electronics,2022,,0.0680839592550674,0.0466115157832703,22.304201389113583,0.0,2023,No Pressure
0000898173,O REILLY AUTOMOTIVE INC,Consumer / Retail,2021,,0.2736914575985217,0.2188823267989804,23.184452290862364,0.0,2022,No Pressure
0000898173,O REILLY AUTOMOTIVE INC,Consumer / Retail,2022,,0.2493075099348835,0.2050325957365304,23.259180744748782,0.0,2023,No Pressure
0000898293,JABIL INC,Technology / Software / Electronics,2021,0.8716824786837997,0.0860453944998198,0.0360252689089977,23.535916264820084,0.0,2022,No Pressure
0000898293,JABIL INC,Technology / Software / Electronics,2022,0.8756403103920475,0.0837348481006238,0.0416094151382997,23.70474704478126,0.0,2023,No Pressure
0000898437,"ANIKA THERAPEUTICS, INC.",Industrial / Manufacturing,2021,,0.0241615952350123,0.0176935464227235,19.666375940199128,0.0,2022,No Pressure
0000898437,"ANIKA THERAPEUTICS, INC.",Industrial / Manufacturing,2022,,0.0126286061272656,-0.1241711257328656,19.670949177967824,1.0,2023,Pressure
0000899751,TITAN INTERNATIONAL INC,Industrial / Manufacturing,2021,0.8079184229105806,0.0090691942486799,0.047845344522993,20.89105311514211,0.0,2022,No Pressure
0000899751,TITAN INTERNATIONAL INC,Industrial / Manufacturing,2022,0.7017522555132606,0.1250772596000404,0.0948667361181535,20.97373657686681,0.0,2023,No Pressure
0000899923,MYRIAD GENETICS INC,Industrial / Manufacturing,2021,0.2672067842810631,0.0137805709093662,-0.2758470894874023,21.001427736771205,1.0,2022,Pressure
0000899923,MYRIAD GENETICS INC,Industrial / Manufacturing,2022,0.2610327855176441,-0.0886794026862434,-0.207252358490566,20.90450347401157,1.0,2023,Pressure
0000900075,COPART INC,Consumer / Retail,2021,0.2264159628490382,0.2171985840864699,0.4220692134591093,22.24105830643745,0.0,2022,No Pressure
0000900075,COPART INC,Consumer / Retail,2022,0.1287026753746187,0.2216449696206194,0.3927529355846647,22.39264371353119,0.0,2023,No Pressure
0000901491,PAPA JOHNS INTERNATIONAL INC,Consumer / Retail,2021,1.1885054149015923,0.2085064536233324,0.0813378901103788,20.601893368100534,0.0,2022,No Pressure
0000901491,PAPA JOHNS INTERNATIONAL INC,Consumer / Retail,2022,1.3117780397974144,0.1363160373374125,0.0518671064167645,20.577346024899043,0.0,2023,No Pressure
0000902791,BARRETT BUSINESS SERVICES INC,Technology / Software / Electronics,2021,0.7208254345660765,-0.0206961089869228,0.0459846770090225,20.431511485343183,0.0,2022,No Pressure
0000902791,BARRETT BUSINESS SERVICES INC,Technology / Software / Electronics,2022,0.7411090957262518,0.0404374193886493,0.0559362094835942,20.34775460011712,0.0,2023,No Pressure
0000903129,GENTHERM INC,Industrial / Manufacturing,2021,0.3009986710757444,0.1529663449664989,0.1099326100463604,20.656423865970726,0.0,2022,No Pressure
0000903129,GENTHERM INC,Industrial / Manufacturing,2022,0.4575381263616557,0.0120608407972242,0.040100244385119,20.93781254184201,0.0,2023,No Pressure
0000906163,NVR INC,Industrial / Manufacturing,2021,0.4854073417059804,0.2129399817464296,,22.48705012451534,,2022,Unknown
0000906163,NVR INC,Industrial / Manufacturing,2022,0.380521864350881,0.330349747296092,,22.45686162269085,,2023,Unknown
0000906709,NEKTAR THERAPEUTICS,Industrial / Manufacturing,2021,0.3917698795817001,-0.3693734900719574,-4.3775501192263535,20.834081546838245,,2022,Unknown
0000908255,BORGWARNER INC,Industrial / Manufacturing,2021,0.5618702865761689,0.0787933634992458,0.0775711012265804,23.531161373078668,0.0,2022,No Pressure
0000908255,BORGWARNER INC,Industrial / Manufacturing,2022,0.5581970107096622,0.0923267035424267,0.0869565217391304,23.55612617758661,0.0,2023,No Pressure
0000909494,TUCOWS INC /PA/,Technology / Software / Electronics,2021,,0.0549244249401404,-0.0255407656643786,20.106331271225194,0.0,2022,No Pressure
0000909494,TUCOWS INC /PA/,Technology / Software / Electronics,2022,,0.0299000973302624,-0.0985919001563171,20.31491707660675,1.0,2023,Pressure
0000909832,COSTCO WHOLESALE CORP /NEW,Consumer / Retail,2021,0.6949787406357563,0.1511439562664507,0.0342368919353439,24.805335368309773,0.0,2022,No Pressure
0000909832,COSTCO WHOLESALE CORP /NEW,Consumer / Retail,2022,0.6782252283140604,0.1152011968955521,0.03433735470624,24.884739312357365,0.0,2023,No Pressure
0000910329,MEDIFAST INC,Industrial / Manufacturing,2021,0.4916877130792366,0.2373558341659846,0.1416963777294479,19.80278132596097,0.0,2022,No Pressure
0000910329,MEDIFAST INC,Industrial / Manufacturing,2022,0.5096849275646479,0.6153130959195225,0.1156065675910512,19.571926598276427,0.0,2023,No Pressure
0000910406,HAIN CELESTIAL GROUP INC,Industrial / Manufacturing,2021,0.3096343999840428,0.0891963762767985,0.0544992595043805,21.514405052918967,0.0,2022,No Pressure
0000910406,HAIN CELESTIAL GROUP INC,Industrial / Manufacturing,2022,0.5593983690098862,0.0326397340692096,0.0553342781160518,21.62277006086806,0.0,2023,No Pressure
0000910521,DECKERS OUTDOOR CORP,Industrial / Manufacturing,2021,,0.0738998820881123,0.1792527724794061,21.57009930423412,0.0,2022,No Pressure
0000910521,DECKERS OUTDOOR CORP,Industrial / Manufacturing,2022,,0.2102423007875352,0.1799557575553733,21.66178879166949,0.0,2023,No Pressure
0000910638,3D SYSTEMS CORP,Technology / Software / Electronics,2021,0.4562122885625773,0.0310806475247869,-0.0537149205946991,21.160939309185803,1.0,2022,Pressure
0000910638,3D SYSTEMS CORP,Technology / Software / Electronics,2022,0.480369663482908,-0.0484034085135416,-0.2174949027100668,21.09249079961959,1.0,2023,Pressure
0000911177,CASELLA WASTE SYSTEMS INC,Energy / Capital-intensive,2021,,0.142365103850169,0.0873358516707508,20.97291888667972,0.0,2022,No Pressure
0000911177,CASELLA WASTE SYSTEMS INC,Energy / Capital-intensive,2022,,0.1499529055385156,0.0879135259872692,21.094287868159885,0.0,2023,No Pressure
0000912093,VIAVI SOLUTIONS INC.,Technology / Software / Electronics,2021,,0.1240440501682471,0.1186087246642755,21.39692434143233,0.0,2022,No Pressure
0000912093,VIAVI SOLUTIONS INC.,Technology / Software / Electronics,2022,,0.0974342141254992,0.1431445372949551,21.32643360443391,0.0,2023,No Pressure
0000912463,GUESS INC,Industrial / Manufacturing,2021,0.7405166166593886,0.0515106267422332,0.117700783792137,21.66156382335493,0.0,2022,No Pressure
0000912463,GUESS INC,Industrial / Manufacturing,2022,0.7600834979764564,0.0697553606591442,0.0923485962007181,21.60928208695344,0.0,2023,No Pressure
0000912562,"GIBRALTAR INDUSTRIES, INC.",Industrial / Manufacturing,2021,,0.0189892015892652,0.0723908274698216,20.91792842976076,0.0,2022,No Pressure
0000912562,"GIBRALTAR INDUSTRIES, INC.",Industrial / Manufacturing,2022,,0.0848256214000675,0.0936008506682897,20.91439268066702,0.0,2023,No Pressure
0000912603,"SCHNITZER STEEL INDUSTRIES, INC.",Consumer / Retail,2021,0.4380354706319683,0.1271873032188297,0.0774787198061591,21.12496586670088,0.0,2022,No Pressure
0000912603,"SCHNITZER STEEL INDUSTRIES, INC.",Consumer / Retail,2022,0.4752679436131779,0.1301195611292474,0.0648072258567939,21.32572051037226,1.0,2023,Pressure
0000912615,URBAN OUTFITTERS INC,Consumer / Retail,2021,0.5395462351507261,0.0947734406795263,0.0898191442376751,22.05598720213268,0.0,2022,No Pressure
0000912615,URBAN OUTFITTERS INC,Consumer / Retail,2022,0.5132430533230227,0.0387543878322371,0.0472599517355112,22.02696958083038,0.0,2023,No Pressure
0000912767,UFP INDUSTRIES INC,Industrial / Manufacturing,2021,0.3786130649797813,0.1579150092550052,0.0854032603014265,21.90046469702065,0.0,2022,No Pressure
0000912767,UFP INDUSTRIES INC,Industrial / Manufacturing,2022,0.2909446516994624,0.2264570993005858,0.0987025824632827,22.024022189953666,0.0,2023,No Pressure
0000913142,BELDEN INC.,Industrial / Manufacturing,2021,,0.0796023146716322,0.0517254266849383,21.9522269177596,0.0,2022,No Pressure
0000913142,BELDEN INC.,Industrial / Manufacturing,2022,,0.0889705614903492,0.1393961599625549,21.874367787718736,0.0,2023,No Pressure
0000913241,"STEVEN MADDEN, LTD.",Industrial / Manufacturing,2021,0.3946790287575007,0.1176378157224195,0.1305350825392708,21.02746721203712,0.0,2022,No Pressure
0000913241,"STEVEN MADDEN, LTD.",Industrial / Manufacturing,2022,0.3291963039393062,0.2129455924857788,0.1327251675181396,20.952779457023368,0.0,2023,No Pressure
0000913277,CLARUS CORP,Industrial / Manufacturing,2021,0.4141307668080028,-0.0004811443638844,0.0564138863313411,20.26412618204459,0.0,2022,No Pressure
0000913277,CLARUS CORP,Industrial / Manufacturing,2022,0.4362427505814009,0.0281967402947051,-0.1503974506032055,20.06576568576257,1.0,2023,Pressure
0000914025,PLANTRONICS INC /CA/,Technology / Software / Electronics,2021,0.9909398684434028,-0.0034911299505606,-0.019175037950348,21.523181841482334,,2022,Unknown
0000914122,"PERMA-PIPE INTERNATIONAL HOLDINGS, INC.",Technology / Software / Electronics,2021,,-0.0208588261035161,0.0585411975287256,18.630949781234104,0.0,2022,No Pressure
0000914122,"PERMA-PIPE INTERNATIONAL HOLDINGS, INC.",Technology / Software / Electronics,2022,,-0.0100922206138282,0.0781656601364953,18.62741846049298,0.0,2023,No Pressure
0000914156,UFP TECHNOLOGIES INC,Industrial / Manufacturing,2021,0.4180563370165084,0.0427765074880586,0.1028402481582008,19.627046685439904,0.0,2022,No Pressure
0000914156,UFP TECHNOLOGIES INC,Industrial / Manufacturing,2022,0.3718931124931252,0.0469179675931801,0.1565891823444283,19.75091256377988,0.0,2023,No Pressure
0000914475,NEUROCRINE BIOSCIENCES INC,Industrial / Manufacturing,2021,0.3370325693606755,0.1237635705669481,0.090427878253198,21.452021445456232,0.0,2022,No Pressure
0000914475,NEUROCRINE BIOSCIENCES INC,Industrial / Manufacturing,2022,0.2790138050407396,0.1432853463925359,0.1672600255256263,21.585607118814984,0.0,2023,No Pressure
0000914712,"STEEL CONNECT, INC.",Technology / Software / Electronics,2021,0.9388037215711263,0.0341035599758124,-0.0209053613266293,20.332267086184988,1.0,2022,Pressure
0000914712,"STEEL CONNECT, INC.",Technology / Software / Electronics,2022,0.8114396474747548,-0.0227515263268698,0.0057213979298673,18.7409437537024,,2023,Unknown
0000915358,SIGMATRON INTERNATIONAL INC,Technology / Software / Electronics,2021,0.6881701674009356,0.0417098619482944,0.0122058195640514,19.084262173446625,0.0,2022,No Pressure
0000915358,SIGMATRON INTERNATIONAL INC,Technology / Software / Electronics,2022,0.6991669351354556,-0.0688870722719364,0.0243610001186064,19.497835381727977,0.0,2023,No Pressure
0000915389,EASTMAN CHEMICAL CO,Industrial / Manufacturing,2021,0.6270378246021007,0.1043237321992396,,23.46533091670033,,2022,Unknown
0000915389,EASTMAN CHEMICAL CO,Industrial / Manufacturing,2022,0.643008113451967,0.0664757619145019,,23.40886590927921,,2023,Unknown
0000915779,DAKTRONICS INC /SD/,Industrial / Manufacturing,2021,,0.1764881491827574,0.0354913460281764,19.74287382433117,0.0,2022,No Pressure
0000915779,DAKTRONICS INC /SD/,Industrial / Manufacturing,2022,,-0.0613210970885237,0.0066222564119351,19.904274217002744,0.0,2023,No Pressure
0000915840,BEAZER HOMES USA INC,Industrial / Manufacturing,2021,0.6512985794757578,0.0152279429096454,0.0686206579161922,21.45506145203561,0.0,2022,No Pressure
0000915840,BEAZER HOMES USA INC,Industrial / Manufacturing,2022,0.5829034491241641,0.0360014795980218,0.1176057018853787,21.5350681176928,0.0,2023,No Pressure
0000915913,ALBEMARLE CORP,Industrial / Manufacturing,2021,,0.031369901435359,0.2399171623912208,23.11880542830468,0.0,2022,No Pressure
0000915913,ALBEMARLE CORP,Industrial / Manufacturing,2022,,0.1234332665524624,0.3374352331606217,23.46129688720289,0.0,2023,No Pressure
0000916076,MARTIN MARIETTA MATERIALS INC,Energy / Capital-intensive,2021,0.5457791982213576,0.0790453692767317,0.1798670114517916,23.390007814296425,0.0,2022,No Pressure
0000916076,MARTIN MARIETTA MATERIALS INC,Energy / Capital-intensive,2022,0.5216092199338385,0.0661082061679649,0.1958705991202298,23.430889280400528,0.0,2023,No Pressure
0000916365,TRACTOR SUPPLY CO /DE/,Consumer / Retail,2021,0.7421727057224704,0.1466012021679654,0.1026382234692118,22.77320995088,0.0,2022,No Pressure
0000916365,TRACTOR SUPPLY CO /DE/,Consumer / Retail,2022,0.7594324610511909,0.1598328148796406,0.101018767216552,22.862153659530456,0.0,2023,No Pressure
0000916540,DARLING INGREDIENTS INC.,Industrial / Manufacturing,2021,0.4542006101346522,0.114843697014279,0.1865431692829644,22.53706855881213,0.0,2022,No Pressure
0000916540,DARLING INGREDIENTS INC.,Industrial / Manufacturing,2022,0.5765775555644904,0.0884271117114395,0.157537639669551,22.942726896630305,0.0,2023,No Pressure
0000916789,HELEN OF TROY LTD,Technology / Software / Electronics,2021,0.5298877154234304,0.0498761976035709,0.1225850122899851,21.761225732933312,0.0,2022,No Pressure
0000916789,HELEN OF TROY LTD,Technology / Software / Electronics,2022,0.4890334161028103,0.0714695843622317,0.1021828397904728,21.79269473657329,0.0,2023,No Pressure
0000917273,RAMBUS INC,Technology / Software / Electronics,2021,0.3003700981465887,0.1697299954731528,0.0739588917588576,20.932428916094587,0.0,2022,No Pressure
0000917273,RAMBUS INC,Technology / Software / Electronics,2022,0.2303954003282658,0.2275275184328566,0.1691802644279925,20.735781193129384,0.0,2023,No Pressure
0000917470,OLYMPIC STEEL INC,Consumer / Retail,2021,0.5853354722481662,-0.1430031302145818,0.0745878586815543,20.74656430841741,0.0,2022,No Pressure
0000917470,OLYMPIC STEEL INC,Consumer / Retail,2022,0.4213185558535127,0.2084425437991447,0.0522451259575232,20.60855844277697,0.0,2023,No Pressure
0000917491,FARO TECHNOLOGIES INC,Industrial / Manufacturing,2021,0.3195084837620378,-0.0280902155334139,-0.0249723220470436,19.98875485052962,1.0,2022,Pressure
0000917491,FARO TECHNOLOGIES INC,Industrial / Manufacturing,2022,0.3428731987315859,-0.0525111598890454,-0.0720807484852428,19.9753392948267,0.0,2023,No Pressure
0000917520,INTEGRA LIFESCIENCES HOLDINGS CORP,Industrial / Manufacturing,2021,0.5545654683832917,0.0826005721789676,0.1278681680030704,22.05362007148944,0.0,2022,No Pressure
0000917520,INTEGRA LIFESCIENCES HOLDINGS CORP,Industrial / Manufacturing,2022,0.5361143289633956,0.0679911192418654,0.153383331214779,22.081612782101764,0.0,2023,No Pressure
0000918251,MOTORCAR PARTS AMERICA INC,Industrial / Manufacturing,2021,0.6896095099133798,-0.0441686406786269,0.0441390848644027,20.73884189880697,0.0,2022,No Pressure
0000918251,MOTORCAR PARTS OF AMERICA INC,Industrial / Manufacturing,2022,0.6884251359904333,-0.0211498544088122,0.0533558589552522,20.751430464865805,0.0,2023,No Pressure
0000918541,NN INC,Technology / Software / Electronics,2021,0.5199593853231129,0.0269141306956817,-0.0188532279138329,20.17698746073881,0.0,2022,No Pressure
0000918541,NN INC,Technology / Software / Electronics,2022,0.5404640312601281,0.0141304128893096,-0.0422907418323849,20.1183621092255,0.0,2023,No Pressure
0000918646,EAGLE MATERIALS INC,Industrial / Manufacturing,2021,0.5605779384196008,0.2004809175811311,,21.67092034344903,,2022,Unknown
0000918646,EAGLE MATERIALS INC,Industrial / Manufacturing,2022,0.5736450387306445,0.1947952572490059,,21.74607713172333,,2023,Unknown
0000918965,"SCANSOURCE, INC.",Consumer / Retail,2021,0.5626021425101874,0.0698499237894243,0.0195134197408536,21.237097339129964,0.0,2022,No Pressure
0000918965,"SCANSOURCE, INC.",Consumer / Retail,2022,0.5837120140722649,-0.0641850948783645,0.0346088525709396,21.384627157727103,0.0,2023,No Pressure
0000919012,AMERICAN EAGLE OUTFITTERS INC,Consumer / Retail,2021,,0.0801953075587004,0.1179585633787919,22.054745711815865,0.0,2022,No Pressure
0000919012,AMERICAN EAGLE OUTFITTERS INC,Consumer / Retail,2022,,0.118766800859175,0.0495100737840324,21.95318588141515,0.0,2023,No Pressure
0000920371,"SIMPSON MANUFACTURING CO., INC.",Industrial / Manufacturing,2021,0.202224879979786,0.1019422218478901,0.2337840234373261,21.118091210624023,0.0,2022,No Pressure
0000920371,"SIMPSON MANUFACTURING CO., INC.",Industrial / Manufacturing,2022,0.435544980353207,0.1596747725912161,0.2169414584561032,21.641143709046915,0.0,2023,No Pressure
0000920760,LENNAR CORP /NEW/,Industrial / Manufacturing,2021,0.3677299938586676,0.0762705050605915,,24.226049962568805,,2022,Unknown
0000921299,FIBROGEN INC,Industrial / Manufacturing,2021,0.7039198987879626,-0.1062674701255199,-1.2261749444347645,20.46685113995028,1.0,2022,Pressure
0000921299,FIBROGEN INC,Industrial / Manufacturing,2022,1.0024258835215305,-0.2392003107753484,-2.1389642872369152,20.22911212955188,1.0,2023,Pressure
0000921582,IMAX CORP,Industrial / Manufacturing,2021,0.5127387922064836,0.0068667088594696,0.043094282474704,20.599115448783103,0.0,2022,No Pressure
0000921582,IMAX CORP,Industrial / Manufacturing,2022,0.5984090682137577,0.0210934855094172,-0.0160702115988763,20.52622122717097,0.0,2023,No Pressure
0000922224,PPL CORP,Energy / Capital-intensive,2021,,0.068326159588237,0.2462389763098737,24.226508244128173,0.0,2022,No Pressure
0000922224,PPL CORP,Energy / Capital-intensive,2022,,0.0457224409969077,0.1738800303720577,24.356553296829667,0.0,2023,No Pressure
0000922358,FERRELLGAS PARTNERS L P,Consumer / Retail,2021,,0.1193471026407746,0.1232820881144153,21.27118144451175,0.0,2022,No Pressure
0000922358,FERRELLGAS PARTNERS L P,Consumer / Retail,2022,,0.0997845303352061,0.1159122078560821,21.19832852318072,0.0,2023,No Pressure
0000923120,GREENBRIER COMPANIES INC,Industrial / Manufacturing,2021,,-0.0119519221581116,0.0234384698689516,21.94429278936936,0.0,2022,No Pressure
0000923120,GREENBRIER COMPANIES INC,Industrial / Manufacturing,2022,,-0.0390497208879657,0.0396279007287503,22.071728520016933,0.0,2023,No Pressure
0000924717,SURMODICS INC,Industrial / Manufacturing,2021,0.2801091514553527,0.0790834155566518,0.0637555166641302,19.08641562204093,,2022,Unknown
0000924822,MILLER INDUSTRIES INC /TN/,Industrial / Manufacturing,2021,0.3425134500178878,0.0347911686760989,,19.89966139320897,,2022,Unknown
0000924822,MILLER INDUSTRIES INC /TN/,Industrial / Manufacturing,2022,0.4147586198644274,-0.0382008220505794,,20.03297258206366,,2023,Unknown
0000925528,HUDSON TECHNOLOGIES INC /NY,Consumer / Retail,2021,0.671144797533783,-0.0056926963818,0.2194834706456098,19.189468654606472,0.0,2022,No Pressure
0000925528,HUDSON TECHNOLOGIES INC /NY,Consumer / Retail,2022,0.3582403951661143,0.2305196830744276,0.4043631332154662,19.423123487334053,0.0,2023,No Pressure
0000926282,ADTRAN INC,Technology / Software / Electronics,2021,0.3724229680308321,0.0052863095478693,-0.0261099388281433,20.159420870378867,1.0,2022,Pressure
0000926282,"ADTRAN HOLDINGS, INC.",Technology / Software / Electronics,2022,0.3072760267075481,-0.0235022172153687,-0.0710135967923115,21.35552914386832,1.0,2023,Pressure
0000926326,"OMNICELL, INC",Technology / Software / Electronics,2021,0.4647882656490373,0.1081957679267545,0.0790685307124091,21.485237341923384,0.0,2022,No Pressure
0000926326,"OMNICELL, INC.",Technology / Software / Electronics,2022,0.4888011261295899,0.0351829553483465,-0.0017925115764765,21.51660128054735,1.0,2023,Pressure
0000927003,ADVANCED ENERGY INDUSTRIES INC,Technology / Software / Electronics,2021,0.5204551707440545,0.0771704799322086,0.1041798023838665,21.32063973103469,0.0,2022,No Pressure
0000927003,ADVANCED ENERGY INDUSTRIES INC,Technology / Software / Electronics,2022,0.4647705414402801,0.0921543765385248,0.1263098630015248,21.412489330403982,0.0,2023,No Pressure
0000927355,TESSCO TECHNOLOGIES INC,Consumer / Retail,2021,0.6250957344529964,-0.012324128834995,-0.0083979012551467,19.12631612630439,1.0,2022,Pressure
0000927355,TESSCO TECHNOLOGIES INC,Consumer / Retail,2022,0.6856574623259462,-0.051414356983049,-0.0046752157379242,19.264832522037032,,2023,Unknown
0000927653,MCKESSON CORP,Consumer / Retail,2021,,0.0700496066226421,0.0077206913011524,24.87111957003657,0.0,2022,No Pressure
0000927653,MCKESSON CORP,Consumer / Retail,2022,,0.0827824133504493,0.0158324027595578,24.85554823852495,0.0,2023,No Pressure
0000928022,CALLON PETROLEUM CO,Energy / Capital-intensive,2021,0.6636742693063888,0.1756002655609199,0.5060937981349907,22.43661375373528,0.0,2022,No Pressure
0000928022,CALLON PETROLEUM CO,Energy / Capital-intensive,2022,0.4979854642332244,0.2443047854396972,0.520133310058546,22.539080480034176,0.0,2023,No Pressure
0000928054,FLOTEK INDUSTRIES INC/CN/,Industrial / Manufacturing,2022,0.9842485286087008,-0.2708088101450154,-0.2602724627457896,18.92030385927796,0.0,2023,No Pressure
0000928465,AMCON DISTRIBUTING CO,Consumer / Retail,2021,,0.1111167907708891,0.0106582440139491,19.05413699479472,0.0,2022,No Pressure
0000928465,AMCON DISTRIBUTING CO,Consumer / Retail,2022,,0.0791703015911894,0.0112399965946859,19.48236804600265,0.0,2023,No Pressure
0000929008,WESCO INTERNATIONAL INC,Consumer / Retail,2021,0.7007211061224397,0.0053209384690504,0.044016603364938,23.258366347879164,0.0,2022,No Pressure
0000929008,WESCO INTERNATIONAL INC,Consumer / Retail,2022,0.6995904450040327,0.000745222387242,0.067137124747597,23.41868230081277,0.0,2023,No Pressure
0000929940,ASPEN TECHNOLOGY INC /DE/,Technology / Software / Electronics,2021,,0.1899133425034388,0.50523417764345,21.097584216745496,,2022,Unknown
0000930420,KFORCE INC,Technology / Software / Electronics,2021,0.625733758971476,0.1448109956078752,0.0674989018445214,20.03689762914186,0.0,2022,No Pressure
0000930420,KFORCE INC,Technology / Software / Electronics,2022,0.5352139263885063,0.23164304445873,0.0683115448352053,19.786782604335304,0.0,2023,No Pressure
0000931015,POLARIS INC.,Industrial / Manufacturing,2021,0.7548436942826577,0.0581837632235825,0.086482398575297,22.3422183419472,0.0,2022,No Pressure
0000931015,POLARIS INC.,Industrial / Manufacturing,2022,0.7864849843806896,0.0974721631307614,0.0936663173826988,22.37536085923814,0.0,2023,No Pressure
0000931148,GRAFTECH INTERNATIONAL LTD,Technology / Software / Electronics,2021,,0.3136970568951185,0.3775290015960909,21.068498163833585,0.0,2022,No Pressure
0000931148,GRAFTECH INTERNATIONAL LTD,Technology / Software / Electronics,2022,,0.2023640768044444,0.3701533658536585,21.195877313425683,1.0,2023,Pressure
0000931584,UNIVERSAL STAINLESS & ALLOY PRODUCTS INC,Industrial / Manufacturing,2021,0.3154897287618863,-0.0543474315855694,-0.0786999628047763,19.61651653539991,1.0,2022,Pressure
0000931584,UNIVERSAL STAINLESS & ALLOY PRODUCTS INC,Industrial / Manufacturing,2022,0.3951763391259832,-0.0245944502854123,-0.0345992855517183,19.710833082132343,0.0,2023,No Pressure
0000932696,INSIGHT ENTERPRISES INC,Consumer / Retail,2021,0.6781400615899068,0.034913245242137,0.0351904433531052,22.26850223832866,0.0,2022,No Pressure
0000932696,INSIGHT ENTERPRISES INC,Consumer / Retail,2022,0.6796005774774033,0.0191891336293742,0.0396599007725963,22.3549702019062,0.0,2023,No Pressure
0000933034,STRATTEC SECURITY CORP,Industrial / Manufacturing,2021,,0.1131815444853379,0.0698853274812227,19.553897340527364,0.0,2022,No Pressure
0000933034,STRATTEC SECURITY CORP,Industrial / Manufacturing,2022,,0.0327475837831053,0.0196720949001138,19.579698025614384,0.0,2023,No Pressure
0000933036,RENT A CENTER INC DE,Technology / Software / Electronics,2021,0.8285265859693912,0.1310575156005341,0.0612069377418892,21.81965131511133,0.0,2022,No Pressure
0000933036,"UPBOUND GROUP, INC.",Technology / Software / Electronics,2022,0.8099788719067281,0.1695096176426634,0.0349880529289168,21.739806890007586,0.0,2023,No Pressure
0000933974,"BROOKS AUTOMATION, INC.",Technology / Software / Electronics,2021,0.2715991980267236,0.0823610946231736,-0.0605194051815932,21.32183417076281,1.0,2022,Pressure
0000933974,"AZENTA, INC.",Technology / Software / Electronics,2022,0.09492045740156,-0.1254119213524206,-0.044527613060713,22.035946488629254,0.0,2023,No Pressure
0000935036,"ACI WORLDWIDE, INC.",Technology / Software / Electronics,2021,0.6059262218713088,0.0697977453675372,0.1531426428464072,21.873439367750866,0.0,2022,No Pressure
0000935036,"ACI WORLDWIDE, INC.",Technology / Software / Electronics,2022,0.6282784950909609,0.0446684393103201,0.1433538621887178,21.889504063584507,0.0,2023,No Pressure
0000935419,"RCI HOSPITALITY HOLDINGS, INC.",Consumer / Retail,2021,0.5084650004525272,0.1151640479514232,0.1974208483135134,19.714363533497103,0.0,2022,No Pressure
0000935419,"RCI HOSPITALITY HOLDINGS, INC.",Consumer / Retail,2022,0.5444871104009888,0.121545847480301,0.2670166654211195,20.08977905066137,0.0,2023,No Pressure
0000935494,NATIONAL INSTRUMENTS CORP,Technology / Software / Electronics,2021,0.4214157547216647,0.0678487081468662,0.0804018014793686,21.47231355769373,0.0,2022,No Pressure
0000935494,NATIONAL INSTRUMENTS CORP,Technology / Software / Electronics,2022,0.5098132826352596,0.0182163696323739,0.1159154483320508,21.58130777291834,,2023,Unknown
0000935703,"DOLLAR TREE, INC.",Consumer / Retail,2021,0.6446657275179773,0.0659015367050612,0.0688190508031548,23.801582201552588,0.0,2022,No Pressure
0000935703,"DOLLAR TREE, INC.",Consumer / Retail,2022,0.6198652599024416,0.0701412990126878,0.0789327855370486,23.859720461144555,0.0,2023,No Pressure
0000936395,CIENA CORP,Technology / Software / Electronics,2021,0.3792647290660846,0.1113300571586896,0.1368128232124096,22.30537921151639,0.0,2022,No Pressure
0000936395,CIENA CORP,Technology / Software / Electronics,2022,0.4648800938608561,-0.0330903702675065,0.0613346524765179,22.346534068286,0.0,2023,No Pressure
0000936468,LOCKHEED MARTIN CORP,Industrial / Manufacturing,2021,0.7845812120378197,0.1812552827629587,0.1360748165383927,24.65259816791677,0.0,2022,No Pressure
0000936468,LOCKHEED MARTIN CORP,Industrial / Manufacturing,2022,0.8247730711043872,0.1475416036308623,0.126515518913676,24.691291032508754,0.0,2023,No Pressure
0000937098,"TRINET GROUP, INC.",Technology / Software / Electronics,2021,0.733756421879722,0.065880930794802,0.1002202643171806,21.91991186618809,0.0,2022,No Pressure
0000937098,"TRINET GROUP, INC.",Technology / Software / Electronics,2022,0.7749056055765321,0.1632297415045019,0.1021494370522006,21.95960902159324,0.0,2023,No Pressure
0000937556,MASIMO CORP,Industrial / Manufacturing,2021,0.178464873000143,0.1403034430130206,0.2225891395170733,21.358259403265784,0.0,2022,No Pressure
0000937556,MASIMO CORP,Industrial / Manufacturing,2022,0.5829751448327416,0.0091571668846944,0.1031535514294135,21.889723672821056,0.0,2023,No Pressure
0000939767,"EXELIXIS, INC.",Industrial / Manufacturing,2021,0.1550408812038961,0.1531985418763347,0.1997714237928319,21.68500362760671,0.0,2022,No Pressure
0000939767,"EXELIXIS, INC.",Industrial / Manufacturing,2022,0.1898304047320371,0.1180580493695403,0.1250628467433283,21.84542829757536,0.0,2023,No Pressure
0000939930,"PYXUS INTERNATIONAL, INC.",Consumer / Retail,2021,0.8932186535745384,-0.1170219843429041,0.0254393357489837,21.25302724240647,0.0,2022,No Pressure
0000939930,"PYXUS INTERNATIONAL, INC.",Consumer / Retail,2022,0.9103738918382294,-0.0870933475221853,0.0489732782350443,21.1822483316145,0.0,2023,No Pressure
0000940944,DARDEN RESTAURANTS INC,Consumer / Retail,2021,0.7360103602631357,0.1120015765617815,0.0901460513333611,23.08939833517864,0.0,2022,No Pressure
0000940944,DARDEN RESTAURANTS INC,Consumer / Retail,2022,0.7831251603228162,0.1247656820379249,0.1206853582554517,23.039339548219672,0.0,2023,No Pressure
0000943184,"EVER-GLORY INTERNATIONAL GROUP, INC.",Industrial / Manufacturing,2021,0.5964615450680637,-0.0486938349007314,-0.0016254856818277,19.67145602688041,,2022,Unknown
0000943452,WESTINGHOUSE AIR BRAKE TECHNOLOGIES CORP,Industrial / Manufacturing,2021,0.4451609407174596,0.0581445757017448,0.1119918179493735,23.638546986156964,0.0,2022,No Pressure
0000943452,WESTINGHOUSE AIR BRAKE TECHNOLOGIES CORP,Industrial / Manufacturing,2022,0.4519874702959602,0.0560596241088788,0.1209040899306386,23.64190106016944,0.0,2023,No Pressure
0000943819,RESMED INC,Industrial / Manufacturing,2021,0.3896779378717779,0.1558161004626569,0.28267984641011,22.27679455515249,0.0,2022,No Pressure
0000943819,RESMED INC,Industrial / Manufacturing,2022,0.3404929459307401,0.0689083849161269,0.279555756405516,22.351692908842608,0.0,2023,No Pressure
0000944148,"CBIZ, INC.",Technology / Software / Electronics,2021,0.5672134128287756,0.0805646911975546,0.0657709799307645,21.210577563778703,0.0,2022,No Pressure
0000944148,"CBIZ, INC.",Technology / Software / Electronics,2022,0.6203273440177445,0.067122765714237,0.1192255692188056,21.35407154828172,0.0,2023,No Pressure
0000944809,"OPKO HEALTH, INC.",Industrial / Manufacturing,2021,0.2977807781340701,0.015975647108094,0.0105650587868044,21.59861581766569,1.0,2022,Pressure
0000944809,"OPKO HEALTH, INC.",Industrial / Manufacturing,2022,0.2794363756246946,-0.0439213771865753,-0.2253076092714968,21.496729072893924,1.0,2023,Pressure
0000945114,GLOBAL INDUSTRIAL CO,Consumer / Retail,2021,0.6207407407407407,0.1229629629629629,0.0827767848744238,19.81939762753995,0.0,2022,No Pressure
0000945114,GLOBAL INDUSTRIAL CO,Consumer / Retail,2022,0.5377855887521968,0.1102811950790861,0.0902152474058828,19.93624744297324,0.0,2023,No Pressure
0000945764,DENBURY INC,Energy / Capital-intensive,2021,,0.1666662287507889,,21.36667272763541,,2022,Unknown
0000945764,DENBURY INC,Energy / Capital-intensive,2022,,0.2237358641185237,,21.568060137899508,,2023,Unknown
0000945841,POOL CORP,Consumer / Retail,2021,0.6683128331327739,0.097051791397934,0.1572600868950431,21.89578853094368,0.0,2022,No Pressure
0000945841,POOL CORP,Consumer / Retail,2022,0.6535644859241658,0.1359872576629456,0.1659916368473882,21.994552464225908,0.0,2023,No Pressure
0000945983,"WAYSIDE TECHNOLOGY GROUP, INC.",Consumer / Retail,2021,0.7252138902868647,0.0247022311692669,0.0426460284094528,19.0664847182442,0.0,2022,No Pressure
0000945983,"CLIMB GLOBAL SOLUTIONS, INC.",Consumer / Retail,2022,0.7387430129045615,0.0196716927748257,0.0568888246349573,19.261627051580863,0.0,2023,No Pressure
0000946581,TAKE TWO INTERACTIVE SOFTWARE INC,Technology / Software / Electronics,2021,0.4180367323488566,0.0394096195070772,0.135127539374572,22.602153468163905,0.0,2022,No Pressure
0000946581,TAKE TWO INTERACTIVE SOFTWARE INC,Technology / Software / Electronics,2022,0.4299304631795285,6.934769040669268e-05,-0.2177984635226826,23.487198453025947,1.0,2023,Pressure
0000949039,"DIAMOND OFFSHORE DRILLING, INC.",Energy / Capital-intensive,2021,0.498703834299744,0.0123439377318079,-0.2718742019832178,21.14947430684545,0.0,2022,No Pressure
0000949039,"DIAMOND OFFSHORE DRILLING, INC.",Energy / Capital-intensive,2022,0.5551769815361175,0.0058012141710886,-0.0754150233335473,21.147196732119085,0.0,2023,No Pressure
0000949157,CENTURY ALUMINUM CO,Industrial / Manufacturing,2021,,-0.0412128161029364,0.0298305084745762,21.17427776064753,0.0,2022,No Pressure
0000949157,CENTURY ALUMINUM CO,Industrial / Manufacturing,2022,,0.0175951086956521,-0.0540813019839412,21.10988785793244,0.0,2023,No Pressure
0000949870,BOSTON BEER CO INC,Industrial / Manufacturing,2021,0.2908708205459538,0.040595363084662,0.0038865253190333,21.050253235077506,0.0,2022,No Pressure
0000949870,BOSTON BEER CO INC,Industrial / Manufacturing,2022,0.2479101165351537,0.1407297295204793,0.043433728772531,21.07446692734708,0.0,2023,No Pressure
0001000228,HENRY SCHEIN INC,Consumer / Retail,2021,0.4485964128907472,0.0836661226721892,0.0686762807675271,22.86110493425308,0.0,2022,No Pressure
0001000228,HENRY SCHEIN INC,Consumer / Retail,2022,0.4573021958870686,0.069943069594516,0.0590653910018186,22.875841662729933,0.0,2023,No Pressure
0001000229,CORE LABORATORIES N V,Energy / Capital-intensive,2021,,0.0629746252494176,0.0962505209972525,20.18000827247665,0.0,2022,No Pressure
0001000229,CORE LABORATORIES N V,Energy / Capital-intensive,2022,,0.0431500430532165,0.0847887122627543,20.17569669763801,,2023,Unknown
0001000623,SCHWEITZER MAUDUIT INTERNATIONAL INC,Industrial / Manufacturing,2021,0.7181341156055034,0.0240052886005867,0.0578472222222222,21.60715733678706,0.0,2022,No Pressure
0001000623,"MATIV HOLDINGS, INC.",Industrial / Manufacturing,2022,0.6785947890548348,0.0551073803553908,0.0237150502906708,22.02323949187232,0.0,2023,No Pressure
0001000694,NOVAVAX INC,Industrial / Manufacturing,2021,1.136479127025369,0.1253306001778207,-1.471334479058528,21.669795916525885,1.0,2022,Pressure
0001000694,NOVAVAX INC,Industrial / Manufacturing,2022,1.2807295768898546,-0.1841505588000773,-0.3253166702995955,21.538045966504527,1.0,2023,Pressure
0001000697,WATERS CORP /DE/,Industrial / Manufacturing,2021,0.8812400401688955,0.2414508622483466,0.2949548328459938,21.85303177224388,0.0,2022,No Pressure
0001000697,WATERS CORP /DE/,Industrial / Manufacturing,2022,0.8462607875230881,0.18639943951658,0.2938788461201982,21.91155214936196,0.0,2023,No Pressure
0001000753,"INSPERITY, INC.",Technology / Software / Electronics,2021,,0.1483983948296859,0.0348535210644531,21.284642930586173,0.0,2022,No Pressure
0001000753,"INSPERITY, INC.",Technology / Software / Electronics,2022,,0.170498528633657,0.0421361624484872,21.435853324760792,0.0,2023,No Pressure
0001001233,"SANGAMO THERAPEUTICS, INC",Industrial / Manufacturing,2021,0.4800789003813426,-0.3230967845601262,-1.6561458342743065,20.39742904435552,1.0,2022,Pressure
0001001233,"SANGAMO THERAPEUTICS, INC",Industrial / Manufacturing,2022,0.4756386120044301,-0.3975527502671068,-1.8084708757491084,20.1479176936926,1.0,2023,Pressure
0001001250,ESTEE LAUDER COMPANIES INC,Industrial / Manufacturing,2021,,0.1652633016248691,0.1614554424915202,23.81298923896616,0.0,2022,No Pressure
0001001250,ESTEE LAUDER COMPANIES INC,Industrial / Manufacturing,2022,,0.1453849832615973,0.178722444607318,23.76349335043478,0.0,2023,No Pressure
0001001385,NORTHWEST PIPE CO,Industrial / Manufacturing,2021,0.4825746468277951,-0.0106102297148512,0.0480989340349761,20.12119990868664,0.0,2022,No Pressure
0001001385,NORTHWEST PIPE CO,Industrial / Manufacturing,2022,0.4707253799847008,0.0291681910400106,0.0979340784198048,20.21467105799473,0.0,2023,No Pressure
0001001614,"RILEY EXPLORATION PERMIAN, INC.",Energy / Capital-intensive,2021,0.4289739871365244,0.2217056340168611,0.3964352869514553,19.77711108383113,0.0,2022,No Pressure
0001001614,"RILEY EXPLORATION PERMIAN, INC.",Energy / Capital-intensive,2022,0.3529014504341211,0.3304676553579121,0.6325514463407129,20.060248171468608,0.0,2023,No Pressure
0001001838,SOUTHERN COPPER CORP/,Energy / Capital-intensive,2021,,0.2345881427072403,0.5546958597415426,23.630035740706862,0.0,2022,No Pressure
0001001838,SOUTHERN COPPER CORP/,Energy / Capital-intensive,2022,,0.1622061189762348,0.4414653808258442,23.57266512609655,0.0,2023,No Pressure
0001002047,"NETAPP, INC.",Technology / Software / Electronics,2021,0.9268162393162394,0.1424145299145299,0.179491643454039,22.95971112754275,0.0,2022,No Pressure
0001002047,"NETAPP, INC.",Technology / Software / Electronics,2022,0.9164173149810492,0.120785956513066,0.1831275720164609,23.028447555887464,0.0,2023,No Pressure
0001002517,"NUANCE COMMUNICATIONS, INC.",Technology / Software / Electronics,2021,0.5039432737868332,0.0731220470476308,0.0607165847389015,21.943107955282706,,2022,Unknown
0001002590,"STAR GROUP, L.P.",Consumer / Retail,2021,,0.0806651652548476,0.0869689516834704,20.565281318509413,0.0,2022,No Pressure
0001002590,"STAR GROUP, L.P.",Consumer / Retail,2022,,0.0371593742294309,0.0301277112348608,20.63167124688125,0.0,2023,No Pressure
0001002638,OPEN TEXT CORP,Technology / Software / Electronics,2021,,0.0911738334469728,0.2188062130199358,22.986000962952502,0.0,2022,No Pressure
0001002638,OPEN TEXT CORP,Technology / Software / Electronics,2022,,0.0964547209232208,0.1845454462191214,23.043589958991443,0.0,2023,No Pressure
0001002910,AMEREN CORP,Energy / Capital-intensive,2021,,0.0464810409962221,0.2084766969033469,24.299396437646337,0.0,2022,No Pressure
0001002910,AMEREN CORP,Energy / Capital-intensive,2022,,0.059703461376108,0.1903983913535252,24.358322484389223,0.0,2023,No Pressure
0001003078,MSC INDUSTRIAL DIRECT CO INC,Consumer / Retail,2021,0.5281000278216087,0.0911663346350597,0.0930459937395628,21.624286574015827,0.0,2022,No Pressure
0001003078,MSC INDUSTRIAL DIRECT CO INC,Consumer / Retail,2022,0.5008881027209504,0.0901962838909744,0.1269573630655059,21.727352771453965,0.0,2023,No Pressure
0001004980,PG&E CORP,Energy / Capital-intensive,2021,,0.0218916643278136,0.0912217808351903,25.36116455356626,0.0,2022,No Pressure
0001004980,PG&E CORP,Energy / Capital-intensive,2022,,0.0313627322072755,0.0847324723247232,25.499393249657835,0.0,2023,No Pressure
0001004989,"SPAR GROUP, INC.",Technology / Software / Electronics,2021,0.5804349779814865,0.02953401635661,0.0163577989902979,18.304326698053607,0.0,2022,No Pressure
0001004989,"SPAR GROUP, INC.",Technology / Software / Electronics,2022,0.5976553415505613,-0.0533203661811031,0.0206148475894483,18.365146902720618,0.0,2023,No Pressure
0001005210,SUBURBAN PROPANE PARTNERS LP,Consumer / Retail,2021,0.7926525420011405,0.1104199870353311,0.1654589118955891,21.44194917713769,0.0,2022,No Pressure
0001005210,SUBURBAN PROPANE PARTNERS LP,Consumer / Retail,2022,0.7635005699411426,0.1048363712764875,0.1374171226102506,21.46697589567992,0.0,2023,No Pressure
0001005229,COLUMBUS MCKINNON CORP,Technology / Software / Electronics,2021,0.5415555609604753,0.0289973287172681,0.0813861266001511,21.2454508979127,0.0,2022,No Pressure
0001005229,COLUMBUS MCKINNON CORP,Technology / Software / Electronics,2022,0.5090850213870841,0.0492423997103249,0.1045041869606084,21.25298485183745,0.0,2023,No Pressure
0001005284,UNIVERSAL DISPLAY CORP PA,Technology / Software / Electronics,2021,0.2501876381722508,0.1302764501652784,0.4112623639402014,21.10643012054064,0.0,2022,No Pressure
0001005284,UNIVERSAL DISPLAY CORP PA,Technology / Software / Electronics,2022,0.1679590558578306,0.0827331323964979,0.4331848353683555,21.15037501376484,0.0,2023,No Pressure
0001005286,LANDEC CORP CA,Industrial / Manufacturing,2021,0.5967899722423269,0.0298593823321217,-0.024801483384513,20.03594962519725,1.0,2022,Pressure
0001005286,LANDEC CORP CA,Industrial / Manufacturing,2022,0.6342831006911506,-0.0826636400596286,-0.222266478636711,19.50302814354244,1.0,2023,Pressure
0001005757,CSG SYSTEMS INTERNATIONAL INC,Technology / Software / Electronics,2021,0.6826267401699457,0.1010871939496045,0.1186694149091197,21.050516399329734,0.0,2022,No Pressure
0001005757,CSG SYSTEMS INTERNATIONAL INC,Technology / Software / Electronics,2022,0.7365702349110491,0.0471594368185751,0.0722613952532319,21.02229800344244,0.0,2023,No Pressure
0001006837,INNOVATE CORP.,Industrial / Manufacturing,2021,0.9889875994817694,0.0249861188228761,-0.0087952207102555,20.80078228029965,0.0,2022,No Pressure
0001006837,INNOVATE CORP.,Industrial / Manufacturing,2022,1.0257011374489884,-0.0082486758704523,0.0081842057045135,20.864504949507417,0.0,2023,No Pressure
0001007587,KVH INDUSTRIES INC DE,Technology / Software / Electronics,2021,0.2358910861760489,0.0172340249060985,-0.1044787415510546,18.94418960039508,1.0,2022,Pressure
0001007587,KVH INDUSTRIES INC DE,Technology / Software / Electronics,2022,0.2187902059542213,0.0443524659651922,-0.0407119918201587,19.11647442444,0.0,2023,No Pressure
0001008654,TUPPERWARE BRANDS CORP,Industrial / Manufacturing,2021,1.1649673410865062,0.0887366576389995,0.1563377644635836,20.950720084644264,1.0,2022,Pressure
0001008654,TUPPERWARE BRANDS CORP,Industrial / Manufacturing,2022,1.5779989241527703,-0.0457235072619688,0.0180981595092024,20.42701381515637,,2023,Unknown
0001008848,ACORDA THERAPEUTICS INC,Industrial / Manufacturing,2021,,-0.0907809515445583,-0.6123606387182249,19.9368404130004,1.0,2022,Pressure
0001008848,ACORDA THERAPEUTICS INC,Industrial / Manufacturing,2022,,-0.0528924784185846,-0.2980618389757603,19.79590152113148,1.0,2023,Pressure
0001009829,JAKKS PACIFIC INC,Industrial / Manufacturing,2021,0.8292297652689982,-0.0164656193722395,0.062415072224834,19.69337798654028,0.0,2022,No Pressure
0001009829,JAKKS PACIFIC INC,Industrial / Manufacturing,2022,0.6270112645617775,0.2124107543753176,0.0765774874495564,19.820241715639693,0.0,2023,No Pressure
0001010086,SIGA TECHNOLOGIES INC,Industrial / Manufacturing,2021,0.1882029180598628,0.0535315016317845,0.6665107833029429,19.18487603721008,0.0,2022,No Pressure
0001010086,SIGA TECHNOLOGIES INC,Industrial / Manufacturing,2022,0.1275451240846538,0.2133507579524209,0.3854654106621484,19.088694325201587,0.0,2023,No Pressure
0001012019,RUSH ENTERPRISES INC TX,Consumer / Retail,2021,,0.1353683055996887,0.0602862737708007,21.86109146726628,0.0,2022,No Pressure
0001012019,RUSH ENTERPRISES INC TX,Consumer / Retail,2022,,0.0770465623990792,0.0712667784526114,22.063795278488897,0.0,2023,No Pressure
0001012100,SEALED AIR CORP/DE,Industrial / Manufacturing,2021,0.9600757709533976,0.1139293339540558,0.1627995229318009,22.552529804042937,0.0,2022,No Pressure
0001012100,SEALED AIR CORP/DE,Industrial / Manufacturing,2022,0.9446312774550664,0.0986853749979886,0.1674613162232581,22.55018329059119,0.0,2023,No Pressure
0001013237,FACTSET RESEARCH SYSTEMS INC,Technology / Software / Electronics,2021,0.5431998166242685,0.2495465046248438,0.2978682895104763,21.522995786358333,0.0,2022,No Pressure
0001013237,FACTSET RESEARCH SYSTEMS INC,Technology / Software / Electronics,2022,0.6683341201029818,0.134089711668645,0.2578686821137029,22.11313006873883,0.0,2023,No Pressure
0001013462,ANSYS INC,Technology / Software / Electronics,2021,,0.0868840478192575,0.2691912530189357,22.567667407338043,0.0,2022,No Pressure
0001013462,ANSYS INC,Technology / Software / Electronics,2022,,0.0943493105879309,0.28692461534514,22.62357248916031,0.0,2023,No Pressure
0001013488,BJS RESTAURANTS INC,Consumer / Retail,2021,0.677567655815589,0.062101150926518,-0.0151853017097838,20.757827638242667,0.0,2022,No Pressure
0001013488,BJS RESTAURANTS INC,Consumer / Retail,2022,0.6696550985637553,0.0488774497524672,-0.004268158756813,20.768164630975097,0.0,2023,No Pressure
0001013857,PEGASYSTEMS INC,Technology / Software / Electronics,2021,0.7388892967880762,0.0245480006350676,-0.0781841005634451,21.18921814629198,0.0,2022,No Pressure
0001013857,PEGASYSTEMS INC,Technology / Software / Electronics,2022,0.9036269437684508,0.0164516908354889,-0.0830181091099484,21.029037305981788,0.0,2023,No Pressure
0001013871,"NRG ENERGY, INC.",Energy / Capital-intensive,2021,0.8447071003364679,0.0212664998705892,0.1237911741820741,23.866641952456103,0.0,2022,No Pressure
0001013871,"NRG ENERGY, INC.",Energy / Capital-intensive,2022,0.8686612228093049,0.0123516091401907,0.063976159528263,24.095583519092227,0.0,2023,No Pressure
0001013880,"TTEC HOLDINGS, INC.",Technology / Software / Electronics,2021,0.7023538614706301,0.1258491068727827,0.0955504073360075,21.414813739843304,0.0,2022,No Pressure
0001013880,"TTEC HOLDINGS, INC.",Technology / Software / Electronics,2022,0.7057747536864625,0.0636260064012271,0.0689702161511179,21.490574774392226,0.0,2023,No Pressure
0001014473,VERISIGN INC/CA,Technology / Software / Electronics,2021,1.6354178218780056,0.4068790440798401,0.6529215653190477,21.408261887624978,0.0,2022,No Pressure
0001014473,VERISIGN INC/CA,Technology / Software / Electronics,2022,1.9012345679012344,0.4794623283719857,0.661871008491824,21.27335063524142,0.0,2023,No Pressure
0001015383,"AMMO, INC.",Industrial / Manufacturing,2021,0.09627434790387,0.0068873306748921,0.1546156030691012,19.841807149205525,1.0,2022,Pressure
0001015383,"AMMO, INC.",Industrial / Manufacturing,2022,0.0963761618645648,0.0862316626731821,-0.017023205117101,19.83734762469968,1.0,2023,Pressure
0001016169,"ANTARES PHARMA, INC.",Industrial / Manufacturing,2021,0.317457913438574,0.1422069474379138,0.3583665793392832,19.366549699238696,,2022,Unknown
0001017480,HIBBETT INC,Consumer / Retail,2021,0.5854551297821299,0.2267977025583852,0.1349149471612787,20.37117608066416,0.0,2022,No Pressure
0001017480,HIBBETT INC,Consumer / Retail,2022,0.5993962690063461,0.0820339452276502,0.0985877320121101,20.66049641775811,0.0,2023,No Pressure
0001018164,WILLIS LEASE FINANCE CORP,Consumer / Retail,2021,0.8271609349363582,0.0368090487456591,0.030415533074157,21.62461631739955,0.0,2022,No Pressure
0001018164,WILLIS LEASE FINANCE CORP,Consumer / Retail,2022,0.8234801183744904,0.0560822641354107,0.0315939306312053,21.669199639744416,0.0,2023,No Pressure
0001018724,AMAZON COM INC,Consumer / Retail,2021,,0.1101583882020882,0.0529540975092694,26.764826837515866,0.0,2022,No Pressure
0001018724,AMAZON COM INC,Consumer / Retail,2022,,0.1010471713405738,0.0238295819122422,26.860290700712383,0.0,2023,No Pressure
0001018840,ABERCROMBIE & FITCH CO /DE/,Consumer / Retail,2021,,0.0945000341895926,0.0924065279597324,21.801502274396896,0.0,2022,No Pressure
0001018840,ABERCROMBIE & FITCH CO /DE/,Consumer / Retail,2022,,-0.0008635877778187,0.0250552295165358,21.721357729877543,0.0,2023,No Pressure
0001018963,ALLEGHENY TECHNOLOGIES INC,Industrial / Manufacturing,2021,0.8056800149351255,0.0037571175207691,0.042003000214301,22.17843306258604,0.0,2022,No Pressure
0001018963,ATI INC,Industrial / Manufacturing,2022,0.7396976786035631,0.0505893467698398,0.0748957247132429,22.215180680154926,0.0,2023,No Pressure
0001019849,"PENSKE AUTOMOTIVE GROUP, INC.",Consumer / Retail,2021,0.6958691680406399,0.0959553198758225,0.0530782987082611,23.32332985619613,0.0,2022,No Pressure
0001019849,"PENSKE AUTOMOTIVE GROUP, INC.",Consumer / Retail,2022,0.7042211610672637,0.1033681436243322,0.053489509182162,23.370475559674336,0.0,2023,No Pressure
0001020214,CERUS CORP,Industrial / Manufacturing,2021,0.6395058505509497,-0.1428300750740003,-0.3067741571484096,19.28567397511433,1.0,2022,Pressure
0001020214,CERUS CORP,Industrial / Manufacturing,2022,0.685628083561066,-0.1174504337618986,-0.1809786793404667,19.20042755466251,1.0,2023,Pressure
0001020710,DXP ENTERPRISES INC,Consumer / Retail,2021,0.6041765983367763,0.0409284125218496,0.0357808138997289,20.62476176318859,0.0,2022,No Pressure
0001020710,DXP ENTERPRISES INC,Consumer / Retail,2022,0.6477402437143298,0.0056821687490359,0.0660115394588987,20.75986774035502,0.0,2023,No Pressure
0001020859,UNITED NATURAL FOODS INC,Consumer / Retail,2021,0.7988039867109634,0.081594684385382,0.0109090909090909,22.74149664771424,0.0,2022,No Pressure
0001020859,UNITED NATURAL FOODS INC,Consumer / Retail,2022,0.7650760356581018,0.0433927635028841,0.0146225110619469,22.75509152481568,0.0,2023,No Pressure
0001021162,TRIUMPH GROUP INC,Industrial / Manufacturing,2021,,-0.0777984585212296,0.0714254401887198,21.289241927208028,0.0,2022,No Pressure
0001021162,TRIUMPH GROUP INC,Industrial / Manufacturing,2022,,-0.0304698269930092,0.1726395229449333,21.26258795191103,0.0,2023,No Pressure
0001021270,"BBQ HOLDINGS, INC.",Consumer / Retail,2021,0.6852262220982962,0.1216007983446089,0.0403503163116032,19.13570193931708,,2022,Unknown
0001021561,"NU SKIN ENTERPRISES, INC.",Consumer / Retail,2021,0.5212265536486089,0.0742635642650329,0.0868029420526036,21.36852444730391,0.0,2022,No Pressure
0001021561,"NU SKIN ENTERPRISES, INC.",Consumer / Retail,2022,0.507242843100106,0.0593430973601981,0.0498041254298165,21.322635163640754,0.0,2023,No Pressure
0001021635,OGE ENERGY CORP.,Energy / Capital-intensive,2021,0.6782348648305623,-0.0248524558954182,0.1489449051646276,23.25747045853502,0.0,2022,No Pressure
0001021635,OGE ENERGY CORP.,Energy / Capital-intensive,2022,0.6481860865544812,0.0672076653885704,0.1924045383179785,23.252564102648645,0.0,2023,No Pressure
0001021860,NOV INC.,Technology / Software / Electronics,2021,0.4697382198952879,0.0304712041884816,-0.0242577842143374,22.97980699154376,0.0,2022,No Pressure
0001021860,NOV INC.,Technology / Software / Electronics,2022,0.4934385791810557,-0.0176615688209176,0.0364792040900925,23.039260616949043,0.0,2023,No Pressure
0001022408,EPLUS INC,Consumer / Retail,2021,0.4334279709450241,-0.0176392960745256,0.0808975633971968,20.87701901006406,0.0,2022,No Pressure
0001022408,EPLUS INC,Consumer / Retail,2022,0.4470945543833658,-0.0109024007192403,0.0803600877875996,21.070272392989324,0.0,2023,No Pressure
0001022652,INSEEGO CORP.,Technology / Software / Electronics,2021,1.115148510723072,-0.1168071236963904,-0.1772910719934146,19.190061854144705,1.0,2022,Pressure
0001022652,INSEEGO CORP.,Technology / Software / Electronics,2022,1.4409465654615543,-0.209342397353742,-0.2360887483032573,18.884521678996787,1.0,2023,Pressure
0001022671,STEEL DYNAMICS INC,Industrial / Manufacturing,2021,0.495646558032513,0.1758913766992141,0.2336433291596161,23.25149008472426,0.0,2022,No Pressure
0001022671,STEEL DYNAMICS INC,Industrial / Manufacturing,2022,0.4282617127250991,0.3150005677972518,0.2287351733592012,23.373685795338464,0.0,2023,No Pressure
0001023024,ANI PHARMACEUTICALS INC,Industrial / Manufacturing,2021,0.5350687793384639,0.0043053507137136,-0.1841109301550875,20.46397424827191,1.0,2022,Pressure
0001023024,ANI PHARMACEUTICALS INC,Industrial / Manufacturing,2022,0.5546036177437583,-0.0410518795874682,-0.1115191933878028,20.448943459692888,0.0,2023,No Pressure
0001023128,LITHIA MOTORS INC,Consumer / Retail,2021,0.5816594748315675,0.1612286824139447,0.0730519409417608,23.13442726937977,0.0,2022,No Pressure
0001023128,LITHIA MOTORS INC,Consumer / Retail,2022,0.6500806311889435,-0.0406554449375608,0.0688631251818162,23.43175594134365,0.0,2023,No Pressure
0001023731,8X8 INC /DE/,Technology / Software / Electronics,2021,0.7996568043697021,0.0380986698422882,-0.2415510946045476,20.629249620710024,0.0,2022,No Pressure
0001023731,8X8 INC /DE/,Technology / Software / Electronics,2022,0.8813200128294983,0.0579536950143143,-0.0891095763356623,20.55106489472435,0.0,2023,No Pressure
0001024305,COTY INC.,Industrial / Manufacturing,2021,0.694508961830054,0.0232773858042274,-0.0104969869759606,23.340033735517743,0.0,2022,No Pressure
0001024305,COTY INC.,Industrial / Manufacturing,2022,0.7063411493797509,0.0599697922598856,0.0454151270643239,23.2178009837089,0.0,2023,No Pressure
0001024478,"ROCKWELL AUTOMATION, INC",Industrial / Manufacturing,2021,,0.1178328474246841,,23.09365910003909,,2022,Unknown
0001024478,"ROCKWELL AUTOMATION, INC",Industrial / Manufacturing,2022,,0.0765055257605472,,23.09898056663007,,2023,Unknown
0001024725,TENNECO INC,Industrial / Manufacturing,2021,0.9580967131302702,0.0200481844777146,,23.17616569068537,,2022,Unknown
0001024795,"HELIOS TECHNOLOGIES, INC.",Industrial / Manufacturing,2021,0.4990885620901178,0.0799818560267242,0.1717804610065751,21.070639861825484,0.0,2022,No Pressure
0001024795,"HELIOS TECHNOLOGIES, INC.",Industrial / Manufacturing,2022,0.4569242331078773,0.0750836920133907,0.1550711542805511,21.10423331413737,0.0,2023,No Pressure
0001026655,CORE MOLDING TECHNOLOGIES INC,Industrial / Manufacturing,2021,0.4622018052869117,0.0674081237911025,0.0359954859293034,19.0419021903136,0.0,2022,No Pressure
0001026655,CORE MOLDING TECHNOLOGIES INC,Industrial / Manufacturing,2022,0.4153261334743096,0.0955718349570777,0.0477057364538285,19.10687884045897,0.0,2023,No Pressure
0001027838,TACTILE SYSTEMS TECHNOLOGY INC,Industrial / Manufacturing,2021,0.47506038400131,0.0107708683014696,-0.008468833060171,19.313784732945017,0.0,2022,No Pressure
0001027838,TACTILE SYSTEMS TECHNOLOGY INC,Industrial / Manufacturing,2022,0.523914100613343,0.0204277714160222,-0.051696821119598,19.35675842064679,0.0,2023,No Pressure
0001029142,DYNAVAX TECHNOLOGIES CORP,Industrial / Manufacturing,2021,0.7860237133460221,0.3228571483556348,0.3060381119692701,20.761761288122333,0.0,2022,No Pressure
0001029142,DYNAVAX TECHNOLOGIES CORP,Industrial / Manufacturing,2022,0.4106476644519957,0.0636161687883552,0.3923186237949419,20.709014772190905,1.0,2023,Pressure
0001031029,"STARTEK, INC.",Technology / Software / Electronics,2021,0.6057122845246897,0.0453371726526324,0.0493623806728791,20.28083846502726,1.0,2022,Pressure
0001031029,"STARTEK, INC.",Technology / Software / Electronics,2022,0.5981649822775752,0.0397001483923628,-0.0018360107407926,20.254929618398496,,2023,Unknown
0001031203,GROUP 1 AUTOMOTIVE INC,Consumer / Retail,2021,,0.2190837304762236,0.0655990624466877,22.472361338658903,0.0,2022,No Pressure
0001031203,GROUP 1 AUTOMOTIVE INC,Consumer / Retail,2022,,0.0872199478972832,0.0672785890852602,22.627981898602787,0.0,2023,No Pressure
0001031296,FIRSTENERGY CORP,Energy / Capital-intensive,2021,,0.0618726888536714,0.1550485088034495,24.53948253954356,0.0,2022,No Pressure
0001031296,FIRSTENERGY CORP,Energy / Capital-intensive,2022,,0.0581894682050837,0.1533028332932017,24.554252307706864,0.0,2023,No Pressure
0001031308,BENTLEY SYSTEMS INC,Technology / Software / Electronics,2021,0.8461133487988876,0.1083105229570971,0.0980150169007487,21.701307333147486,0.0,2022,No Pressure
0001031308,BENTLEY SYSTEMS INC,Technology / Software / Electronics,2022,0.8188141882872223,0.0866741126791268,0.1898056741899148,21.87542047263609,0.0,2023,No Pressure
0001031623,GULF ISLAND FABRICATION INC,Industrial / Manufacturing,2022,0.2390669256892026,-0.0661619681758189,-0.023995222034851,18.719792258278627,0.0,2023,No Pressure
0001032220,"MAXIMUS, INC.",Technology / Software / Electronics,2021,0.6406065601431428,0.1255951434401603,0.0960233729816887,22.138867755398973,0.0,2022,No Pressure
0001032220,"MAXIMUS, INC.",Technology / Software / Electronics,2022,0.6119504176858147,0.0725919762848027,0.070372864022554,22.10773703736838,0.0,2023,No Pressure
0001032975,LOGITECH INTERNATIONAL S.A.,Technology / Software / Electronics,2021,0.4055768875738618,0.0739251698404497,0.1412146939091252,22.11837250562644,0.0,2022,No Pressure
0001032975,LOGITECH INTERNATIONAL S.A.,Technology / Software / Electronics,2022,0.3659880368000813,0.149971087576139,0.1010106596034474,21.993237876578583,0.0,2023,No Pressure
0001034670,AUTOLIV INC,Industrial / Manufacturing,2021,,0.1000398036353987,0.0820170109356014,22.74309006194042,0.0,2022,No Pressure
0001034670,AUTOLIV INC,Industrial / Manufacturing,2022,,0.0923934171310094,0.0745306491743949,22.76669152455146,0.0,2023,No Pressure
0001034842,RIGEL PHARMACEUTICALS INC,Industrial / Manufacturing,2021,,0.0351286096768024,-0.0837331474979227,18.93546652194628,1.0,2022,Pressure
0001034842,RIGEL PHARMACEUTICALS INC,Industrial / Manufacturing,2022,1.1014008147215872,-0.5492891665859889,-0.4619849969228722,18.71543029037015,1.0,2023,Pressure
0001035002,VALERO ENERGY CORP/TX,Industrial / Manufacturing,2021,,0.1012126865671641,0.0186879809084288,24.78177594617657,0.0,2022,No Pressure
0001035002,VALERO ENERGY CORP/TX,Industrial / Manufacturing,2022,,0.2061919910793349,0.0889541509102351,24.83384457562365,0.0,2023,No Pressure
0001035267,INTUITIVE SURGICAL INC,Industrial / Manufacturing,2021,0.1182958317963851,0.1541423828845444,0.3189086005499028,23.33002131997081,0.0,2022,No Pressure
0001035267,INTUITIVE SURGICAL INC,Industrial / Manufacturing,2022,0.1434715585016186,0.1149067365500231,0.2534634052264472,23.28621319181435,0.0,2023,No Pressure
0001035983,COMFORT SYSTEMS USA INC,Industrial / Manufacturing,2021,0.6352990384380345,0.0815489829859391,0.0613078451709961,21.51585736756748,0.0,2022,No Pressure
0001035983,COMFORT SYSTEMS USA INC,Industrial / Manufacturing,2022,0.6150408203649848,0.1160860650215324,0.0613107929640968,21.67780681160439,0.0,2023,No Pressure
0001036044,"IDENTIV, INC.",Technology / Software / Electronics,2021,0.229156968022925,0.0127039301490746,-0.0129807553315537,18.386741270868026,1.0,2022,Pressure
0001036044,"IDENTIV, INC.",Technology / Software / Electronics,2022,0.2663455456624337,-0.0759694448499002,-0.0029491210202364,18.447955395818184,0.0,2023,No Pressure
0001037038,RALPH LAUREN CORP,Industrial / Manufacturing,2021,0.6717024609369944,0.0926767382552073,0.1283910910991396,22.767688824154124,0.0,2022,No Pressure
0001037038,RALPH LAUREN CORP,Industrial / Manufacturing,2022,0.6420207673613668,0.0605346490905074,0.1092867341237817,22.63864313825041,0.0,2023,No Pressure
0001037646,METTLER TOLEDO INTERNATIONAL INC/,Industrial / Manufacturing,2021,0.9484726755276396,0.2731831027913327,,21.925276117080905,,2022,Unknown
0001037646,METTLER TOLEDO INTERNATIONAL INC/,Industrial / Manufacturing,2022,0.9929008602978758,0.2459821984626596,,21.973853584506017,,2023,Unknown
0001037676,"ARCH RESOURCES, INC.",Energy / Capital-intensive,2021,0.676988985244384,0.112548886243836,0.1556972195275271,21.47334140536458,0.0,2022,No Pressure
0001037676,"ARCH RESOURCES, INC.",Energy / Capital-intensive,2022,0.438750766509337,0.4971172672976292,0.2943271922596643,21.61243528981602,0.0,2023,No Pressure
0001037868,AMETEK INC/,Industrial / Manufacturing,2021,0.4224427637588819,0.0975322542837829,0.235944595109649,23.19965187259988,0.0,2022,No Pressure
0001037868,AMETEK INC/,Industrial / Manufacturing,2022,0.3985648919807708,0.0924593278803519,0.2439939322302305,23.24346884307598,0.0,2023,No Pressure
0001038074,SILICON LABORATORIES INC.,Technology / Software / Electronics,2021,0.252128675470161,0.0308278924177609,-0.0455539217046305,21.80787892614738,0.0,2022,No Pressure
0001038074,SILICON LABORATORIES INC.,Technology / Software / Electronics,2022,0.352360161295973,0.0651203911814542,0.1164527890667567,21.497729375742555,1.0,2023,Pressure
0001038133,HESKA CORP,Industrial / Manufacturing,2021,0.2784734270087009,0.010341482472288,-0.0039134701405775,20.219203955748146,1.0,2022,Pressure
0001038133,HESKA CORP,Industrial / Manufacturing,2022,0.2792822319636199,-0.0372352410995944,-0.0788863109048723,20.18851630676807,,2023,Unknown
0001038357,PIONEER NATURAL RESOURCES CO,Energy / Capital-intensive,2021,,0.1645975387791692,,24.32906255052633,,2022,Unknown
0001038357,PIONEER NATURAL RESOURCES CO,Energy / Capital-intensive,2022,,0.3175153889199776,,24.299536346705672,,2023,Unknown
0001039065,OSI SYSTEMS INC,Technology / Software / Electronics,2021,0.5378248686945009,0.1004545759903262,0.1005935991043698,21.04850883312239,0.0,2022,No Pressure
0001039065,OSI SYSTEMS INC,Technology / Software / Electronics,2022,0.5576177112566262,0.0442143921283303,0.1028949423445534,21.090094062132582,0.0,2023,No Pressure
0001039399,FORMFACTOR INC,Technology / Software / Electronics,2021,0.2006232116959981,0.1365617528318896,0.1273760059453742,20.74357813923818,0.0,2022,No Pressure
0001039399,FORMFACTOR INC,Technology / Software / Electronics,2022,0.198311294667476,0.1307105138916991,0.0734179483031324,20.731460172486408,0.0,2023,No Pressure
0001039684,ONEOK INC /NEW/,Energy / Capital-intensive,2021,,0.1077941629134301,0.1569655681765074,23.885427935011432,0.0,2022,No Pressure
0001039684,ONEOK INC /NEW/,Energy / Capital-intensive,2022,,0.1191986461843085,0.1254045894356394,23.91699179874217,0.0,2023,No Pressure
0001040130,PETMED EXPRESS INC,Consumer / Retail,2021,0.1935866242435585,0.1049121195106596,0.0940321925849526,18.98780541807793,0.0,2022,No Pressure
0001040130,PETMED EXPRESS INC,Consumer / Retail,2022,0.2456905744072826,0.1694096284967431,-0.0055672784184257,18.91609015215658,0.0,2023,No Pressure
0001041061,YUM BRANDS INC,Consumer / Retail,2021,2.403452899765337,0.2859537378478042,0.3248784933171324,22.509342523206584,0.0,2022,No Pressure
0001041061,YUM BRANDS INC,Consumer / Retail,2022,2.518303113239822,0.2440985289086555,0.3196433791289096,22.48902350380652,0.0,2023,No Pressure
0001041803,PRICESMART INC,Consumer / Retail,2021,0.4628799559148547,0.0745496221692001,0.0436534893094256,21.257294184066364,0.0,2022,No Pressure
0001041803,PRICESMART INC,Consumer / Retail,2022,0.451961402344614,0.0673683919486839,0.041087599324462,21.31570831393769,0.0,2023,No Pressure
0001041859,"CHILDRENS PLACE, INC.",Consumer / Retail,2021,0.782669211343088,0.1284637479999228,0.1439141593973782,20.76004125607292,1.0,2022,Pressure
0001041859,"CHILDRENS PLACE, INC.",Consumer / Retail,2022,0.839317598128728,-0.0083323109742558,-0.0008955318229867,20.709451862836936,0.0,2023,No Pressure
0001042893,DRIL-QUIP INC,Technology / Software / Electronics,2021,0.1121487372652722,0.0380314837504181,-0.3865611791481522,20.73363786204238,0.0,2022,No Pressure
0001042893,DRIL-QUIP INC,Technology / Software / Electronics,2022,0.1003573209667717,-0.0378102137242099,0.0069627420112133,20.69539605853071,0.0,2023,No Pressure
0001043337,STONERIDGE INC,Industrial / Manufacturing,2021,,-0.0544755853254964,0.0200022843436795,20.31589742019496,0.0,2022,No Pressure
0001043337,STONERIDGE INC,Industrial / Manufacturing,2022,,0.0104369695064445,0.0032613901411565,20.295716151403184,0.0,2023,No Pressure
0001043509,SONIC AUTOMOTIVE INC,Consumer / Retail,2021,,0.0615666016763482,0.043431964118615,22.32771130805847,0.0,2022,No Pressure
0001043509,SONIC AUTOMOTIVE INC,Consumer / Retail,2022,,0.0815740312958238,0.0224268093221246,22.328354304443543,0.0,2023,No Pressure
0001043604,JUNIPER NETWORKS INC,Technology / Software / Electronics,2021,0.5142455271745245,0.0776077416450995,0.0818304683870422,22.90785537181528,0.0,2022,No Pressure
0001043604,JUNIPER NETWORKS INC,Technology / Software / Electronics,2022,0.5201839879056901,0.0104645801837734,0.0979212253829321,22.956147091597884,0.0,2023,No Pressure
0001044777,ONESPAN INC.,Technology / Software / Electronics,2021,0.357877237627494,-0.0080199607913027,-0.1218196483604608,19.651113381828083,1.0,2022,Pressure
0001044777,ONESPAN INC.,Technology / Software / Electronics,2022,0.3932500104452044,-0.0172674151401746,-0.1238093933499538,19.6298858389403,1.0,2023,Pressure
0001045742,LIVE VENTURES INC,Consumer / Retail,2021,0.645410837922338,0.1378496065892754,0.1311080258332997,19.17086022401129,0.0,2022,No Pressure
0001045742,LIVE VENTURES INC,Consumer / Retail,2022,0.6512954130284205,0.0523261447690005,0.0903653720814323,19.445420420972425,0.0,2023,No Pressure
0001045810,NVIDIA CORP,Technology / Software / Electronics,2021,0.3977414171588929,0.2061239731142643,0.3730772088875678,24.51169646514456,0.0,2022,No Pressure
0001045810,NVIDIA CORP,Technology / Software / Electronics,2022,0.4633334952163566,0.1369773201884318,0.1565952398606065,24.44126710465665,0.0,2023,No Pressure
0001046102,RITCHIE BROS AUCTIONEERS INC,Technology / Software / Electronics,2021,0.7018957314313674,0.0883923188809974,0.1694791213087635,22.002229409639657,0.0,2022,No Pressure
0001046102,RITCHIE BROS AUCTIONEERS INC,Technology / Software / Electronics,2022,0.549511877354231,0.1616966282051326,0.262165706929487,21.7753897606216,0.0,2023,No Pressure
0001046257,INGREDION INC,Industrial / Manufacturing,2021,0.539219888555508,0.0560080011430204,0.0449666376559326,22.66903311879669,0.0,2022,No Pressure
0001046257,INGREDION INC,Industrial / Manufacturing,2022,0.5685755852400476,0.0201031609575453,0.095897306821042,22.7462692936548,0.0,2023,No Pressure
0001047127,"AMKOR TECHNOLOGY, INC.",Technology / Software / Electronics,2021,0.507738773222861,0.1856893223112685,0.124371469825094,22.52143041642352,0.0,2022,No Pressure
0001047127,"AMKOR TECHNOLOGY, INC.",Technology / Software / Electronics,2022,0.4576615672472648,0.1610664232103254,0.1265141713735363,22.64338290040228,0.0,2023,No Pressure
0001047862,CONSOLIDATED EDISON INC,Energy / Capital-intensive,2021,,0.0433012231446859,0.2066393682363264,24.86824014013568,0.0,2022,No Pressure
0001047862,CONSOLIDATED EDISON INC,Energy / Capital-intensive,2022,,0.0569753131108376,0.167453733248245,24.95831392711281,0.0,2023,No Pressure
0001048268,"IES HOLDINGS, INC.",Industrial / Manufacturing,2021,0.5166496656761742,0.0494689690616757,0.0557002212180595,20.457504409951035,0.0,2022,No Pressure
0001048268,"IES HOLDINGS, INC.",Industrial / Manufacturing,2022,0.582243243619137,0.017397928125224,0.0258481600584823,20.6557458099342,0.0,2023,No Pressure
0001048477,BIOMARIN PHARMACEUTICAL INC,Industrial / Manufacturing,2021,0.2886042318215322,0.0507278882952363,-0.0445984482268351,22.515579319514064,0.0,2022,No Pressure
0001048477,BIOMARIN PHARMACEUTICAL INC,Industrial / Manufacturing,2022,0.2779446952302044,0.0275921503028827,0.0713545883449687,22.57566153592353,0.0,2023,No Pressure
0001048695,"F5, INC.",Technology / Software / Electronics,2021,,0.1291094355329299,0.1513492273228711,22.33215960155893,0.0,2022,No Pressure
0001048695,"F5, INC.",Technology / Software / Electronics,2022,,0.0838921010106906,0.149783092128813,22.386470841595514,0.0,2023,No Pressure
0001049502,MKS INSTRUMENTS INC,Industrial / Manufacturing,2021,0.364227033455939,0.1408497235865471,0.2369473826959587,22.23625892633193,0.0,2022,No Pressure
0001049502,MKS INSTRUMENTS INC,Industrial / Manufacturing,2022,0.6100043497172684,0.0460200086994345,0.1739498167465464,23.165177995248552,0.0,2023,No Pressure
0001049521,MERCURY SYSTEMS INC,Technology / Software / Electronics,2021,0.2408992311024751,0.0497392254353531,0.087663799410387,21.39372610516629,0.0,2022,No Pressure
0001049521,MERCURY SYSTEMS INC,Technology / Software / Electronics,2022,0.3329391624338498,-0.0081881952686473,0.0319875490413348,21.55809268552185,1.0,2023,Pressure
0001049606,COMPX INTERNATIONAL INC,Industrial / Manufacturing,2021,,0.0544239602602207,0.1457657209814295,19.07535733514582,0.0,2022,No Pressure
0001049606,COMPX INTERNATIONAL INC,Industrial / Manufacturing,2022,,0.0952211830630204,0.1527119030751312,18.99384435007045,0.0,2023,No Pressure
0001050377,PC CONNECTION INC,Consumer / Retail,2021,0.370053803687154,0.0533089406054922,0.033366924854672,20.803354390645925,0.0,2022,No Pressure
0001050377,PC CONNECTION INC,Consumer / Retail,2022,0.3033670780650757,0.0317222906168793,0.0385766893781624,20.818417823329725,0.0,2023,No Pressure
0001050446,MICROSTRATEGY INC,Technology / Software / Electronics,2021,0.7247894647473633,0.0263788948600048,-1.535993280627768,21.99221819042401,0.0,2022,No Pressure
0001050446,MICROSTRATEGY INC,Technology / Software / Electronics,2022,1.1589530144315665,0.0013322147873766,-2.555245321112678,21.60300544156585,0.0,2023,No Pressure
0001050797,COLUMBIA SPORTSWEAR CO,Industrial / Manufacturing,2021,0.3514284372872602,0.115549791205323,0.1440966324868011,21.84400745612777,0.0,2022,No Pressure
0001050797,COLUMBIA SPORTSWEAR CO,Industrial / Manufacturing,2022,0.3656366313992972,-0.0082715449808064,0.1134776995928585,21.838914184716405,0.0,2023,No Pressure
0001050825,STEELCASE INC,Industrial / Manufacturing,2021,0.6230871295886776,-0.0453781512605042,0.0072492516319832,21.539073030684527,0.0,2022,No Pressure
0001050825,STEELCASE INC,Industrial / Manufacturing,2022,0.6249319048483748,0.0405847103686217,0.0202623275382045,21.512995115806568,0.0,2023,No Pressure
0001050915,"QUANTA SERVICES, INC.",Industrial / Manufacturing,2021,0.6019567662521337,0.0453038846803419,0.0511178822720397,23.277013380084384,0.0,2022,No Pressure
0001050915,"QUANTA SERVICES, INC.",Industrial / Manufacturing,2022,0.5990282328791978,0.083948582095056,0.0510754922292811,23.323310323304803,0.0,2023,No Pressure
0001051627,AXT INC,Technology / Software / Electronics,2021,0.1570504239850078,-0.0099416136998745,0.0938694111053692,19.621972961714235,0.0,2022,No Pressure
0001051627,AXT INC,Technology / Software / Electronics,2022,0.2170550595559782,-0.0236845802978879,0.0889610113522017,19.729208141968243,,2023,Unknown
0001054905,INNOSPEC INC.,Industrial / Manufacturing,2021,,0.0593290470430963,0.0890521774302278,21.174914541106745,0.0,2022,No Pressure
0001054905,INNOSPEC INC.,Industrial / Manufacturing,2022,0.3512502338342583,0.050944690403442,0.0953811682028823,21.1955792971026,0.0,2023,No Pressure
0001056285,"KIRKLAND'S, INC",Consumer / Retail,2021,0.7550462122836206,-0.0929529664330639,0.0454064996954387,19.618199770382866,1.0,2022,Pressure
0001056285,"KIRKLAND'S, INC",Consumer / Retail,2022,0.8914368851323264,-0.0661851038848333,-0.085703402997043,19.42953607542716,1.0,2023,Pressure
0001056358,MANNATECH INC,Industrial / Manufacturing,2021,0.5905744234800838,0.1806960167714884,0.0566405027478374,17.90358552394427,1.0,2022,Pressure
0001056358,MANNATECH INC,Industrial / Manufacturing,2022,0.7114476469630353,-0.0529026217228464,-0.0029517229316074,17.709939715346362,1.0,2023,Pressure
0001056696,MANHATTAN ASSOCIATES INC,Technology / Software / Electronics,2021,,0.3431170188324057,0.2024175648654472,20.106538812381707,0.0,2022,No Pressure
0001056696,MANHATTAN ASSOCIATES INC,Technology / Software / Electronics,2022,,0.3150419693499223,0.1990655521429204,20.161459152498992,0.0,2023,No Pressure
0001056903,AMERICAN STATES WATER CO,Energy / Capital-intensive,2021,,0.0608022270583166,0.2826022896524627,21.365636958277005,0.0,2022,No Pressure
0001056903,AMERICAN STATES WATER CO,Energy / Capital-intensive,2022,,0.0579042988162451,0.2576374082453085,21.43345399230117,0.0,2023,No Pressure
0001057060,MARINEMAX INC,Consumer / Retail,2021,0.4097257157258764,0.3709788325926278,0.101518618378612,20.731058396931083,0.0,2022,No Pressure
0001057060,MARINEMAX INC,Consumer / Retail,2022,0.4214349657111218,0.0566208175663138,0.1149015336437187,21.025420919038577,0.0,2023,No Pressure
0001057352,"COSTAR GROUP, INC.",Technology / Software / Electronics,2021,0.2129290985054026,0.0647291373926861,0.2223801330668909,22.705214581281748,0.0,2022,No Pressure
0001057352,"COSTAR GROUP, INC.",Technology / Software / Electronics,2022,0.1823688748665571,0.0569618219404532,0.2066299517182696,22.85179154731021,0.0,2023,No Pressure
0001058090,CHIPOTLE MEXICAN GRILL INC,Consumer / Retail,2021,0.6546838263521279,0.1927084163164715,0.1066564852198756,22.61832740489501,0.0,2022,No Pressure
0001058090,CHIPOTLE MEXICAN GRILL INC,Consumer / Retail,2022,0.6581708216985511,0.1910037150465737,0.1343890871340269,22.65876541225447,0.0,2023,No Pressure
0001058290,COGNIZANT TECHNOLOGY SOLUTIONS CORP,Technology / Software / Electronics,2021,0.3283105534393905,0.1397602509522742,0.1526989787647917,23.60538138376945,0.0,2022,No Pressure
0001058290,COGNIZANT TECHNOLOGY SOLUTIONS CORP,Technology / Software / Electronics,2022,0.3104974232578982,0.143849428635447,0.152769199094091,23.60538138376945,0.0,2023,No Pressure
0001059556,MOODYS CORP /DE/,Technology / Software / Electronics,2021,0.8013623978201635,0.1365803814713896,0.4573817947893213,23.4097518602009,0.0,2022,No Pressure
0001059556,MOODYS CORP /DE/,Technology / Software / Electronics,2022,0.8126001811972959,0.1027249285664506,0.3443672275054865,23.386946090382374,0.0,2023,No Pressure
0001060391,"REPUBLIC SERVICES, INC.",Energy / Capital-intensive,2021,,0.1116690042075736,0.1838158477202301,23.94034003990805,0.0,2022,No Pressure
0001060391,"REPUBLIC SERVICES, INC.",Energy / Capital-intensive,2022,,0.109799710183837,0.1770147950234248,24.09238414317924,0.0,2023,No Pressure
0001060736,SEAGEN INC.,Industrial / Manufacturing,2021,,-0.1341559477836888,-0.4332244432856042,22.03688304822104,1.0,2022,Pressure
0001060736,SEAGEN INC.,Industrial / Manufacturing,2022,,-0.1234853853497533,-0.3123554075291019,22.02469161483527,,2023,Unknown
0001060822,CARTERS INC,Industrial / Manufacturing,2021,0.7032335279219764,0.0837835752860034,0.142574947510928,21.8869780519472,0.0,2022,No Pressure
0001060822,CARTERS INC,Industrial / Manufacturing,2022,0.6735647401438283,0.0362177549426879,0.1180213232783427,21.615147066560684,0.0,2023,No Pressure
0001061219,ENTERPRISE PRODUCTS PARTNERS L.P.,Energy / Capital-intensive,2021,,0.1260633004371675,0.1495751943911446,24.93577262219835,0.0,2022,No Pressure
0001061219,ENTERPRISE PRODUCTS PARTNERS L.P.,Energy / Capital-intensive,2022,,0.1180331238621013,0.1187055305399924,24.94436051751949,0.0,2023,No Pressure
0001062231,AMERICAN AXLE & MANUFACTURING HOLDINGS INC,Industrial / Manufacturing,2021,0.918767854924854,0.0955338289830899,0.0466586510491409,22.45238720050296,0.0,2022,No Pressure
0001062231,AMERICAN AXLE & MANUFACTURING HOLDINGS INC,Industrial / Manufacturing,2022,0.8853073463268366,0.0820748162504113,0.0420343306218116,22.42243475833294,0.0,2023,No Pressure
0001064728,PEABODY ENERGY CORP,Energy / Capital-intensive,2021,0.6321467534041779,0.0848519132086144,0.130247415845463,22.32261300887237,0.0,2022,No Pressure
0001064728,PEABODY ENERGY CORP,Energy / Capital-intensive,2022,0.4127753618022385,0.2091680330790618,0.2773239125634798,22.44795914898802,0.0,2023,No Pressure
0001065059,CENTRUS ENERGY CORP,Energy / Capital-intensive,2021,1.2479035639413,0.087351502445842,0.2289641300703989,20.1653486073936,0.0,2022,No Pressure
0001065059,CENTRUS ENERGY CORP,Energy / Capital-intensive,2022,1.1050318922749822,0.0291991495393338,0.2031994554118447,20.37441733067458,0.0,2023,No Pressure
0001065088,EBAY INC,Technology / Software / Electronics,2021,0.6327649665740254,0.0997896792608728,0.2805182341650671,24.005154018993693,0.0,2022,No Pressure
0001065088,EBAY INC,Technology / Software / Electronics,2022,0.7528537170263789,0.1081055155875299,0.2399183256763654,23.760619785239182,0.0,2023,No Pressure
0001065696,LKQ CORP,Consumer / Retail,2021,,0.1084428287961578,0.1126463345237927,23.257450944446923,0.0,2022,No Pressure
0001065696,LKQ CORP,Consumer / Retail,2022,,0.1038378468184083,0.1235735501016101,23.21133415015506,0.0,2023,No Pressure
0001065837,SKECHERS USA INC,Industrial / Manufacturing,2021,0.4543338139781368,0.0326826142147619,0.0951764900368797,22.593725574872185,0.0,2022,No Pressure
0001065837,SKECHERS USA INC,Industrial / Manufacturing,2022,0.4383704502525354,0.0345724884952999,0.0734322423786528,22.65384288988476,0.0,2023,No Pressure
0001066605,HEIDRICK & STRUGGLES INTERNATIONAL INC,Technology / Software / Electronics,2021,0.6964034991028173,0.2452127669186247,0.0974383077798733,20.824736999767715,0.0,2022,No Pressure
0001066605,HEIDRICK & STRUGGLES INTERNATIONAL INC,Technology / Software / Electronics,2022,0.6507037030106206,0.1014666079184238,0.1036059897414695,20.88507681675693,0.0,2023,No Pressure
0001067294,"CRACKER BARREL OLD COUNTRY STORE, INC",Consumer / Retail,2021,,0.1262297768861735,0.1299543779709964,21.59526773884822,0.0,2022,No Pressure
0001067294,"CRACKER BARREL OLD COUNTRY STORE, INC",Consumer / Retail,2022,,0.0894383268022158,0.0468216094934001,21.55395990018628,0.0,2023,No Pressure
0001067701,"UNITED RENTALS, INC.",Technology / Software / Electronics,2021,0.7047604967474866,0.1817957815888034,0.2343557019349526,23.73349255670013,0.0,2022,No Pressure
0001067701,"UNITED RENTALS, INC.",Technology / Software / Electronics,2022,0.7079766778315345,0.1833105900839432,0.2776155299776671,23.908915743957337,0.0,2023,No Pressure
0001068148,PARK OHIO INDUSTRIES INC/OH,Industrial / Manufacturing,2021,,-0.0334300217548948,-0.0076495132127955,21.04462443648274,0.0,2022,No Pressure
0001068148,PARK OHIO INDUSTRIES INC/OH,Industrial / Manufacturing,2022,,-0.019072447859495,0.0228414495277647,21.100057085156028,0.0,2023,No Pressure
0001069183,"AXON ENTERPRISE, INC.",Industrial / Manufacturing,2021,0.3793135925033023,0.0737431954555416,-0.1947263143386292,21.24693463355748,0.0,2022,No Pressure
0001069183,"AXON ENTERPRISE, INC.",Industrial / Manufacturing,2022,0.5552110281798692,0.0825279621192092,0.0783681461592439,21.771249172257978,0.0,2023,No Pressure
0001069202,LENNOX INTERNATIONAL INC,Technology / Software / Electronics,2021,1.1238546894424235,0.237349785901745,0.1407453327293102,21.498868197902976,0.0,2022,No Pressure
0001069202,LENNOX INTERNATIONAL INC,Technology / Software / Electronics,2022,1.0791011060912914,0.1177364075401152,0.1390725669718548,21.666237447791367,0.0,2023,No Pressure
0001069258,"KRATOS DEFENSE & SECURITY SOLUTIONS, INC.",Industrial / Manufacturing,2021,0.3958477508650519,0.0222082415854042,0.0343807763401109,21.18668533894426,1.0,2022,Pressure
0001069258,"KRATOS DEFENSE & SECURITY SOLUTIONS, INC.",Industrial / Manufacturing,2022,0.3893006767644215,-0.016500161134386,-0.0028943560057887,21.162488042497248,0.0,2023,No Pressure
0001069878,TREX CO INC,Industrial / Manufacturing,2021,0.2121944408527024,0.2804065103371541,0.2300643634832474,20.640233081281416,0.0,2022,No Pressure
0001069878,TREX CO INC,Industrial / Manufacturing,2022,0.4448471412276897,0.2315720704076769,0.2230790303812781,20.65467110154991,0.0,2023,No Pressure
0001069899,PHIBRO ANIMAL HEALTH CORP,Industrial / Manufacturing,2021,0.7164841173149497,0.0574165750453154,0.0898398032039359,20.550488589183978,0.0,2022,No Pressure
0001069899,PHIBRO ANIMAL HEALTH CORP,Industrial / Manufacturing,2022,0.7183188991294399,0.0339691252217722,0.0838260312164039,20.65252036018653,0.0,2023,No Pressure
0001070081,"PTC THERAPEUTICS, INC.",Industrial / Manufacturing,2021,0.9992580193761172,-0.1296825272334752,-0.695224408783627,21.384951246282327,1.0,2022,Pressure
0001070081,"PTC THERAPEUTICS, INC.",Industrial / Manufacturing,2022,1.2034956224103976,-0.2091053160172348,-0.6402523751397036,21.25719393223491,1.0,2023,Pressure
0001070235,BLACKBERRY LTD,Technology / Software / Electronics,2021,0.3938449552006233,-0.0109076743280093,-0.0027855153203342,21.666003739224973,1.0,2022,Pressure
0001070235,BLACKBERRY LTD,Technology / Software / Electronics,2022,0.4895771292435973,-0.1566408576533651,-1.1051829268292683,21.241464215637407,1.0,2023,Pressure
0001070412,CNX RESOURCES CORP,Energy / Capital-intensive,2021,0.5432185238134094,0.1143544592347055,,22.815222610499767,,2022,Unknown
0001070412,CNX RESOURCES CORP,Energy / Capital-intensive,2022,0.6535298674588907,0.1450266464359724,,22.8651859280329,,2023,Unknown
0001070494,ACADIA PHARMACEUTICALS INC,Industrial / Manufacturing,2021,0.2274289338143923,-0.1794830043906633,-0.3520412273182621,20.366765164964296,1.0,2022,Pressure
0001070494,ACADIA PHARMACEUTICALS INC,Industrial / Manufacturing,2022,0.3188077140310167,-0.1939991017536219,-0.4322909315881562,20.191917728549107,0.0,2023,No Pressure
0001073349,BOTTOMLINE TECHNOLOGIES INC,Technology / Software / Electronics,2021,0.440703273640233,0.0933105152697958,-0.016011777608543,20.51959152525304,,2022,Unknown
0001076930,NOVANTA INC,Technology / Software / Electronics,2021,0.5754554790643734,0.077063531297363,0.0906262512503661,20.92855738607368,0.0,2022,No Pressure
0001076930,NOVANTA INC,Technology / Software / Electronics,2022,0.5346596713534836,0.0731373850720102,0.1197335820644137,20.9393541593606,0.0,2023,No Pressure
0001077688,HOOKER FURNISHINGS CORP,Industrial / Manufacturing,2021,0.302838805101466,0.0512843103489703,0.0250045484255709,19.741259894573886,1.0,2022,Pressure
0001077688,HOOKER FURNISHINGS CORP,Industrial / Manufacturing,2022,0.3816842888430142,-0.05689570256421,-0.0103686833521407,19.760187437193125,0.0,2023,No Pressure
0001078075,NETSCOUT SYSTEMS INC,Technology / Software / Electronics,2021,0.3550601948409073,0.0926572654974209,0.056843643163954,21.884761841128704,0.0,2022,No Pressure
0001078075,NETSCOUT SYSTEMS INC,Technology / Software / Electronics,2022,0.2804092095186771,0.0555386164449612,0.0849223098203448,21.76020128409655,0.0,2023,No Pressure
0001078207,"NAUTILUS, INC.",Industrial / Manufacturing,2021,0.4776258179560254,-0.2119632536738365,-0.0429423917874117,19.565046848890496,1.0,2022,Pressure
0001078207,"NAUTILUS, INC.",Industrial / Manufacturing,2022,0.6251498177726683,0.1152434997431695,-0.3255571479881299,18.91251925392063,1.0,2023,Pressure
0001078271,EXTREME NETWORKS INC,Technology / Software / Electronics,2021,,0.1430907847099227,0.0340552674907719,20.73330824375848,0.0,2022,No Pressure
0001078271,EXTREME NETWORKS INC,Technology / Software / Electronics,2022,,0.1199586339856435,0.0577063635407404,20.78953099252993,0.0,2023,No Pressure
0001080014,"INNOVIVA, INC.",Industrial / Manufacturing,2021,,0.3927190885097609,0.9572226220187512,20.64681126861128,,2022,Unknown
0001080014,"INNOVIVA, INC.",Industrial / Manufacturing,2022,,0.1638055147515584,,20.93149634028033,,2023,Unknown
0001081316,BERKSHIRE HATHAWAY ENERGY CO,Energy / Capital-intensive,2021,0.6169386287055617,0.0658160754174081,0.2118091451292246,25.606560062581742,0.0,2022,No Pressure
0001081316,BERKSHIRE HATHAWAY ENERGY CO,Energy / Capital-intensive,2022,0.621645248057382,0.0699267782426778,0.19899760792801,25.61991089363245,0.0,2023,No Pressure
0001082554,UNITED THERAPEUTICS CORP,Industrial / Manufacturing,2021,0.2341219941575903,0.1157261418815654,0.3298131118362504,22.3659644292684,0.0,2022,No Pressure
0001082554,UNITED THERAPEUTICS CORP,Industrial / Manufacturing,2022,0.2064356026139465,0.1327653238481264,0.5059649847647575,22.52241460477176,0.0,2023,No Pressure
0001084765,"RESOURCES CONNECTION, INC.",Technology / Software / Electronics,2021,0.3670415869576908,0.0767184486904679,0.0364613449062454,20.070577066738007,0.0,2022,No Pressure
0001084765,"RESOURCES CONNECTION, INC.",Technology / Software / Electronics,2022,0.3594732687502257,0.085032323082929,0.1036473718600081,20.18107509892248,0.0,2023,No Pressure
0001084869,1 800 FLOWERS COM INC,Consumer / Retail,2021,0.5271849827107243,0.1609486207123943,0.070249664859618,20.7971471414844,0.0,2022,No Pressure
0001084869,1 800 FLOWERS COM INC,Consumer / Retail,2022,0.5347399878161387,0.0047392845497862,0.0190684750337993,20.81392065279444,0.0,2023,No Pressure
0001085392,PUGET ENERGY INC /WA,Energy / Capital-intensive,2021,,0.0520793876769764,0.1517993851790792,23.487815079057484,,2022,Unknown
0001085869,PERFICIENT INC,Technology / Software / Electronics,2021,0.586702274715264,0.0962142465430582,0.139196112621497,20.598350930979056,0.0,2022,No Pressure
0001085869,PERFICIENT INC,Technology / Software / Electronics,2022,0.5881795944925534,0.1185555002168918,0.1594089686673399,20.71914536043085,0.0,2023,No Pressure
0001086222,AKAMAI TECHNOLOGIES INC,Technology / Software / Electronics,2021,0.4433964849060774,0.1725788712729949,0.2262633756911935,22.81989298168116,0.0,2022,No Pressure
0001086222,AKAMAI TECHNOLOGIES INC,Technology / Software / Electronics,2022,0.4748913698003227,0.1535125370330226,0.1869888576568286,22.839930906544645,0.0,2023,No Pressure
0001086600,ALLIANCE RESOURCE PARTNERS LP,Energy / Capital-intensive,2021,0.4322193232768641,0.196906927182753,0.1396218795701335,21.49309902128614,0.0,2022,No Pressure
0001086600,ALLIANCE RESOURCE PARTNERS LP,Energy / Capital-intensive,2022,0.3832445416504319,0.2975089358411676,0.2736060628852309,21.70214556624609,0.0,2023,No Pressure
0001088856,CORCEPT THERAPEUTICS INC,Industrial / Manufacturing,2021,0.1131547399918821,0.396199699827259,0.3401215373601692,19.864668378210578,0.0,2022,No Pressure
0001088856,CORCEPT THERAPEUTICS INC,Industrial / Manufacturing,2022,0.1398419690451296,0.2062338241091476,0.2802830850698505,20.184435038484345,0.0,2023,No Pressure
0001089063,"DICK'S SPORTING GOODS, INC.",Consumer / Retail,2021,,0.1788243684024953,0.1654959812477752,22.92511039250705,0.0,2022,No Pressure
0001089063,"DICK'S SPORTING GOODS, INC.",Consumer / Retail,2022,,0.1025201185561346,0.1182887757780074,22.919622927124426,0.0,2023,No Pressure
0001089819,CLECO CORPORATE HOLDINGS LLC,Energy / Capital-intensive,2021,0.6364123747172006,0.02247871943176,0.1975320875018399,22.81821378066745,0.0,2022,No Pressure
0001089819,CLECO CORPORATE HOLDINGS LLC,Energy / Capital-intensive,2022,0.6429420133808286,0.0417885254325034,0.1526872913253885,22.83393335843716,0.0,2023,No Pressure
0001090012,DEVON ENERGY CORP/DE,Energy / Capital-intensive,2021,,0.2330083234244946,,23.768978042852986,,2022,Unknown
0001090012,DEVON ENERGY CORP/DE,Energy / Capital-intensive,2022,,0.3595969815775051,,23.889626568745467,,2023,Unknown
0001090872,"AGILENT TECHNOLOGIES, INC.",Industrial / Manufacturing,2021,0.4965903783278841,0.1387202241943017,0.2131666402911853,23.09397675908147,0.0,2022,No Pressure
0001090872,"AGILENT TECHNOLOGIES, INC.",Industrial / Manufacturing,2022,0.496296999620205,0.1245727307254082,0.2362733644859813,23.07768407867542,0.0,2023,No Pressure
0001091883,CIRCOR INTERNATIONAL INC,Industrial / Manufacturing,2021,,0.0102501917986692,-0.0386506860058497,20.74237999298691,0.0,2022,No Pressure
0001091883,CIRCOR INTERNATIONAL INC,Industrial / Manufacturing,2022,,-0.0008107144655752,0.0798125347081465,20.73587303223712,,2023,Unknown
0001092699,SPS COMMERCE INC,Technology / Software / Electronics,2021,0.2136686769094871,0.1833136855642482,0.1429754254093169,20.23850749186637,0.0,2022,No Pressure
0001092699,SPS COMMERCE INC,Technology / Software / Electronics,2022,0.2018697783074806,0.1486846759021212,0.1578752425838647,20.327128094897056,0.0,2023,No Pressure
0001092796,"SMITH & WESSON BRANDS, INC.",Industrial / Manufacturing,2021,0.4032456069607606,0.7064123587551636,0.30176879611403,19.91669908918983,0.0,2022,No Pressure
0001092796,"SMITH & WESSON BRANDS, INC.",Industrial / Manufacturing,2022,0.2753137839815388,0.2770264294156904,0.2912225763372471,20.025057874203394,0.0,2023,No Pressure
0001093082,HUTTIG BUILDING PRODUCTS INC,Consumer / Retail,2021,,0.0887669464170432,0.0573683088078481,19.55143748917493,,2022,Unknown
0001093557,DEXCOM INC,Industrial / Manufacturing,2021,0.5370713052060202,0.0909819886503824,0.1085562589340412,22.305044741592145,0.0,2022,No Pressure
0001093557,DEXCOM INC,Industrial / Manufacturing,2022,0.6046145000649146,0.1241723389654469,0.134442229706509,22.40812657121184,0.0,2023,No Pressure
0001093691,PLUG POWER INC,Technology / Software / Electronics,2021,0.2259433324885262,-0.0601968781575226,-0.8705702489538999,22.50666982969968,1.0,2022,Pressure
0001093691,PLUG POWER INC,Technology / Software / Electronics,2022,0.2956246369882358,-0.1437514442403521,-0.968792769160584,22.47494539752509,1.0,2023,Pressure
0001094285,TELEDYNE TECHNOLOGIES INC,Industrial / Manufacturing,2021,0.4718058529621698,0.0571436491271837,0.1352967947467654,23.39259599960617,0.0,2022,No Pressure
0001094285,TELEDYNE TECHNOLOGIES INC,Industrial / Manufacturing,2022,0.4306186428870001,0.0339138915981607,0.1780676363902832,23.38729448602396,0.0,2023,No Pressure
0001095315,PFSWEB INC,Technology / Software / Electronics,2021,0.3574338522235087,-0.1306445387881127,-0.0389575264513058,19.60383636955883,1.0,2022,Pressure
0001095315,PFSWEB INC,Technology / Software / Electronics,2022,0.5787004915421524,-0.0370122445788666,-0.0678160218485914,19.13687040076653,,2023,Unknown
0001095565,HEALTHSTREAM INC,Technology / Software / Electronics,2021,,0.0870770185289048,0.0313775748698931,20.00326736758021,0.0,2022,No Pressure
0001095565,HEALTHSTREAM INC,Technology / Software / Electronics,2022,,0.1028406339843412,0.0466558731158133,20.02559042138804,0.0,2023,No Pressure
0001096056,LUXFER HOLDINGS PLC,Industrial / Manufacturing,2021,0.4330260303687636,0.0707700650759219,0.0967655707030205,19.72576505235821,0.0,2022,No Pressure
0001096056,LUXFER HOLDINGS PLC,Industrial / Manufacturing,2022,0.4907885040530582,0.0390567428150331,0.1058101086443079,19.82456941592961,0.0,2023,No Pressure
0001096752,EDGEWELL PERSONAL CARE CO,Industrial / Manufacturing,2021,0.5688510314047788,0.0623197082675665,0.1144061706510803,22.024710120422046,0.0,2022,No Pressure
0001096752,EDGEWELL PERSONAL CARE CO,Industrial / Manufacturing,2022,0.6068783496269963,0.0274703078290377,0.0834369388037021,22.03513294444768,0.0,2023,No Pressure
0001097149,ALIGN TECHNOLOGY INC,Industrial / Manufacturing,2021,0.3903320537654133,0.1973278852124918,0.2470282731499191,22.5053301262692,0.0,2022,No Pressure
0001097149,ALIGN TECHNOLOGY INC,Industrial / Manufacturing,2022,0.3945208321459488,0.0956182023814267,0.1720636688725939,22.506311955114576,0.0,2023,No Pressure
0001097864,ON SEMICONDUCTOR CORP,Technology / Software / Electronics,2021,0.5216704757947226,0.1851236235196343,0.1910442446363393,22.98773360793121,0.0,2022,No Pressure
0001097864,ON SEMICONDUCTOR CORP,Technology / Software / Electronics,2022,0.4818215970280085,0.2198188420920816,0.2834426268886166,23.2063792131968,0.0,2023,No Pressure
0001098972,AGENUS INC,Industrial / Manufacturing,2021,,0.0217723485807733,0.0870816633690156,19.95960606141883,,2022,Unknown
0001099590,MERCADOLIBRE INC,Technology / Software / Electronics,2021,0.8483648112424338,0.0955378581346811,0.0623394402558969,23.035915907785764,0.0,2022,No Pressure
0001099590,MERCADOLIBRE INC,Technology / Software / Electronics,2022,0.8669918462434478,0.2140361094933022,0.0981303976463889,23.343285960614388,0.0,2023,No Pressure
0001099800,EDWARDS LIFESCIENCES CORP,Industrial / Manufacturing,2021,0.3136334768188554,0.203714158022252,0.3230387004300047,22.863637836140764,0.0,2022,No Pressure
0001099800,EDWARDS LIFESCIENCES CORP,Industrial / Manufacturing,2022,0.2997648477539946,0.1469038287609285,0.3248550832342449,22.83861732890607,0.0,2023,No Pressure
0001101302,ENTEGRIS INC,Industrial / Manufacturing,2021,,0.1254596014406484,0.2400146505296244,21.883880934862844,0.0,2022,No Pressure
0001101302,ENTEGRIS INC,Industrial / Manufacturing,2022,,0.0347458298307195,0.1462450255679939,23.039641106961,0.0,2023,No Pressure
0001101396,"DELTA APPAREL, INC",Consumer / Retail,2021,0.6219237004015769,0.0586408097852116,0.0748963938179736,19.88921846875589,0.0,2022,No Pressure
0001101396,"DELTA APPAREL, INC",Consumer / Retail,2022,0.6510814789919818,-0.0384107882470435,0.0655468909518024,20.07639328018797,1.0,2023,Pressure
0001101680,DZS INC.,Technology / Software / Electronics,2021,0.4880738003943058,-0.0555986773677755,-0.0920943673152373,19.367182496395404,1.0,2022,Pressure
0001101680,DZS INC.,Technology / Software / Electronics,2022,0.629281013157963,-0.1321977902102261,-0.0855836312288556,19.768790257824588,1.0,2023,Pressure
0001102934,"CMC MATERIALS, INC.",Technology / Software / Electronics,2021,0.5913603005274572,0.1258147227769034,-0.0127551296807633,21.48914522276236,,2022,Unknown
0001102993,LIVEPERSON INC,Technology / Software / Electronics,2021,0.705527971037942,0.0027362605506566,-0.1985971756128307,20.8944051051805,1.0,2022,Pressure
0001102993,LIVEPERSON INC,Technology / Software / Electronics,2022,0.9374731390159238,-0.0570288537476812,-0.431010101010101,20.80847058387896,1.0,2023,Pressure
0001103021,BIODELIVERY SCIENCES INTERNATIONAL INC,Industrial / Manufacturing,2021,0.4213668683532761,0.1264248481188924,0.2226954523913786,19.598091893190688,,2022,Unknown
0001103982,"MONDELEZ INTERNATIONAL, INC.",Industrial / Manufacturing,2021,0.5778483276694688,0.0617212186251714,0.1620125348189415,24.929330648793822,0.0,2022,No Pressure
0001103982,"MONDELEZ INTERNATIONAL, INC.",Industrial / Manufacturing,2022,0.6217028990598783,0.0549177217858096,0.1122047244094488,24.98821075249803,0.0,2023,No Pressure
0001104485,"NORTHERN OIL & GAS, INC.",Energy / Capital-intensive,2021,0.858730183745648,0.2603426696767805,0.1568910382190344,21.143859923403625,0.0,2022,No Pressure
0001104485,"NORTHERN OIL & GAS, INC.",Energy / Capital-intensive,2022,0.7407948307896067,0.3229080077824747,0.5432492749286071,21.779380422670474,0.0,2023,No Pressure
0001104506,INSMED INC,Industrial / Manufacturing,2021,0.6699112510735757,-0.2921589567578174,-1.9903003804500663,20.941202255445177,1.0,2022,Pressure
0001104506,INSMED INC,Industrial / Manufacturing,2022,0.9469034402195076,-0.2417474878277747,-1.863892760782204,21.22793354017795,1.0,2023,Pressure
0001104657,MATERION CORP,Industrial / Manufacturing,2021,,0.0561382139362318,0.0510451171818112,21.1979329508492,0.0,2022,No Pressure
0001104657,MATERION CORP,Industrial / Manufacturing,2022,,0.0685339475253534,0.0681545652546313,21.24916468729693,0.0,2023,No Pressure
0001107843,"QUALYS, INC.",Technology / Software / Electronics,2021,0.4638644960033589,0.2462878686503985,0.2132513887132392,20.51815742168856,0.0,2022,No Pressure
0001107843,"QUALYS, INC.",Technology / Software / Electronics,2022,0.5875130717135965,0.2836957746800372,0.2665731444102074,20.36793427740552,0.0,2023,No Pressure
0001108426,PNM RESOURCES INC,Energy / Capital-intensive,2021,0.7421844180463916,0.0632145228649047,0.1731320155988657,22.882775278405536,0.0,2022,No Pressure
0001108426,PNM RESOURCES INC,Energy / Capital-intensive,2022,0.7562533101979103,0.0612791290664731,0.1750390632814045,22.94868658424736,0.0,2023,No Pressure
0001108524,"SALESFORCE.COM, INC.",Technology / Software / Electronics,2021,0.3894379733008434,0.0630192523816025,0.0206854899592329,25.279340312100945,0.0,2022,No Pressure
0001108524,"SALESFORCE, INC.",Technology / Software / Electronics,2022,0.409614664791753,0.0719380064542888,0.032852768563409,25.316859270184096,0.0,2023,No Pressure
0001109354,BRUKER CORP,Industrial / Manufacturing,2021,,0.0773698630136986,0.1709334546507299,22.017993004814784,0.0,2022,No Pressure
0001109354,BRUKER CORP,Industrial / Manufacturing,2022,,0.0759731989589678,0.1709803611648951,22.00747210025939,0.0,2023,No Pressure
0001109357,EXELON CORP,Energy / Capital-intensive,2021,0.7384090276890228,0.0226444031786366,0.0749167744242991,25.61371270475992,0.0,2022,No Pressure
0001109357,EXELON CORP,Energy / Capital-intensive,2022,0.7404901991630746,0.0510755225539858,0.1737603522381801,25.28080968127135,0.0,2023,No Pressure
0001110611,ON24 INC.,Technology / Software / Electronics,2021,0.2609820412121817,0.0107994147628769,-0.1158570425267541,19.99031489537381,1.0,2022,Pressure
0001110611,ON24 INC.,Technology / Software / Electronics,2022,0.2761914387046886,-0.0480900080616161,-0.312162077203571,19.868712051555583,1.0,2023,Pressure
0001110803,"ILLUMINA, INC.",Industrial / Manufacturing,2021,,0.0358152066767431,-0.0271763146266018,23.445679060950106,0.0,2022,No Pressure
0001110803,"ILLUMINA, INC.",Industrial / Manufacturing,2022,,0.0319947763630427,-0.9116492146596858,23.22895502599856,0.0,2023,No Pressure
0001111335,VISTEON CORP,Industrial / Manufacturing,2021,,0.0259623992837958,,21.527059538041048,,2022,Unknown
0001111335,VISTEON CORP,Industrial / Manufacturing,2022,,0.0681632653061224,,21.61935386191121,,2023,Unknown
0001111711,NISOURCE INC.,Energy / Capital-intensive,2021,,0.050416237182751,0.2128167734026589,23.90783589056355,0.0,2022,No Pressure
0001111711,NISOURCE INC.,Energy / Capital-intensive,2022,,0.052714256861381,0.2205764472170912,24.009299250236747,0.0,2023,No Pressure
0001111928,IPG PHOTONICS CORP,Technology / Software / Electronics,2021,0.1335163726052975,0.1229128161133434,0.2518263214818668,21.87716775764676,0.0,2022,No Pressure
0001111928,IPG PHOTONICS CORP,Technology / Software / Electronics,2022,0.1304715523023533,0.0775163308156659,0.1185690292099525,21.732420122073567,0.0,2023,No Pressure
0001113232,AXCELIS TECHNOLOGIES INC,Technology / Software / Electronics,2021,0.2844790505018321,0.1993919600658488,0.1922095684361168,20.43989446140932,0.0,2022,No Pressure
0001113232,AXCELIS TECHNOLOGIES INC,Technology / Software / Electronics,2022,0.3417235490671746,0.2127054844861247,0.2308276757123385,20.736814637021283,0.0,2023,No Pressure
0001113256,"MERITOR, INC.",Industrial / Manufacturing,2021,0.7906739278420695,0.0670524166099387,0.0568745108270284,21.800994915038466,,2022,Unknown
0001113809,BUILD-A-BEAR WORKSHOP INC,Consumer / Retail,2021,,0.1054242201228578,,19.40022417439846,,2022,Unknown
0001113809,BUILD-A-BEAR WORKSHOP INC,Consumer / Retail,2022,,0.1683654209135522,,19.4531318659276,,2023,Unknown
0001114483,INTEGER HOLDINGS CORP,Technology / Software / Electronics,2021,0.4753740490238032,0.0606711679701341,0.1111402292562561,21.67191339507536,0.0,2022,No Pressure
0001114483,INTEGER HOLDINGS CORP,Industrial / Manufacturing,2022,0.4927486753798509,0.0416481473926651,0.0881675406366997,21.750878241782168,0.0,2023,No Pressure
0001114925,LANTRONIX INC,Technology / Software / Electronics,2022,0.4184052295194141,-0.0685428101387453,-0.0386487216073425,18.738217698596102,0.0,2023,No Pressure
0001114995,IMPINJ INC,Technology / Software / Electronics,2021,1.0351020641002482,0.0204888808602477,-0.1957557953153986,19.56978651040665,0.0,2022,No Pressure
0001114995,IMPINJ INC,Technology / Software / Electronics,2022,0.955420787620412,0.0018328057940681,-0.0755585725368502,19.67269200427164,1.0,2023,Pressure
0001115128,QUOTIENT TECHNOLOGY INC.,Technology / Software / Electronics,2021,0.6306697299678983,0.0409296909422798,-0.0509114198821079,20.26989117838971,1.0,2022,Pressure
0001115128,QUOTIENT TECHNOLOGY INC.,Technology / Software / Electronics,2022,0.5104210552402667,-0.0008591278200457,-0.2471759140619047,19.710351315610428,,2023,Unknown
0001116132,"TAPESTRY, INC.",Industrial / Manufacturing,2021,0.6111734109562894,0.1579142011834319,0.1684562240050119,22.849400106737527,0.0,2022,No Pressure
0001116132,"TAPESTRY, INC.",Industrial / Manufacturing,2022,0.6854224877155796,0.1174349304226941,0.1758994689206373,22.70637542712847,0.0,2023,No Pressure
0001116463,ORASURE TECHNOLOGIES INC,Industrial / Manufacturing,2021,0.1745309008872209,-0.07675220720623,-0.0434964951171289,19.948886910920923,1.0,2022,Pressure
0001116463,ORASURE TECHNOLOGIES INC,Industrial / Manufacturing,2022,0.1823308777894708,-0.1061415580560727,-0.059247081777335,19.912928447223727,0.0,2023,No Pressure
0001116942,TTM TECHNOLOGIES INC,Technology / Software / Electronics,2021,,0.0583801871198827,0.0560273753301849,21.830357738858883,0.0,2022,No Pressure
0001116942,TTM TECHNOLOGIES INC,Technology / Software / Electronics,2022,,0.0821015379690239,0.0843303089401958,21.924315573569515,0.0,2023,No Pressure
0001117171,"CBAK ENERGY TECHNOLOGY, INC.",Technology / Software / Electronics,2022,0.4903204379130547,0.0619376497253028,-0.0462542187826068,19.312812934094914,1.0,2023,Pressure
0001117297,"QUINSTREET, INC",Technology / Software / Electronics,2021,0.3434078951759118,0.1125991346228713,0.0240731425252425,19.92367978395536,0.0,2022,No Pressure
0001117297,"QUINSTREET, INC",Technology / Software / Electronics,2022,0.3189000473912204,0.068281460983213,-0.0081051504984547,19.85554858148088,0.0,2023,No Pressure
0001118417,"MODEL N, INC.",Technology / Software / Electronics,2021,0.6604689518678358,0.0538497484812666,-0.0745121352322365,19.712087338788777,0.0,2022,No Pressure
0001118417,"MODEL N, INC.",Technology / Software / Electronics,2022,0.6567953355921141,0.0644670322526367,-0.0591109853808107,19.787402303914025,0.0,2023,No Pressure
0001120370,"BROADWIND, INC.",Industrial / Manufacturing,2021,,-0.1086516387540555,-0.0864859668037824,18.58659341668348,0.0,2022,No Pressure
0001120370,"BROADWIND, INC.",Industrial / Manufacturing,2022,,0.1151445966514459,-0.0373785776113238,18.78906685073761,0.0,2023,No Pressure
0001120914,PDF SOLUTIONS INC,Technology / Software / Electronics,2021,0.1979157534847024,0.0154985242979457,,19.42779159401071,,2022,Unknown
0001120914,PDF SOLUTIONS INC,Technology / Software / Electronics,2022,0.246380140021746,0.1159001116011353,,19.445542436087656,,2023,Unknown
0001121142,MAXAR TECHNOLOGIES INC.,Technology / Software / Electronics,2021,0.674744330813695,0.0624722098710538,0.0994350282485875,22.22689869070585,0.0,2022,No Pressure
0001121142,MAXAR TECHNOLOGIES INC.,Technology / Software / Electronics,2022,0.6986539296569692,0.0705601389491967,0.0068535825545171,22.250625638562013,,2023,Unknown
0001121484,"OIL STATES INTERNATIONAL, INC",Technology / Software / Electronics,2021,0.3591275323555742,0.0066258468815968,-0.113043281032729,20.805534988253864,0.0,2022,No Pressure
0001121484,"OIL STATES INTERNATIONAL, INC",Technology / Software / Electronics,2022,0.3521578516185766,0.0308739637276492,0.0039378831133269,20.78566958200763,0.0,2023,No Pressure
0001121788,GARMIN LTD,Industrial / Manufacturing,2021,,0.1288988999452156,0.2445655500577487,22.784343158953128,0.0,2022,No Pressure
0001121788,GARMIN LTD,Industrial / Manufacturing,2022,,0.1019585651330911,0.2114782957216921,22.76852604656568,0.0,2023,No Pressure
0001122904,"NETGEAR, INC.",Technology / Software / Electronics,2021,0.353922140392812,-0.004245589602895,0.0570144160510516,20.798865767932988,1.0,2022,Pressure
0001122904,"NETGEAR, INC.",Technology / Software / Electronics,2022,0.3911902999161588,-0.0134655834318018,-0.0889292118154754,20.742857658691328,1.0,2023,Pressure
0001122976,AVIENT CORP,Industrial / Manufacturing,2021,,0.0467862002721524,0.079106831576326,22.332143592722066,0.0,2022,No Pressure
0001122976,AVIENT CORP,Industrial / Manufacturing,2022,,0.0654724732949876,0.0716241278813035,22.52909256355024,0.0,2023,No Pressure
0001123360,GLOBAL PAYMENTS INC,Technology / Software / Electronics,2021,0.4286753319306595,0.0614143689470823,0.1594220955488902,24.536124932504112,0.0,2022,No Pressure
0001123360,GLOBAL PAYMENTS INC,Technology / Software / Electronics,2022,0.4969715245240612,0.0500801021865823,0.0713219241458568,24.525675161507728,0.0,2023,No Pressure
0001123494,HARVARD BIOSCIENCE INC,Industrial / Manufacturing,2021,0.4862698960232592,0.0077736165180111,0.017375361636278,18.905228104798702,0.0,2022,No Pressure
0001123494,HARVARD BIOSCIENCE INC,Industrial / Manufacturing,2022,0.5031645569620253,0.0079251513483764,-0.0611726298142674,18.79472398893166,0.0,2023,No Pressure
0001124198,FLUOR CORP,Industrial / Manufacturing,2021,,0.0034798792180244,-0.0048034243035255,22.708336670018127,0.0,2022,No Pressure
0001124198,FLUOR CORP,Industrial / Manufacturing,2022,,0.0045407939065475,0.0152066356228172,22.644151175529032,0.0,2023,No Pressure
0001124524,"CRYOPORT, INC.",Industrial / Manufacturing,2021,0.4233195863320664,0.0073011851172987,-0.0800914612233163,20.830297955597143,1.0,2022,Pressure
0001124524,"CRYOPORT, INC.",Industrial / Manufacturing,2022,0.4648951716781581,-0.0017819563204094,-0.134458881391791,20.761280054307026,1.0,2023,Pressure
0001124610,"VMWARE, INC.",Technology / Software / Electronics,2021,1.0305481936113825,0.1519389036127772,0.1857443000544704,24.07932637297191,0.0,2022,No Pressure
0001124610,"VMWARE, INC.",Technology / Software / Electronics,2022,0.9508915708934916,0.1376572654224157,0.1514606741573033,24.16486912660883,,2023,Unknown
0001124796,"NLIGHT, INC.",Technology / Software / Electronics,2021,0.1913317880830152,-0.0199214170623471,-0.1118543306212196,19.7387444457064,1.0,2022,Pressure
0001124796,"NLIGHT, INC.",Technology / Software / Electronics,2022,0.1773455273317073,-0.0441693268900748,-0.2276396566112254,19.612276267793924,1.0,2023,Pressure
0001124804,"ALLSCRIPTS HEALTHCARE SOLUTIONS, INC.",Technology / Software / Electronics,2021,0.4193793658248355,-0.0311013928993921,0.0513620090523386,21.609191790279368,,2022,Unknown
0001124941,BEACON ROOFING SUPPLY INC,Consumer / Retail,2021,0.6143667296786389,0.0140426681069403,0.068774465522433,22.43787424716609,0.0,2022,No Pressure
0001124941,BEACON ROOFING SUPPLY INC,Consumer / Retail,2022,0.6163404680602982,0.0668110269009744,0.0834430644032409,22.515608469601617,0.0,2023,No Pressure
0001125345,MACROGENICS INC,Industrial / Manufacturing,2022,0.493657030392059,-0.3100496313304904,-0.7991128135263029,19.451970197988214,,2023,Unknown
0001128928,FLOWERS FOODS INC,Industrial / Manufacturing,2021,,0.1059258669547012,0.0680987917382763,21.90293969899115,0.0,2022,No Pressure
0001128928,FLOWERS FOODS INC,Industrial / Manufacturing,2022,,0.1089313774791019,0.0630932647942433,21.921118149516985,0.0,2023,No Pressure
0001129155,MARINE PRODUCTS CORP,Industrial / Manufacturing,2021,0.2583238608562115,0.0034402029493906,0.1221150684196044,18.70466348982534,0.0,2022,No Pressure
0001129155,MARINE PRODUCTS CORP,Industrial / Manufacturing,2022,0.2402589866536359,0.3014262590477354,0.1359492906731059,18.91363767528405,0.0,2023,No Pressure
0001129260,"VOCERA COMMUNICATIONS, INC.",Technology / Software / Electronics,2021,0.7084900909973744,0.0970668632881343,-0.017443474176399,20.136386761860027,,2022,Unknown
0001130310,CENTERPOINT ENERGY INC,Energy / Capital-intensive,2021,,0.0005838796146394,0.1631944444444444,24.352368747050807,0.0,2022,No Pressure
0001130310,CENTERPOINT ENERGY INC,Energy / Capital-intensive,2022,,0.0469568826856223,0.1680077244930801,24.375118170249213,0.0,2023,No Pressure
0001130464,BLACK HILLS CORP /SD/,Energy / Capital-intensive,2021,,-0.0070702732488412,0.210060325216433,22.935039177134744,0.0,2022,No Pressure
0001130464,BLACK HILLS CORP /SD/,Energy / Capital-intensive,2022,,0.0608013116758488,0.1784000100320713,22.986926093115457,0.0,2023,No Pressure
0001130713,"OVERSTOCK.COM, INC",Consumer / Retail,2021,0.3016794156661657,0.0759114268184913,0.0402953658442791,20.78714726818519,1.0,2022,Pressure
0001130713,"OVERSTOCK.COM, INC",Consumer / Retail,2022,0.2648922196447312,-0.0142678926316891,0.0139986129928773,20.59377882733948,1.0,2023,Pressure
0001131554,SYNCHRONOSS TECHNOLOGIES INC,Technology / Software / Electronics,2021,0.6099073954926852,0.0109709939787102,-0.0677690073588368,19.9263879252414,0.0,2022,No Pressure
0001131554,SYNCHRONOSS TECHNOLOGIES INC,Technology / Software / Electronics,2022,0.6258340199762857,0.0436076890612753,0.005232990800703,19.802143453922184,1.0,2023,Pressure
0001132105,"SPORTSMAN'S WAREHOUSE HOLDINGS, INC.",Consumer / Retail,2021,0.6262477976542415,-0.0257274432803025,0.060169102141199,20.549603878566806,0.0,2022,No Pressure
0001132105,"SPORTSMAN'S WAREHOUSE HOLDINGS, INC.",Consumer / Retail,2022,0.6587582658098166,0.0544775076837105,0.0414879440377559,20.571232914254352,0.0,2023,No Pressure
0001133062,JANEL CORP,Technology / Software / Electronics,2021,0.843699320244298,-0.0017338946206135,0.0269842028698461,18.56844537056395,0.0,2022,No Pressure
0001133062,JANEL CORP,Technology / Software / Electronics,2022,0.855159169222015,0.0956833054089084,0.029975099648744,18.65600580647176,0.0,2023,No Pressure
0001133421,NORTHROP GRUMMAN CORP /DE/,Industrial / Manufacturing,2021,0.6964231193780972,0.083773691256253,0.1584377716096111,24.47462701095513,0.0,2022,No Pressure
0001133421,NORTHROP GRUMMAN CORP /DE/,Industrial / Manufacturing,2022,0.6500514226945492,0.0663009941720946,0.0983826020436041,24.50187172895706,0.0,2023,No Pressure
0001136294,WILLIAMS INDUSTRIAL SERVICES GROUP INC.,Industrial / Manufacturing,2021,0.6861240970805245,-0.0387168427305834,0.0225515337141657,18.57040163530972,1.0,2022,Pressure
0001136294,WILLIAMS INDUSTRIAL SERVICES GROUP INC.,Industrial / Manufacturing,2022,0.775129495474571,-0.0800475584803406,-0.0847769392614617,18.502242306811933,,2023,Unknown
0001136352,CRESTWOOD EQUITY PARTNERS LP,Energy / Capital-intensive,2021,0.6549024900465619,0.0959803855410846,0.0487415189319325,22.215203174053453,0.0,2022,No Pressure
0001136352,CRESTWOOD EQUITY PARTNERS LP,Energy / Capital-intensive,2022,0.6434292675498706,0.0668798538145271,0.0392954155348542,22.605322944307524,,2023,Unknown
0001136869,"ZIMMER BIOMET HOLDINGS, INC.",Industrial / Manufacturing,2021,0.4600023874081274,0.063914326154056,0.0995508026849748,23.878409215753884,0.0,2022,No Pressure
0001136869,"ZIMMER BIOMET HOLDINGS, INC.",Industrial / Manufacturing,2022,0.4290800341782967,0.0643786195765688,0.1003328578221588,23.77092620340823,0.0,2023,No Pressure
0001136893,"FIDELITY NATIONAL INFORMATION SERVICES, INC.",Technology / Software / Electronics,2021,0.426848826132568,0.0580000241164341,0.0760250774663111,25.14127477371136,0.0,2022,No Pressure
0001136893,"FIDELITY NATIONAL INFORMATION SERVICES, INC.",Technology / Software / Electronics,2022,0.566895287461677,0.0622491229179177,-1.109512665198238,24.87080355435957,0.0,2023,No Pressure
0001137091,"POWER SOLUTIONS INTERNATIONAL, INC.",Technology / Software / Electronics,2021,1.1398259121974592,-0.2045598227179258,-0.0911113302867913,19.52108476317885,0.0,2022,No Pressure
0001137091,"POWER SOLUTIONS INTERNATIONAL, INC.",Technology / Software / Electronics,2022,1.0949383113533993,-0.0276481418385623,0.0511122237619278,19.583559644919188,0.0,2023,No Pressure
0001137789,SEAGATE TECHNOLOGY HOLDINGS PLC,Technology / Software / Electronics,2021,0.9272622478386168,0.1874351585014409,0.1396872951970789,22.88371116289461,0.0,2022,No Pressure
0001137789,SEAGATE TECHNOLOGY HOLDINGS PLC,Technology / Software / Electronics,2022,0.9878130590339892,0.1852638640429338,0.1676528599605522,22.91424875347096,1.0,2023,Pressure
0001138639,INFINERA CORP,Technology / Software / Electronics,2021,,0.0177215062272243,-0.0613799418329292,21.185252415978333,1.0,2022,Pressure
0001138639,INFINERA CORP,Technology / Software / Electronics,2022,,-0.0225026330956457,-0.0382376010810797,21.23557316304913,0.0,2023,No Pressure
0001138723,ACCURAY INC,Industrial / Manufacturing,2021,0.8566126082591471,0.0802169557048769,0.0561080423630229,19.989500809776608,0.0,2022,No Pressure
0001138723,ACCURAY INC,Industrial / Manufacturing,2022,0.887513772895787,-0.0050756161057758,0.0189528481608898,19.974286658702827,0.0,2023,No Pressure
0001140859,AMERISOURCEBERGEN CORP,Consumer / Retail,2021,,0.0465065936863122,0.011001494129299,24.772226016253853,0.0,2022,No Pressure
0001140859,AMERISOURCEBERGEN CORP,Consumer / Retail,2022,,0.0477909929410952,0.0099183020889243,24.75857874958221,0.0,2023,No Pressure
0001141103,CROSS COUNTRY HEALTHCARE INC,Technology / Software / Electronics,2021,0.5939897026373857,-0.1168353554609727,0.0830846234042604,20.41239565427277,0.0,2022,No Pressure
0001141103,CROSS COUNTRY HEALTHCARE INC,Technology / Software / Electronics,2022,0.5176195535317707,0.1414269723022581,0.0973088877004242,20.669695215627744,0.0,2023,No Pressure
0001141391,MASTERCARD INC,Technology / Software / Electronics,2021,0.8032334280177335,0.2512145265337545,0.5338911247617031,24.35210331200121,0.0,2022,No Pressure
0001141391,MASTERCARD INC,Technology / Software / Electronics,2022,0.8353217642805495,0.2890972007024068,0.5515132436929442,24.37972539983006,0.0,2023,No Pressure
0001142596,NUVASIVE INC,Industrial / Manufacturing,2021,,0.0845717999605399,,21.490627234480183,,2022,Unknown
0001142596,NUVASIVE INC,Industrial / Manufacturing,2022,,0.0760250033153443,,21.52280025635349,,2023,Unknown
0001142750,AMN HEALTHCARE SERVICES INC,Technology / Software / Electronics,2021,0.6289713037364467,0.0974984562116487,0.1199723409889226,21.86490760217248,0.0,2022,No Pressure
0001142750,AMN HEALTHCARE SERVICES INC,Technology / Software / Electronics,2022,0.6386748009504385,0.2263343340196534,0.1234161993667276,21.78395158833426,0.0,2023,No Pressure
0001144215,ACUITY BRANDS INC,Technology / Software / Electronics,2021,0.4281278845346983,0.1143184806019412,0.1235481074833863,21.99725898500885,0.0,2022,No Pressure
0001144215,ACUITY BRANDS INC,Technology / Software / Electronics,2022,0.4506637549566117,0.0908855812884317,0.127230972766531,21.97035560063309,0.0,2023,No Pressure
0001144519,BUNGELTD,Industrial / Manufacturing,2021,,-0.1214996431420294,,23.89374941850617,,2022,Unknown
0001144519,BUNGELTD,Industrial / Manufacturing,2022,,-0.2257526444263629,,23.925198941124982,,2023,Unknown
0001144980,ASBURY AUTOMOTIVE GROUP INC,Consumer / Retail,2021,,0.1454152400469847,0.0804862925277249,22.803032325950145,0.0,2022,No Pressure
0001144980,ASBURY AUTOMOTIVE GROUP INC,Consumer / Retail,2022,,0.0867678958785249,0.0824553901177934,22.80537880730608,0.0,2023,No Pressure
0001145197,INSULET CORP,Industrial / Manufacturing,2021,0.7284752049980476,-0.0332389691526747,0.1146705496905715,21.44052009333768,0.0,2022,No Pressure
0001145197,INSULET CORP,Industrial / Manufacturing,2022,0.7883701301585891,0.0528630447336857,0.0288056385505247,21.53468482302862,0.0,2023,No Pressure
0001145986,ASPEN AEROGELS INC,Consumer / Retail,2021,0.2981405161953278,-0.1018179433081539,-0.3338129614707865,19.02474531855357,1.0,2022,Pressure
0001145986,ASPEN AEROGELS INC,Consumer / Retail,2022,0.3045945391473013,-0.1467153443495343,-0.4393615133840456,20.28230204190354,1.0,2023,Pressure
0001156174,LAKE AREA CORN PROCESSORS LLC,Industrial / Manufacturing,2021,,0.4009366641042676,0.1787086951131393,18.819140464867548,0.0,2022,No Pressure
0001156174,LAKE AREA CORN PROCESSORS LLC,Industrial / Manufacturing,2022,,0.2341579197650747,0.0775011713512109,18.867969124334863,0.0,2023,No Pressure
0001156388,BIG 5 SPORTING GOODS CORP,Consumer / Retail,2021,0.6454566796604032,0.153229710605303,0.1170723519994491,20.44084059113821,1.0,2022,Pressure
0001156388,BIG 5 SPORTING GOODS CORP,Consumer / Retail,2022,0.6207863226640218,-0.0401245497627657,0.0336652141856965,20.379074082770728,1.0,2023,Pressure
0001157762,CHINA AUTOMOTIVE SYSTEMS INC,Industrial / Manufacturing,2021,0.5292147184142016,0.0394426601856683,0.0110804770348177,20.39025440622204,0.0,2022,No Pressure
0001157762,CHINA AUTOMOTIVE SYSTEMS INC,Industrial / Manufacturing,2022,0.5416615338096624,0.0672259614307792,0.0150146067139897,20.386886397419413,0.0,2023,No Pressure
0001158114,"APPLIED OPTOELECTRONICS, INC.",Technology / Software / Electronics,2021,0.4398394574648098,-0.0256216732422506,-0.2683147023373431,19.934618260692247,1.0,2022,Pressure
0001158114,"APPLIED OPTOELECTRONICS, INC.",Technology / Software / Electronics,2022,0.5476690270732346,-0.0343455076751995,-0.2647811218124209,19.827422134990577,1.0,2023,Pressure
0001158172,"COMSCORE, INC.",Technology / Software / Electronics,2021,0.380441434027558,0.0148551412715494,-0.0786484402459858,20.31300022634182,0.0,2022,No Pressure
0001158172,"COMSCORE, INC.",Technology / Software / Electronics,2022,0.4280830057907011,0.0601754089833375,-0.198906549280995,20.17954849799992,0.0,2023,No Pressure
0001158449,ADVANCE AUTO PARTS INC,Consumer / Retail,2021,0.7434609329723642,0.0912123123361261,0.0762609418867394,23.224227003944,0.0,2022,No Pressure
0001158449,ADVANCE AUTO PARTS INC,Consumer / Retail,2022,0.7771531379753284,0.0600926140256315,0.0640223037382733,23.209711468644013,0.0,2023,No Pressure
0001158895,LEMAITRE VASCULAR INC,Industrial / Manufacturing,2021,0.1320038797549197,0.1198830609080539,0.235876547686888,19.49500717404447,0.0,2022,No Pressure
0001158895,LEMAITRE VASCULAR INC,Industrial / Manufacturing,2022,0.1361618933508548,0.0817390072018449,0.1659686608805389,19.55361716488529,0.0,2023,No Pressure
0001159036,"HALOZYME THERAPEUTICS, INC.",Industrial / Manufacturing,2021,,0.2711265278256909,0.6223680945613679,20.822594297182924,0.0,2022,No Pressure
0001159036,"HALOZYME THERAPEUTICS, INC.",Industrial / Manufacturing,2022,,0.130387491576211,0.4052787691860218,21.33385226776584,0.0,2023,No Pressure
0001159167,IROBOT CORP,Technology / Software / Electronics,2021,0.3948788825670428,-0.0269919091815549,-0.0007028812379911,20.89252663970754,1.0,2022,Pressure
0001159167,IROBOT CORP,Technology / Software / Electronics,2022,0.4305823377537426,-0.107752413988746,-0.2031320375567335,20.54347268224824,1.0,2023,Pressure
0001160791,GOLD RESOURCE CORP,Energy / Capital-intensive,2021,0.4403555769783372,0.1612100369851966,0.1409230326847503,19.18968651094629,0.0,2022,No Pressure
0001160791,GOLD RESOURCE CORP,Energy / Capital-intensive,2022,0.4525961081642349,0.0693389364797155,0.016132752804129,19.134468440877463,,2023,Unknown
0001162194,FLUIDIGM CORP,Industrial / Manufacturing,2021,0.656282020536746,-0.1600972334256251,-0.5166065507233059,19.43305953845608,,2022,Unknown
0001162461,CUTERA INC,Industrial / Manufacturing,2021,0.7981790483529735,0.0044061036130049,0.0079128291607212,19.45134604614792,1.0,2022,Pressure
0001162461,CUTERA INC,Industrial / Manufacturing,2022,1.029138866922079,-0.1285922132563514,-0.1513080479716639,20.07123756874226,1.0,2023,Pressure
0001163165,CONOCOPHILLIPS,Industrial / Manufacturing,2021,0.4991672273634749,0.1874675990778835,,25.23039311263212,,2022,Unknown
0001163165,CONOCOPHILLIPS,Industrial / Manufacturing,2022,0.4883991090174679,0.3017617154611047,,25.26473981363003,,2023,Unknown
0001163302,UNITED STATES STEEL CORP,Industrial / Manufacturing,2021,0.4890547822182308,0.2295689268073641,0.2439457459926017,23.60336276695761,0.0,2022,No Pressure
0001163302,UNITED STATES STEEL CORP,Industrial / Manufacturing,2022,0.4700894233734197,0.1801315654229622,0.1500118680275338,23.69152413355104,0.0,2023,No Pressure
0001163609,SOUTH DAKOTA SOYBEAN PROCESSORS LLC,Industrial / Manufacturing,2021,,0.0734500092367638,0.0489436778981907,19.31793594016031,0.0,2022,No Pressure
0001163609,SOUTH DAKOTA SOYBEAN PROCESSORS LLC,Industrial / Manufacturing,2022,,0.0881494174891339,0.0938921449214786,19.55593597425067,0.0,2023,No Pressure
0001163739,NABORS INDUSTRIES LTD,Energy / Capital-intensive,2021,0.7476689318567972,0.0776014032740648,,22.43261496471401,,2022,Unknown
0001163739,NABORS INDUSTRIES LTD,Energy / Capital-intensive,2022,0.7430375229341117,0.1059417478848184,,22.27716017237768,,2023,Unknown
0001164727,NEWMONT CORP /DE/,Energy / Capital-intensive,2021,0.461073858593827,0.1054876244946257,,24.42614681072081,,2022,Unknown
0001164727,NEWMONT CORP /DE/,Energy / Capital-intensive,2022,0.4924120367964243,0.0836754846421703,,24.373456436471223,,2023,Unknown
0001164863,"ENPRO INDUSTRIES, INC",Industrial / Manufacturing,2021,0.5566368105596337,0.0478146676543875,0.082588894727623,21.81176044776296,0.0,2022,No Pressure
0001164863,"ENPRO INDUSTRIES, INC",Industrial / Manufacturing,2022,0.4663494221617947,0.0400710023415665,0.0656841339155749,21.696994943845503,0.0,2023,No Pressure
0001166388,VERINT SYSTEMS INC,Technology / Software / Electronics,2021,0.4109114164766073,0.0531950082694331,0.0535649147121413,21.582395567165506,0.0,2022,No Pressure
0001166388,VERINT SYSTEMS INC,Technology / Software / Electronics,2022,0.4404955737830334,0.060432200712223,0.0635703162666459,21.562071022587684,0.0,2023,No Pressure
0001169445,COMPUTER PROGRAMS & SYSTEMS INC,Technology / Software / Electronics,2021,0.4194026346680579,0.1245441502543367,0.0880415067580328,19.76445897057776,0.0,2022,No Pressure
0001169445,COMPUTER PROGRAMS & SYSTEMS INC,Technology / Software / Electronics,2022,0.4623413146836271,0.0751224583084858,0.0697478631432,19.881532799835604,0.0,2023,No Pressure
0001169561,COMMVAULT SYSTEMS INC,Technology / Software / Electronics,2021,,0.2171110675423978,0.0540105068796282,20.52002294856391,0.0,2022,No Pressure
0001169561,COMMVAULT SYSTEMS INC,Technology / Software / Electronics,2022,,0.2175998691497545,-0.0202462432608113,20.478099045875176,0.0,2023,No Pressure
0001169652,CHANNELADVISOR CORP,Technology / Software / Electronics,2021,0.2157501708532662,0.1427333188872035,0.1128487023710867,19.296032812000668,,2022,Unknown
0001170010,CARMAX INC,Consumer / Retail,2021,0.801223079850669,-0.0967964327489465,,23.994288623762305,,2022,Unknown
0001170010,CARMAX INC,Consumer / Retail,2022,0.7856191576006419,0.0490144345495444,,23.988366099263303,,2023,Unknown
0001171486,NATURAL RESOURCE PARTNERS LP,Energy / Capital-intensive,2021,0.5387697717501045,0.1277008417704333,0.6837806948949421,20.675988678656108,,2022,Unknown
0001171759,RED ROBIN GOURMET BURGERS INC,Consumer / Retail,2021,0.917142986314287,0.0509064605090646,-0.0315787752629341,20.64961714499969,0.0,2022,No Pressure
0001171759,RED ROBIN GOURMET BURGERS INC,Consumer / Retail,2022,0.9935407891653498,0.0426992891863797,-0.0445391148231864,20.539517263648555,0.0,2023,No Pressure
0001173489,CEVA INC,Technology / Software / Electronics,2021,,0.078512987625472,0.028588659071276,19.61053130009739,0.0,2022,No Pressure
0001173489,CEVA INC,Technology / Software / Electronics,2022,,0.0224483047055848,-0.0401714098984017,19.5470443803934,,2023,Unknown
0001173514,"HYSTER-YALE MATERIALS HANDLING, INC.",Technology / Software / Electronics,2021,0.8056443835338307,-0.1286736713872392,-0.0495171830802744,21.4013501403369,0.0,2022,No Pressure
0001173514,"HYSTER-YALE MATERIALS HANDLING, INC.",Technology / Software / Electronics,2022,0.8889053400454052,0.0200375086368571,-0.0110193613843248,21.429427955077387,0.0,2023,No Pressure
0001175454,FLEETCOR TECHNOLOGIES INC,Technology / Software / Electronics,2021,,0.0893020505640839,0.4384868597498144,23.318867722510408,0.0,2022,No Pressure
0001175454,FLEETCOR TECHNOLOGIES INC,Technology / Software / Electronics,2022,,0.0535725084213081,0.4221145454402212,23.36867864203139,0.0,2023,No Pressure
0001175483,DRIVE SHACK INC.,Consumer / Retail,2021,0.9381615195012324,0.0005261086600799,-0.0731700394516504,19.99509233653408,,2022,Unknown
0001176334,MARTIN MIDSTREAM PARTNERS L.P.,Consumer / Retail,2021,1.0828422673709734,0.0616164908486689,0.0649115908212653,20.178298979334983,0.0,2022,No Pressure
0001176334,MARTIN MIDSTREAM PARTNERS L.P.,Consumer / Retail,2022,1.0992650926524294,0.0269649712532833,0.0503131876436629,20.210523378893505,0.0,2023,No Pressure
0001177394,TD SYNNEX CORP,Consumer / Retail,2021,0.714238906571803,0.0292697129150976,0.0197132494610248,24.043483794611586,0.0,2022,No Pressure
0001177394,TD SYNNEX CORP,Consumer / Retail,2022,0.7300899125640622,-0.0016682586714373,0.0168560920482723,24.11555694190813,0.0,2023,No Pressure
0001177609,"FIVE BELOW, INC",Consumer / Retail,2021,0.6110746200259681,0.1138401505315123,0.1333682540863951,21.78121584090941,0.0,2022,No Pressure
0001177609,"FIVE BELOW, INC",Consumer / Retail,2022,0.5903863291378325,0.0947171217515295,0.112161396063073,21.924708744079457,0.0,2023,No Pressure
0001178670,"ALNYLAM PHARMACEUTICALS, INC.",Industrial / Manufacturing,2021,0.8385523140533977,-0.1761294143996767,-0.8393496524286173,22.01615679947368,1.0,2022,Pressure
0001178670,"ALNYLAM PHARMACEUTICALS, INC.",Industrial / Manufacturing,2022,1.0446156184413369,-0.1526280898239574,-0.7567557146685329,21.98918728059064,0.0,2023,No Pressure
0001178879,"AMICUS THERAPEUTICS, INC.",Industrial / Manufacturing,2021,0.6604182778354729,-0.2237123538900059,-0.6756940762125467,20.623600186937384,1.0,2022,Pressure
0001178879,"AMICUS THERAPEUTICS, INC.",Industrial / Manufacturing,2022,0.8300847732636256,-0.230022909080364,-0.6442853541412921,20.4005325881157,1.0,2023,Pressure
0001180145,CARDIOVASCULAR SYSTEMS INC,Industrial / Manufacturing,2021,0.2314708977300768,-0.0025073248488939,-0.0460781625883779,19.680751235913736,1.0,2022,Pressure
0001180145,CARDIOVASCULAR SYSTEMS INC,Industrial / Manufacturing,2022,0.2268429420132206,-0.0752207315674808,-0.1515777531305297,19.59216238395242,,2023,Unknown
0001180262,HERBALIFE NUTRITION LTD.,Consumer / Retail,2021,1.49347471451876,0.1632385275551457,0.1265078927414351,21.75993179775017,0.0,2022,No Pressure
0001180262,HERBALIFE NUTRITION LTD.,Consumer / Retail,2022,1.4633601756954613,0.12902635431918,0.1047575128737222,21.728299779020983,0.0,2023,No Pressure
0001181749,"GRANITE FALLS ENERGY, LLC",Industrial / Manufacturing,2021,,0.136881882441017,0.0602071261473784,18.79318809624869,,2022,Unknown
0001185348,PRA GROUP INC,Technology / Software / Electronics,2021,0.696572774350855,0.0194503604128308,0.3422333198263809,22.19716875110665,0.0,2022,No Pressure
0001185348,PRA GROUP INC,Technology / Software / Electronics,2022,0.6918461546567093,0.0051709017514298,0.2957008827509715,22.15254161958489,,2023,Unknown
0001192448,GLAUKOS CORP,Industrial / Manufacturing,2021,0.4406476910501877,0.0235381986056942,-0.1118053406165075,20.77176834165059,1.0,2022,Pressure
0001192448,GLAUKOS CORP,Industrial / Manufacturing,2022,0.4712549993365809,-0.0330043506324428,-0.2910005585762669,20.72564600310226,1.0,2023,Pressure
0001193311,ONCOR ELECTRIC DELIVERY CO LLC,Energy / Capital-intensive,2021,0.5890706101263343,0.0541246368295628,0.2523089840470193,24.145343696220568,0.0,2022,No Pressure
0001193311,ONCOR ELECTRIC DELIVERY CO LLC,Energy / Capital-intensive,2022,0.5925298141533991,0.056510684666142,0.259393477016975,24.22092425110963,0.0,2023,No Pressure
0001195734,POTBELLY CORP,Consumer / Retail,2021,1.009544418864542,-0.0192428436602866,-0.0591708503046951,19.349836371049147,0.0,2022,No Pressure
0001195734,POTBELLY CORP,Consumer / Retail,2022,0.9825713481610794,0.0508869319780887,-0.0084164319550061,19.317466488311226,0.0,2023,No Pressure
0001206264,"TEMPUR SEALY INTERNATIONAL, INC.",Industrial / Manufacturing,2021,0.9317666651246704,0.1672526252486469,0.1850206862983694,22.187307966919526,0.0,2022,No Pressure
0001206264,"TEMPUR SEALY INTERNATIONAL, INC.",Industrial / Manufacturing,2022,1.0028212303316666,0.086884719482545,0.1382996017231569,22.19569202192496,0.0,2023,No Pressure
0001206942,GOLDEN GRAIN ENERGY,Industrial / Manufacturing,2021,,0.0883893983727893,0.0382751462454524,18.917791981970463,,2022,Unknown
0001210677,FIRST ADVANTAGE CORP,Technology / Software / Electronics,2021,0.3998466008085526,0.0788076419724358,0.08960192055258,21.358032033632128,0.0,2022,No Pressure
0001210677,FIRST ADVANTAGE CORP,Technology / Software / Electronics,2022,0.4025861360412551,0.112825951506635,0.1163892877115835,21.357631228411417,0.0,2023,No Pressure
0001210708,"HUDSON GLOBAL, INC.",Technology / Software / Electronics,2021,0.3580222722967898,0.0409359589823977,0.0259681928052621,17.930343802942353,0.0,2022,No Pressure
0001210708,"HUDSON GLOBAL, INC.",Technology / Software / Electronics,2022,0.3260133643401725,0.1390892231609314,0.0464719262182891,18.034164972721047,0.0,2023,No Pressure
0001219601,CROWN HOLDINGS INC,Industrial / Manufacturing,2021,,0.065305238851205,0.119624363700193,23.35212852022376,0.0,2022,No Pressure
0001219601,CROWN HOLDINGS INC,Industrial / Manufacturing,2022,,0.0561499195860429,0.1032218187437224,23.38359530190713,0.0,2023,No Pressure
0001223389,CONNS INC,Consumer / Retail,2021,0.6495691566550734,0.1005445531574849,0.1060941579126444,21.285430374629367,1.0,2022,Pressure
0001223389,CONNS INC,Consumer / Retail,2022,0.7072569578986316,0.0352216942515943,-0.0219526311202679,21.26338712212184,1.0,2023,Pressure
0001227025,NEOPHOTONICS CORP,Technology / Software / Electronics,2021,0.4994191126659619,-0.0673731129343155,-0.1303184068290565,19.53767962840533,,2022,Unknown
0001227654,COMPASS MINERALS INTERNATIONAL INC,Energy / Capital-intensive,2022,,0.0733191359902646,0.0344827586206896,21.220093951677004,0.0,2023,No Pressure
0001232524,JAZZ PHARMACEUTICALS PLC,Industrial / Manufacturing,2021,,0.0633002562316041,0.0550306731414972,23.23275444287738,0.0,2022,No Pressure
0001232524,JAZZ PHARMACEUTICALS PLC,Industrial / Manufacturing,2022,,0.1173924379260109,-0.0179068878994057,23.10607100659088,0.0,2023,No Pressure
0001235468,LIQUIDITY SERVICES INC,Technology / Software / Electronics,2021,0.4717226969668514,0.255959088490312,0.1054940958564211,19.3590303832582,0.0,2022,No Pressure
0001235468,LIQUIDITY SERVICES INC,Technology / Software / Electronics,2022,0.4636103629244995,0.1556139449643184,0.1692733440457061,19.478832087497373,0.0,2023,No Pressure
0001237831,GLOBUS MEDICAL INC,Industrial / Manufacturing,2021,0.1102943242681234,0.1411532328562896,0.1794725405019507,21.39481290621331,0.0,2022,No Pressure
0001237831,GLOBUS MEDICAL INC,Industrial / Manufacturing,2022,0.1106642853083098,0.0859620273528677,0.2228602043519875,21.45376949453156,0.0,2023,No Pressure
0001254699,QVC INC,Consumer / Retail,2021,0.520323696565357,0.0722139856683963,0.1327285538136339,23.507536064021803,1.0,2022,Pressure
0001254699,QVC INC,Consumer / Retail,2022,0.6314092228313447,0.032973234440503,-0.1414989379993931,23.24128483826524,0.0,2023,No Pressure
0001255474,WHITING PETROLEUM CORP,Energy / Capital-intensive,2021,0.3231604141857521,0.3011650855943474,0.2879813965741994,21.62258577650016,,2022,Unknown
0001257640,KRONOS WORLDWIDE INC,Industrial / Manufacturing,2021,,0.1025934022257551,0.0964731360214499,21.42279262496721,0.0,2022,No Pressure
0001257640,KRONOS WORLDWIDE INC,Industrial / Manufacturing,2022,,0.0422353184449958,0.0826857320484923,21.38306303834176,1.0,2023,Pressure
0001260221,TRANSDIGM GROUP INC,Industrial / Manufacturing,2021,1.1506601087237898,0.0472689619466735,0.3524385160483534,23.68414783311643,0.0,2022,No Pressure
0001260221,TRANSDIGM GROUP INC,Industrial / Manufacturing,2022,1.207985861821395,0.0523554426464903,0.4079941057284951,23.619564440840144,0.0,2023,No Pressure
0001261333,"DOCUSIGN, INC.",Technology / Software / Electronics,2021,0.8915882444373177,0.199297200410032,-0.0293677003701097,21.6559278258899,0.0,2022,No Pressure
0001261333,"DOCUSIGN, INC.",Technology / Software / Electronics,2022,0.7951064154650946,0.1682064712286571,-0.0349896558508534,21.826109162474264,0.0,2023,No Pressure
0001262039,"FORTINET, INC.",Technology / Software / Electronics,2021,0.8651146289131794,0.2533662212160632,0.1946023577284423,22.501450247426963,0.0,2022,No Pressure
0001262039,"FORTINET, INC.",Technology / Software / Electronics,2022,1.0452151573538857,0.2778741168914579,0.2194956309141123,22.552321091078728,0.0,2023,No Pressure
0001262823,WESTLAKE CORP,Industrial / Manufacturing,2021,0.5380031420987053,0.1296928327645051,0.2377313635591781,23.63881789342705,0.0,2022,No Pressure
0001262823,WESTLAKE CORP,Industrial / Manufacturing,2022,0.4907542579075425,0.1652068126520681,0.1931113080916804,23.74612677793732,0.0,2023,No Pressure
0001262976,CIMPRESS PLC,Industrial / Manufacturing,2021,1.17331104083486,0.1215217608446834,0.0476410340083154,21.503735929755504,0.0,2022,No Pressure
0001262976,CIMPRESS PLC,Industrial / Manufacturing,2022,1.1676632811606185,0.1012773150181392,0.0163799477412551,21.496919618026507,0.0,2023,No Pressure
0001267565,"COLLEGIUM PHARMACEUTICAL, INC",Industrial / Manufacturing,2021,0.7067840717145636,0.1496321941055692,0.0636693297889246,20.35520778051293,0.0,2022,No Pressure
0001267565,"COLLEGIUM PHARMACEUTICAL, INC",Industrial / Manufacturing,2022,0.8340542920679209,0.1058059109247605,0.0718185600075873,20.88379413730603,0.0,2023,No Pressure
0001270073,"INTERCEPT PHARMACEUTICALS, INC.",Industrial / Manufacturing,2021,1.3490587697311125,-0.079007937035006,-0.1531716684825074,20.082754750714503,1.0,2022,Pressure
0001270073,"INTERCEPT PHARMACEUTICALS, INC.",Industrial / Manufacturing,2022,0.8319032852878125,-0.0483645800787775,-0.2387595813937209,20.13215344975548,,2023,Unknown
0001271214,"INTERSECT ENT, INC.",Industrial / Manufacturing,2021,1.470282636671274,-0.4049037564599263,-1.321251920410687,18.80503798010304,,2022,Unknown
0001273441,GRAN TIERRA ENERGY INC.,Energy / Capital-intensive,2021,,0.2058966740699564,,20.896471806899783,,2022,Unknown
0001273441,GRAN TIERRA ENERGY INC.,Energy / Capital-intensive,2022,,0.3202364462679974,,21.012653954026103,,2023,Unknown
0001273931,MONEYGRAM INTERNATIONAL INC,Technology / Software / Electronics,2021,1.041326929520831,0.0082877247849882,0.0574166406980367,22.22210732826188,0.0,2022,No Pressure
0001273931,MONEYGRAM INTERNATIONAL INC,Technology / Software / Electronics,2022,1.0323626032140638,0.0190224629317233,0.0711396076635371,22.22849812235978,,2023,Unknown
0001274494,"FIRST SOLAR, INC.",Technology / Software / Electronics,2021,0.1961484787852187,0.0320430454455817,0.2007100007970234,22.72660168171393,1.0,2022,Pressure
0001274494,"FIRST SOLAR, INC.",Technology / Software / Electronics,2022,0.2927046737770426,0.1058471539024251,-0.0103981225654454,22.83362787482221,0.0,2023,No Pressure
0001275014,"ULTRA CLEAN HOLDINGS, INC.",Technology / Software / Electronics,2021,0.5592475560383134,0.1044731904808926,0.0883612485725161,21.42903304935619,0.0,2022,No Pressure
0001275014,"ULTRA CLEAN HOLDINGS, INC.",Technology / Software / Electronics,2022,0.5221581926666327,0.0240705798357896,0.0507096828538937,21.39666938897972,0.0,2023,No Pressure
0001275158,NOODLES & CO,Consumer / Retail,2021,0.8897876465402874,0.1059131550200756,0.0122423982220426,19.64873817413097,0.0,2022,No Pressure
0001275158,NOODLES & CO,Consumer / Retail,2022,0.8884258222502712,0.0277946620986903,-0.0016330376069718,19.655695718717084,0.0,2023,No Pressure
0001275187,ANGIODYNAMICS INC,Industrial / Manufacturing,2021,0.2172653080126389,0.0429130197813471,-0.1212432562454898,20.14601190930552,1.0,2022,Pressure
0001275187,ANGIODYNAMICS INC,Industrial / Manufacturing,2022,0.232042999469924,-0.0130149018274051,-0.090035703104494,20.130418188645464,0.0,2023,No Pressure
0001276187,ENERGY TRANSFER LP,Energy / Capital-intensive,2021,,0.1053386559459434,0.1304122105700342,25.386355813529704,0.0,2022,No Pressure
0001276187,ENERGY TRANSFER LP,Energy / Capital-intensive,2022,,0.0856753405336842,0.0860963994837331,25.38333132231555,0.0,2023,No Pressure
0001278027,"B&G FOODS, INC.",Industrial / Manufacturing,2021,0.7596334900073004,0.0245205423992665,0.0953569191504592,22.065750672660204,0.0,2022,No Pressure
0001278027,"B&G FOODS, INC.",Industrial / Manufacturing,2022,0.774009796416033,0.001552214189419,0.0455977808599167,22.06915712646267,0.0,2023,No Pressure
0001280058,BLACKBAUD INC,Technology / Software / Electronics,2021,0.7586970326256715,0.0719005847658025,0.0268458835449587,21.81237208638588,0.0,2022,No Pressure
0001280058,BLACKBAUD INC,Technology / Software / Electronics,2022,0.7513846178521557,0.0681300483208657,-0.0269207687327817,21.819442829687084,0.0,2023,No Pressure
0001280263,AMBARELLA INC,Technology / Software / Electronics,2021,0.1678501091180071,0.0589997642746884,-0.0893248879031869,20.304023762259657,0.0,2022,No Pressure
0001280263,AMBARELLA INC,Technology / Software / Electronics,2022,0.1465893170185653,0.0620857651771696,-0.219948697594237,20.3810501395862,1.0,2023,Pressure
0001280452,MONOLITHIC POWER SYSTEMS INC,Technology / Software / Electronics,2021,0.2155597244336544,0.2017940188860687,0.2172689472908549,21.1843706142225,0.0,2022,No Pressure
0001280452,MONOLITHIC POWER SYSTEMS INC,Technology / Software / Electronics,2022,0.189560368840416,0.1198095085446734,0.2936129014997647,21.44543041156245,0.0,2023,No Pressure
0001282637,NEWMARKET CORP,Industrial / Manufacturing,2021,0.7021113680389113,0.0646238561371087,0.1094100020796991,21.66266197163039,0.0,2022,No Pressure
0001282637,NEWMARKET CORP,Industrial / Manufacturing,2022,0.6832303065707502,0.0451301261665817,0.1284502056026496,21.60157138050803,0.0,2023,No Pressure
0001282648,BATTALION OIL CORP,Energy / Capital-intensive,2021,,0.1757053504395708,0.3624550761732789,19.78234168079272,0.0,2022,No Pressure
0001282648,BATTALION OIL CORP,Energy / Capital-intensive,2022,,0.1623564461696315,0.4237016242229797,20.00039732299745,0.0,2023,No Pressure
0001285785,MOSAIC CO,Industrial / Manufacturing,2021,,0.0992448857345119,0.199758848948808,23.815961468552235,0.0,2022,No Pressure
0001285785,MOSAIC CO,Industrial / Manufacturing,2022,,0.1682972718720602,0.2502091481396273,23.87540338970729,0.0,2023,No Pressure
0001286139,"LEGALZOOM.COM, INC.",Technology / Software / Electronics,2021,0.541660963075531,0.1256383188520121,-0.1479376782360715,19.881653452566745,0.0,2022,No Pressure
0001286139,"LEGALZOOM.COM, INC.",Technology / Software / Electronics,2022,0.6487993191825256,0.1821359414891649,-0.0673232480454983,19.820372460875067,0.0,2023,No Pressure
0001286681,DOMINOS PIZZA INC,Consumer / Retail,2021,3.517942165884284,0.391314594429052,0.1791005727533539,21.23717629830448,0.0,2022,No Pressure
0001286681,DOMINOS PIZZA INC,Consumer / Retail,2022,3.6145363217683455,0.2966613220023954,0.1692524262985772,21.194656629261434,0.0,2023,No Pressure
0001287213,"DOUGLAS DYNAMICS, INC",Technology / Software / Electronics,2021,,0.1057424241365576,0.0944403300009419,20.16548137286336,0.0,2022,No Pressure
0001287213,"DOUGLAS DYNAMICS, INC",Technology / Software / Electronics,2022,,0.0670641708452632,0.0953677191478862,20.207245076798056,0.0,2023,No Pressure
0001288403,W&T OFFSHORE INC,Energy / Capital-intensive,2021,,0.1120241500427,0.3398899661296392,20.899910478003008,0.0,2022,No Pressure
0001288403,W&T OFFSHORE INC,Energy / Capital-intensive,2022,,0.2371367309451805,0.4930287503650934,21.082191247384724,0.0,2023,No Pressure
0001288469,MAXLINEAR INC,Technology / Software / Electronics,2021,0.5342674678974546,0.1601633307438041,0.0731119971133956,20.772421649496422,0.0,2022,No Pressure
0001288469,"MAXLINEAR, INC",Technology / Software / Electronics,2022,0.4268045168534565,0.3294218342831719,0.1608950486140618,20.88880146248768,1.0,2023,Pressure
0001288847,"FIVE9, INC.",Technology / Software / Electronics,2021,0.8230157040325514,0.0238779420960952,-0.0922749843747693,20.89968836278651,0.0,2022,No Pressure
0001288847,"FIVE9, INC.",Technology / Software / Electronics,2022,0.7509290991856069,0.0714070478953141,-0.1124509851755032,20.94198762746948,0.0,2023,No Pressure
0001289308,ENERSYS,Technology / Software / Electronics,2021,0.6003702250627969,-0.0175518365935654,0.0614332448003898,22.0414542548386,0.0,2022,No Pressure
0001289308,ENERSYS,Technology / Software / Electronics,2022,0.5565314982771463,0.0774020550373077,0.0750586680235206,22.00882065618898,0.0,2023,No Pressure
0001289460,"TEXAS ROADHOUSE, INC.",Consumer / Retail,2021,0.5726494773785487,0.1866381204736396,0.0857957947381396,21.64432597748764,0.0,2022,No Pressure
0001289460,"TEXAS ROADHOUSE, INC.",Consumer / Retail,2022,0.5931123090354421,0.2026100056816719,0.0797517957398393,21.64977023173148,0.0,2023,No Pressure
0001290677,"TURNING POINT BRANDS, INC.",Industrial / Manufacturing,2021,0.7777179333732296,0.1134001595850787,0.2027539390891887,20.21503684069004,0.0,2022,No Pressure
0001290677,"TURNING POINT BRANDS, INC.",Industrial / Manufacturing,2022,0.8018199424582158,0.0529150192446854,0.1819557459645842,20.16483484860867,0.0,2023,No Pressure
0001290900,"COMMERCIAL VEHICLE GROUP, INC.",Industrial / Manufacturing,2021,0.7505323098801835,-0.0587599198728365,0.0510314148735356,20.045387494122384,0.0,2022,No Pressure
0001290900,"COMMERCIAL VEHICLE GROUP, INC.",Industrial / Manufacturing,2022,0.7447412964522357,0.146612144564376,0.020522580033885,19.968813305051256,0.0,2023,No Pressure
0001293282,TECHTARGET INC,Technology / Software / Electronics,2021,0.7176717363751585,0.1035475285171102,0.1304118408515452,20.48627688007757,,2022,Unknown
0001294133,INOGEN INC,Industrial / Manufacturing,2021,0.2436830073971477,0.0482785952569186,0.0258098395823498,20.008921579336988,1.0,2022,Pressure
0001294133,INOGEN INC,Industrial / Manufacturing,2022,0.2657385301734886,-0.092662224318032,-0.225964303986046,19.819498856983728,1.0,2023,Pressure
0001295947,PRESTIGE CONSUMER HEALTHCARE INC.,Industrial / Manufacturing,2021,0.570212993174836,0.0708102937847227,0.3035658421143675,22.02364304065456,0.0,2022,No Pressure
0001295947,PRESTIGE CONSUMER HEALTHCARE INC.,Industrial / Manufacturing,2022,0.5685149277118098,0.0684956953886256,-0.0198762996297856,21.93333869833527,0.0,2023,No Pressure
0001296435,NEENAH INC,Industrial / Manufacturing,2021,0.7078672460016641,0.0491818433946565,-0.0114730189596499,20.80179971552499,,2022,Unknown
0001296445,"ORMAT TECHNOLOGIES, INC.",Energy / Capital-intensive,2021,0.5463316581097857,0.0584818868431006,0.2554080629301868,22.210689324234203,0.0,2022,No Pressure
0001296445,"ORMAT TECHNOLOGIES, INC.",Energy / Capital-intensive,2022,0.5596811851211917,0.0609279381313862,0.2081333879990574,22.251836151795487,0.0,2023,No Pressure
0001297184,"AMPHASTAR PHARMACEUTICALS, INC.",Industrial / Manufacturing,2021,0.3365558300535047,0.1459266837321992,0.1596439209809762,20.325067761379188,0.0,2022,No Pressure
0001297184,"AMPHASTAR PHARMACEUTICALS, INC.",Industrial / Manufacturing,2022,0.2875104280802763,0.120192132746261,0.2154304621162475,20.42484228211028,0.0,2023,No Pressure
0001297989,"EXLSERVICE HOLDINGS, INC.",Technology / Software / Electronics,2021,0.4596976858751707,0.143726264786765,0.1388951013683592,20.972392095930115,0.0,2022,No Pressure
0001297989,"EXLSERVICE HOLDINGS, INC.",Technology / Software / Electronics,2022,0.4367667345903296,0.1234222234438411,0.1360878272915008,21.02049147510789,0.0,2023,No Pressure
0001299130,"PACIFIC BIOSCIENCES OF CALIFORNIA, INC.",Industrial / Manufacturing,2021,0.6058800081715222,-0.0553969416583207,-1.6123681165860873,21.41989195946405,1.0,2022,Pressure
0001299130,"PACIFIC BIOSCIENCES OF CALIFORNIA, INC.",Industrial / Manufacturing,2022,0.6814507047195213,-0.1489520034678561,-2.394282329467514,21.29259769972778,1.0,2023,Pressure
0001300699,"ATHENEX, INC.",Industrial / Manufacturing,2021,0.8711824354640902,-0.5170014357931262,-1.5343024271723484,19.40443571661934,1.0,2022,Pressure
0001300699,"ATHENEX, INC.",Industrial / Manufacturing,2022,1.118502364558575,-0.3153463526990272,-0.6809309382324622,19.1339001282146,,2023,Unknown
0001301787,BLUELINX HOLDINGS INC.,Consumer / Retail,2021,0.724279557388721,0.1100782266401711,0.1024219707480025,20.998966923918296,0.0,2022,No Pressure
0001301787,BLUELINX HOLDINGS INC.,Consumer / Retail,2022,0.6040185444437136,0.268648132066076,0.0986664910945855,21.12207014509709,0.0,2023,No Pressure
0001302028,"MANITEX INTERNATIONAL, INC.",Technology / Software / Electronics,2021,0.6505910165484634,0.0414740648032262,-0.0209039467899536,19.00721663251534,0.0,2022,No Pressure
0001302028,"MANITEX INTERNATIONAL, INC.",Technology / Software / Electronics,2022,0.7127635744263597,-0.0214198467475053,0.0159829690272919,19.281894193282728,0.0,2023,No Pressure
0001304280,NOVELIS INC.,Industrial / Manufacturing,2021,0.8337970323264441,0.0757154213036565,,23.437695645078904,,2022,Unknown
0001304280,NOVELIS INC.,Industrial / Manufacturing,2022,0.7595377332219437,0.0840991367307156,,23.387990913379863,,2023,Unknown
0001305168,"ARC DOCUMENT SOLUTIONS, INC.",Technology / Software / Electronics,2021,0.5092824360569014,0.1104170074598995,0.055578822077235,19.59625099041852,0.0,2022,No Pressure
0001305168,"ARC DOCUMENT SOLUTIONS, INC.",Technology / Software / Electronics,2022,0.4914338707840489,0.1211362933797569,0.0641795741407643,19.543383841399024,0.0,2023,No Pressure
0001306830,CELANESE CORP,Industrial / Manufacturing,2021,,0.1467223382045929,0.2279489281949162,23.20608698032689,0.0,2022,No Pressure
0001306830,CELANESE CORP,Industrial / Manufacturing,2022,,0.0692372107186358,0.1424583893311279,23.99176957025449,0.0,2023,No Pressure
0001307954,HUNTSMAN CORP,Industrial / Manufacturing,2021,0.5145868824531517,0.1013628620102214,0.0940494498994439,22.963124100138625,0.0,2022,No Pressure
0001307954,HUNTSMAN CORP,Industrial / Manufacturing,2022,0.5328467153284672,0.1111922141119221,0.083759192322074,22.829836046136155,0.0,2023,No Pressure
0001309108,WEX INC.,Technology / Software / Electronics,2021,0.7969424734748654,0.0145920743025885,0.1848107203186958,23.05607242527087,0.0,2022,No Pressure
0001309108,WEX INC.,Technology / Software / Electronics,2022,0.8569277269104465,0.0589306535588806,0.1998893006669613,23.168151300040986,0.0,2023,No Pressure
0001309402,GREEN PLAINS INC.,Industrial / Manufacturing,2021,0.4897481427291521,0.0019659637319973,0.0090224563945262,21.49326062674637,0.0,2022,No Pressure
0001309402,GREEN PLAINS INC.,Industrial / Manufacturing,2022,0.5002352657466732,0.0328331129826656,-0.0270139446097832,21.47615772336909,1.0,2023,Pressure
0001310114,"SERVICESOURCE INTERNATIONAL, INC.",Technology / Software / Electronics,2021,0.4938843923653056,0.0272182290408311,-0.0646844213710501,18.70170068108073,,2022,Unknown
0001313275,BRIGHTCOVE INC,Technology / Software / Electronics,2021,0.5553153352920525,0.0903736349021564,0.035879920224735,19.192953293097435,0.0,2022,No Pressure
0001313275,BRIGHTCOVE INC,Technology / Software / Electronics,2022,0.5507411780714885,0.1115871350625293,-0.038064907491659,19.24403567934179,0.0,2023,No Pressure
0001314727,SONOS INC,Technology / Software / Electronics,2021,0.5003161211235647,0.2223613545438899,0.0902662249001598,20.853244426709367,0.0,2022,No Pressure
0001314727,SONOS INC,Technology / Software / Electronics,2022,0.5283417537033359,-0.0237801122192415,0.0510929410797929,20.895863604732988,0.0,2023,No Pressure
0001314772,"SUMMER INFANT, INC.",Industrial / Manufacturing,2021,0.971774635536556,-0.0919763235777704,-0.0160581909302892,18.328894359282963,,2022,Unknown
0001315098,ROBLOX CORP,Technology / Software / Electronics,2021,0.8699900188484136,0.1445225580165399,-0.2579735835233883,22.24071915390563,0.0,2022,No Pressure
0001315098,ROBLOX CORP,Technology / Software / Electronics,2022,0.9432544437369116,0.0687000080178781,-0.4151741172790568,22.405115011692978,0.0,2023,No Pressure
0001315257,KOPPERS HOLDINGS INC.,Industrial / Manufacturing,2021,0.7528130453095854,0.0619772549491545,0.0932324556177767,21.23122736369947,0.0,2022,No Pressure
0001315257,KOPPERS HOLDINGS INC.,Industrial / Manufacturing,2022,0.7645202757975926,0.0597756222975341,0.0695278969957081,21.260577586532545,0.0,2023,No Pressure
0001316517,"KANDI TECHNOLOGIES GROUP, INC.",Industrial / Manufacturing,2022,0.1765888920528421,0.0651761204587143,-0.2349436860767435,19.99549051736184,1.0,2023,Pressure
0001316835,"BUILDERS FIRSTSOURCE, INC.",Consumer / Retail,2021,0.5517708365319274,0.1627303699349554,0.1200081070256063,23.094849148173115,0.0,2022,No Pressure
0001316835,"BUILDERS FIRSTSOURCE, INC.",Consumer / Retail,2022,0.5316195319372242,0.3397052050181403,0.1658953029905548,23.083663130109983,0.0,2023,No Pressure
0001317630,ITC HOLDINGS CORP.,Energy / Capital-intensive,2021,0.7838357361293141,0.0685889034512887,0.5552260934025204,23.16081879043832,0.0,2022,No Pressure
0001317630,ITC HOLDINGS CORP.,Energy / Capital-intensive,2022,0.7797378616766961,0.0735306240211029,0.5600272851296043,23.21902999681763,0.0,2023,No Pressure
0001317945,"OMEGA FLEX, INC.",Industrial / Manufacturing,2021,0.3191137603329022,0.282843164820334,0.2696848728184538,18.303191426406595,0.0,2022,No Pressure
0001317945,"OMEGA FLEX, INC.",Industrial / Manufacturing,2022,0.271395520248966,0.1560746898161418,0.2471650449847394,18.397248347206336,0.0,2023,No Pressure
0001318008,ZUMIEZ INC,Consumer / Retail,2021,0.4567152197417205,0.1565523449789562,0.1333004467562657,20.57477975080484,1.0,2022,Pressure
0001318008,ZUMIEZ INC,Consumer / Retail,2022,0.4553732235329982,-0.0005067502069118,0.0324505937102193,20.43278384972237,0.0,2023,No Pressure
0001318220,"WASTE CONNECTIONS, INC.",Energy / Capital-intensive,2021,0.5242461797761675,0.1155263795921665,0.1690073139911639,23.41110816071774,0.0,2022,No Pressure
0001318220,"WASTE CONNECTIONS, INC.",Energy / Capital-intensive,2022,0.5848375360666366,0.1180355331255705,0.1722426908235449,23.564365823110503,0.0,2023,No Pressure
0001318484,CITI TRENDS INC,Consumer / Retail,2021,0.7549854965455408,0.1567828701017878,0.0801910054003902,19.97677062299413,0.0,2022,No Pressure
0001318484,CITI TRENDS INC,Consumer / Retail,2022,0.694181803482907,0.0105721918648876,0.0947219598219395,20.114933958935502,1.0,2023,Pressure
0001318605,"TESLA, INC.",Industrial / Manufacturing,2021,0.4916708245481321,0.1850445027442017,0.1211935417944001,24.852510896192666,0.0,2022,No Pressure
0001318605,"TESLA, INC.",Industrial / Manufacturing,2022,0.4425660084043819,0.1788238723311229,0.167636443986153,25.134098563474108,0.0,2023,No Pressure
0001319947,DESIGNER BRANDS INC.,Consumer / Retail,2021,0.7952997914261349,0.0850918826943256,0.0642001161865654,21.42370337862617,0.0,2022,No Pressure
0001319947,DESIGNER BRANDS INC.,Consumer / Retail,2022,0.7830154785635877,0.1002309891730667,0.0565206060876604,21.421210491702016,0.0,2023,No Pressure
0001320461,COOPER-STANDARD HOLDINGS INC.,Industrial / Manufacturing,2021,0.8511740212073426,-0.0518797948163322,-0.0897317001052703,21.523693539222325,1.0,2022,Pressure
0001320461,COOPER-STANDARD HOLDINGS INC.,Industrial / Manufacturing,2022,0.9484642192705074,-0.0184107288458688,-0.0415785120007159,21.398009201926737,0.0,2023,No Pressure
0001320695,"TREEHOUSE FOODS, INC.",Industrial / Manufacturing,2021,0.6455924716727482,0.0623967735740349,0.0049218966632775,22.37326971131922,1.0,2022,Pressure
0001320695,"TREEHOUSE FOODS, INC.",Industrial / Manufacturing,2022,0.603422741484285,-0.0354263146759444,-0.0062246670526925,22.171102046395976,0.0,2023,No Pressure
0001320854,"FREIGHTCAR AMERICA, INC.",Industrial / Manufacturing,2021,1.0082526013634732,-0.2760684527369134,-0.1121004678650578,19.117142430463595,0.0,2022,No Pressure
0001320854,"FREIGHTCAR AMERICA, INC.",Industrial / Manufacturing,2022,1.1431074707867306,0.05759044348096,-0.041189404365682,19.11251707071877,0.0,2023,No Pressure
0001321646,KRATON CORP,Industrial / Manufacturing,2021,0.6805539650298651,0.0645010487424131,0.1303615143982957,21.69956283516525,,2022,Unknown
0001321655,PALANTIR TECHNOLOGIES INC.,Technology / Software / Electronics,2021,0.2945141572618516,0.1028040462516743,-0.2665859864101761,21.90113591023962,0.0,2022,No Pressure
0001321655,PALANTIR TECHNOLOGIES INC.,Technology / Software / Electronics,2022,0.2365632653509335,0.0646407254743171,-0.0845812754378444,21.96489245469069,0.0,2023,No Pressure
0001321732,PENUMBRA INC,Industrial / Manufacturing,2021,0.2333317259393209,0.0076367289531846,-0.0100335745528966,20.94179877650664,0.0,2022,No Pressure
0001321732,PENUMBRA INC,Industrial / Manufacturing,2022,0.2713777805010774,-0.0406022090823015,0.0071795101831707,21.038723083814126,0.0,2023,No Pressure
0001323468,GLOBAL PARTNERS LP,Consumer / Retail,2021,0.8135866330644805,0.0177375744613966,0.0107348298952384,21.763954125023105,0.0,2022,No Pressure
0001323468,GLOBAL PARTNERS LP,Consumer / Retail,2022,0.7505622634167329,0.1518549393603373,0.0243823911215482,21.874117888942337,0.0,2023,No Pressure
0001323885,"ATRICURE, INC.",Industrial / Manufacturing,2021,0.2138037288400031,-0.0223951426268299,0.2012364715360023,20.23764001582736,1.0,2022,Pressure
0001323885,"ATRICURE, INC.",Industrial / Manufacturing,2022,0.2198214017299572,-0.0378189010808816,-0.1291516712623986,20.18788792578568,0.0,2023,No Pressure
0001324272,"RUTHS HOSPITALITY GROUP, INC.",Consumer / Retail,2021,0.747730787959976,0.1518548301332701,0.1158502340820697,20.099605541028826,0.0,2022,No Pressure
0001324272,"RUTHS HOSPITALITY GROUP, INC.",Consumer / Retail,2022,0.7463980866452283,0.1287854106698658,0.0928323758841414,20.072806431175703,,2023,Unknown
0001324404,"CF INDUSTRIES HOLDINGS, INC.",Industrial / Manufacturing,2021,,0.2321616161616161,0.2644539614561028,23.238944145481973,0.0,2022,No Pressure
0001324404,"CF INDUSTRIES HOLDINGS, INC.",Industrial / Manufacturing,2022,,0.2895665890482986,0.4824780976220275,23.312006838471305,0.0,2023,No Pressure
0001324948,RBC BEARINGS INC,Technology / Software / Electronics,2021,0.5104968261761578,0.0372089749963728,0.1379339234752692,22.30129914690333,0.0,2022,No Pressure
0001324948,RBC BEARINGS INC,Technology / Software / Electronics,2022,0.4593424867815112,0.0470322360566263,0.199414687266045,22.26878370382748,0.0,2023,No Pressure
0001325702,MAGNACHIP SEMICONDUCTOR CORP,Technology / Software / Electronics,2021,0.2242630051366049,0.1503339307192275,0.1758787929907428,20.18481890117524,1.0,2022,Pressure
0001325702,MAGNACHIP SEMICONDUCTOR CORP,Technology / Software / Electronics,2022,0.1712820215041275,0.0099971934306922,-0.0155305071995924,20.06286654478184,1.0,2023,Pressure
0001326380,GAMESTOP CORP.,Consumer / Retail,2021,0.5420512673963364,-0.1241105363929928,-0.0613073352521336,21.97582878572488,0.0,2022,No Pressure
0001326380,GAMESTOP CORP.,Consumer / Retail,2022,0.5752874670777928,0.0347530031476842,-0.0525711971926035,21.85898121388721,1.0,2023,Pressure
0001326732,XENCOR INC,Industrial / Manufacturing,2021,0.1249172344433561,-0.0201059160521634,0.1590885133636968,20.54678041792173,1.0,2022,Pressure
0001326732,XENCOR INC,Industrial / Manufacturing,2022,0.1403459432377054,0.0289329832464024,-0.5011149660649293,20.55634429013608,0.0,2023,No Pressure
0001326801,"META PLATFORMS, INC.",Technology / Software / Electronics,2021,0.247657949116497,0.347515166850416,0.3964504066005817,25.835175308989324,0.0,2022,No Pressure
0001326801,"META PLATFORMS, INC.",Technology / Software / Electronics,2022,0.3231301857026711,0.271769855756029,0.248214117263676,25.94754369054119,0.0,2023,No Pressure
0001327318,"TRUECAR, INC.",Technology / Software / Electronics,2021,0.1493125596512498,0.0366136146722728,-0.1444898100113078,19.77566502280965,1.0,2022,Pressure
0001327318,"TRUECAR, INC.",Technology / Software / Electronics,2022,0.2157223677776143,-0.1158404465524576,-0.7781815705406008,19.34306090158237,1.0,2023,Pressure
0001327567,PALO ALTO NETWORKS INC,Technology / Software / Electronics,2021,,0.1467544133729104,-0.0714503888536453,23.049723694449654,0.0,2022,No Pressure
0001327567,PALO ALTO NETWORKS INC,Technology / Software / Electronics,2022,0.9828621792779264,0.1619687275576157,-0.0343179132963737,23.229085608396225,0.0,2023,No Pressure
0001327688,OOMA INC,Technology / Software / Electronics,2021,0.5326810247773517,0.0609136591214886,-0.0100369233969525,18.50917686067025,0.0,2022,No Pressure
0001327688,OOMA INC,Technology / Software / Electronics,2022,0.51800312965154,0.0669669096599366,-0.0266324335576989,18.690746056009274,0.0,2023,No Pressure
0001327811,"WORKDAY, INC.",Technology / Software / Electronics,2021,0.5680259236910398,0.1572322916453342,-0.0226609413329731,23.07449870311563,0.0,2022,No Pressure
0001327811,"WORKDAY, INC.",Technology / Software / Electronics,2022,0.5858320163117394,0.1228804504265756,-0.0357475074077136,23.324935595108418,0.0,2023,No Pressure
0001328581,BOISE CASCADE CO,Consumer / Retail,2021,,0.2592605261521239,0.1226077959291763,21.66819844634908,0.0,2022,No Pressure
0001328581,BOISE CASCADE CO,Consumer / Retail,2022,,0.3213129151733336,0.1380477667027092,21.89899779645224,0.0,2023,No Pressure
0001333274,MERCER INTERNATIONAL INC.,Industrial / Manufacturing,2021,0.7048253851597801,0.0774972439980401,0.1921985520627975,21.578205283473128,0.0,2022,No Pressure
0001333274,MERCER INTERNATIONAL INC.,Industrial / Manufacturing,2022,0.6921935371886694,0.1323504965253683,0.1720205336666466,21.725747843318057,1.0,2023,Pressure
0001333835,CASA SYSTEMS INC,Technology / Software / Electronics,2021,0.8252234338296633,0.071682308990478,0.0454868248925434,19.96548839984133,1.0,2022,Pressure
0001333835,CASA SYSTEMS INC,Technology / Software / Electronics,2022,0.8759685056767111,-0.0216774543427719,-0.2389918230455403,19.802700986527025,,2023,Unknown
0001334036,"CROCS, INC.",Industrial / Manufacturing,2021,0.9908858380343132,0.3670809310658172,0.2952620713265578,21.158333759919785,0.0,2022,No Pressure
0001334036,"CROCS, INC.",Industrial / Manufacturing,2022,0.8183101103848086,0.1339780536527968,0.2393135273425907,22.227742487565816,0.0,2023,No Pressure
0001334978,"CLEAR CHANNEL OUTDOOR HOLDINGS, INC.",Technology / Software / Electronics,2021,1.602709197628768,-0.025190801522072,-0.0072267502202025,22.39085095217417,0.0,2022,No Pressure
0001334978,"CLEAR CHANNEL OUTDOOR HOLDINGS, INC.",Technology / Software / Electronics,2022,1.641525549197593,0.0275249109764017,0.0933198287557221,22.34975966694046,0.0,2023,No Pressure
0001336047,"BOARDWALK PIPELINE PARTNERS, LP",Energy / Capital-intensive,2021,,0.0674389695008251,0.348556077904634,22.956650894246483,0.0,2022,No Pressure
0001336047,"BOARDWALK PIPELINE PARTNERS, LP",Energy / Capital-intensive,2022,,0.075946457120764,0.3486033519553073,22.98188859314038,0.0,2023,No Pressure
0001336917,"UNDER ARMOUR, INC.",Industrial / Manufacturing,2021,0.5814810125263553,0.1331950019593717,0.0855622255855845,22.330981467303825,0.0,2022,No Pressure
0001336917,"UNDER ARMOUR, INC.",Industrial / Manufacturing,2022,0.5885590178302491,-0.0020411428011421,0.0480739327424658,22.3037038891078,0.0,2023,No Pressure
0001336920,"LEIDOS HOLDINGS, INC.",Technology / Software / Electronics,2021,0.6724228942010406,0.0777467762612171,0.0838611050447696,23.308093233717283,0.0,2022,No Pressure
0001336920,"LEIDOS HOLDINGS, INC.",Technology / Software / Electronics,2022,0.6669726876291026,0.0754341672404559,0.0755765490414003,23.29366187282633,0.0,2023,No Pressure
0001337013,"INFUSYSTEM HOLDINGS, INC",Industrial / Manufacturing,2021,0.5053388805771319,0.1876908572951038,0.0275439042019104,18.396244608718863,0.0,2022,No Pressure
0001337013,"INFUSYSTEM HOLDINGS, INC",Industrial / Manufacturing,2022,0.5170141264538979,0.1762486416871252,0.015048128536856,18.41454195005453,0.0,2023,No Pressure
0001337298,FUTUREFUEL CORP.,Industrial / Manufacturing,2021,0.1608979757790491,0.1280283449016931,0.0401324264280335,19.657111060731022,0.0,2022,No Pressure
0001337298,FUTUREFUEL CORP.,Industrial / Manufacturing,2022,0.2049869511109113,0.1473471004497582,0.044306514416157,19.690354209182285,0.0,2023,No Pressure
0001337619,"ENVESTNET, INC.",Technology / Software / Electronics,2021,0.5718589565684536,0.1118057346525181,0.0341680734452182,21.5302692426576,0.0,2022,No Pressure
0001337619,"ENVESTNET, INC.",Technology / Software / Electronics,2022,0.6365795285879654,0.0554109172342122,-0.0532544378698224,21.47097932521228,0.0,2023,No Pressure
0001338065,"DCP MIDSTREAM, LP",Energy / Capital-intensive,2021,0.5608370702541106,0.0482810164424514,0.0154104791258055,23.31702689172123,0.0,2022,No Pressure
0001338065,"DCP MIDSTREAM, LP",Energy / Capital-intensive,2022,0.5473226338683066,0.1411429428528573,0.0476889214966984,23.313583001217275,,2023,Unknown
0001339605,"H&E EQUIPMENT SERVICES, INC.",Technology / Software / Electronics,2021,0.8541746076684482,0.124767417771277,0.124501668710017,21.45584861189793,0.0,2022,No Pressure
0001339605,"H&E EQUIPMENT SERVICES, INC.",Technology / Software / Electronics,2022,0.8250023236035797,0.1366837442438994,0.1833271997672994,21.552559301258672,0.0,2023,No Pressure
0001340122,"CALUMET SPECIALTY PRODUCTS PARTNERS, L.P.",Industrial / Manufacturing,2021,1.1809765496498896,-0.020677663424033,-0.0271918678526048,21.478401415310373,0.0,2022,No Pressure
0001340122,"CALUMET SPECIALTY PRODUCTS PARTNERS, L.P.",Industrial / Manufacturing,2022,1.104931067182143,0.0366912247428696,0.0284635244415046,21.7318804763308,1.0,2023,Pressure
0001340476,DIRTT ENVIRONMENTAL SOLUTIONS LTD,Technology / Software / Electronics,2021,0.660216908428141,-0.1564889515089827,-0.4196540486337428,19.11101898814176,1.0,2022,Pressure
0001340476,DIRTT ENVIRONMENTAL SOLUTIONS LTD,Technology / Software / Electronics,2022,0.8747537468761529,-0.3081035550945681,-0.3429522365692578,18.78291123422601,0.0,2023,No Pressure
0001341439,ORACLE CORP,Technology / Software / Electronics,2021,,0.1211758334795243,0.3758245015934188,25.59927962065372,0.0,2022,No Pressure
0001341439,ORACLE CORP,Technology / Software / Electronics,2022,,0.0872759545092729,0.2574458058435438,25.41733478436887,0.0,2023,No Pressure
0001341766,"CELSIUS HOLDINGS, INC.",Industrial / Manufacturing,2021,0.3088138222257453,-0.3075817066379301,-0.013012682448939,19.564962233233075,0.0,2022,No Pressure
0001341766,"CELSIUS HOLDINGS, INC.",Industrial / Manufacturing,2022,0.2925284906171419,0.0885236431003486,-0.2414321209784518,20.923811161731805,0.0,2023,No Pressure
0001345126,COMPASS DIVERSIFIED HOLDINGS,Industrial / Manufacturing,2021,0.5914683927320283,0.0426335472786769,0.075748180453806,21.86884472365301,0.0,2022,No Pressure
0001345126,COMPASS DIVERSIFIED HOLDINGS,Industrial / Manufacturing,2022,0.6462097276336355,-0.0073490160485511,0.0775461960986624,22.07124313675668,0.0,2023,No Pressure
0001347178,VANDA PHARMACEUTICALS INC.,Industrial / Manufacturing,2021,0.149655098081483,0.1081422450959258,0.1569327308863266,20.20203964933759,0.0,2022,No Pressure
0001347178,VANDA PHARMACEUTICALS INC.,Industrial / Manufacturing,2022,0.1687812476842618,0.0504283031689546,0.0248799050247265,20.26794902801309,1.0,2023,Pressure
0001348036,"AVALARA, INC.",Technology / Software / Electronics,2021,0.6196248996213125,0.0126431751200931,-0.1524413535781578,21.715973388191188,,2022,Unknown
0001349436,SANDRIDGE ENERGY INC,Energy / Capital-intensive,2021,0.3048635353855918,0.312429160810627,0.6755426866095854,19.68172929486808,0.0,2022,No Pressure
0001349436,SANDRIDGE ENERGY INC,Energy / Capital-intensive,2022,0.1874697125880728,0.2742661495394648,0.690051050507752,20.21326820530032,0.0,2023,No Pressure
0001350420,"LINCOLNWAY ENERGY, LLC",Industrial / Manufacturing,2021,,0.1294249785641746,0.0376871141995161,18.10404124986014,,2022,Unknown
0001350593,"MUELLER WATER PRODUCTS, INC.",Industrial / Manufacturing,2021,0.5422266139657445,0.103227931488801,0.1185418541854185,21.14065951657861,0.0,2022,No Pressure
0001350593,"MUELLER WATER PRODUCTS, INC.",Industrial / Manufacturing,2022,0.5532340965222615,0.03491088712369,0.0894660894660894,21.12746347615512,0.0,2023,No Pressure
0001350653,"ALPHATEC HOLDINGS, INC.",Industrial / Manufacturing,2021,,-0.1283657283503451,-0.5265241846619411,20.164742204142392,1.0,2022,Pressure
0001350653,"ALPHATEC HOLDINGS, INC.",Industrial / Manufacturing,2022,,-0.1463703016892102,-0.4188909187811906,20.05651908008083,1.0,2023,Pressure
0001352010,"EPAM SYSTEMS, INC.",Technology / Software / Electronics,2021,0.2916048270520179,0.1624439753669008,0.1443042097375725,21.98264316823484,0.0,2022,No Pressure
0001352010,"EPAM SYSTEMS, INC.",Technology / Software / Electronics,2022,0.2509611137121051,0.1157611673893051,0.118756863123868,22.11184533540008,0.0,2023,No Pressure
0001352081,CARDINAL ETHANOL LLC,Industrial / Manufacturing,2021,,0.2115859513946146,0.067943390679742,18.838989195434664,0.0,2022,No Pressure
0001352081,CARDINAL ETHANOL LLC,Industrial / Manufacturing,2022,,0.5502820743904231,0.1432276676633332,19.057023836715004,0.0,2023,No Pressure
0001353283,SPLUNK INC,Technology / Software / Electronics,2021,0.9615306840503378,0.0221120297019017,-0.4289353486451551,22.479549239911343,0.0,2022,No Pressure
0001353283,SPLUNK INC,Technology / Software / Electronics,2022,1.0174202934052006,0.0708757026212329,-0.0644567108263714,22.57076318391022,,2023,Unknown
0001354327,"PGT INNOVATIONS, INC.",Industrial / Manufacturing,2021,0.6125180575239112,0.0435975380149389,0.0864908425917635,21.10211999431293,0.0,2022,No Pressure
0001354327,"PGT INNOVATIONS, INC.",Industrial / Manufacturing,2022,0.5959540289309733,0.1197220665886703,0.1074832065867982,21.218113897135577,0.0,2023,No Pressure
0001355096,"QURATE RETAIL, INC.",Consumer / Retail,2021,0.8135269862760786,0.0753892547233675,0.0773996012532042,23.5112972054286,1.0,2022,Pressure
0001355096,"QURATE RETAIL, INC.",Consumer / Retail,2022,0.9582372126322488,0.0154323442844642,-0.1685940855773996,23.25465841095865,0.0,2023,No Pressure
0001356576,"SUPERNUS PHARMACEUTICALS, INC.",Industrial / Manufacturing,2021,0.5170055743947258,0.0752608409426742,0.1483834246043724,21.2474924653942,0.0,2022,No Pressure
0001356576,"SUPERNUS PHARMACEUTICALS, INC.",Industrial / Manufacturing,2022,0.4794714621017933,0.0686199418739882,0.0691267583680785,21.25536829553637,0.0,2023,No Pressure
0001357615,"KBR, INC.",Industrial / Manufacturing,2021,0.7256009033715115,0.0448459428940151,0.0314756778852704,22.54765382582751,0.0,2022,No Pressure
0001357615,"KBR, INC.",Industrial / Manufacturing,2022,0.7067912324829321,0.0711462450592885,0.0522547227300426,22.439942500229773,0.0,2023,No Pressure
0001357971,ENERGY SERVICES OF AMERICA CORP,Industrial / Manufacturing,2021,0.5063941165483216,0.0113855260901579,-0.0072887435552837,18.066452262126145,0.0,2022,No Pressure
0001357971,ENERGY SERVICES OF AMERICA CORP,Industrial / Manufacturing,2022,0.6597163402739373,0.0735585463660994,0.0328590009615871,18.53959066443548,0.0,2023,No Pressure
0001358190,"IT TECH PACKAGING, INC.",Industrial / Manufacturing,2021,0.1067558425707239,-0.0100857803741584,0.0090710678627752,19.302525788549705,1.0,2022,Pressure
0001358190,"IT TECH PACKAGING, INC.",Industrial / Manufacturing,2022,0.1131017556984985,0.0524310739876826,-0.0528589769930244,19.135820475703216,,2023,Unknown
0001359687,"RED TRAIL ENERGY, LLC",Industrial / Manufacturing,2021,,0.222963649285732,0.0985002587781892,18.29798354605512,0.0,2022,No Pressure
0001359687,"RED TRAIL ENERGY, LLC",Industrial / Manufacturing,2022,,0.20918022692212,0.1036468301228892,18.560582024445605,0.0,2023,No Pressure
0001359841,HANESBRANDS INC.,Consumer / Retail,2021,0.9006576599151855,0.0881587558736301,0.1172915527168575,22.679329408111656,0.0,2022,No Pressure
0001359841,HANESBRANDS INC.,Consumer / Retail,2022,0.9387651302085096,-0.0551674109407989,0.083345231124622,22.59566414397328,0.0,2023,No Pressure
0001361113,VARONIS SYSTEMS INC,Technology / Software / Electronics,2021,,0.0064752010983846,-0.2529746189770694,20.826306965805014,0.0,2022,No Pressure
0001361113,VARONIS SYSTEMS INC,Technology / Software / Electronics,2022,,0.0113736093173343,-0.2559529087861091,20.76606858942976,0.0,2023,No Pressure
0001361538,PRIMORIS SERVICES CORP,Industrial / Manufacturing,2021,0.6107244565877687,0.0313553860750112,0.0486474849269448,21.656738903794373,0.0,2022,No Pressure
0001361538,PRIMORIS SERVICES CORP,Industrial / Manufacturing,2022,0.6871242261612519,0.0235173616401713,0.0441881292557863,21.988527513296344,0.0,2023,No Pressure
0001362988,AIRCASTLE LTD,Technology / Software / Electronics,2021,0.7420512638324857,0.0525660534935529,,22.682411720366467,,2022,Unknown
0001362988,AIRCASTLE LTD,Technology / Software / Electronics,2022,0.7424664411035812,0.0602375086540235,,22.7065888848617,,2023,Unknown
0001363958,"WESTERN CAPITAL RESOURCES, INC.",Consumer / Retail,2021,0.3273733487534931,0.1495797265198221,0.1018548033928093,18.570803376364008,,2022,Unknown
0001364479,HERC HOLDINGS INC,Technology / Software / Electronics,2021,0.7824469980402636,0.165686798503474,,22.22520762181496,,2022,Unknown
0001364479,HERC HOLDINGS INC,Technology / Software / Electronics,2022,0.8138765780284717,0.1538913510609723,,22.5077992612506,,2023,Unknown
0001364885,"SPIRIT AEROSYSTEMS HOLDINGS, INC.",Industrial / Manufacturing,2021,,-0.0081682240574877,-0.1161649380217556,22.769318626610136,1.0,2022,Pressure
0001364885,"SPIRIT AEROSYSTEMS HOLDINGS, INC.",Industrial / Manufacturing,2022,,-0.0591941435900513,-0.0559090186098298,22.620315819532188,1.0,2023,Pressure
0001365135,WESTERN UNION CO,Technology / Software / Electronics,2021,0.959698532328441,0.1184677282257607,0.221483789540112,22.900684453760896,0.0,2022,No Pressure
0001365135,WESTERN UNION CO,Technology / Software / Electronics,2022,0.9437637559879006,0.0684533267422289,0.1977209250363087,22.862896611674746,0.0,2023,No Pressure
0001365916,"AMYRIS, INC.",Industrial / Manufacturing,2021,0.7074205332087042,-0.1900171644496792,-0.5196523285851786,20.67648655065617,1.0,2022,Pressure
0001365916,"AMYRIS, INC.",Industrial / Manufacturing,2022,1.5669679440244773,-0.6374998181668308,-2.1085392833716883,20.530811517871687,,2023,Unknown
0001366561,SMARTSHEET INC,Technology / Software / Electronics,2021,0.4966464971201557,-0.0035020821034829,-0.3086894007610306,20.726093835386635,0.0,2022,No Pressure
0001366561,SMARTSHEET INC,Technology / Software / Electronics,2022,0.5625526364855626,0.0212464499927491,-0.2889968249414863,20.82781412373566,0.0,2023,No Pressure
0001366744,HOMELAND ENERGY SOLUTIONS LLC,Industrial / Manufacturing,2021,,0.4730023487591486,0.1653743471455431,19.093438842685284,,2022,Unknown
0001367644,EMERGENT BIOSOLUTIONS INC.,Industrial / Manufacturing,2021,0.4528556944913822,0.1085163906725245,0.1966865621687956,21.808117210702434,1.0,2022,Pressure
0001367644,EMERGENT BIOSOLUTIONS INC.,Industrial / Manufacturing,2022,0.5632539632413314,-0.0107686477610054,-0.1540726202158979,21.875924294347403,1.0,2023,Pressure
0001368265,CLEAN ENERGY FUELS CORP.,Energy / Capital-intensive,2021,0.210704546166947,0.043150448765503,-0.3717953732896271,20.67938709303266,0.0,2022,No Pressure
0001368265,CLEAN ENERGY FUELS CORP.,Energy / Capital-intensive,2022,0.3278825747881706,0.0616534101040599,-0.1230638512580801,20.80240690842201,0.0,2023,No Pressure
0001368458,"SALLY BEAUTY HOLDINGS, INC.",Consumer / Retail,2021,0.9013951583558472,0.1341209329247818,0.1079853739241604,21.769578009113047,0.0,2022,No Pressure
0001368458,"SALLY BEAUTY HOLDINGS, INC.",Consumer / Retail,2022,0.8860492217875428,0.0607326648988869,0.0884901711804149,21.66984015727316,0.0,2023,No Pressure
0001368622,AEROVIRONMENT INC,Industrial / Manufacturing,2021,,0.093188852488676,0.1096775990600437,20.649152019698683,1.0,2022,Pressure
0001368622,AEROVIRONMENT INC,Industrial / Manufacturing,2022,,-0.0105206738131699,-0.0221814902228244,20.63355992495577,0.0,2023,No Pressure
0001369568,"CATALYST PHARMACEUTICALS, INC.",Industrial / Manufacturing,2021,0.1301873938129762,0.2538900196813968,0.3719653774328459,19.28689008257951,0.0,2022,No Pressure
0001369568,"CATALYST PHARMACEUTICALS, INC.",Industrial / Manufacturing,2022,0.2002209621169768,0.3089396480579293,0.475427515020798,19.74411517697544,0.0,2023,No Pressure
0001370637,ETSY INC,Technology / Software / Electronics,2021,0.8359471988295868,0.1700374418453529,0.1999610152186625,22.06660285264997,0.0,2022,No Pressure
0001370637,ETSY INC,Technology / Software / Electronics,2022,1.2076971917231412,0.2594391340137482,-0.2566373785077886,21.692134218450704,0.0,2023,No Pressure
0001370880,"MANDIANT, INC.",Technology / Software / Electronics,2021,0.4657507270923127,0.0169687282519356,-0.7367448883556897,22.018318157426307,,2022,Unknown
0001370946,OWENS CORNING,Industrial / Manufacturing,2021,,0.1500748876684972,0.1692162861849847,23.027349806164043,0.0,2022,No Pressure
0001370946,OWENS CORNING,Industrial / Manufacturing,2022,0.5702194940476191,0.1636904761904762,0.17559676262678,23.09835762082021,0.0,2023,No Pressure
0001371451,HIGHWATER ETHANOL LLC,Industrial / Manufacturing,2021,,0.259550208456797,0.0775629039503234,18.273816902183583,0.0,2022,No Pressure
0001371451,HIGHWATER ETHANOL LLC,Industrial / Manufacturing,2022,,0.4493270827409326,0.1307289910041661,18.43248924832141,0.0,2023,No Pressure
0001372020,GREAT LAKES DREDGE & DOCK CORP,Industrial / Manufacturing,2021,0.6000711658163521,0.0491214529854561,0.1148937752444746,20.72093311927492,1.0,2022,Pressure
0001372020,GREAT LAKES DREDGE & DOCK CORP,Industrial / Manufacturing,2022,0.6249465256982216,0.0016836765874228,-0.042750943692864,20.70487780965169,0.0,2023,No Pressure
0001372612,BOX INC,Technology / Software / Electronics,2021,0.9333387930681484,0.1686900012859112,-0.0315966932469588,21.054013865073365,0.0,2022,No Pressure
0001372612,BOX INC,Technology / Software / Electronics,2022,1.028050018017421,0.2468444661665969,0.0371792982760673,20.9115404731156,0.0,2023,No Pressure
0001373670,"GREEN BRICK PARTNERS, INC.",Industrial / Manufacturing,2021,0.3596018474301745,-0.0649723216025127,,21.07523663441744,,2022,Unknown
0001373670,"GREEN BRICK PARTNERS, INC.",Industrial / Manufacturing,2022,0.3283379890377036,0.0547667869600012,,21.22747461821408,,2023,Unknown
0001373715,"SERVICENOW, INC.",Technology / Software / Electronics,2021,0.6578070012965364,0.2029079459159103,0.0435888738127544,23.102626768835115,0.0,2022,No Pressure
0001373715,"SERVICENOW, INC.",Technology / Software / Electronics,2022,0.6216256861418151,0.2047522370103015,0.048999309868875,23.310954681452632,0.0,2023,No Pressure
0001374535,ALTRA INDUSTRIAL MOTION CORP.,Technology / Software / Electronics,2021,,0.0525347407156345,0.0512685545846931,22.14168851205992,0.0,2022,No Pressure
0001374535,ALTRA INDUSTRIAL MOTION CORP.,Technology / Software / Electronics,2022,,0.0339988032421258,0.1235672063736828,22.02525424928504,,2023,Unknown
0001375365,"SUPER MICRO COMPUTER, INC.",Technology / Software / Electronics,2021,0.510965385706461,0.0548425398445291,0.0348418039805229,21.530618104821617,0.0,2022,No Pressure
0001375365,"SUPER MICRO COMPUTER, INC.",Technology / Software / Electronics,2022,0.5551598292334319,-0.1375321092129768,0.0645035823990266,21.88800195230345,0.0,2023,No Pressure
0001376139,CVR ENERGY INC,Industrial / Manufacturing,2021,,0.1013824884792626,0.012013256006628,22.085779669656915,0.0,2022,No Pressure
0001376139,CVR ENERGY INC,Industrial / Manufacturing,2022,,0.2347657198349113,0.0883810572687224,22.138876252643133,0.0,2023,No Pressure
0001376339,"MIMEDX GROUP, INC.",Industrial / Manufacturing,2021,0.5073884286086767,-0.0105465361918596,-0.0194690949867563,19.05157479520957,1.0,2022,Pressure
0001376339,"MIMEDX GROUP, INC.",Industrial / Manufacturing,2022,0.5653852884559295,-0.1043749635419704,-0.0932306853693049,18.95968558381695,0.0,2023,No Pressure
0001376986,TENNESSEE VALLEY AUTHORITY,Energy / Capital-intensive,2021,,0.0620710690864724,0.2708749880986384,24.683240559926794,0.0,2022,No Pressure
0001376986,TENNESSEE VALLEY AUTHORITY,Energy / Capital-intensive,2022,,0.0575916230366492,0.1922647527910685,24.658770966541297,0.0,2023,No Pressure
0001377630,"NATIONAL CINEMEDIA, INC.",Technology / Software / Electronics,2021,1.4691705407389284,-0.1164668460973819,-0.5986038394415357,20.521639130317844,0.0,2022,No Pressure
0001377630,"NATIONAL CINEMEDIA, INC.",Technology / Software / Electronics,2022,1.585562847046946,-0.0596920747097425,0.0276886035313001,20.49057687405066,1.0,2023,Pressure
0001377789,"AVIAT NETWORKS, INC.",Technology / Software / Electronics,2021,0.3840646659029137,0.0581146502806959,0.080789782875185,19.511438939824288,0.0,2022,No Pressure
0001377789,"AVIAT NETWORKS, INC.",Technology / Software / Electronics,2022,0.3771209988144635,0.0086105759731278,0.0948808254582303,19.59595773664322,0.0,2023,No Pressure
0001378453,TRAVELCENTERS OF AMERICA INC. /MD/,Consumer / Retail,2021,0.7996714266292072,0.0440247843737254,0.0167715164722052,21.97845471796369,0.0,2022,No Pressure
0001378453,TRAVELCENTERS OF AMERICA INC. /MD/,Consumer / Retail,2022,0.7609558633712821,0.0502788600969036,0.0233185092840104,22.018789126182,,2023,Unknown
0001378950,"CARPARTS.COM, INC.",Consumer / Retail,2021,0.5939082843253901,-0.0296937145188156,-0.015642812993613,19.27652484241921,0.0,2022,No Pressure
0001378950,"CARPARTS.COM, INC.",Consumer / Retail,2022,0.5382866538869711,0.0644633576483122,0.0009839722855363,19.289456302710448,0.0,2023,No Pressure
0001378992,"BERRY GLOBAL GROUP, INC.",Industrial / Manufacturing,2021,0.8221675427804496,0.0883570070461917,0.0932851985559566,23.60706045731546,0.0,2022,No Pressure
0001378992,"BERRY GLOBAL GROUP, INC.",Industrial / Manufacturing,2022,0.8115121490917669,0.0921797593772116,0.0856847188685753,23.553887590495776,0.0,2023,No Pressure
0001381531,DOMTAR CORP,Industrial / Manufacturing,2021,,-0.0210135970333745,,22.30306894445684,,2022,Unknown
0001381531,DOMTAR CORP,Industrial / Manufacturing,2022,,0.1278577476714648,,22.275921735493213,0.0,2023,No Pressure
0001383312,"BROADRIDGE FINANCIAL SOLUTIONS, INC.",Technology / Software / Electronics,2021,0.7771866302125668,0.0788319909357373,0.1359112481726976,22.817571360397945,0.0,2022,No Pressure
0001383312,"BROADRIDGE FINANCIAL SOLUTIONS, INC.",Technology / Software / Electronics,2022,0.7650817745568504,0.0542919400646361,0.1331032912367974,22.82358785632801,0.0,2023,No Pressure
0001383650,"CHENIERE ENERGY PARTNERS, L.P.",Energy / Capital-intensive,2021,,0.1183490029961772,0.2710409158363366,23.686371607724965,0.0,2022,No Pressure
0001383650,"CHENIERE ENERGY PARTNERS, L.P.",Energy / Capital-intensive,2022,,0.2113278663474762,0.1964431012437521,23.70047766091396,0.0,2023,No Pressure
0001384195,"RING ENERGY, INC.",Energy / Capital-intensive,2021,0.5605919950614167,0.1063077291100684,0.4877938758111916,20.3436984637574,0.0,2022,No Pressure
0001384195,"RING ENERGY, INC.",Energy / Capital-intensive,2022,0.4790358575605036,0.1552220334988753,0.5521796649652553,20.961494866498192,0.0,2023,No Pressure
0001384905,"RINGCENTRAL, INC.",Technology / Software / Electronics,2021,0.7912338665681287,0.0589952303939568,-0.1892367098624615,21.670682686259383,0.0,2022,No Pressure
0001384905,"RINGCENTRAL, INC.",Technology / Software / Electronics,2022,1.1366365396096374,0.092254668311422,-0.3266434646160345,21.45258196384884,0.0,2023,No Pressure
0001385157,TE CONNECTIVITY LTD.,Consumer / Retail,2021,0.4992079023390178,0.12468549063461,0.1631039335254305,23.78954976649794,0.0,2022,No Pressure
0001385157,TE CONNECTIVITY LTD.,Consumer / Retail,2022,0.4756520065441247,0.1187566163025695,0.1692770714329586,23.757353064424983,0.0,2023,No Pressure
0001385867,COUPA SOFTWARE INC,Technology / Software / Electronics,2021,0.7163760628514718,0.0526403311558794,-0.3365334370161411,21.88428280955245,,2022,Unknown
0001387467,ALPHA & OMEGA SEMICONDUCTOR LTD,Technology / Software / Electronics,2021,0.437905316180641,0.1401565253931914,0.0975427080447311,20.63833193795876,0.0,2022,No Pressure
0001387467,ALPHA & OMEGA SEMICONDUCTOR LTD,Technology / Software / Electronics,2022,0.3423117764965975,0.1685354323675199,0.1312298084243883,20.98457493030123,0.0,2023,No Pressure
0001388658,"IRHYTHM TECHNOLOGIES, INC.",Industrial / Manufacturing,2021,0.39625286467502,-0.081545768920895,-0.3095887864942306,19.9531663373723,1.0,2022,Pressure
0001388658,"IRHYTHM TECHNOLOGIES, INC.",Industrial / Manufacturing,2022,0.464970483376541,-0.0513406303126575,-0.276899939404411,19.920799205587304,1.0,2023,Pressure
0001389050,"ARCHROCK, INC.",Energy / Capital-intensive,2021,0.6558109257032718,0.0916614349377559,,21.67491058554467,,2022,Unknown
0001389050,"ARCHROCK, INC.",Energy / Capital-intensive,2022,0.6688050024050024,0.0782876382876382,,21.678296397521297,,2023,Unknown
0001389170,TARGA RESOURCES CORP.,Energy / Capital-intensive,2021,,0.151424889204508,0.0510212509882122,23.44510059308499,0.0,2022,No Pressure
0001389170,TARGA RESOURCES CORP.,Energy / Capital-intensive,2022,,0.1217177914110429,0.0826094850404686,23.69675250160421,0.0,2023,No Pressure
0001391127,"LIMELIGHT NETWORKS, INC.",Technology / Software / Electronics,2021,0.5449098524273468,4.500146254753279e-05,-0.2177549051141846,19.555628179477605,1.0,2022,Pressure
0001391127,"EDGIO, INC.",Technology / Software / Electronics,2022,0.5587540101036174,-0.0215199675504259,-0.4366121477386163,20.11147742259801,,2023,Unknown
0001392972,"PROS HOLDINGS, INC.",Technology / Software / Electronics,2021,0.9927520258532648,-0.0375240402602313,-0.2956889385617067,20.01902333229865,1.0,2022,Pressure
0001392972,"PROS HOLDINGS, INC.",Technology / Software / Electronics,2022,1.0783151415602537,-0.052778219325668,-0.2828088955844381,19.93129671977596,0.0,2023,No Pressure
0001393052,VEEVA SYSTEMS INC,Technology / Software / Electronics,2021,0.2370853656459577,0.2003065664168281,0.2731263680065183,22.062590438716622,0.0,2022,No Pressure
0001393052,VEEVA SYSTEMS INC,Technology / Software / Electronics,2022,0.2264731398731468,0.1624525216597811,0.2130293356101454,22.292776354794714,0.0,2023,No Pressure
0001393066,RESOLUTE FOREST PRODUCTS INC.,Industrial / Manufacturing,2021,0.5712266817410967,0.1831543244771057,0.1593886462882096,21.98682743296665,,2022,Unknown
0001393584,AMERICAN WELL CORP,Technology / Software / Electronics,2021,0.1279266804810504,-0.0978928453849537,-0.7086779883618354,21.091953538621624,1.0,2022,Pressure
0001393584,AMERICAN WELL CORP,Technology / Software / Electronics,2022,0.10981498196799,-0.1579581079160975,-0.9951765936722105,20.9201122298949,1.0,2023,Pressure
0001393883,"DHI GROUP, INC.",Technology / Software / Electronics,2021,0.4748485860509617,0.1289884374802552,-0.0146118112140647,19.216285234443763,0.0,2022,No Pressure
0001393883,"DHI GROUP, INC.",Technology / Software / Electronics,2022,0.5313757145881854,0.1589517608864422,0.0371459112773917,19.239155764197186,0.0,2023,No Pressure
0001395942,"KAR AUCTION SERVICES, INC.",Consumer / Retail,2021,,0.0557083535565981,0.0935334872979214,22.727067464552324,0.0,2022,No Pressure
0001395942,"KAR AUCTION SERVICES, INC.",Consumer / Retail,2022,,0.0008008125317395,0.11432144267474,22.356381212930188,0.0,2023,No Pressure
0001396009,VULCAN MATERIALS CO,Energy / Capital-intensive,2021,0.5199961995527166,0.0739552424246853,0.1820539605921977,23.33939078963461,0.0,2022,No Pressure
0001396009,VULCAN MATERIALS CO,Energy / Capital-intensive,2022,0.511598499430964,0.0806626108215193,0.1300579615048119,23.37894145759773,0.0,2023,No Pressure
0001396033,"LL FLOORING HOLDINGS, INC.",Consumer / Retail,2021,0.550875403537264,0.0638232556297161,0.0457207222843178,20.222212311979582,1.0,2022,Pressure
0001396033,"LL FLOORING HOLDINGS, INC.",Consumer / Retail,2022,0.5828980394264708,-0.1900943557568739,-0.0105539044134263,20.235428937579048,1.0,2023,Pressure
0001396814,"PACIRA BIOSCIENCES, INC.",Industrial / Manufacturing,2021,0.6480560174582348,0.0605762007716277,0.1660545156066204,21.453397097124,0.0,2022,No Pressure
0001396814,"PACIRA BIOSCIENCES, INC.",Industrial / Manufacturing,2022,0.5390137996669045,0.0864108969783487,0.0900148915079413,21.242773661690048,0.0,2023,No Pressure
0001397047,"FLEXSHOPPER, INC.",Technology / Software / Electronics,2021,0.8096541958610224,-0.13271734622257,0.0587180856371666,18.25594827225905,1.0,2022,Pressure
0001397047,"FLEXSHOPPER, INC.",Technology / Software / Electronics,2022,0.7907156548025548,-0.2106483189539165,-0.0557529043548997,18.81467707635326,0.0,2023,No Pressure
0001397187,LULULEMON ATHLETICA INC.,Industrial / Manufacturing,2021,0.4456129091520488,0.2810549687828656,0.2131111749368708,22.3211326620128,0.0,2022,No Pressure
0001397187,LULULEMON ATHLETICA INC.,Industrial / Manufacturing,2022,0.4384202496933318,0.1723660513804258,0.163788305506504,22.44728843148606,0.0,2023,No Pressure
0001397702,SILK ROAD MEDICAL INC,Industrial / Manufacturing,2021,0.4940782122905028,-0.2485873902633679,-0.467780241438778,18.869364977565183,1.0,2022,Pressure
0001397702,SILK ROAD MEDICAL INC,Industrial / Manufacturing,2022,0.3923466266199455,-0.1208113169067616,-0.3751063921868463,19.41276517291867,1.0,2023,Pressure
0001399520,"ONE GROUP HOSPITALITY, INC.",Consumer / Retail,2021,0.7366589074771032,0.1347314377705745,0.0699370079876469,19.25287222248579,0.0,2022,No Pressure
0001399520,"ONE GROUP HOSPITALITY, INC.",Consumer / Retail,2022,0.7643149705866182,0.0867660399142338,0.0514972934391955,19.4889162993979,0.0,2023,No Pressure
0001401257,"FORUM ENERGY TECHNOLOGIES, INC.",Technology / Software / Electronics,2021,0.5840881749345411,-0.0199346421747525,-0.0822318082015569,20.48923321556372,0.0,2022,No Pressure
0001401257,"FORUM ENERGY TECHNOLOGIES, INC.",Technology / Software / Electronics,2022,0.6321863728007072,-0.0204298975630033,0.0247545052027894,20.542651223695067,0.0,2023,No Pressure
0001401667,"PUMA BIOTECHNOLOGY, INC.",Industrial / Manufacturing,2021,1.0107950658693206,0.0911357768607807,0.0050956923623866,19.238630712840504,0.0,2022,No Pressure
0001401667,"PUMA BIOTECHNOLOGY, INC.",Industrial / Manufacturing,2022,0.9026925276615674,-0.0712738506432975,0.1040209445207011,19.21845367479616,0.0,2023,No Pressure
0001401708,NANOSTRING TECHNOLOGIES INC,Industrial / Manufacturing,2021,0.6309301098479397,-0.1888479418371113,-0.7459489264913671,19.98821482897932,1.0,2022,Pressure
0001401708,NANOSTRING TECHNOLOGIES INC,Industrial / Manufacturing,2022,0.8703665976254343,-0.3638982264326055,-1.1958243623391114,19.68314507596033,,2023,Unknown
0001402057,CDW CORP,Consumer / Retail,2021,,0.0594420958528418,0.0681530008453085,23.303437211035952,0.0,2022,No Pressure
0001402057,CDW CORP,Consumer / Retail,2022,,0.1017324753455431,0.0730650519817926,23.298279761005578,0.0,2023,No Pressure
0001402436,SS&C TECHNOLOGIES HOLDINGS INC,Technology / Software / Electronics,2021,0.6409623261985807,0.0824438931517913,0.2459512967729162,23.57587803596328,0.0,2022,No Pressure
0001402436,SS&C TECHNOLOGIES HOLDINGS INC,Technology / Software / Electronics,2022,0.6335320927383762,0.0681126263263137,0.2163354154836267,23.53587423199244,0.0,2023,No Pressure
0001402829,ORION GROUP HOLDINGS INC,Industrial / Manufacturing,2021,0.5789680170575693,0.0001961620469083,-0.0154932153784754,19.6784312568017,0.0,2022,No Pressure
0001402829,ORION GROUP HOLDINGS INC,Industrial / Manufacturing,2022,0.6246816739524179,0.0260516675518514,-0.010730674763003,19.721294662904903,0.0,2023,No Pressure
0001403161,VISA INC.,Technology / Software / Electronics,2021,0.5465523065045358,0.1836879945956379,0.6556316116988177,25.140852647030908,0.0,2022,No Pressure
0001403161,VISA INC.,Technology / Software / Electronics,2022,0.5838528204348488,0.2204535619466439,0.6418628454452405,25.17179390873886,0.0,2023,No Pressure
0001403431,"HERITAGE-CRYSTAL CLEAN, INC.",Energy / Capital-intensive,2021,0.3507698381365969,0.1728093018312126,0.1610547722447965,20.082453010583155,0.0,2022,No Pressure
0001403431,"HERITAGE-CRYSTAL CLEAN, INC.",Energy / Capital-intensive,2022,0.4583155490587869,0.1165880381395571,0.1669192520840059,20.492897500864004,,2023,Unknown
0001403568,"ULTA BEAUTY, INC.",Consumer / Retail,2021,0.6777391135339988,0.2223301294880193,0.150331211535683,22.284433040480828,0.0,2022,No Pressure
0001403568,"ULTA BEAUTY, INC.",Consumer / Retail,2022,0.6350724367278408,0.2759407054692834,0.1605130194405098,22.404170279037483,0.0,2023,No Pressure
0001404655,HUBSPOT INC,Technology / Software / Electronics,2021,0.5982263637007358,0.1097673682923083,-0.0421317517748708,21.500227373257,0.0,2022,No Pressure
0001404655,HUBSPOT INC,Technology / Software / Electronics,2022,0.6100879540447779,0.1073485757669355,-0.0630288584024324,21.65729353508765,0.0,2023,No Pressure
0001408075,GRAPHIC PACKAGING HOLDING CO,Industrial / Manufacturing,2021,,0.0582385005259634,0.0568753493571827,23.07053744765849,0.0,2022,No Pressure
0001408075,GRAPHIC PACKAGING HOLDING CO,Industrial / Manufacturing,2022,,0.1055383423702556,0.0959745762711864,23.058124490587577,0.0,2023,No Pressure
0001408198,MSCI INC.,Technology / Software / Electronics,2021,1.0296850946927771,0.1699871956050653,0.524933644687856,22.42923191459392,0.0,2022,No Pressure
0001408198,MSCI INC.,Technology / Software / Electronics,2022,1.2016844304241991,0.219181856655331,0.5370635391475044,22.33221062801616,0.0,2023,No Pressure
0001408710,FABRINET,Technology / Software / Electronics,2021,0.3116113758738511,0.0734257685991527,0.0802155000399074,21.203295289863977,0.0,2022,No Pressure
0001408710,FABRINET,Technology / Software / Electronics,2022,0.3170331235791748,0.067685348060977,0.0904057246320435,21.3306595768012,0.0,2023,No Pressure
0001409171,TITAN MACHINERY INC.,Consumer / Retail,2021,,0.16786895497572,0.0526792943070472,20.66845795362037,0.0,2022,No Pressure
0001409171,TITAN MACHINERY INC.,Consumer / Retail,2022,,0.0090990540046016,0.0626092537656621,20.896121904507503,0.0,2023,No Pressure
0001409375,"ORION ENERGY SYSTEMS, INC.",Technology / Software / Electronics,2021,0.2501468606378935,-0.0013015883985855,0.067460987433974,18.27931302450702,,2022,Unknown
0001410384,"Q2 HOLDINGS, INC.",Technology / Software / Electronics,2021,0.58824731326419,0.0223277944037919,-0.1563903593198588,21.048998467754625,0.0,2022,No Pressure
0001410384,"Q2 HOLDINGS, INC.",Technology / Software / Electronics,2022,0.6895488417649211,0.0270840155705676,-0.1851971015056401,21.02316744657491,0.0,2023,No Pressure
0001411207,ALLISON TRANSMISSION HOLDINGS INC,Industrial / Manufacturing,2021,0.857751851020866,0.1424725151447161,0.2785179017485429,22.217741731135195,0.0,2022,No Pressure
0001411207,ALLISON TRANSMISSION HOLDINGS INC,Industrial / Manufacturing,2022,0.8128880325412118,0.140655105973025,0.2831347056699169,22.26463901868047,0.0,2023,No Pressure
0001411688,"CONTAINER STORE GROUP, INC.",Consumer / Retail,2021,0.6425315449445005,0.0475877542738379,0.1146621162780282,20.90356618664348,0.0,2022,No Pressure
0001411688,"CONTAINER STORE GROUP, INC.",Consumer / Retail,2022,0.7338693469376983,0.0601974879564422,-0.1218372168080835,20.708328834296875,1.0,2023,Pressure
0001412408,"PHREESIA, INC.",Technology / Software / Electronics,2021,0.1561167781651687,-0.151089233855637,-0.547837342250027,20.019009175998978,1.0,2022,Pressure
0001412408,"PHREESIA, INC.",Technology / Software / Electronics,2022,0.2222306293354807,-0.2435381576351751,-0.6285002313908369,19.72916760849378,1.0,2023,Pressure
0001413329,PHILIP MORRIS INTERNATIONAL INC.,Industrial / Manufacturing,2021,1.198789053039477,0.2898280455316057,0.4131507721700366,24.443886176868627,0.0,2022,No Pressure
0001413329,PHILIP MORRIS INTERNATIONAL INC.,Industrial / Manufacturing,2022,1.1023167588074123,0.175143074852872,0.3855550658019016,24.84524177879704,0.0,2023,No Pressure
0001413447,NXP SEMICONDUCTORS N.V.,Technology / Software / Electronics,2021,,0.1474789110429447,0.2334809726114074,23.761291022738583,0.0,2022,No Pressure
0001413447,NXP SEMICONDUCTORS N.V.,Technology / Software / Electronics,2022,,0.1676278189017042,0.2875425975009466,23.86896863711973,0.0,2023,No Pressure
0001413898,DALLASNEWS CORP,Industrial / Manufacturing,2021,0.5962428403444221,-0.0546220081174373,-0.0644538588104214,18.47376644052694,1.0,2022,Pressure
0001413898,DALLASNEWS CORP,Industrial / Manufacturing,2022,0.8289213312115132,-0.1928042620909154,-0.0596544330937066,18.09585048970304,1.0,2023,Pressure
0001417398,"HILLENBRAND, INC.",Industrial / Manufacturing,2021,0.693093227726718,0.1316097536675882,,22.113278277683783,,2022,Unknown
0001417398,"HILLENBRAND, INC.",Industrial / Manufacturing,2022,0.7135100193923724,0.0494117647058823,,22.07587414067006,,2023,Unknown
0001418091,"TWITTER, INC.",Technology / Software / Electronics,2021,0.4802666748983393,0.0450007667404767,-0.0970439678565084,23.36656529890996,,2022,Unknown
0001418100,AVAYA HOLDINGS CORP.,Technology / Software / Electronics,2021,0.912781954887218,0.0050125313283208,0.0605449041372351,22.51252217612344,1.0,2022,Pressure
0001418100,AVAYA HOLDINGS CORP.,Technology / Software / Electronics,2022,1.28701203044439,-0.0766020132580407,-0.7550200803212851,22.127645665858207,,2023,Unknown
0001418135,KEURIG DR PEPPER INC.,Industrial / Manufacturing,2021,0.5064627060358117,0.0568006640578679,0.2281794528108491,24.647177886786736,0.0,2022,No Pressure
0001418135,KEURIG DR PEPPER INC.,Industrial / Manufacturing,2022,0.5153075988193762,0.0547292474487335,0.1853169239524792,24.6713700169648,0.0,2023,No Pressure
0001418819,IRIDIUM COMMUNICATIONS INC.,Technology / Software / Electronics,2021,0.5950864485136578,0.0952195913285829,0.0753685923515053,21.88039700280809,0.0,2022,No Pressure
0001418819,IRIDIUM COMMUNICATIONS INC.,Technology / Software / Electronics,2022,0.6179584300803213,0.1166986175745452,0.1063458866017414,21.806429745151576,0.0,2023,No Pressure
0001419612,"SOLAREDGE TECHNOLOGIES, INC.",Technology / Software / Electronics,2021,,0.0740403034515189,0.1054751726824399,21.785234888261456,0.0,2022,No Pressure
0001419612,"SOLAREDGE TECHNOLOGIES, INC.",Technology / Software / Electronics,2022,,0.0073334210043298,0.0534099995530947,22.17393050216556,0.0,2023,No Pressure
0001420800,COLFAX CORP,Technology / Software / Electronics,2021,0.4525843638748635,0.041818505298376,0.0665860987057841,22.86513566709289,1.0,2022,Pressure
0001420800,ENOVIS CORP,Industrial / Manufacturing,2022,0.1926981537228824,-0.0130722579171627,-0.045536404877228,22.175640031006708,0.0,2023,No Pressure
0001421182,VERSO CORP,Industrial / Manufacturing,2021,0.3374407582938388,0.1706161137440758,-0.0226917057902973,20.77680660482231,,2022,Unknown
0001421517,"ENERGY RECOVERY, INC.",Technology / Software / Electronics,2021,0.1633721746455145,0.0632972998268519,0.1331132583923621,19.18003692930232,0.0,2022,No Pressure
0001421517,"ENERGY RECOVERY, INC.",Technology / Software / Electronics,2022,0.1460613069540497,0.0581969139186966,0.1976972872259955,19.19558762346617,0.0,2023,No Pressure
0001422930,"PUBMATIC, INC.",Technology / Software / Electronics,2021,0.5325827176649128,0.1611751769762729,0.2590873834329332,20.12581967071412,0.0,2022,No Pressure
0001422930,"PUBMATIC, INC.",Technology / Software / Electronics,2022,0.5138583719391132,0.1358072176587378,0.1580466495046415,20.2803714117365,0.0,2023,No Pressure
0001423221,QUANEX BUILDING PRODUCTS CORP,Industrial / Manufacturing,2021,0.4147936145920318,0.1095573402776712,0.0763606550955137,20.39103678666369,0.0,2022,No Pressure
0001423221,QUANEX BUILDING PRODUCTS CORP,Industrial / Manufacturing,2022,0.3585093918580436,0.135195558481239,0.0911017747003279,20.401153798750062,0.0,2023,No Pressure
0001423774,ZUORA INC,Technology / Software / Electronics,2021,0.61335699328275,0.0423476834099335,-0.2773736942590659,19.90512670104569,1.0,2022,Pressure
0001423774,ZUORA INC,Technology / Software / Electronics,2022,0.8546809891743619,-0.0308765506328167,-0.4732672367434427,20.32069354211631,1.0,2023,Pressure
0001423902,"WESTERN MIDSTREAM PARTNERS, LP",Energy / Capital-intensive,2021,0.7253846974726248,0.1567319806771513,0.4644417836369608,23.145683330967927,0.0,2022,No Pressure
0001423902,"WESTERN MIDSTREAM PARTNERS, LP",Energy / Capital-intensive,2022,0.7242532312102564,0.150947671445509,0.4883223376175262,23.14555460895776,0.0,2023,No Pressure
0001424844,"SOUTHWEST IOWA RENEWABLE ENERGY, LLC",Industrial / Manufacturing,2021,,0.040722130592101,0.031675582854501,18.868093619061085,0.0,2022,No Pressure
0001424844,"SOUTHWEST IOWA RENEWABLE ENERGY, LLC",Industrial / Manufacturing,2022,,0.4041624580699063,0.1382654181465935,18.893093974026858,,2023,Unknown
0001424929,FOX FACTORY HOLDING CORP,Industrial / Manufacturing,2021,0.4101307027839409,0.0430749824012076,0.1515814463336679,21.139162348952425,0.0,2022,No Pressure
0001424929,FOX FACTORY HOLDING CORP,Industrial / Manufacturing,2022,0.3070746742332865,0.1156088723231764,0.1539459503984733,21.20466429842394,0.0,2023,No Pressure
0001425292,"CVR PARTNERS, LP",Industrial / Manufacturing,2021,,0.1674492350881676,0.2525043138977921,20.84287653563097,0.0,2022,No Pressure
0001425292,"CVR PARTNERS, LP",Industrial / Manufacturing,2022,,0.2739580625989411,0.3828603707107843,20.8189414054427,0.0,2023,No Pressure
0001428336,"HEALTHEQUITY, INC.",Technology / Software / Electronics,2021,0.4037611253187053,0.0453782978479625,-0.0320372847482539,21.856956296235893,0.0,2022,No Pressure
0001428336,"HEALTHEQUITY, INC.",Technology / Software / Electronics,2022,0.3863058046553789,0.048771407297096,0.0105100330955221,21.851080877746355,0.0,2023,No Pressure
0001431695,OLO INC.,Technology / Software / Electronics,2021,0.0716069831559673,0.021502204065217,-0.1872958063306732,20.44338790084981,0.0,2022,No Pressure
0001431695,OLO INC.,Technology / Software / Electronics,2022,0.1005026032734971,0.0030223244563297,-0.278656339669047,20.469098487094925,1.0,2023,Pressure
0001432133,KALTURA INC,Technology / Software / Electronics,2021,0.6181071506943792,-0.0990178823339737,-0.1980111019537499,19.223995372835063,1.0,2022,Pressure
0001432133,KALTURA INC,Technology / Software / Electronics,2022,0.7897570463353236,-0.227131846864981,-0.333977051258508,19.14421648435153,1.0,2023,Pressure
0001433195,APPFOLIO INC,Technology / Software / Electronics,2021,0.2711553685263114,0.0867390329324513,-0.0330522859448479,19.82681940061795,0.0,2022,No Pressure
0001433195,APPFOLIO INC,Technology / Software / Electronics,2022,0.303425607987052,0.0665369068011132,-0.1533642873339366,19.75887932738572,0.0,2023,No Pressure
0001433270,ANTERO RESOURCES CORP,Energy / Capital-intensive,2021,0.5634814681767992,0.1194626456334992,0.0051651371856972,23.35490486178109,0.0,2022,No Pressure
0001433270,ANTERO RESOURCES CORP,Energy / Capital-intensive,2022,0.5029653905900104,0.2161307246707563,0.3605698783318923,23.370719178417648,0.0,2023,No Pressure
0001433660,JOHN BEAN TECHNOLOGIES CORP,Technology / Software / Electronics,2021,,0.1053983375361912,0.0856928758764652,21.484725658155423,0.0,2022,No Pressure
0001433660,JOHN BEAN TECHNOLOGIES CORP,Technology / Software / Electronics,2022,,0.0550675283464262,0.0777469990766389,21.672643122195336,0.0,2023,No Pressure
0001436208,LEGACY HOUSING CORP,Industrial / Manufacturing,2021,0.1561989489100464,0.1644434868695574,0.2982982881619385,19.7199646399004,0.0,2022,No Pressure
0001436208,LEGACY HOUSING CORP,Industrial / Manufacturing,2022,0.125245814570537,-0.003871221781403,0.3035542672606657,19.895015746146164,1.0,2023,Pressure
0001437352,"EVERBRIDGE, INC.",Technology / Software / Electronics,2021,0.6871640923181983,0.0150052568770431,-0.2069548601781056,21.1146421632876,0.0,2022,No Pressure
0001437352,"EVERBRIDGE, INC.",Technology / Software / Electronics,2022,0.7431640347386076,0.017915648008642,-0.1949167847517434,20.84163892160075,0.0,2023,No Pressure
0001438133,TANDEM DIABETES CARE INC,Industrial / Manufacturing,2021,0.5214956409913637,0.1230299943544458,0.0322325444401599,20.623596872527497,0.0,2022,No Pressure
0001438133,TANDEM DIABETES CARE INC,Industrial / Manufacturing,2022,0.5821112572842508,0.047933813646661,-0.1158837119032671,20.774704871663324,1.0,2023,Pressure
0001438533,"TRAVERE THERAPEUTICS, INC.",Industrial / Manufacturing,2021,0.610997729944517,-0.0190463191752088,-0.7110862015912788,20.470478468564497,1.0,2022,Pressure
0001438533,"TRAVERE THERAPEUTICS, INC.",Industrial / Manufacturing,2022,0.9362890935718162,-0.2769776310800865,-1.2572800422605628,20.326639056992057,1.0,2023,Pressure
0001438731,ALJ REGIONAL HOLDINGS INC,Technology / Software / Electronics,2021,0.9414124191136392,0.0580005869938924,0.0206667528631992,19.18453333343625,,2022,Unknown
0001439095,MRC GLOBAL INC.,Consumer / Retail,2021,,0.0335128665469778,0.0026256564141035,21.23668808715811,0.0,2022,No Pressure
0001439095,MRC GLOBAL INC.,Consumer / Retail,2022,,-0.0105540897097625,0.0416294974724947,21.362484676008503,0.0,2023,No Pressure
0001439288,ZURN WATER SOLUTIONS CORP,Technology / Software / Electronics,2021,0.8827131854876125,0.2074788902291918,0.1174662421780656,20.79809497849496,0.0,2022,No Pressure
0001439288,ZURN ELKAY WATER SOLUTIONS CORP,Technology / Software / Electronics,2022,0.4361033519553072,0.0338687150837988,0.0835543766578249,21.77548508639397,0.0,2023,No Pressure
0001439404,ZYNGA INC,Technology / Software / Electronics,2021,0.5106229064775354,0.039912563493686,0.0199250133904659,22.573121243522248,,2022,Unknown
0001441236,CLEARWATER PAPER CORP,Industrial / Manufacturing,2021,0.6971776817939767,0.0570380450860895,0.0067697168001805,21.24805353632014,0.0,2022,No Pressure
0001441236,CLEARWATER PAPER CORP,Industrial / Manufacturing,2022,0.664220722042853,0.0881714117992368,0.0547569828373635,21.25595079565232,0.0,2023,No Pressure
0001441683,APPIAN CORP,Technology / Software / Electronics,2021,0.5363564107595551,-0.1068701079642193,-0.2272307513154723,20.039116060081408,1.0,2022,Pressure
0001441683,APPIAN CORP,Technology / Software / Electronics,2022,0.7548021419892497,-0.1793141864715405,-0.3098563861270836,20.20275008348866,1.0,2023,Pressure
0001441816,"MONGODB, INC.",Technology / Software / Electronics,2021,0.7278317823242113,0.0028494587661272,-0.3311626927540279,21.619185684504945,1.0,2022,Pressure
0001441816,"MONGODB, INC.",Technology / Software / Electronics,2022,0.7143535866488109,-0.0050098632890582,-0.2699721192486215,21.674496208549684,0.0,2023,No Pressure
0001442145,"VERISK ANALYTICS, INC.",Technology / Software / Electronics,2021,0.6359549698390133,0.1480129608995786,0.3336557059961315,22.77842749348031,0.0,2022,No Pressure
0001442145,"VERISK ANALYTICS, INC.",Technology / Software / Electronics,2022,0.7460602490985621,0.1521311287009237,0.5632759311173408,22.66360334492545,0.0,2023,No Pressure
0001442236,QUEST RESOURCE HOLDING CORP,Energy / Capital-intensive,2021,0.5808631503510124,0.0146068793597336,0.0296910697442827,18.984097339658067,0.0,2022,No Pressure
0001442236,QUEST RESOURCE HOLDING CORP,Energy / Capital-intensive,2022,0.608029991605812,-0.0128954238398831,0.0049477882387515,19.01671689915857,0.0,2023,No Pressure
0001443669,PROTO LABS INC,Industrial / Manufacturing,2021,0.1077869267334495,0.0594907073365626,0.082651434752857,20.64916925042018,0.0,2022,No Pressure
0001443669,PROTO LABS INC,Industrial / Manufacturing,2022,0.1302968954134296,0.0773890257402439,-0.2006212146650887,20.50282862144953,0.0,2023,No Pressure
0001444380,NEVRO CORP,Industrial / Manufacturing,2021,0.4715530925394748,-0.0728943301122281,-0.2867215466328944,20.169087242398543,0.0,2022,No Pressure
0001444380,NEVRO CORP,Industrial / Manufacturing,2022,0.4623643776311071,0.040960611412863,0.0151686291880452,20.216445516234263,1.0,2023,Pressure
0001445305,WORKIVA INC,Technology / Software / Electronics,2021,0.9072409721401344,0.0633535809568114,-0.0662215053520872,20.483432534580555,0.0,2022,No Pressure
0001445305,WORKIVA INC,Technology / Software / Electronics,2022,0.9927002757375368,0.0138283594836631,-0.1650271903323263,20.52435137739876,0.0,2023,No Pressure
0001446847,IRONWOOD PHARMACEUTICALS INC,Industrial / Manufacturing,2021,,0.2323974844865727,0.5613469872121774,20.84276029705793,0.0,2022,No Pressure
0001446847,IRONWOOD PHARMACEUTICALS INC,Industrial / Manufacturing,2022,,0.2487580859576254,0.6096917651414042,20.819047724570016,0.0,2023,No Pressure
0001447669,TWILIO INC,Technology / Software / Electronics,2021,0.1513341669616985,-0.0044767904969443,-0.3221801094291407,23.28810734251521,1.0,2022,Pressure
0001447669,TWILIO INC,Technology / Software / Electronics,2022,0.159599926904029,-0.020245291740792,-0.3150044128550636,23.254125614525567,0.0,2023,No Pressure
0001448056,"NEW RELIC, INC.",Technology / Software / Electronics,2021,0.7587741110315718,0.002538408843525,-0.2909572118377485,21.07930678064946,0.0,2022,No Pressure
0001448056,"NEW RELIC, INC.",Technology / Software / Electronics,2022,0.7438069411870828,0.0378926686812195,-0.2001272652237512,21.073223873586223,,2023,Unknown
0001449488,CSI COMPRESSCO LP,Energy / Capital-intensive,2021,,0.037593391669816,,20.3980355732831,,2022,Unknown
0001449488,CSI COMPRESSCO LP,Energy / Capital-intensive,2022,,0.0492024534781832,,20.39809371426661,,2023,Unknown
0001451505,TRANSOCEAN LTD.,Energy / Capital-intensive,2021,,0.0278032977128765,-0.0438184663536776,23.752481241365302,0.0,2022,No Pressure
0001451505,TRANSOCEAN LTD.,Energy / Capital-intensive,2022,,0.0219220982579761,-0.0120388349514563,23.740563888463896,0.0,2023,No Pressure
0001451809,SITIME CORP,Technology / Software / Electronics,2021,0.0674010518881347,0.087108841079962,0.1500996307264816,20.334966059463937,0.0,2022,No Pressure
0001451809,SITIME CORP,Technology / Software / Electronics,2022,0.0561352275997314,0.0529591695354215,0.0569171911637665,20.43640476205056,1.0,2023,Pressure
0001452857,STEEL PARTNERS HOLDINGS L.P.,Industrial / Manufacturing,2021,0.7499100077040134,0.0290707823517164,,21.707300821480704,,2022,Unknown
0001452857,STEEL PARTNERS HOLDINGS L.P.,Industrial / Manufacturing,2022,0.7523184796323932,-0.0649690390373592,,21.89755717281661,,2023,Unknown
0001454938,OUTBRAIN INC.,Technology / Software / Electronics,2021,0.6773737576800815,0.0713189008531329,0.0340242017270068,20.49497154456109,0.0,2022,No Pressure
0001454938,OUTBRAIN INC.,Technology / Software / Electronics,2022,0.7211975195481523,0.0048812772995642,-0.013656129231253,20.47627519177136,0.0,2023,No Pressure
0001455684,"TPI COMPOSITES, INC",Technology / Software / Electronics,2021,0.6299239556177875,-0.0253299341769036,-0.0563886405442048,20.730937336601333,1.0,2022,Pressure
0001455684,"TPI COMPOSITES, INC",Technology / Software / Electronics,2022,0.6254697685246774,-0.0647199680723693,-0.0182624622309375,20.68470794511853,1.0,2023,Pressure
0001458891,NOBLE CORP,Energy / Capital-intensive,2021,0.2762628518183773,0.0248938721218148,0.0789692662188037,21.452475865713804,,2022,Unknown
0001459200,"ALARM.COM HOLDINGS, INC.",Technology / Software / Electronics,2021,0.4918446609822121,0.0837303117251007,0.082209009985727,20.93191687811997,0.0,2022,No Pressure
0001459200,"ALARM.COM HOLDINGS, INC.",Technology / Software / Electronics,2022,0.5314738128819935,0.042802820874471,0.060573799579614,21.00797474467101,0.0,2023,No Pressure
0001459417,"2U, INC.",Technology / Software / Electronics,2021,0.6068503361299115,-0.0085699139784334,-0.1770552891986947,21.46948258386337,0.0,2022,No Pressure
0001459417,"2U, INC.",Technology / Software / Electronics,2022,0.7230507731413655,0.0060341528523203,-0.2680670349296009,21.317067155831584,1.0,2023,Pressure
0001460329,"FLUENT, INC.",Technology / Software / Electronics,2021,0.3292832404095769,0.03904683483038,-0.0141685649202733,19.57813410721468,0.0,2022,No Pressure
0001460329,"FLUENT, INC.",Technology / Software / Electronics,2022,0.4892889562915491,0.0106757116688137,-0.331154086848649,19.03027782855403,1.0,2023,Pressure
0001462418,ALTISOURCE PORTFOLIO SOLUTIONS S.A.,Technology / Software / Electronics,2021,,-0.2343022714578291,0.1623284562321731,19.367725683674344,1.0,2022,Pressure
0001462418,ALTISOURCE PORTFOLIO SOLUTIONS S.A.,Technology / Software / Electronics,2022,,-0.2301889695136022,-0.2167058516196447,19.08853576235301,1.0,2023,Pressure
0001463101,"ENPHASE ENERGY, INC.",Technology / Software / Electronics,2021,0.7931144601722924,0.1693047897901941,0.1561681242850289,21.455275974845733,0.0,2022,No Pressure
0001463101,"ENPHASE ENERGY, INC.",Technology / Software / Electronics,2022,0.7323287768944454,0.2414881268886093,0.1923162893584451,21.84958408003073,0.0,2023,No Pressure
0001463172,"ZENDESK, INC.",Technology / Software / Electronics,2021,0.8004233708198862,0.0692544585908009,-0.1245208624214946,21.61987576651142,,2022,Unknown
0001463258,"RENEWABLE ENERGY GROUP, INC.",Industrial / Manufacturing,2021,0.3247894443958132,-0.0063467586629484,0.0688907384288158,21.66286051072714,,2022,Unknown
0001465872,VANTAGE DRILLING INTERNATIONAL,Energy / Capital-intensive,2021,,-0.1006457018504591,-0.4357341244792324,20.36572480520475,0.0,2022,No Pressure
0001465872,VANTAGE DRILLING INTERNATIONAL,Energy / Capital-intensive,2022,,-0.0326223164022462,0.1358228447595401,20.176054545884167,,2023,Unknown
0001466258,TRANE TECHNOLOGIES PLC,Industrial / Manufacturing,2021,0.6526484235705822,0.0879467103733153,0.1431269630174584,23.616954310732183,0.0,2022,No Pressure
0001466258,TRANE TECHNOLOGIES PLC,Industrial / Manufacturing,2022,0.6623528891248562,0.0831784797805503,0.1512597159776634,23.618160683625465,0.0,2023,No Pressure
0001466301,"CLOVIS ONCOLOGY, INC.",Industrial / Manufacturing,2021,1.5897219525709922,-0.4146432249864117,-1.517689923835517,19.974252820689696,,2022,Unknown
0001466593,OTTER TAIL CORP,Energy / Capital-intensive,2021,,0.0839409328343309,0.2086387198331612,21.736621572021285,0.0,2022,No Pressure
0001466593,OTTER TAIL CORP,Energy / Capital-intensive,2022,,0.134167637087861,0.2673856961571939,21.788549168940545,0.0,2023,No Pressure
0001467373,ACCENTURE PLC,Technology / Software / Electronics,2021,,0.2078742967450572,0.1508216478415884,24.48854698599989,0.0,2022,No Pressure
0001467373,ACCENTURE PLC,Technology / Software / Electronics,2022,,0.2018714484932206,0.1520786864954479,24.57900183700441,0.0,2023,No Pressure
0001467623,"DROPBOX, INC.",Technology / Software / Electronics,2021,1.0950732701452464,0.2360819072881959,0.1271606654617915,21.8518575516792,0.0,2022,No Pressure
0001467623,"DROPBOX, INC.",Technology / Software / Electronics,2022,1.0994823317578213,0.2563583164528472,0.0779818486816637,21.857920717282983,0.0,2023,No Pressure
0001467858,GENERAL MOTORS CO,Industrial / Manufacturing,2021,0.731057788965258,0.0620632728283166,0.0734150105508487,26.22337236415432,0.0,2022,No Pressure
0001467858,GENERAL MOTORS CO,Industrial / Manufacturing,2022,0.7262315508811266,0.0607604237284926,0.0658117204198169,26.29935508179136,0.0,2023,No Pressure
0001468327,"RENT THE RUNWAY, INC.",Consumer / Retail,2021,0.8411173184357542,-0.0945251396648044,-0.6192818494835219,19.91918709791382,1.0,2022,Pressure
0001468327,"RENT THE RUNWAY, INC.",Consumer / Retail,2022,1.104997025580012,-0.1418798334324806,-0.349527665317139,19.63321678191321,1.0,2023,Pressure
0001468666,SECUREWORKS CORP,Technology / Software / Electronics,2021,0.3436081361123547,0.0169522597948753,-0.0978561846289521,20.710486529319216,1.0,2022,Pressure
0001468666,SECUREWORKS CORP,Technology / Software / Electronics,2022,0.3364479646080844,-0.0744467040089431,-0.3193893953287663,20.549947629294604,1.0,2023,Pressure
0001469367,SUNRUN INC.,Technology / Software / Electronics,2021,0.5405890172643116,-0.0495767461420841,-0.4137925679864145,23.525610672118468,1.0,2022,Pressure
0001469367,SUNRUN INC.,Technology / Software / Electronics,2022,0.5755306569348748,-0.0440501110473638,-0.2852527459462347,23.68175330400919,1.0,2023,Pressure
0001474432,"PURE STORAGE, INC.",Technology / Software / Electronics,2021,0.7594066305937361,0.1308088660947943,-0.0451191463137275,21.86599548477152,0.0,2022,No Pressure
0001474432,"PURE STORAGE, INC.",Technology / Software / Electronics,2022,0.7343745943230627,0.2165211403543429,0.0303304891273951,21.98836948815877,0.0,2023,No Pressure
0001474735,GENERAC HOLDINGS INC.,Technology / Software / Electronics,2021,0.5341862486623012,0.0842916244685082,0.1929624016371685,22.30795603547709,0.0,2022,No Pressure
0001474735,GENERAC HOLDINGS INC.,Technology / Software / Electronics,2022,0.5415913686956205,0.0113195531759397,0.1240662934140564,22.366034458349827,0.0,2023,No Pressure
0001474903,"BGSF, INC.",Technology / Software / Electronics,2021,0.4835111227654401,0.0449340872035211,0.0607888825963919,18.814707125228743,0.0,2022,No Pressure
0001474903,"BGSF, INC.",Technology / Software / Electronics,2022,0.482535083867363,-0.0365860543747773,0.0545635321287556,19.08683263855336,0.0,2023,No Pressure
0001475115,"EVENTBRITE, INC.",Technology / Software / Electronics,2021,0.8118443901056064,0.087578185909703,-0.3621896608847136,20.621206534062416,0.0,2022,No Pressure
0001475115,"EVENTBRITE, INC.",Technology / Software / Electronics,2022,0.8139837990392895,0.0096160396882214,-0.1791382264004875,20.612757651407684,0.0,2023,No Pressure
0001476840,"EXPENSIFY, INC.",Technology / Software / Electronics,2021,0.5818255254812704,0.0299432900503785,-0.0717751251443973,19.02615997384353,0.0,2022,No Pressure
0001476840,"EXPENSIFY, INC.",Technology / Software / Electronics,2022,0.537478417625487,0.1563729244058009,-0.0898669577273666,19.163765054474453,1.0,2023,Pressure
0001477294,SENSATA TECHNOLOGIES HOLDING PLC,Industrial / Manufacturing,2021,0.6407223042743441,0.0643331848113821,0.1657346643613939,22.876627458245345,0.0,2022,No Pressure
0001477294,SENSATA TECHNOLOGIES HOLDING PLC,Industrial / Manufacturing,2022,0.6447317449767137,0.0526018076293195,0.1663180503030083,22.89303014203373,0.0,2023,No Pressure
0001477333,"CLOUDFLARE, INC.",Technology / Software / Electronics,2021,0.6560819638198013,0.0272538216604814,-0.1945139284549972,21.587029250601866,0.0,2022,No Pressure
0001477333,"CLOUDFLARE, INC.",Technology / Software / Electronics,2022,0.7588925108620553,0.047758652935112,-0.2063110554211728,21.674115664653364,0.0,2023,No Pressure
0001477720,"ASANA, INC.",Technology / Software / Electronics,2021,0.7116974407207564,-0.1185019129180309,-0.7007348647198873,20.37659072900037,1.0,2022,Pressure
0001477720,"ASANA, INC.",Technology / Software / Electronics,2022,0.6266096173359597,-0.167606493654728,-0.7452797087783163,20.67718315528612,1.0,2023,Pressure
0001478320,ADAPTIVE BIOTECHNOLOGIES CORP,Industrial / Manufacturing,2021,0.3457454643123256,-0.2087271915992306,-1.353897786762038,20.643512421840413,1.0,2022,Pressure
0001478320,ADAPTIVE BIOTECHNOLOGIES CORP,Industrial / Manufacturing,2022,0.4582199512734395,-0.2147342394559062,-1.0802879530295508,20.568501470018404,1.0,2023,Pressure
0001481582,RYERSON HOLDING CORP,Consumer / Retail,2021,0.7697835644234021,0.0147954007439972,0.0960654062340316,21.58429752692527,0.0,2022,No Pressure
0001481582,RYERSON HOLDING CORP,Consumer / Retail,2022,0.6174442016878722,0.2147110482799983,0.091514327281928,21.57097789768366,0.0,2023,No Pressure
0001481646,"ACCOLADE, INC.",Technology / Software / Electronics,2021,0.3342865077333922,-0.0485014340399944,-0.4055370442647433,20.97443614450909,1.0,2022,Pressure
0001481646,"ACCOLADE, INC.",Technology / Software / Electronics,2022,0.4753601330573854,-0.0450740751814091,-1.276398764119821,20.621309521529483,1.0,2023,Pressure
0001481792,"QUAD/GRAPHICS, INC.",Industrial / Manufacturing,2021,0.9276190476190476,0.0722222222222222,0.0313471152546953,21.359842666547063,0.0,2022,No Pressure
0001481792,"QUAD/GRAPHICS, INC.",Industrial / Manufacturing,2022,0.8984016923257727,0.0908449876601245,0.0166304009947155,21.254952351967344,0.0,2023,No Pressure
0001482981,"VITA COCO COMPANY, INC.",Industrial / Manufacturing,2021,0.3762887119969212,-0.0818597962366571,0.0647909294279774,19.101168131429223,0.0,2022,No Pressure
0001482981,"VITA COCO COMPANY, INC.",Industrial / Manufacturing,2022,0.2865334728985573,-0.0552951349383334,0.0071414044840072,19.102549567272334,0.0,2023,No Pressure
0001483510,"EXPRESS, INC.",Consumer / Retail,2021,0.9989614547256191,0.0709672604160215,0.0004165116109963,20.95394413145444,1.0,2022,Pressure
0001483510,"EXPRESS, INC.",Consumer / Retail,2022,0.7800446963331128,-0.1123344000858169,-0.0362019373644848,21.058540929419287,1.0,2023,Pressure
0001484612,"OUTSET MEDICAL, INC.",Industrial / Manufacturing,2021,0.1928585607512126,-0.281066059068234,-1.2720902126664198,19.954239272208472,1.0,2022,Pressure
0001484612,"OUTSET MEDICAL, INC.",Industrial / Manufacturing,2022,0.3852017544955825,-0.3642177873861265,-1.395614301191766,19.80726256625133,1.0,2023,Pressure
0001484778,THREDUP INC.,Consumer / Retail,2021,0.4298249017531996,-0.0970523188462028,-0.2477679989832878,19.70390640841207,1.0,2022,Pressure
0001484778,THREDUP INC.,Consumer / Retail,2022,0.5363406944242055,-0.1725628253871527,-0.3103103901463005,19.52576537839489,1.0,2023,Pressure
0001486159,OASIS PETROLEUM INC.,Energy / Capital-intensive,2021,0.5964126316123335,0.3020153053386313,0.5123303243316459,21.830767498140823,0.0,2022,No Pressure
0001486159,CHORD ENERGY CORP,Energy / Capital-intensive,2022,0.2942631827299349,0.2901526915445611,0.4342962613188461,22.61503367476148,0.0,2023,No Pressure
0001486957,"BWX TECHNOLOGIES, INC.",Technology / Software / Electronics,2021,,0.1543252124827095,0.1628229524960053,21.640108416924388,0.0,2022,No Pressure
0001486957,"BWX TECHNOLOGIES, INC.",Technology / Software / Electronics,2022,,0.0934363114222973,0.1561114708930444,21.686035111250003,0.0,2023,No Pressure
0001487712,AIR LEASE CORP,Technology / Software / Electronics,2021,0.7401223535916904,0.0510530680690023,,24.01794358702795,,2022,Unknown
0001487712,AIR LEASE CORP,Technology / Software / Electronics,2022,0.7659459785915302,0.0486729006058977,,24.06953895429105,,2023,Unknown
0001487952,"VISHAY PRECISION GROUP, INC.",Technology / Software / Electronics,2021,0.4001978830411635,0.072608353955171,0.0860974021684768,19.95083516260378,0.0,2022,No Pressure
0001487952,"VISHAY PRECISION GROUP, INC.",Technology / Software / Electronics,2022,0.3570484664661389,0.0692806591405833,0.1207981686800154,19.98248602411841,0.0,2023,No Pressure
0001488139,"AMERESCO, INC.",Industrial / Manufacturing,2021,,-0.0774426347108374,0.0785014687047841,21.522942300339658,0.0,2022,No Pressure
0001488139,"AMERESCO, INC.",Industrial / Manufacturing,2022,,-0.1175909102443287,0.0728954156439683,21.779951702340067,1.0,2023,Pressure
0001489096,"THERMON GROUP HOLDINGS, INC.",Technology / Software / Electronics,2021,0.3729803084491313,0.0451631852658131,0.1079780922980032,20.271760456822264,0.0,2022,No Pressure
0001489096,"THERMON GROUP HOLDINGS, INC.",Technology / Software / Electronics,2022,0.3550349507180252,0.0888414772123781,0.1252638507455911,20.29191199021176,0.0,2023,No Pressure
0001489393,LYONDELLBASELL INDUSTRIES N.V.,Industrial / Manufacturing,2021,,0.2094333460345109,0.1466874580382474,24.327186351860373,0.0,2022,No Pressure
0001489393,LYONDELLBASELL INDUSTRIES N.V.,Industrial / Manufacturing,2022,,0.1682661900178743,0.1011080057877941,24.31687261058041,0.0,2023,No Pressure
0001490281,"GROUPON, INC.",Technology / Software / Electronics,2021,0.8183785725821565,-0.1070559064359809,-0.0048133197119659,20.8698574482952,1.0,2022,Pressure
0001490281,"GROUPON, INC.",Technology / Software / Electronics,2022,0.9888314082285464,-0.1714589398537668,-0.280118847909729,20.49148131096048,1.0,2023,Pressure
0001490978,"SCHRODINGER, INC.",Industrial / Manufacturing,2021,0.2635894602286622,-0.0934173356581144,-0.807961951990488,20.44419590796508,1.0,2022,Pressure
0001490978,"SCHRODINGER, INC.",Industrial / Manufacturing,2022,0.3495302699586254,-0.173809554929152,-0.8113453621066011,20.350152231258043,1.0,2023,Pressure
0001492426,HORIZON THERAPEUTICS PUBLIC LTD CO,Industrial / Manufacturing,2021,,0.1193020799914447,0.1683378739837776,22.884025580319022,0.0,2022,No Pressure
0001492426,HORIZON THERAPEUTICS PUBLIC LTD CO,Industrial / Manufacturing,2022,,0.1380027419696013,0.1701307561991532,22.93314511593948,,2023,Unknown
0001492633,NIELSEN HOLDINGS PLC,Technology / Software / Electronics,2021,0.6768946395563771,0.0615526802218114,0.2491428571428571,23.104662110457166,,2022,Unknown
0001493594,"MACOM TECHNOLOGY SOLUTIONS HOLDINGS, INC.",Technology / Software / Electronics,2021,0.5840602392110357,0.1308580472514537,0.1334640479799644,20.84914490092073,0.0,2022,No Pressure
0001493594,"MACOM TECHNOLOGY SOLUTIONS HOLDINGS, INC.",Technology / Software / Electronics,2022,0.4638383475938993,0.1125970771406595,0.1965045840306885,21.175498112599463,0.0,2023,No Pressure
0001493761,TURTLE BEACH CORP,Technology / Software / Electronics,2021,0.3866987700917551,-0.0014186243248519,0.0557684643814452,19.25578311647798,1.0,2022,Pressure
0001493761,TURTLE BEACH CORP,Technology / Software / Electronics,2022,0.4556421257505187,-0.2561158476500578,-0.2143517400464678,18.911632183982075,0.0,2023,No Pressure
0001494259,"CARGURUS, INC.",Technology / Software / Electronics,2021,0.2704294022804415,0.1055117467855479,0.1558463399739114,20.65238618768464,0.0,2022,No Pressure
0001494259,"CARGURUS, INC.",Technology / Software / Electronics,2022,0.1679901456366181,0.2762436064208685,0.0655442332035274,20.647574150918103,0.0,2023,No Pressure
0001494319,UNIVAR SOLUTIONS INC.,Consumer / Retail,2021,0.6617634040544129,0.042831007111452,0.0507367206753709,22.636918402614192,0.0,2022,No Pressure
0001494319,UNIVAR SOLUTIONS INC.,Consumer / Retail,2022,0.6509509215332298,0.0764655667044516,0.0725558373201572,22.6897766142782,,2023,Unknown
0001495320,"VERA BRADLEY, INC.",Industrial / Manufacturing,2021,0.3074741182426296,0.0770192408017838,0.0497934140434043,20.0646089699745,1.0,2022,Pressure
0001495320,"VERA BRADLEY, INC.",Industrial / Manufacturing,2022,0.352065878699929,-0.0331791515966586,-0.1897568010304803,19.818164769119832,0.0,2023,No Pressure
0001496963,"SQUARESPACE, INC.",Technology / Software / Electronics,2021,1.014984175403452,0.1369097180920661,-0.3072223540185552,20.617404085691007,0.0,2022,No Pressure
0001496963,"SQUARESPACE, INC.",Technology / Software / Electronics,2022,1.4147624216821786,0.2247983277596551,-0.2443146952842767,20.40926306198483,0.0,2023,No Pressure
0001499200,"SABINE PASS LIQUEFACTION, LLC",Energy / Capital-intensive,2021,,0.1215639512991088,0.2291483757682177,23.491721027967344,0.0,2022,No Pressure
0001499200,"SABINE PASS LIQUEFACTION, LLC",Energy / Capital-intensive,2022,,0.1897013782542113,0.1316951788491446,23.47514151765246,0.0,2023,No Pressure
0001499717,"STAFFING 360 SOLUTIONS, INC.",Technology / Software / Electronics,2021,0.6834712986836748,-0.1985886823178179,-0.0369115639379076,18.115377676313543,1.0,2022,Pressure
0001499717,"STAFFING 360 SOLUTIONS, INC.",Technology / Software / Electronics,2022,0.8977087644962588,-0.1199132979830759,-0.0549451446816676,18.218062610129145,1.0,2023,Pressure
0001500435,"GOPRO, INC.",Industrial / Manufacturing,2021,0.5111324182719135,0.1818849270445812,0.0975088796331703,20.95428152234615,0.0,2022,No Pressure
0001500435,"GOPRO, INC.",Industrial / Manufacturing,2022,0.4321247997771432,0.0053364904705527,0.0356228070095222,20.7973755957414,1.0,2023,Pressure
0001501585,"HUNTINGTON INGALLS INDUSTRIES, INC.",Industrial / Manufacturing,2021,0.7357673849628306,0.071515949938835,0.0538639227215455,23.08666376943107,0.0,2022,No Pressure
0001501585,"HUNTINGTON INGALLS INDUSTRIES, INC.",Industrial / Manufacturing,2022,0.6786405084277425,0.070553559915262,0.0529224428624953,23.108075870288232,0.0,2023,No Pressure
0001503274,QUANTERIX CORP,Industrial / Manufacturing,2021,0.120781134415495,-0.0955222749722348,-0.529921487752813,20.03316800439548,1.0,2022,Pressure
0001503274,QUANTERIX CORP,Industrial / Manufacturing,2022,0.1733283586558237,-0.1111748299742744,-0.9638179716078163,19.889013514622768,1.0,2023,Pressure
0001503802,KARYOPHARM THERAPEUTICS INC.,Industrial / Manufacturing,2021,1.2609619888308412,-0.3508491508491508,-0.4683608252827437,19.53682183818018,1.0,2022,Pressure
0001503802,KARYOPHARM THERAPEUTICS INC.,Industrial / Manufacturing,2022,1.0465027975386128,-0.4175479937013502,-0.9053185122935686,19.696523878706632,1.0,2023,Pressure
0001504461,NGL ENERGY PARTNERS LP,Energy / Capital-intensive,2021,,0.0339100990141417,0.0104484006182753,22.5266812774702,0.0,2022,No Pressure
0001504461,NGL ENERGY PARTNERS LP,Energy / Capital-intensive,2022,,0.0815935209921145,0.0332566063984145,22.42000815028444,0.0,2023,No Pressure
0001504776,WARBY PARKER INC.,Industrial / Manufacturing,2021,0.3509574579140625,-0.0726070360334599,-0.2656463226565187,19.90375239223899,0.0,2022,No Pressure
0001504776,WARBY PARKER INC.,Industrial / Manufacturing,2022,0.4959689260023175,0.0182343456296476,-0.1859233722112246,20.158875922734047,0.0,2023,No Pressure
0001505155,"UPLAND SOFTWARE, INC.",Technology / Software / Electronics,2021,0.6926279413065217,0.0405614344703194,-0.1148184202161475,20.75186009746809,0.0,2022,No Pressure
0001505155,"UPLAND SOFTWARE, INC.",Technology / Software / Electronics,2022,0.6217543708389801,0.0269242064593307,-0.1267810263376016,20.83073722404669,0.0,2023,No Pressure
0001505952,"DOMO, INC.",Technology / Software / Electronics,2021,1.515059957725,0.001549538204907,-0.3429588193564143,19.315089812912746,1.0,2022,Pressure
0001505952,"DOMO, INC.",Technology / Software / Electronics,2022,1.604668836425515,-0.04497844008657,-0.2879456981321583,19.30492751224802,0.0,2023,No Pressure
0001506293,"PINTEREST, INC.",Technology / Software / Electronics,2021,0.1409277521048909,0.2128516656215951,0.126525827696917,21.98661203385139,0.0,2022,No Pressure
0001506293,"PINTEREST, INC.",Technology / Software / Electronics,2022,0.1504314306203125,0.1214690128484258,-0.0362798627261938,22.07464002458188,0.0,2023,No Pressure
0001506307,"KINDER MORGAN, INC.",Energy / Capital-intensive,2021,0.5466797318791183,0.0810611224721654,0.1755568934376881,24.977686347029348,0.0,2022,No Pressure
0001506307,"KINDER MORGAN, INC.",Energy / Capital-intensive,2022,0.5417392048859841,0.0708781643311738,0.21171875,24.97287474436879,0.0,2023,No Pressure
0001507079,"FLOOR & DECOR HOLDINGS, INC.",Consumer / Retail,2021,0.6453210460785457,0.0807736896208347,0.0987297923159614,22.0398603805912,0.0,2022,No Pressure
0001507079,"FLOOR & DECOR HOLDINGS, INC.",Consumer / Retail,2022,0.6191487396012448,0.0258431960346034,0.0930384598518972,22.19372715876592,0.0,2023,No Pressure
0001507605,"MARATHON DIGITAL HOLDINGS, INC.",Technology / Software / Electronics,2021,0.5283783799525117,-0.0125797549851845,-0.5655031108153146,21.09361791776961,1.0,2022,Pressure
0001507605,"MARATHON DIGITAL HOLDINGS, INC.",Technology / Software / Electronics,2022,,-0.1476526968552028,-5.63780116005537,20.901616186424217,0.0,2023,No Pressure
0001509589,"CIVITAS RESOURCES, INC.",Energy / Capital-intensive,2021,0.3094533137576986,0.040735448113071,,22.631479014370186,,2022,Unknown
0001509589,"CIVITAS RESOURCES, INC.",Energy / Capital-intensive,2022,0.3258499543179309,0.3107410631433704,,22.799125847719512,,2023,Unknown
0001509991,KOSMOS ENERGY LTD.,Energy / Capital-intensive,2021,,0.0757681528203469,,22.32076294104276,,2022,Unknown
0001509991,KOSMOS ENERGY LTD.,Energy / Capital-intensive,2022,,0.2468294676754611,,22.24496221520008,,2023,Unknown
0001510295,MARATHON PETROLEUM CORP,Industrial / Manufacturing,2021,0.6066554999824301,0.0510700104248415,0.0358384104414792,25.170295728513192,0.0,2022,No Pressure
0001510295,MARATHON PETROLEUM CORP,Industrial / Manufacturing,2022,0.6097281544758854,0.181983004093255,0.1209841479152226,25.22200827132737,0.0,2023,No Pressure
0001511737,UBIQUITI INC.,Technology / Software / Electronics,2021,0.996970768306986,0.6869049422829789,0.3912303605617003,20.60783815139889,0.0,2022,No Pressure
0001511737,UBIQUITI INC.,Technology / Software / Electronics,2022,1.4532621769313092,0.4383257252175889,0.2732554152883621,20.55450630000772,0.0,2023,No Pressure
0001512673,"BLOCK, INC.",Technology / Software / Electronics,2021,0.7620533422798204,0.0608821174910044,0.0091223683913264,23.35700648667661,0.0,2022,No Pressure
0001512673,"BLOCK, INC.",Technology / Software / Electronics,2022,0.4499691369242904,0.0056083756265873,-0.0356232439196748,24.168937415742235,0.0,2023,No Pressure
0001512762,"COHERUS BIOSCIENCES, INC.",Industrial / Manufacturing,2021,0.8561444002508339,-0.0551010254160692,-0.8080146745837556,20.33662346590465,1.0,2022,Pressure
0001512762,"COHERUS BIOSCIENCES, INC.",Industrial / Manufacturing,2022,1.2857832117076742,-0.5014568043473288,-1.2171984723419982,19.99105969223111,1.0,2023,Pressure
0001514416,BANDWIDTH INC.,Technology / Software / Electronics,2021,0.6127828263442258,0.038293295693541,-0.0045568712607479,20.786746612305603,0.0,2022,No Pressure
0001514416,BANDWIDTH INC.,Technology / Software / Electronics,2022,0.7071217817797568,0.0375608779771832,-0.0424390039640444,20.64996154283388,0.0,2023,No Pressure
0001514705,"SUNCOKE ENERGY, INC.",Industrial / Manufacturing,2021,0.6685650612851306,0.144298625727374,0.0971840659340659,21.20284844159152,0.0,2022,No Pressure
0001514705,"SUNCOKE ENERGY, INC.",Industrial / Manufacturing,2022,0.6236552641121721,0.1262540795358394,0.0779214195183777,21.226825125324734,0.0,2023,No Pressure
0001515673,ULTRAGENYX PHARMACEUTICAL INC.,Industrial / Manufacturing,2021,0.3940076077396369,-0.2224748209566887,-1.08631326727489,21.14355190402836,1.0,2022,Pressure
0001515673,ULTRAGENYX PHARMACEUTICAL INC.,Industrial / Manufacturing,2022,0.7719140907079131,-0.2461849151441268,-1.7860368976877703,21.158577085298628,1.0,2023,Pressure
0001516513,"DOXIMITY, INC.",Technology / Software / Electronics,2021,0.1137461076080564,0.1276785254958607,0.3304807479595282,20.71458527061096,0.0,2022,No Pressure
0001516513,"DOXIMITY, INC.",Technology / Software / Electronics,2022,0.1502100470758773,0.1579768631562651,0.2985500606130026,20.8515605429052,0.0,2023,No Pressure
0001517022,"AKEBIA THERAPEUTICS, INC.",Industrial / Manufacturing,2021,0.8545219294072876,-0.4813338407382742,-1.2422534156139675,20.079955893136407,1.0,2022,Pressure
0001517022,"AKEBIA THERAPEUTICS, INC.",Industrial / Manufacturing,2022,0.9734474035755905,-0.2079242816132791,-0.2703843446046165,19.67865866519909,1.0,2023,Pressure
0001517175,"CHEFS' WAREHOUSE, INC.",Consumer / Retail,2021,0.6738567417430701,-0.0185314701595742,0.0061927289995113,20.79446494051259,0.0,2022,No Pressure
0001517175,"CHEFS' WAREHOUSE, INC.",Consumer / Retail,2022,0.7339759729039235,0.0153276759495817,0.0328070838015932,21.134909154553498,0.0,2023,No Pressure
0001517228,"COMMSCOPE HOLDING COMPANY, INC.",Technology / Software / Electronics,2021,0.9321618462234624,0.0092235755496059,0.0056599159164754,23.30798011367796,0.0,2022,No Pressure
0001517228,"COMMSCOPE HOLDING COMPANY, INC.",Technology / Software / Electronics,2022,1.038141612610608,0.0162596060040734,-0.0773507005775836,23.181606036358176,1.0,2023,Pressure
0001517375,"SPROUT SOCIAL, INC.",Technology / Software / Electronics,2021,0.4514519279079168,0.0559729824680696,-0.1495217157549012,19.39417189256212,0.0,2022,No Pressure
0001517375,"SPROUT SOCIAL, INC.",Technology / Software / Electronics,2022,0.5157287697332608,0.036295590636908,-0.2035866807444411,19.49881818283337,0.0,2023,No Pressure
0001517413,"FASTLY, INC.",Technology / Software / Electronics,2021,0.5303642393308075,-0.0178238274772813,-0.6181271695876726,21.492920252447288,1.0,2022,Pressure
0001517413,"FASTLY, INC.",Technology / Software / Electronics,2022,0.4962547063387045,-0.0367235497040524,-0.5689502570916865,21.3630718386868,0.0,2023,No Pressure
0001519061,TRINSEO PLC,Industrial / Manufacturing,2021,,0.0960697763252833,0.0955774210253754,22.27342072742889,0.0,2022,No Pressure
0001519061,TRINSEO PLC,Industrial / Manufacturing,2022,,0.0115685335886389,-0.0732856711308025,22.0477379846889,1.0,2023,Pressure
0001519751,"FORTUNE BRANDS HOME & SECURITY, INC.",Industrial / Manufacturing,2021,0.6138202162243895,0.0867795670472014,0.1424223821527932,22.794700408350337,0.0,2022,No Pressure
0001519751,"FORTUNE BRANDS INNOVATIONS, INC.",Industrial / Manufacturing,2022,0.6590534071786829,0.0925190739923867,0.1639424094854965,22.534974981645465,0.0,2023,No Pressure
0001520006,MATADOR RESOURCES CO,Energy / Capital-intensive,2021,,0.2471415268292809,0.4769002171401838,22.17304026885225,0.0,2022,No Pressure
0001520006,MATADOR RESOURCES CO,Energy / Capital-intensive,2022,,0.3562403850568142,0.5752961470229969,22.43787514733671,0.0,2023,No Pressure
0001520262,ALKERMES PLC.,Industrial / Manufacturing,2021,0.4504357653604572,0.0502424321456726,-0.0249516294341815,21.42858069071324,0.0,2022,No Pressure
0001520262,ALKERMES PLC.,Industrial / Manufacturing,2022,0.4685515825533687,0.0107149876424277,-0.1279597407795502,21.39823784569579,0.0,2023,No Pressure
0001521036,"LANTHEUS HOLDINGS, INC.",Industrial / Manufacturing,2021,0.4623204412214164,0.0624183823733711,-0.1430476378619405,20.576833296670817,0.0,2022,No Pressure
0001521036,"LANTHEUS HOLDINGS, INC.",Industrial / Manufacturing,2022,0.6615748021960889,0.2132672044369835,0.0387087045657983,21.001850150759527,0.0,2023,No Pressure
0001521332,APTIV PLC,Industrial / Manufacturing,2021,0.5245737768645526,0.0678624979174765,0.0761301062876168,23.614026408189314,0.0,2022,No Pressure
0001521332,APTIV PLC,Industrial / Manufacturing,2022,0.5844452568086274,0.0577133979162858,0.0722168220024015,23.80902161319369,0.0,2023,No Pressure
0001522540,"MARQETA, INC.",Technology / Software / Electronics,2021,0.1403819320380817,0.0311258111712444,-0.3132518006477497,21.327788340393088,1.0,2022,Pressure
0001522540,"MARQETA, INC.",Technology / Software / Electronics,2022,0.1679841115804481,-0.0073239920331957,-0.280414752086992,21.294440845219228,0.0,2023,No Pressure
0001522727,"USA COMPRESSION PARTNERS, LP",Energy / Capital-intensive,2021,0.7910327354362153,0.0958912621808185,0.2226714824269535,21.74138328832913,0.0,2022,No Pressure
0001522727,"USA COMPRESSION PARTNERS, LP",Energy / Capital-intensive,2022,0.8645733766886594,0.0977558066776605,0.2402689192986639,21.703741527837416,0.0,2023,No Pressure
0001524025,"TILLY'S, INC.",Consumer / Retail,2021,0.6539123613622992,0.1255925344130517,0.1129246842182613,20.03971843273328,1.0,2022,Pressure
0001524025,"TILLY'S, INC.",Consumer / Retail,2022,0.6283820141586373,-0.0029742386789756,0.016640387933599,19.980407270122228,1.0,2023,Pressure
0001524472,XYLEM INC.,Technology / Software / Electronics,2021,0.610198163363944,0.0650072498791686,0.1126082771896054,22.83662559695054,0.0,2022,No Pressure
0001524472,XYLEM INC.,Technology / Software / Electronics,2022,0.5594818913480886,0.0749496981891348,0.1126403477001086,22.79668930642644,0.0,2023,No Pressure
0001524741,"U.S. SILICA HOLDINGS, INC.",Energy / Capital-intensive,2021,0.7233361867003064,0.0762961794918003,0.0253062156268938,21.520592836866552,0.0,2022,No Pressure
0001524741,"U.S. SILICA HOLDINGS, INC.",Energy / Capital-intensive,2022,0.6817933874594732,0.1186301691517127,0.1120901788483339,21.51832860666281,0.0,2023,No Pressure
0001524931,"CHUY'S HOLDINGS, INC.",Consumer / Retail,2021,0.4694502991981006,0.1004998748294045,0.0867714084652695,20.020722653884945,0.0,2022,No Pressure
0001524931,"CHUY'S HOLDINGS, INC.",Consumer / Retail,2022,0.4848972473624681,0.0901594629945174,0.0529019575334841,19.97836420515613,0.0,2023,No Pressure
0001525287,SPRAGUE RESOURCES LP,Consumer / Retail,2021,1.0462413317774306,-0.0400337033890238,-0.0091905458869805,21.07269308034136,,2022,Unknown
0001525769,"DAVE & BUSTER'S ENTERTAINMENT, INC.",Consumer / Retail,2021,,0.1206962260048853,0.1435375474672866,21.57588806953088,0.0,2022,No Pressure
0001525769,"DAVE & BUSTER'S ENTERTAINMENT, INC.",Consumer / Retail,2022,,0.1181783640650221,0.133630824662866,22.04794885549164,0.0,2023,No Pressure
0001526520,"TRIPADVISOR, INC.",Technology / Software / Electronics,2021,0.6553079947575361,0.0471821756225425,-0.1452328159645232,21.55138087835371,0.0,2022,No Pressure
0001526520,"TRIPADVISOR, INC.",Technology / Software / Electronics,2022,0.6648501362397821,0.1557026080186843,0.0676943699731903,21.666782555463413,0.0,2023,No Pressure
0001527508,PACTIV EVERGREEN INC.,Industrial / Manufacturing,2021,0.8165503489531406,0.0371741917105825,0.0218870700754092,22.67217149512395,0.0,2022,No Pressure
0001527508,PACTIV EVERGREEN INC.,Industrial / Manufacturing,2022,0.7874349849438818,0.0566657541746509,0.1024115755627009,22.711961765456376,0.0,2023,No Pressure
0001528129,"LAREDO PETROLEUM, INC.",Energy / Capital-intensive,2021,0.7986616631868029,0.1946337208208716,0.5167117981457239,21.66007423492536,0.0,2022,No Pressure
0001528129,"VITAL ENERGY, INC.",Energy / Capital-intensive,2022,0.5925533561692577,0.3043232968247109,0.5519388836711446,21.726142989228936,0.0,2023,No Pressure
0001528356,GENIE ENERGY LTD.,Energy / Capital-intensive,2021,0.5171856274377356,0.2919573791209988,0.0909780740944394,19.25126107474608,0.0,2022,No Pressure
0001528356,GENIE ENERGY LTD.,Energy / Capital-intensive,2022,0.3745150658285755,0.2906327107685103,0.2464164493137139,19.44174582332135,0.0,2023,No Pressure
0001528396,"GUIDEWIRE SOFTWARE, INC.",Technology / Software / Electronics,2021,0.3346265577590235,0.0480596249965006,-0.1420539321670409,21.565627965625424,1.0,2022,Pressure
0001528396,"GUIDEWIRE SOFTWARE, INC.",Technology / Software / Electronics,2022,0.359628161314784,-0.016736534566855,-0.2454387938184673,21.54167777338583,0.0,2023,No Pressure
0001528849,RH,Consumer / Retail,2021,0.7887765839360199,0.1195050239420121,0.2466681032877339,22.43534517183272,0.0,2022,No Pressure
0001528849,RH,Consumer / Retail,2022,0.852209777994756,0.0760340979743238,0.201131214599063,22.392723765118344,0.0,2023,No Pressure
0001529274,"ALKAMI TECHNOLOGY, INC.",Technology / Software / Electronics,2021,0.2105312593067742,-0.0663421227463288,-0.2820470691842086,19.894321844779856,1.0,2022,Pressure
0001529274,"ALKAMI TECHNOLOGY, INC.",Technology / Software / Electronics,2022,0.3167186557165796,-0.0772942512042709,-0.2824154305575953,20.007637848002787,1.0,2023,Pressure
0001529628,"SMART SAND, INC.",Energy / Capital-intensive,2021,0.3552199219825731,0.0867282143420521,-0.5012712399722065,19.73981715890112,0.0,2022,No Pressure
0001529628,"SMART SAND, INC.",Energy / Capital-intensive,2022,0.3236973025224789,0.0150554300936381,-0.0122311722843512,19.7016229254908,0.0,2023,No Pressure
0001530721,CAPRI HOLDINGS LTD,Industrial / Manufacturing,2021,0.6580213903743316,0.0941176470588235,0.1597099398655818,22.735498629066488,0.0,2022,No Pressure
0001530721,CAPRI HOLDINGS LTD,Industrial / Manufacturing,2022,0.7465387251542153,0.1056888279643591,0.1208400071187043,22.71045501905824,0.0,2023,No Pressure
0001530804,TRONOX HOLDINGS PLC,Industrial / Manufacturing,2021,0.6589276766327042,0.1236011357942208,0.1615341545352743,22.512856289056653,0.0,2022,No Pressure
0001530804,TRONOX HOLDINGS PLC,Industrial / Manufacturing,2022,0.6189343482397717,0.0948303203298445,0.1325998841922409,22.564767398227858,0.0,2023,No Pressure
0001530950,"POST HOLDINGS, INC.",Industrial / Manufacturing,2021,0.7535824466157056,0.0473793164554922,0.1053045754573048,23.24214709137777,0.0,2022,No Pressure
0001530950,"POST HOLDINGS, INC.",Industrial / Manufacturing,2022,0.6840909090909091,0.0338344534842589,0.0710281651627016,23.148776276866187,0.0,2023,No Pressure
0001530979,"HONEST COMPANY, INC.",Consumer / Retail,2021,0.3429641558784579,-0.139964856546477,-0.1155727955460568,19.42350507569884,1.0,2022,Pressure
0001530979,"HONEST COMPANY, INC.",Consumer / Retail,2022,0.3916849197211958,-0.3170212677525675,-0.1587114340461213,19.29864220937653,0.0,2023,No Pressure
0001531048,"INARI MEDICAL, INC.",Industrial / Manufacturing,2021,0.2321773629237791,0.0818059844258559,0.0391502758282066,19.55704472177335,1.0,2022,Pressure
0001531048,"INARI MEDICAL, INC.",Industrial / Manufacturing,2022,0.1728645329186436,-0.0277138640727399,-0.073275423695664,20.03838836985245,0.0,2023,No Pressure
0001531152,"BJ'S WHOLESALE CLUB HOLDINGS, INC.",Consumer / Retail,2021,,0.1467049833706539,0.0370379681126555,22.458259874107064,0.0,2022,No Pressure
0001531152,"BJ'S WHOLESALE CLUB HOLDINGS, INC.",Consumer / Retail,2022,,0.1241213324942724,0.0382075949131162,22.571713720850628,0.0,2023,No Pressure
0001531978,"PARAGON 28, INC.",Industrial / Manufacturing,2021,0.1805666290050949,-0.0141422754695261,-0.0730686811696414,19.27315802935877,1.0,2022,Pressure
0001531978,"PARAGON 28, INC.",Industrial / Manufacturing,2022,0.4454033505306777,-0.1935429284283516,-0.3420772619264209,19.3532738707248,1.0,2023,Pressure
0001532286,"NINE ENERGY SERVICE, INC.",Energy / Capital-intensive,2021,1.1028974379803622,-0.1059083416969547,-0.1431376084299938,19.759917566664544,0.0,2022,No Pressure
0001532286,"NINE ENERGY SERVICE, INC.",Energy / Capital-intensive,2022,1.0550729323343502,0.0390596812812475,0.0734231911315139,19.871905739167243,0.0,2023,No Pressure
0001532961,"NV5 GLOBAL, INC.",Technology / Software / Electronics,2021,0.3505644305327862,0.1054553128407816,,20.68446575635485,,2022,Unknown
0001532961,"NV5 GLOBAL, INC.",Technology / Software / Electronics,2022,0.2580710317048956,0.1004357058659453,,20.656830051540684,,2023,Unknown
0001533924,AMPLIFY ENERGY CORP.,Energy / Capital-intensive,2021,1.1424763788178425,0.1383629971434849,-0.0746800965834198,19.93602773518419,0.0,2022,No Pressure
0001533924,AMPLIFY ENERGY CORP.,Energy / Capital-intensive,2022,1.0099351873212643,0.1403440425874579,0.1570248835220828,19.945601622661805,0.0,2023,No Pressure
0001534504,PBF ENERGY INC.,Industrial / Manufacturing,2021,0.782431666294432,0.0410002233408352,0.02191286224838,23.177833547017244,0.0,2022,No Pressure
0001534504,PBF ENERGY INC.,Industrial / Manufacturing,2022,0.6268386830121558,0.3522005151633688,0.0886861711327922,23.32958596147577,0.0,2023,No Pressure
0001534675,TECNOGLASS INC.,Industrial / Manufacturing,2021,0.5863534399548315,0.1982088129244053,0.2354841631691778,20.198278746277225,0.0,2022,No Pressure
0001534675,TECNOGLASS INC.,Industrial / Manufacturing,2022,0.5229181760242296,0.1932703987972349,0.31597052625703,20.41443911845399,0.0,2023,No Pressure
0001534701,PHILLIPS 66,Industrial / Manufacturing,2021,0.610803324099723,0.1082311040759794,,24.741341118728773,,2022,Unknown
0001534701,PHILLIPS 66,Industrial / Manufacturing,2022,0.5538316632217891,0.1414536511341932,,25.059798120301163,,2023,Unknown
0001535527,"CROWDSTRIKE HOLDINGS, INC.",Technology / Software / Electronics,2021,0.7132300329898924,0.1588511547015087,-0.0982010121287357,22.00929252545085,0.0,2022,No Pressure
0001535527,"CROWDSTRIKE HOLDINGS, INC.",Technology / Software / Electronics,2022,0.7040839225391621,0.1872077015203301,-0.0848246235559307,22.337997711800565,0.0,2023,No Pressure
0001537028,"INDEPENDENCE CONTRACT DRILLING, INC.",Energy / Capital-intensive,2022,0.5003374337349958,0.0665023713446618,-0.0112206095013657,19.87863043141198,0.0,2023,No Pressure
0001538849,CROSSAMERICA PARTNERS LP,Consumer / Retail,2021,0.9554711205518752,0.0751632494634458,0.0100939887278344,20.96239454297746,0.0,2022,No Pressure
0001538849,CROSSAMERICA PARTNERS LP,Consumer / Retail,2022,0.9369256128257816,0.128580629014234,0.0193271200525664,20.950081040289128,0.0,2023,No Pressure
0001539838,"DIAMONDBACK ENERGY, INC.",Energy / Capital-intensive,2021,0.4215652022010656,0.1722421172154773,0.5886420479623363,23.854315407491704,0.0,2022,No Pressure
0001539838,"DIAMONDBACK ENERGY, INC.",Energy / Capital-intensive,2022,0.4013506810637567,0.2413293143576634,0.6748937052784403,23.989368700215447,0.0,2023,No Pressure
0001540755,"ANAPLAN, INC.",Technology / Software / Electronics,2021,0.6844944063124898,-0.0181147801857956,-0.3389363972872929,20.54010593003518,,2022,Unknown
0001543151,"UBER TECHNOLOGIES, INC",Technology / Software / Electronics,2021,0.6041419507917677,-0.0114767627791819,-0.2196505299341163,24.381015755889216,0.0,2022,No Pressure
0001543151,"UBER TECHNOLOGIES, INC",Technology / Software / Electronics,2022,0.7351521380298359,0.0199943940951135,-0.057470903786429,24.192402201647905,0.0,2023,No Pressure
0001544522,FRESHWORKS INC.,Technology / Software / Electronics,2021,0.1650735224694701,0.007728558981179,-0.5519403162076643,21.11720612267991,1.0,2022,Pressure
0001544522,FRESHWORKS INC.,Technology / Software / Electronics,2022,0.2379323236363004,-0.0018294238003327,-0.4686194148984235,21.04550584633093,0.0,2023,No Pressure
0001546417,"BLOOMIN' BRANDS, INC.",Consumer / Retail,2021,0.9323522563869214,0.1221681519219275,0.0749464205793491,21.915450736416748,0.0,2022,No Pressure
0001546417,"BLOOMIN' BRANDS, INC.",Consumer / Retail,2022,0.9175078491458172,0.1177325191805265,0.074814989580003,21.923358624031323,0.0,2023,No Pressure
0001547459,"NATURAL GROCERS BY VITAMIN COTTAGE, INC.",Consumer / Retail,2021,0.7821163554319402,0.0822496218013399,0.0268371109485787,20.3002663985402,0.0,2022,No Pressure
0001547459,"NATURAL GROCERS BY VITAMIN COTTAGE, INC.",Consumer / Retail,2022,0.7650277179584623,0.0598590274887348,0.0276746587128599,20.312448432319687,0.0,2023,No Pressure
0001549346,"SHUTTERSTOCK, INC.",Technology / Software / Electronics,2021,0.4499512744948398,0.2540442169282972,0.1397774803953893,20.562756652439926,0.0,2022,No Pressure
0001549346,"SHUTTERSTOCK, INC.",Technology / Software / Electronics,2022,0.4921809746886008,0.1798160202636452,0.113096230367251,20.5967770168039,0.0,2023,No Pressure
0001549922,"SUMMIT MIDSTREAM PARTNERS, LP",Energy / Capital-intensive,2021,0.5993247866568455,0.0654515310835207,,21.64850124605479,,2022,Unknown
0001549922,"SUMMIT MIDSTREAM PARTNERS, LP",Energy / Capital-intensive,2022,0.6549162410096392,0.03857241742462,,21.66325903322964,,2023,Unknown
0001550695,PERFORMANT FINANCIAL CORP,Technology / Software / Electronics,2021,0.3243185637578391,0.0075091199737672,-0.010579373437412,18.619408652516515,1.0,2022,Pressure
0001550695,PERFORMANT FINANCIAL CORP,Technology / Software / Electronics,2022,0.289044289044289,-0.024210446593118,-0.0631960726846424,18.593229712512663,0.0,2023,No Pressure
0001551152,ABBVIE INC.,Industrial / Manufacturing,2021,,0.1554436323185171,0.31894941011086,25.710489198038832,0.0,2022,No Pressure
0001551152,ABBVIE INC.,Industrial / Manufacturing,2022,,0.1796981376751558,0.3120715196196644,25.65633590743226,0.0,2023,No Pressure
0001551182,EATON CORP PLC,Technology / Software / Electronics,2021,,0.0635671672495371,,24.250420164094432,,2022,Unknown
0001551182,EATON CORP PLC,Technology / Software / Electronics,2022,,0.0723424915747986,,24.279013818485712,,2023,Unknown
0001552033,TRANSUNION,Technology / Software / Electronics,2021,0.6829283735654926,0.06397309062129,0.218802783595703,23.25973657786572,0.0,2022,No Pressure
0001552033,TRANSUNION,Technology / Software / Electronics,2022,0.6340399269691334,0.025475086359857,0.1699506725248659,23.17997018078812,0.0,2023,No Pressure
0001552275,SUNOCO LP,Industrial / Manufacturing,2021,0.8605331040412726,0.0933791917454858,0.0425664923846328,22.48370662308901,0.0,2022,No Pressure
0001552275,SUNOCO LP,Industrial / Manufacturing,2022,0.8620790629575402,0.0821376281112737,0.0263515877025924,22.644590510675524,0.0,2023,No Pressure
0001552800,"TILE SHOP HOLDINGS, INC.",Consumer / Retail,2021,0.641317298493359,0.1164785566296315,0.0555975182087941,19.646683108822845,0.0,2022,No Pressure
0001552800,"TILE SHOP HOLDINGS, INC.",Consumer / Retail,2022,0.6854769216533361,0.0078508596908236,0.0572811893529802,19.66143475267136,0.0,2023,No Pressure
0001555280,ZOETIS INC.,Industrial / Manufacturing,2021,0.6730935251798561,0.1592086330935251,,23.355154677155,,2022,Unknown
0001555280,ZOETIS INC.,Industrial / Manufacturing,2022,0.7049916247906197,0.128107202680067,,23.42630349629208,,2023,Unknown
0001556739,"THRYV HOLDINGS, INC.",Technology / Software / Electronics,2021,,0.1311578144439608,0.1706628991666831,20.986016181490783,0.0,2022,No Pressure
0001556739,"THRYV HOLDINGS, INC.",Technology / Software / Electronics,2022,,0.1261362604074958,0.0826039514699082,20.88697950331178,1.0,2023,Pressure
0001559720,"AIRBNB, INC.",Technology / Software / Electronics,2021,0.6516232951968249,0.1597328776346659,0.0716512343618569,23.34128001878232,0.0,2022,No Pressure
0001559720,"AIRBNB, INC.",Technology / Software / Electronics,2022,0.6533233570270607,0.2138670657189175,0.2145493511132277,23.4982267433936,0.0,2023,No Pressure
0001559865,"EVERTEC, INC.",Technology / Software / Electronics,2021,0.5891980474441715,0.1995359709842097,0.3331897808733867,20.85845735168036,0.0,2022,No Pressure
0001559865,"EVERTEC, INC.",Technology / Software / Electronics,2022,0.5805160712281852,0.197360178061627,0.2545241094486011,20.847024760033253,0.0,2023,No Pressure
0001560327,"RAPID7, INC.",Technology / Software / Electronics,2021,1.0972175390486656,0.0416022703511004,-0.2242512196397486,20.9825569232664,0.0,2022,No Pressure
0001560327,"RAPID7, INC.",Technology / Software / Electronics,2022,1.0883552576875049,0.0575456349600549,-0.1629204052647635,21.030008350312773,0.0,2023,No Pressure
0001561550,"DATADOG, INC.",Technology / Software / Electronics,2021,0.5626656485189395,0.1203569061413965,-0.0186200407471344,21.59069988285861,0.0,2022,No Pressure
0001561550,"DATADOG, INC.",Technology / Software / Electronics,2022,0.5305908577194484,0.1392437963666763,-0.0350396991224404,21.823494152805573,0.0,2023,No Pressure
0001561680,"TRI POINTE HOMES, INC.",Industrial / Manufacturing,2021,0.4355380246818487,0.0967507898002478,0.1519347803431992,22.1902695298812,0.0,2022,No Pressure
0001561680,"TRI POINTE HOMES, INC.",Industrial / Manufacturing,2022,0.3990324029542748,0.0941274677220473,0.1716707680498228,22.27506192481054,,2023,Unknown
0001562088,"DUOLINGO, INC.",Technology / Software / Electronics,2021,0.2241834779702742,0.0138663956897737,-0.2392890753353644,20.309734787921617,0.0,2022,No Pressure
0001562088,"DUOLINGO, INC.",Technology / Software / Electronics,2022,0.2746635766250483,0.0717952972314065,-0.1764435242696112,20.43204016134266,0.0,2023,No Pressure
0001562476,TAYLOR MORRISON HOME CORP,Industrial / Manufacturing,2021,0.5450179352657613,0.0431548606248761,,22.88977653531118,,2022,Unknown
0001562476,TAYLOR MORRISON HOME CORP,Industrial / Manufacturing,2022,0.451421271664618,0.1307765428315218,,22.859881820233586,,2023,Unknown
0001563190,"COMPASS, INC.",Technology / Software / Electronics,2021,0.5292680217705209,-0.0158835943574364,-0.0767793178632611,21.311385780194023,1.0,2022,Pressure
0001563190,"COMPASS, INC.",Technology / Software / Electronics,2022,0.6603613593372905,-0.1902680842736938,-0.0979395147889664,21.150557666932954,1.0,2023,Pressure
0001564408,SNAP INC,Technology / Software / Electronics,2021,0.4970788075749578,0.0388625408787806,-0.1705272807118109,22.74299797862434,0.0,2022,No Pressure
0001564408,SNAP INC,Technology / Software / Electronics,2022,0.6785994412131806,0.0229918583111506,-0.3032056476453911,22.806392829127887,0.0,2023,No Pressure
0001564708,NEWS CORP,Industrial / Manufacturing,2021,,0.0737582732097072,,23.54291704135553,,2022,Unknown
0001564708,NEWS CORP,Industrial / Manufacturing,2022,,0.0786249346727832,,23.56939540632724,,2023,Unknown
0001565687,"INTAPP, INC.",Technology / Software / Electronics,2022,0.4824529290289697,0.0287937412648939,-0.365551639094207,20.018881760283044,0.0,2023,No Pressure
0001566011,PBF HOLDING CO LLC,Industrial / Manufacturing,2021,0.7862280328798186,0.025891085600907,0.0148518491287405,23.14714778498521,0.0,2022,No Pressure
0001566011,PBF HOLDING CO LLC,Industrial / Manufacturing,2022,0.5728506030326534,0.3571200438016151,0.0849155419126732,23.299702804656047,0.0,2023,No Pressure
0001567683,"CLEARWAY ENERGY, INC.",Energy / Capital-intensive,2021,0.7424490751580426,0.0547100600952158,0.2076205287713841,23.27372611755189,0.0,2022,No Pressure
0001567683,"CLEARWAY ENERGY, INC.",Energy / Capital-intensive,2022,0.6724333983105913,0.0639213775178687,1.2352941176470589,23.23384023356421,0.0,2023,No Pressure
0001567892,MALLINCKRODT PLC,Industrial / Manufacturing,2021,0.9648508910646793,0.0510749974765317,-0.0918598333936979,22.911146899391632,1.0,2022,Pressure
0001567892,MALLINCKRODT PLC,Industrial / Manufacturing,2022,0.7316671655193056,0.0078319864312082,-0.3046070982014042,22.51732266538944,1.0,2023,Pressure
0001568100,"PAGERDUTY, INC.",Technology / Software / Electronics,2021,0.6689495168938356,-0.007466073448009,-0.3614514776329443,20.50814997855944,0.0,2022,No Pressure
0001568100,"PAGERDUTY, INC.",Technology / Software / Electronics,2022,0.7040053895898263,0.0207611695214293,-0.348919747675927,20.522217627012417,0.0,2023,No Pressure
0001569345,"SPRINKLR, INC.",Technology / Software / Electronics,2021,0.4393225990874369,-0.0357829934590227,-0.2020130220920644,20.639934227844304,0.0,2022,No Pressure
0001569345,"SPRINKLR, INC.",Technology / Software / Electronics,2022,0.4640616356631424,0.0260099844779124,-0.082861256248079,20.74794966998605,0.0,2023,No Pressure
0001571123,SCIENCE APPLICATIONS INTERNATIONAL CORP,Technology / Software / Electronics,2021,,0.0901496693351897,0.0624830944008655,22.471769797677545,0.0,2022,No Pressure
0001571123,SCIENCE APPLICATIONS INTERNATIONAL CORP,Technology / Software / Electronics,2022,,0.0959769078116543,0.065031152647975,22.435801707564487,0.0,2023,No Pressure
0001571996,DELL TECHNOLOGIES INC.,Technology / Software / Electronics,2021,1.017037795869952,0.1111446595136679,0.0460389141970611,25.253011800298445,0.0,2022,No Pressure
0001571996,DELL TECHNOLOGIES INC.,Technology / Software / Electronics,2022,1.033757016437714,0.0397830623472564,0.056411960782397,25.21874391726024,0.0,2023,No Pressure
0001573221,"THEREALREAL, INC.",Consumer / Retail,2021,0.9031345371312308,-0.1882934363343506,-0.4595075391496968,20.442154133601576,1.0,2022,Pressure
0001573221,"THEREALREAL, INC.",Consumer / Retail,2022,1.2762843930147605,-0.1487181652943842,-0.3134468833938422,20.238174561024938,1.0,2023,Pressure
0001573516,MURPHY USA INC.,Consumer / Retail,2021,0.800602737018922,0.1821550318660145,0.0347916246651882,22.12153817507273,0.0,2022,No Pressure
0001573516,MURPHY USA INC.,Consumer / Retail,2022,0.8446109817617384,0.2412446643383779,0.0413032444628317,22.139895398104905,0.0,2023,No Pressure
0001575051,SISECAM RESOURCES LP,Energy / Capital-intensive,2021,0.3655438983986747,0.0997607215166574,0.1046102573597482,20.11317221336236,0.0,2022,No Pressure
0001575051,SISECAM RESOURCES LP,Energy / Capital-intensive,2022,0.3808602470605745,0.1818723024259562,0.1859463963338425,20.32562007937869,,2023,Unknown
0001575515,"SPROUTS FARMERS MARKET, INC.",Consumer / Retail,2021,0.6716256459290859,0.124798032236159,0.0547677335365726,21.79591566578431,0.0,2022,No Pressure
0001575515,"SPROUTS FARMERS MARKET, INC.",Consumer / Retail,2022,0.6591750858199962,0.1209391020004038,0.0559568272372776,21.845067169712912,0.0,2023,No Pressure
0001575828,EXPRO GROUP HOLDINGS N.V.,Energy / Capital-intensive,2021,0.3003642759395634,0.0087046636594311,-0.1544851906481528,21.340955366253123,0.0,2022,No Pressure
0001575828,EXPRO GROUP HOLDINGS N.V.,Energy / Capital-intensive,2022,0.3361930297674111,0.0413849816638033,0.0019250940662082,21.384484690672444,0.0,2023,No Pressure
0001576169,"BENEFITFOCUS, INC.",Technology / Software / Electronics,2021,0.9889741260001303,0.1284383973378418,-0.0217030220793091,19.379421588083503,,2022,Unknown
0001576427,CRITEO S.A.,Technology / Software / Electronics,2021,0.3958835263922855,0.111370237110372,0.0673740759060168,21.40817467586801,0.0,2022,No Pressure
0001576427,CRITEO S.A.,Technology / Software / Electronics,2022,0.5397382768230495,0.1089810779030471,0.0120366702478875,21.57721041644537,0.0,2023,No Pressure
0001576914,MIX TELEMATICS LTD,Technology / Software / Electronics,2021,0.2982874929384007,0.1074581565625796,0.1008346476474939,19.01154046550868,0.0,2022,No Pressure
0001576914,MIX TELEMATICS LTD,Technology / Software / Electronics,2022,0.3836930727275816,0.1243069046176152,0.0797624712917175,18.98918831682313,,2023,Unknown
0001576940,"CENTURY COMMUNITIES, INC.",Industrial / Manufacturing,2021,0.4954044695894278,-0.0575236296625902,,21.97513583572011,,2022,Unknown
0001576940,"CENTURY COMMUNITIES, INC.",Industrial / Manufacturing,2022,0.4302205197088214,0.0835629226711665,,22.05133954404308,,2023,Unknown
0001576942,"STITCH FIX, INC.",Consumer / Retail,2021,0.4374051607216758,-0.0191357127946197,-0.0301538411751436,20.523776555672946,0.0,2022,No Pressure
0001576942,"STITCH FIX, INC.",Consumer / Retail,2022,0.5779774634254808,0.0724558064705997,-0.1003684849373701,20.454778365150005,1.0,2023,Pressure
0001577526,"C3.AI, INC.",Technology / Software / Electronics,2021,0.1130836614494052,-0.0313863116466091,-0.3288886948263534,20.90264724323076,1.0,2022,Pressure
0001577526,"C3.AI, INC.",Technology / Software / Electronics,2022,0.154930215000316,-0.0738434786767582,-0.7759248928821526,20.881023148764687,1.0,2023,Pressure
0001579157,VINCE HOLDING CORP.,Consumer / Retail,2021,,-0.0006553449160357,0.0014968250574092,19.63626685502619,1.0,2022,Pressure
0001579157,VINCE HOLDING CORP.,Consumer / Retail,2022,,-0.0634953600685687,-0.0711220281891887,19.530381332902472,0.0,2023,No Pressure
0001579214,"EMERALD HOLDING, INC.",Technology / Software / Electronics,2021,0.7039721385542169,0.0847138554216867,-0.4336769759450172,20.78379633762771,0.0,2022,No Pressure
0001579214,"EMERALD HOLDING, INC.",Technology / Software / Electronics,2022,0.6000546249089584,0.1594136926438455,0.5517029763731206,20.81712041332845,0.0,2023,No Pressure
0001579241,ALLEGION PLC,Technology / Software / Electronics,2021,0.7501147164863979,0.1601442150114716,0.1849061867894259,21.838735243008703,0.0,2022,No Pressure
0001579241,ALLEGION PLC,Technology / Software / Electronics,2022,0.7633543796351975,0.1151282822208859,0.179223081390018,22.107357774761653,0.0,2023,No Pressure
0001579298,"BURLINGTON STORES, INC.",Consumer / Retail,2021,,0.1175199199155146,,22.68188248697898,,2022,Unknown
0001579298,"BURLINGTON STORES, INC.",Consumer / Retail,2022,,0.0820382477873257,,22.70696669380544,,2023,Unknown
0001579684,"GANNETT CO., INC.",Industrial / Manufacturing,2021,0.8127291095089971,0.0450671465229455,0.0340006789101154,21.762859983905145,0.0,2022,No Pressure
0001579684,"GANNETT CO., INC.",Industrial / Manufacturing,2022,0.8765965269233421,0.017035748081828,-0.0114076548321174,21.596045545851805,0.0,2023,No Pressure
0001579733,"VITAL FARMS, INC.",Industrial / Manufacturing,2021,0.2010192585104926,0.0859472891724842,0.0001993093165606,19.06222932562935,0.0,2022,No Pressure
0001579733,"VITAL FARMS, INC.",Industrial / Manufacturing,2022,0.262426280826959,-0.0377237196388808,0.0058113520232012,19.18459389446404,0.0,2023,No Pressure
0001580156,HOUGHTON MIFFLIN HARCOURT CO,Industrial / Manufacturing,2021,0.8326356950381911,0.1355780335109508,0.045852596397799,21.40346961237694,,2022,Unknown
0001580560,FLYWIRE CORP,Technology / Software / Electronics,2021,0.2463784197735389,0.0267736717486266,-0.0659063679163207,20.276736519048743,0.0,2022,No Pressure
0001580560,FLYWIRE CORP,Technology / Software / Electronics,2022,0.2853147102050017,0.0080485016024333,-0.1044319654427645,20.329166395749453,0.0,2023,No Pressure
0001580670,"LGI HOMES, INC.",Industrial / Manufacturing,2021,0.4064931448021038,0.0092267200710925,0.1795643425944109,21.57847446780148,1.0,2022,Pressure
0001580670,"LGI HOMES, INC.",Industrial / Manufacturing,2022,0.4743992309336706,-0.1185508450385109,0.1692838436853833,21.86264507894004,0.0,2023,No Pressure
0001580808,"A10 NETWORKS, INC.",Technology / Software / Electronics,2021,0.468593306791152,0.1274457178472849,0.1335295670327385,19.789536433978565,0.0,2022,No Pressure
0001580808,"A10 NETWORKS, INC.",Technology / Software / Electronics,2022,0.5095921214830468,0.1790818330827271,0.1893392975622284,19.726591717082105,0.0,2023,No Pressure
0001580864,"VROOM, INC.",Consumer / Retail,2021,0.6133119256364212,-0.2402822435829724,-0.112621319586528,21.5847835433958,1.0,2022,Pressure
0001580864,"VROOM, INC.",Consumer / Retail,2022,0.7064650558637997,-0.0673645343777466,-0.2933771392184621,21.2050911890816,1.0,2023,Pressure
0001580905,"INSTALLED BUILDING PRODUCTS, INC.",Industrial / Manufacturing,2021,0.7478590033159892,0.0836643072050481,0.095435958651868,21.225979850980988,0.0,2022,No Pressure
0001580905,"INSTALLED BUILDING PRODUCTS, INC.",Industrial / Manufacturing,2022,0.722586922940281,0.156219574441294,0.1293749747176239,21.299279021740507,0.0,2023,No Pressure
0001581280,TWIST BIOSCIENCE CORP,Industrial / Manufacturing,2021,0.1727339669589814,-0.1598696476412803,-1.154103662729629,20.36958213050705,1.0,2022,Pressure
0001581280,TWIST BIOSCIENCE CORP,Industrial / Manufacturing,2022,0.1789025752617596,-0.1293819912667025,-1.1533220347309214,20.68387823090729,1.0,2023,Pressure
0001582961,"DIGITALOCEAN HOLDINGS, INC.",Technology / Software / Electronics,2021,0.7247984883352887,0.0633575996135164,-0.0261013017983437,21.46567687946328,0.0,2022,No Pressure
0001582961,"DIGITALOCEAN HOLDINGS, INC.",Technology / Software / Electronics,2022,0.9718653147626422,0.1074679994801498,-0.0454936649997744,21.31985145559995,0.0,2023,No Pressure
0001582982,"CARECLOUD, INC.",Technology / Software / Electronics,2021,0.3047043621492672,0.0946694308758377,0.0252795507131139,18.76319185978268,0.0,2022,No Pressure
0001582982,"CARECLOUD, INC.",Technology / Software / Electronics,2022,0.2532421754519952,0.1553233363197086,0.0476135594197052,18.729444045058763,1.0,2023,Pressure
0001583708,"SENTINELONE, INC.",Technology / Software / Electronics,2021,0.1916544126108312,-0.0468068207470346,-1.304850121338483,21.437284191840007,1.0,2022,Pressure
0001583708,"SENTINELONE, INC.",Technology / Software / Electronics,2022,0.2665919404598583,-0.08556637639431,-0.953567088841463,21.538149561517137,1.0,2023,Pressure
0001584509,ARAMARK,Consumer / Retail,2021,,0.0457061424730547,0.0158270960605458,23.388837394334217,0.0,2022,No Pressure
0001584509,ARAMARK,Consumer / Retail,2022,,0.0460468720039654,0.0384871361035814,23.43679672500813,0.0,2023,No Pressure
0001585364,PERRIGO CO PLC,Industrial / Manufacturing,2021,0.505865313600046,0.0149917991118102,0.0991615724744485,23.067539748755955,0.0,2022,No Pressure
0001585364,PERRIGO CO PLC,Industrial / Manufacturing,2022,0.5605003040672397,0.0278924963466548,0.0177239644172881,23.12273260166791,0.0,2023,No Pressure
0001585521,"ZOOM VIDEO COMMUNICATIONS, INC.",Technology / Software / Electronics,2021,0.234568323039766,0.2125809030953272,0.259421044210247,22.744987954640703,0.0,2022,No Pressure
0001585521,"ZOOM VIDEO COMMUNICATIONS, INC.",Technology / Software / Electronics,2022,0.2363979618765352,0.1587415947091958,0.0558687081148018,22.81858872492084,0.0,2023,No Pressure
0001585583,"DEL TACO RESTAURANTS, INC.",Consumer / Retail,2021,0.7118660834011123,0.0631498538172385,0.022846090394516,20.40561378577162,,2022,Unknown
0001587246,"CYPRESS ENVIRONMENTAL PARTNERS, L.P.",Technology / Software / Electronics,2021,0.643630514137227,0.0342036338138546,-0.0665206236095365,18.38999471693161,,2022,Unknown
0001587523,KNOWLES CORP,Technology / Software / Electronics,2021,,,0.1333947701877663,21.2723116741096,,2022,Unknown
0001587523,KNOWLES CORP,Technology / Software / Electronics,2022,,,-0.5424349418072447,20.89207991122653,,2023,Unknown
0001587732,"ONE GAS, INC.",Energy / Capital-intensive,2021,,-0.1827701818112571,0.1715462316923007,22.85174989202436,0.0,2022,No Pressure
0001587732,"ONE GAS, INC.",Energy / Capital-intensive,2022,,0.2020012869714968,0.1357472153855403,22.77435882886239,,2023,Unknown
0001589526,BLUE BIRD CORP,Industrial / Manufacturing,2021,,-0.152353800348295,0.0095351574207413,19.6904974698224,1.0,2022,Pressure
0001589526,BLUE BIRD CORP,Industrial / Manufacturing,2022,,-0.0667447818510567,-0.0508345230110524,19.71848809714736,0.0,2023,No Pressure
0001590364,FORTRESS TRANSPORTATION & INFRASTRUCTURE INVESTORS LLC,Technology / Software / Electronics,2021,0.7688869772818017,-0.0045322084092162,,22.305096964918004,,2022,Unknown
0001590364,FTAI AVIATION LTD.,Technology / Software / Electronics,2022,0.9920142477476532,-0.0085023030758029,,21.61098300548374,,2023,Unknown
0001590714,ELEMENT SOLUTIONS INC,Industrial / Manufacturing,2021,0.5133115366651098,0.0634438735793243,0.1249687473956163,22.36000758410247,0.0,2022,No Pressure
0001590714,ELEMENT SOLUTIONS INC,Industrial / Manufacturing,2022,0.5209535656748986,0.0603421905907783,0.127598650662901,22.31325585936162,0.0,2023,No Pressure
0001590877,REGENXBIO INC.,Industrial / Manufacturing,2021,0.3138564903259168,0.1964935937028684,0.3401318600947811,20.831136799693336,1.0,2022,Pressure
0001590877,REGENXBIO INC.,Industrial / Manufacturing,2022,0.3805174325667132,-0.2490051220015649,-2.3320322202902664,20.54086587827911,,2023,Unknown
0001590955,"PAYCOM SOFTWARE, INC.",Technology / Software / Electronics,2021,0.7220299551031135,0.0993305123097092,0.2402285499903365,21.89113829501865,0.0,2022,No Pressure
0001590955,"PAYCOM SOFTWARE, INC.",Technology / Software / Electronics,2022,0.6969627007008048,0.0935558702815339,0.2753592521331163,22.084886541802508,0.0,2023,No Pressure
0001590976,"MALIBU BOATS, INC.",Industrial / Manufacturing,2021,0.4868575521282095,0.1767862528002757,0.1616541556261906,20.42591584843865,0.0,2022,No Pressure
0001590976,"MALIBU BOATS, INC.",Industrial / Manufacturing,2022,0.3967434331854072,0.1936344009227957,0.1760038259017168,20.562305693087268,0.0,2023,No Pressure
0001591588,"A-MARK PRECIOUS METALS, INC.",Consumer / Retail,2021,0.6945721692440547,-0.0441883514423274,,20.898546834567533,,2022,Unknown
0001591588,"A-MARK PRECIOUS METALS, INC.",Consumer / Retail,2022,0.660022916018269,-0.0618067055347105,,21.089753776268623,,2023,Unknown
0001591698,PAYLOCITY HOLDING CORP,Technology / Software / Electronics,2021,0.8025040529880305,0.0517001844808344,0.0913161335185572,21.6049175042836,0.0,2022,No Pressure
0001591698,PAYLOCITY HOLDING CORP,Technology / Software / Electronics,2022,0.8724347652138256,0.0322421602432432,0.0992129253352192,22.29375791065379,0.0,2023,No Pressure
0001592000,"ENLINK MIDSTREAM, LLC",Energy / Capital-intensive,2021,,0.1010585628064881,0.0625944151124007,22.86135357417686,0.0,2022,No Pressure
0001592000,"ENLINK MIDSTREAM, LLC",Energy / Capital-intensive,2022,,0.1212923361461102,0.0693558021819096,22.88094075826024,0.0,2023,No Pressure
0001592016,"AGROFRESH SOLUTIONS, INC.",Industrial / Manufacturing,2021,0.4709362483994528,0.0709864830553591,0.0128201266348974,20.41205853827689,0.0,2022,No Pressure
0001592016,"AGROFRESH SOLUTIONS, INC.",Industrial / Manufacturing,2022,0.5081538174886414,0.0231786845537544,0.0076325978621315,20.36331410304781,,2023,Unknown
0001592057,ENVIVA INC.,Industrial / Manufacturing,2021,0.8593329927495145,0.0173531440165434,-0.0933609042333619,21.377748590117456,1.0,2022,Pressure
0001592057,ENVIVA INC.,Industrial / Manufacturing,2022,0.8876101338851786,-0.0347909415859279,-0.0872604352101298,21.65992374300467,1.0,2023,Pressure
0001592058,PARTY CITY HOLDCO INC.,Consumer / Retail,2021,0.9694996128175818,0.0191507798960138,0.0389818798190745,21.72091533355713,1.0,2022,Pressure
0001592058,PARTY CITY HOLDCO INC.,Consumer / Retail,2022,1.4246674623774194,-0.0752154582407795,-0.3964582340573986,21.42636186370496,,2023,Unknown
0001593034,ENDO INTERNATIONAL PLC,Industrial / Manufacturing,2021,,0.0468838306387914,,22.894307845149747,,2022,Unknown
0001593034,ENDO INTERNATIONAL PLC,Industrial / Manufacturing,2022,,0.046751640387868,,22.47384508795115,,2023,Unknown
0001593548,"PLAYAGS, INC.",Industrial / Manufacturing,2021,0.9432718668251432,0.106892500249041,0.0758694781590783,20.41239838349317,0.0,2022,No Pressure
0001593548,"PLAYAGS, INC.",Industrial / Manufacturing,2022,0.9279139424403908,0.1134850478495102,0.1227038870719631,20.344565827953783,0.0,2023,No Pressure
0001595974,"MAGNITE, INC.",Technology / Software / Electronics,2021,0.6753103650651107,0.0466668288719507,-0.1730737618298382,21.721177845651795,0.0,2022,No Pressure
0001595974,"MAGNITE, INC.",Technology / Software / Electronics,2022,0.7082463656062411,0.0709936867052845,-0.1954428326595259,21.721030744132182,0.0,2023,No Pressure
0001596532,"ARISTA NETWORKS, INC.",Technology / Software / Electronics,2021,0.3061907297134553,0.1771503317941507,0.3136795772916012,22.46975401866509,0.0,2022,No Pressure
0001596532,"ARISTA NETWORKS, INC.",Technology / Software / Electronics,2022,0.2788893956232907,0.0727355244922447,0.3485500911827741,22.63656571863388,0.0,2023,No Pressure
0001596783,"CATALENT, INC.",Industrial / Manufacturing,2021,0.5309482001755926,0.0475197541703248,0.2071035517758879,22.93285806320104,0.0,2022,No Pressure
0001596783,"CATALENT, INC.",Industrial / Manufacturing,2022,0.5436375749500333,0.0417816693632816,0.1565865782932891,23.075307538748223,1.0,2023,Pressure
0001596961,"RUMBLEON, INC.",Technology / Software / Electronics,2021,0.5800093213420786,-0.0313082279817348,-0.0094497250756574,20.75063681171552,1.0,2022,Pressure
0001596961,"RUMBLEON, INC.",Technology / Software / Electronics,2022,0.7994421783277031,-0.0183866979488128,-0.1601021095502986,20.750112227028588,1.0,2023,Pressure
0001597033,SABRE CORP,Technology / Software / Electronics,2021,,-0.0783647967524233,-0.394041595736807,22.38933546917483,1.0,2022,Pressure
0001597033,SABRE CORP,Technology / Software / Electronics,2022,,-0.0557052111931088,-0.1029004558506749,22.325251047056824,0.0,2023,No Pressure
0001597264,BLUEPRINT MEDICINES CORP,Industrial / Manufacturing,2021,0.2247918704705624,-0.2384978737846633,,20.94818780673661,,2022,Unknown
0001597264,BLUEPRINT MEDICINES CORP,Industrial / Manufacturing,2022,0.6187301004072888,-0.3720840475827134,,21.023297834909982,,2023,Unknown
0001597672,RAYONIER ADVANCED MATERIALS INC.,Industrial / Manufacturing,2021,,0.0953872027432041,-0.0074206533585116,21.617320776184982,0.0,2022,No Pressure
0001597672,RAYONIER ADVANCED MATERIALS INC.,Industrial / Manufacturing,2022,,0.0293129624013004,0.0152189496449882,21.57662869698408,0.0,2023,No Pressure
0001598014,IHS MARKIT LTD.,Technology / Software / Electronics,2021,,0.087868557813396,0.3352010476374487,23.551401606086056,,2022,Unknown
0001598428,TIMKENSTEEL CORP,Industrial / Manufacturing,2021,0.4265251531624817,0.1699024937440676,,20.870737117167508,,2022,Unknown
0001598428,TIMKENSTEEL CORP,Industrial / Manufacturing,2022,0.3655268022181146,0.1243068391866913,,20.80207701829492,,2023,Unknown
0001599489,VERITIV CORP,Consumer / Retail,2021,0.739255249343832,0.0634432414698162,0.0306546967374644,21.614607923866707,0.0,2022,No Pressure
0001599489,VERITIV CORP,Consumer / Retail,2022,0.6381604134762634,0.1207886676875957,0.0617382421672753,21.460238497524948,,2023,Unknown
0001599617,NOW INC.,Technology / Software / Electronics,2021,0.3550724637681159,0.0271739130434782,0.0055147058823529,20.822205785707112,0.0,2022,No Pressure
0001599617,NOW INC.,Technology / Software / Electronics,2022,0.3606060606060606,0.0,0.0613295880149812,21.000897574302268,0.0,2023,No Pressure
0001600033,"E.L.F. BEAUTY, INC.",Industrial / Manufacturing,2021,0.3683607206974074,0.0394495301557521,0.0759138605908378,20.019324611726883,0.0,2022,No Pressure
0001600033,"E.L.F. BEAUTY, INC.",Industrial / Manufacturing,2022,0.3099121727465199,0.171059148658246,0.1177225642832956,20.205081539430875,0.0,2023,No Pressure
0001600438,GMS INC.,Consumer / Retail,2021,0.6688825386549689,0.0617191205113897,0.0578839786190407,21.633094937775205,0.0,2022,No Pressure
0001600438,GMS INC.,Consumer / Retail,2022,0.6571001343577292,0.0578569314060467,0.0903838830604924,21.856085975142893,0.0,2023,No Pressure
0001601046,"KEYSIGHT TECHNOLOGIES, INC.",Industrial / Manufacturing,2021,0.5136871867369233,0.1699010409973011,0.2185792349726776,22.774950701709724,0.0,2022,No Pressure
0001601046,"KEYSIGHT TECHNOLOGIES, INC.",Industrial / Manufacturing,2022,0.4861694245492714,0.1412694492467275,0.2461254612546125,22.814882954679867,0.0,2023,No Pressure
0001602065,VIPER ENERGY PARTNERS LP,Energy / Capital-intensive,2021,0.2640696949691515,0.1012234259420089,0.7161018543641826,21.833154639734097,0.0,2022,No Pressure
0001602065,VIPER ENERGY PARTNERS LP,Energy / Capital-intensive,2022,0.2050587373599194,0.2396255546808575,0.7853524715886467,21.79497718513703,0.0,2023,No Pressure
0001603145,"NEXTERA ENERGY PARTNERS, LP",Energy / Capital-intensive,2021,0.4119413996627318,0.0356766441821247,0.2382892057026476,23.666440859814426,0.0,2022,No Pressure
0001603145,"NEXTERA ENERGY PARTNERS, LP",Energy / Capital-intensive,2022,0.3591879229567933,0.0336630227312163,0.1626754748142031,23.86101837056421,1.0,2023,Pressure
0001603756,"AXONICS, INC.",Industrial / Manufacturing,2021,0.1195503198313699,-0.0863334823750558,-0.3982916412446614,20.12168547673689,0.0,2022,No Pressure
0001603756,"AXONICS, INC.",Industrial / Manufacturing,2022,0.1353053675345376,0.0048395927522889,-0.237287268635231,20.306769610659813,1.0,2023,Pressure
0001603923,WEATHERFORD INTERNATIONAL PLC,Technology / Software / Electronics,2021,0.8961038961038961,0.0674486803519061,0.0318244170096021,22.28645036507252,0.0,2022,No Pressure
0001603923,WEATHERFORD INTERNATIONAL PLC,Technology / Software / Electronics,2022,0.8832627118644067,0.0739406779661017,0.0951281459247287,22.27507463675574,0.0,2023,No Pressure
0001604028,"ADVANCED DRAINAGE SYSTEMS, INC.",Industrial / Manufacturing,2021,0.5829638027321741,0.1037407944423604,0.1487436423808776,21.697734152397224,0.0,2022,No Pressure
0001604028,"ADVANCED DRAINAGE SYSTEMS, INC.",Industrial / Manufacturing,2022,0.6570778577276056,0.2439777672454651,0.2342174079106619,21.788364430092223,0.0,2023,No Pressure
0001604643,EVOQUA WATER TECHNOLOGIES CORP.,Technology / Software / Electronics,2021,0.6884681878183372,0.0956208789062604,0.067819607505724,21.34861104429704,0.0,2022,No Pressure
0001604643,EVOQUA WATER TECHNOLOGIES CORP.,Technology / Software / Electronics,2022,0.6758843432930312,0.0827993352391272,0.0598666955274265,21.50756136753541,,2023,Unknown
0001604665,WESTLAKE CHEMICAL PARTNERS LP,Industrial / Manufacturing,2021,0.3430814386188136,0.2758422041496645,0.3380543240444562,21.11577943584089,0.0,2022,No Pressure
0001604665,WESTLAKE CHEMICAL PARTNERS LP,Industrial / Manufacturing,2022,0.3413106177281139,0.3380051735485747,0.2182391204327033,21.039520060739388,0.0,2023,No Pressure
0001604778,"QORVO, INC.",Technology / Software / Electronics,2021,0.3936377224775578,0.1397300491991553,0.2639140076207876,22.73937772664517,0.0,2022,No Pressure
0001604778,"QORVO, INC.",Technology / Software / Electronics,2022,0.4167886175277794,0.1260076543249356,0.0513162019712562,22.624164125196064,0.0,2023,No Pressure
0001604868,GROWGENERATION CORP.,Consumer / Retail,2021,0.191682377682665,0.0112313808132573,0.0355086167923898,19.94529688264688,1.0,2022,Pressure
0001604868,GROWGENERATION CORP.,Consumer / Retail,2022,0.2625595518024005,0.040716734482453,-0.6035065392607292,19.49719056612036,1.0,2023,Pressure
0001606163,"LIMBACH HOLDINGS, INC.",Industrial / Manufacturing,2021,0.671648374652352,-0.0905865905080893,0.0285305831944872,19.4046749868454,0.0,2022,No Pressure
0001606163,"LIMBACH HOLDINGS, INC.",Industrial / Manufacturing,2022,0.6759801192302992,0.1200892190279607,0.0241755941237806,19.50097969917546,0.0,2023,No Pressure
0001606268,"VIA RENEWABLES, INC.",Energy / Capital-intensive,2021,0.6125857080129251,0.0357524853916391,0.0112050014613009,19.68840551297394,0.0,2022,No Pressure
0001606268,"VIA RENEWABLES, INC.",Energy / Capital-intensive,2022,0.6493458226318175,0.0489711436772926,0.0537706327783484,19.61747786755081,0.0,2023,No Pressure
0001606366,"EL POLLO LOCO HOLDINGS, INC.",Consumer / Retail,2021,0.4939229633781155,0.0848813755934478,0.0909735167696313,20.23515689278653,0.0,2022,No Pressure
0001606366,"EL POLLO LOCO HOLDINGS, INC.",Consumer / Retail,2022,0.5292372299562303,0.0645476191273538,0.0640906972735919,20.20779276550592,0.0,2023,No Pressure
0001606498,"AVANOS MEDICAL, INC.",Industrial / Manufacturing,2021,0.2073874325849743,0.0547472720431456,0.0119527262959978,21.189888758659787,0.0,2022,No Pressure
0001606498,"AVANOS MEDICAL, INC.",Industrial / Manufacturing,2022,0.2774078012199899,0.0508702221724774,0.0902439024390243,21.30374811240852,0.0,2023,No Pressure
0001606745,"LIBERTY TRIPADVISOR HOLDINGS, INC.",Technology / Software / Electronics,2021,0.5139396709323584,0.0221663619744058,-0.2050997782705099,22.19940090229461,0.0,2022,No Pressure
0001606745,"LIBERTY TRIPADVISOR HOLDINGS, INC.",Technology / Software / Electronics,2022,0.5122897800776197,0.0840879689521345,0.0589812332439678,22.25754907599536,0.0,2023,No Pressure
0001606757,"KIMBALL ELECTRONICS, INC.",Technology / Software / Electronics,2021,,0.159809891396345,0.0508613128741367,20.517545860962407,0.0,2022,No Pressure
0001606757,"KIMBALL ELECTRONICS, INC.",Technology / Software / Electronics,2022,,-0.0803057058199382,0.0389385973687233,20.75840805297969,0.0,2023,No Pressure
0001609151,"WEAVE COMMUNICATIONS, INC.",Technology / Software / Electronics,2021,0.4010134144064858,-0.108664693175454,-0.4348887987503344,19.04920940550833,1.0,2022,Pressure
0001609151,"WEAVE COMMUNICATIONS, INC.",Technology / Software / Electronics,2022,0.6005788364714973,-0.0612721923311367,-0.3497400029553115,19.154725121004827,0.0,2023,No Pressure
0001609253,CALIFORNIA RESOURCES CORP,Energy / Capital-intensive,2021,,0.1716068642745709,0.1551085230280571,22.07029948437301,0.0,2022,No Pressure
0001609253,CALIFORNIA RESOURCES CORP,Energy / Capital-intensive,2022,,0.1739349634484497,0.2999630587366088,22.101275978730683,0.0,2023,No Pressure
0001609550,"INSPIRE MEDICAL SYSTEMS, INC.",Industrial / Manufacturing,2021,0.2237871250220276,-0.0681805858670751,-0.1707413215421133,19.50277062292329,0.0,2022,No Pressure
0001609550,"INSPIRE MEDICAL SYSTEMS, INC.",Industrial / Manufacturing,2022,0.1219170224969727,0.0204806010522663,-0.1166882429092621,20.15211679776761,0.0,2023,No Pressure
0001609702,"CDK GLOBAL, INC.",Technology / Software / Electronics,2021,0.8175551131755512,0.0798864557988645,0.2541836002868754,21.72117342186154,,2022,Unknown
0001609711,GODADDY INC.,Technology / Software / Electronics,2021,,0.1118091976648555,0.1001388998086851,22.72705398228488,0.0,2022,No Pressure
0001609711,GODADDY INC.,Technology / Software / Electronics,2022,,0.1404889940488994,0.1219172390193825,22.665383087906424,0.0,2023,No Pressure
0001609804,ORION ENGINEERED CARBONS S.A.,Industrial / Manufacturing,2021,,0.0890251379521765,0.1477243341091285,21.21245916119841,0.0,2022,No Pressure
0001609804,ORION ENGINEERED CARBONS S.A.,Industrial / Manufacturing,2022,,0.042886641605337,0.0970505687133783,21.35915459919553,0.0,2023,No Pressure
0001610250,"BOOT BARN HOLDINGS, INC.",Consumer / Retail,2021,0.5002096086610466,0.0740622825258052,0.1735843833318998,20.90546655393953,0.0,2022,No Pressure
0001610250,"BOOT BARN HOLDINGS, INC.",Consumer / Retail,2022,0.4882959520384136,0.0585792230165001,0.1398316255584077,21.14025166003067,0.0,2023,No Pressure
0001611052,"PROCORE TECHNOLOGIES, INC.",Technology / Software / Electronics,2021,0.2965521687722584,0.0217252819466041,-0.5553910970997686,21.24838304832275,0.0,2022,No Pressure
0001611052,"PROCORE TECHNOLOGIES, INC.",Technology / Software / Electronics,2022,0.3583236134014398,0.0072442700283266,-0.403294626653874,21.27738655517443,0.0,2023,No Pressure
0001611647,"FRESHPET, INC.",Industrial / Manufacturing,2021,0.0824262821738631,0.0008248237528843,-0.0579638956588772,20.4804424020777,1.0,2022,Pressure
0001611647,"FRESHPET, INC.",Industrial / Manufacturing,2022,0.0833618421461849,-0.0384109232145856,-0.0873159047542261,20.841389259997765,0.0,2023,No Pressure
0001613103,MEDTRONIC PLC,Industrial / Manufacturing,2021,0.445634541215904,0.0670369455217386,0.1488860112228973,25.25675740521136,0.0,2022,No Pressure
0001613103,MEDTRONIC PLC,Industrial / Manufacturing,2022,0.4205273628559809,0.0807421329728185,0.1815312756422394,25.233916530465542,0.0,2023,No Pressure
0001614178,"YEXT, INC.",Technology / Software / Electronics,2021,0.6584587360055454,0.0352212917214085,-0.2303233421322812,20.245770214274405,0.0,2022,No Pressure
0001614178,"YEXT, INC.",Technology / Software / Electronics,2022,0.7555698114216217,0.034086157617692,-0.1617263315454659,20.07654603327597,0.0,2023,No Pressure
0001615063,"INSPIRED ENTERTAINMENT, INC.",Technology / Software / Electronics,2021,1.2351522460054265,0.0186915887850467,-0.0028721876495931,19.61974150693205,0.0,2022,No Pressure
0001615063,"INSPIRED ENTERTAINMENT, INC.",Technology / Software / Electronics,2022,1.1864899806076277,0.1121525533290239,0.1713384723195515,19.5501454993353,0.0,2023,No Pressure
0001615165,"VERITONE, INC.",Technology / Software / Electronics,2021,0.8403592259168859,0.0143317906615526,-0.5832270933610858,20.039577779488145,0.0,2022,No Pressure
0001615165,"VERITONE, INC.",Technology / Software / Electronics,2022,0.8120055938524127,0.0087980751120653,-0.2537601517418252,19.86701602951169,1.0,2023,Pressure
0001616318,VISTA OUTDOOR INC.,Industrial / Manufacturing,2021,0.5307576451224251,0.1328398577581764,0.212250391756478,21.59715040391475,0.0,2022,No Pressure
0001616318,VISTA OUTDOOR INC.,Industrial / Manufacturing,2022,0.5956267538252774,0.1737068586671392,0.0350200515811542,21.7524858890348,0.0,2023,No Pressure
0001616533,"SMART GLOBAL HOLDINGS, INC.",Technology / Software / Electronics,2021,0.7628461672310637,0.1140319958833966,0.0367700057689412,21.019509653591182,0.0,2022,No Pressure
0001616533,"SMART GLOBAL HOLDINGS, INC.",Technology / Software / Electronics,2022,0.7592044598693183,0.066747282553382,0.0629394421750161,21.175655243228995,0.0,2023,No Pressure
0001616707,WAYFAIR INC.,Consumer / Retail,2021,1.3542669584245075,0.0897155361050328,-0.0068573096002334,22.242779042071344,1.0,2022,Pressure
0001616707,WAYFAIR INC.,Consumer / Retail,2022,1.7122905027932962,-0.188268156424581,-0.113275495171059,21.99862863763835,0.0,2023,No Pressure
0001616862,AXALTA COATING SYSTEMS LTD.,Industrial / Manufacturing,2021,0.786800975447542,0.0773984370670066,0.1047054028350165,22.699732903136976,0.0,2022,No Pressure
0001616862,AXALTA COATING SYSTEMS LTD.,Industrial / Manufacturing,2022,0.7875821622846781,0.0416194469628286,0.0866431905658832,22.677597567725066,0.0,2023,No Pressure
0001617553,"ZIPRECRUITER, INC.",Technology / Software / Electronics,2021,0.4105449062889626,0.3615883838953989,-0.0113230815728721,19.80351663394952,0.0,2022,No Pressure
0001617553,"ZIPRECRUITER, INC.",Technology / Software / Electronics,2022,0.959947548361726,0.1802612225933892,0.1074759381815488,20.38718172639453,0.0,2023,No Pressure
0001617640,"ZILLOW GROUP, INC.",Technology / Software / Electronics,2021,0.5005998810335681,-0.2970134788107171,-0.0402182248615996,23.093084628416182,1.0,2022,Pressure
0001617640,"ZILLOW GROUP, INC.",Technology / Software / Electronics,2022,0.3170806033825994,0.6862715221697394,-0.0474974463738508,22.60471365259037,0.0,2023,No Pressure
0001617669,"UNIQUE FABRICATING, INC.",Industrial / Manufacturing,2021,0.699769476354447,-0.0352247846677662,-0.0872291495913869,18.456790864609765,,2022,Unknown
0001618673,PERFORMANCE FOOD GROUP CO,Consumer / Retail,2021,0.731559962782161,0.0082338096027123,0.0066022125800604,22.78323144808637,0.0,2022,No Pressure
0001618673,PERFORMANCE FOOD GROUP CO,Consumer / Retail,2022,0.733438358377767,0.0223380190660849,0.0064329657072234,23.23918654034437,0.0,2023,No Pressure
0001618732,"NUTANIX, INC.",Technology / Software / Electronics,2021,1.444365654209711,-0.0438244457948554,-0.4738949083596536,21.54634243122418,0.0,2022,No Pressure
0001618732,"NUTANIX, INC.",Technology / Software / Electronics,2022,1.3340033114248384,0.0285503660785653,-0.289375732226043,21.58436051107629,0.0,2023,No Pressure
0001618755,RESTAURANT BRANDS INTERNATIONAL LIMITED PARTNERSHIP,Consumer / Retail,2021,0.8342510539447647,0.0742493332186182,0.3274089562641575,23.869398911210947,0.0,2022,No Pressure
0001618755,RESTAURANT BRANDS INTERNATIONAL LIMITED PARTNERSHIP,Consumer / Retail,2022,0.8123626132067177,0.0655060230370175,0.2917755572636433,23.84765514275263,0.0,2023,No Pressure
0001618756,RESTAURANT BRANDS INTERNATIONAL INC.,Consumer / Retail,2021,0.8342510539447647,0.0742493332186182,0.3274089562641575,23.869398911210947,0.0,2022,No Pressure
0001618756,RESTAURANT BRANDS INTERNATIONAL INC.,Consumer / Retail,2022,0.8123626132067177,0.0655060230370175,0.2917755572636433,23.84765514275263,0.0,2023,No Pressure
0001618921,"WALGREENS BOOTS ALLIANCE, INC.",Consumer / Retail,2021,0.7030202374361814,0.0683397920895614,0.0176742711815801,25.1212273346449,0.0,2022,No Pressure
0001618921,"WALGREENS BOOTS ALLIANCE, INC.",Consumer / Retail,2022,0.6626092938617905,0.0432626159513559,0.0104519114111964,25.224452336800645,0.0,2023,No Pressure
0001620179,"EXELA TECHNOLOGIES, INC.",Technology / Software / Electronics,2021,1.64296741730897,-0.107552098651621,0.0183343819592904,20.75961994627569,1.0,2022,Pressure
0001620179,"EXELA TECHNOLOGIES, INC.",Technology / Software / Electronics,2022,2.118680670220193,-0.1207377076430368,-0.2123896516478099,20.397413807157385,0.0,2023,No Pressure
0001620533,SHAKE SHACK INC.,Consumer / Retail,2021,0.7011464286449365,0.0400680584808962,-0.0214260710670326,21.100036503165967,0.0,2022,No Pressure
0001620533,SHAKE SHACK INC.,Consumer / Retail,2022,0.719206187594574,0.0513365113301428,-0.0298660945311753,21.12529973250509,0.0,2023,No Pressure
0001621434,"BLACK STONE MINERALS, L.P.",Energy / Capital-intensive,2021,0.1476792200788351,0.2058463636720593,0.5214190280020041,20.94474480440932,0.0,2022,No Pressure
0001621434,"BLACK STONE MINERALS, L.P.",Energy / Capital-intensive,2022,0.0482030270273672,0.3343474299848475,0.7270872387749321,20.96313434398841,0.0,2023,No Pressure
0001621563,"SUMMIT MATERIALS, INC.",Energy / Capital-intensive,2021,0.5699084127030932,0.0853782325361955,0.1050206480641117,22.167622717204857,0.0,2022,No Pressure
0001621563,"SUMMIT MATERIALS, INC.",Energy / Capital-intensive,2022,0.527223774652865,0.0667571807358239,0.1115210555592861,22.17152321818096,0.0,2023,No Pressure
0001623925,ANTERO MIDSTREAM CORP,Energy / Capital-intensive,2021,0.5875365101846122,0.1280216219297218,0.6182651563902106,22.435982279389552,0.0,2022,No Pressure
0001623925,ANTERO MIDSTREAM CORP,Energy / Capital-intensive,2022,0.6214476147061464,0.1208021660001519,0.5863856475920803,22.479626081995274,0.0,2023,No Pressure
0001624794,"CSW INDUSTRIALS, INC.",Industrial / Manufacturing,2021,0.5133308551679794,0.0694110673525156,0.1554510843104232,20.71861503973565,0.0,2022,No Pressure
0001624794,"CSW INDUSTRIALS, INC.",Industrial / Manufacturing,2022,0.4785208341918611,0.1163952760689748,0.1834876184846629,20.765801243697204,0.0,2023,No Pressure
0001625278,"NERDWALLET, INC.",Technology / Software / Electronics,2021,0.292502059873661,0.0197747871463883,-0.1027397260273972,19.71293911589216,0.0,2022,No Pressure
0001625278,"NERDWALLET, INC.",Technology / Software / Electronics,2022,0.197322057787174,0.0587268029128494,-0.0352570050102059,19.86924543314745,0.0,2023,No Pressure
0001625641,"CS DISCO, INC.",Technology / Software / Electronics,2021,0.0651493905727537,-0.0753024519747669,-0.2084011124521173,19.476389014553725,1.0,2022,Pressure
0001625641,"CS DISCO, INC.",Technology / Software / Electronics,2022,0.1275192921403547,-0.1795163895412801,-0.5311635475996745,19.361945028461736,1.0,2023,Pressure
0001626450,"BIGCOMMERCE HOLDINGS, INC.",Technology / Software / Electronics,2021,0.7510387786699312,-0.0725524790263925,-0.3454231197834936,20.135307159050907,1.0,2022,Pressure
0001626450,"BIGCOMMERCE HOLDINGS, INC.",Technology / Software / Electronics,2022,0.903656951921292,-0.1884946082319388,-0.5036889724984324,19.97683601825033,1.0,2023,Pressure
0001627014,"BLACK KNIGHT, INC.",Technology / Software / Electronics,2021,0.4836637326993024,0.0708403533357476,0.2053958785249457,22.571862372248862,0.0,2022,No Pressure
0001627014,"BLACK KNIGHT, INC.",Technology / Software / Electronics,2022,0.5505693120241443,0.0431613965292544,0.1792641278432888,22.48655724236642,,2023,Unknown
0001627223,CHEMOURS CO,Industrial / Manufacturing,2021,0.8566887417218543,0.1086092715231788,,22.7448134003398,,2022,Unknown
0001627223,CHEMOURS CO,Industrial / Manufacturing,2022,0.8551047120418848,0.0986910994764398,,22.75666344025573,,2023,Unknown
0001627475,"UPWORK, INC",Technology / Software / Electronics,2021,0.7599423159285184,0.0100234861862559,-0.1078307945353691,20.801208804168624,0.0,2022,No Pressure
0001627475,"UPWORK, INC",Technology / Software / Electronics,2022,0.7696087461640646,0.0060717707557081,-0.1497999411306156,20.80045370513312,0.0,2023,No Pressure
0001627857,"SAILPOINT TECHNOLOGIES HOLDINGS, INC.",Technology / Software / Electronics,2021,0.6514700303490136,-0.0008251138088012,-0.1345835782337101,20.871547902379028,,2022,Unknown
0001630805,"BABCOCK & WILCOX ENTERPRISES, INC.",Industrial / Manufacturing,2021,0.9358105259700088,-0.1217565547787334,0.0287836121007018,20.63253664945604,1.0,2022,Pressure
0001630805,"BABCOCK & WILCOX ENTERPRISES, INC.",Industrial / Manufacturing,2022,1.0022160811749792,-0.0325007558438665,-0.0046987295111905,20.66421092105925,0.0,2023,No Pressure
0001632790,"ENERGIZER HOLDINGS, INC.",Technology / Software / Electronics,2021,0.928966550174738,0.0358861707438841,,22.33420262570395,,2022,Unknown
0001632790,"ENERGIZER HOLDINGS, INC.",Technology / Software / Electronics,2022,0.971435445418954,0.0002187178758119,,22.243238455124462,,2023,Unknown
0001633917,"PAYPAL HOLDINGS, INC.",Technology / Software / Electronics,2021,0.7133754600741395,0.0836378507446934,0.1679870718536912,25.05140370666116,0.0,2022,No Pressure
0001633917,"PAYPAL HOLDINGS, INC.",Technology / Software / Electronics,2022,0.7424444529136018,0.0738468183492765,0.1394360055236572,25.08912497922082,0.0,2023,No Pressure
0001633931,TOPBUILD CORP,Industrial / Manufacturing,2021,0.6157279624659213,0.0946394647918413,0.1366582649854125,22.17218986748948,0.0,2022,No Pressure
0001633931,TOPBUILD CORP,Industrial / Manufacturing,2022,0.5811207313660952,0.1076230059231606,0.1591544706617068,22.2508060391364,0.0,2023,No Pressure
0001633978,LUMENTUM HOLDINGS INC.,Technology / Software / Electronics,2021,0.44453204189661,0.2079907647257574,0.3023869635070002,21.99066404340401,0.0,2022,No Pressure
0001633978,LUMENTUM HOLDINGS INC.,Technology / Software / Electronics,2022,0.5495170823122387,0.110350295516794,0.1770991474950367,22.14930961782384,0.0,2023,No Pressure
0001634117,"BARNES & NOBLE EDUCATION, INC.",Consumer / Retail,2021,0.7101032532178757,0.0316654757525389,-0.1228657707355515,20.76096423908741,0.0,2022,No Pressure
0001634117,"BARNES & NOBLE EDUCATION, INC.",Consumer / Retail,2022,0.786875684170545,0.0019224434069056,-0.0440224631056549,20.792374835956966,0.0,2023,No Pressure
0001634997,"AVANGRID, INC.",Energy / Capital-intensive,2021,0.4947093965168084,0.0395149858242203,0.1283338112991109,24.39966776957455,0.0,2022,No Pressure
0001634997,"AVANGRID, INC.",Energy / Capital-intensive,2022,0.505337645599786,0.0251683972472825,0.1075350246118894,24.439833412654835,0.0,2023,No Pressure
0001635282,"RIMINI STREET, INC.",Technology / Software / Electronics,2021,1.2054531234824746,0.1711001835087486,0.0715033517613439,19.78488797283064,0.0,2022,No Pressure
0001635282,"RIMINI STREET, INC.",Technology / Software / Electronics,2022,1.1973450354310673,0.0892438388813449,0.0197455463284366,19.7843229743446,0.0,2023,No Pressure
0001635881,EXTERRAN CORP,Technology / Software / Electronics,2021,0.8443076093307564,0.0384397178758087,,20.88809953614645,,2022,Unknown
0001636222,WINGSTOP INC.,Consumer / Retail,2021,2.2420596862798603,0.1961372856667054,0.2610813374772568,19.333778387341177,0.0,2022,No Pressure
0001636222,WINGSTOP INC.,Consumer / Retail,2022,1.921429076593036,0.1797260661496027,0.2571401400197471,19.86569202838848,0.0,2023,No Pressure
0001636422,"HEALTH CATALYST, INC.",Technology / Software / Electronics,2021,0.3725507633734569,-0.0277888609006653,-0.5937766093764208,20.53945837794636,1.0,2022,Pressure
0001636422,"HEALTH CATALYST, INC.",Technology / Software / Electronics,2022,0.4350419920083585,-0.0468837649510957,-0.506831115423044,20.438627130089337,1.0,2023,Pressure
0001636651,OVID THERAPEUTICS INC.,Industrial / Manufacturing,2021,0.0760664087184832,0.6096883556723145,0.5620320904977375,19.08617281280156,1.0,2022,Pressure
0001636651,OVID THERAPEUTICS INC.,Industrial / Manufacturing,2022,0.1480895852579628,-0.3556940550995984,-0.2496546561797752,18.860649141544584,1.0,2023,Pressure
0001637459,KRAFT HEINZ CO,Industrial / Manufacturing,2021,0.4705013170010921,0.0574340964087628,0.1328622993625681,25.26009294029976,0.0,2022,No Pressure
0001637459,KRAFT HEINZ CO,Industrial / Manufacturing,2022,0.4600775579198568,0.0272778495906665,0.1372097413630356,25.228759323756023,0.0,2023,No Pressure
0001637655,HORIZON GLOBAL CORP,Industrial / Manufacturing,2021,1.091702360339014,-0.0972842431422582,0.0092313200020457,19.899827724365192,,2022,Unknown
0001637757,CLEARWAY ENERGY LLC,Energy / Capital-intensive,2021,0.7470514231797453,0.0551187293599622,0.2091757387247278,23.266284149870256,0.0,2022,No Pressure
0001637757,CLEARWAY ENERGY LLC,Energy / Capital-intensive,2022,0.6615497076023392,0.0647335932423651,1.2369747899159664,23.23384023356421,0.0,2023,No Pressure
0001637761,SEASPINE HOLDINGS CORP,Industrial / Manufacturing,2021,0.1720346598032693,-0.0888283364301674,-0.3185044737295704,19.74846372020317,,2022,Unknown
0001637873,ACV AUCTIONS INC.,Technology / Software / Electronics,2021,0.4342628387726865,0.0867685358508993,-0.2142787395204151,20.706078986540927,1.0,2022,Pressure
0001637873,ACV AUCTIONS INC.,Technology / Software / Electronics,2022,0.4691088420652252,-0.0821654742152883,-0.2519613122703301,20.634349374797505,1.0,2023,Pressure
0001637880,"TRI-STATE GENERATION & TRANSMISSION ASSOCIATION, INC.",Energy / Capital-intensive,2021,,0.034537368747144,0.1112920393403488,22.316475175742674,0.0,2022,No Pressure
0001637880,"TRI-STATE GENERATION & TRANSMISSION ASSOCIATION, INC.",Energy / Capital-intensive,2022,,0.0310555353058388,0.0747373287575208,22.315282680126344,0.0,2023,No Pressure
0001638290,"MASTERCRAFT BOAT HOLDINGS, INC.",Industrial / Manufacturing,2021,0.6101135788179122,0.2479128987918686,0.1444500654231202,19.437576706617644,0.0,2022,No Pressure
0001638290,"MASTERCRAFT BOAT HOLDINGS, INC.",Industrial / Manufacturing,2022,0.5164213673026945,0.2467951739089452,0.1099889526489626,19.509417768983027,0.0,2023,No Pressure
0001639300,"OLLIE'S BARGAIN OUTLET HOLDINGS, INC.",Consumer / Retail,2021,0.34705999273897,0.0228342152712846,0.1167099735024914,21.402401310925708,0.0,2022,No Pressure
0001639300,"OLLIE'S BARGAIN OUTLET HOLDINGS, INC.",Consumer / Retail,2022,0.3336570298068192,0.0559396427565045,0.0716570088051016,21.43822147540608,0.0,2023,No Pressure
0001639691,LIVANOVA PLC,Industrial / Manufacturing,2021,0.4117792717784267,0.0465907691720533,-0.0007572208834565,21.512155377089364,0.0,2022,No Pressure
0001639691,LIVANOVA PLC,Industrial / Manufacturing,2022,0.4737501269188717,0.0304696804433379,-0.0751141362588752,21.553899765327326,0.0,2023,No Pressure
0001639825,"PELOTON INTERACTIVE, INC.",Industrial / Manufacturing,2021,0.6089486356340289,-0.0534376672017121,-0.0466955094733701,22.224138102996672,1.0,2022,Pressure
0001639825,"PELOTON INTERACTIVE, INC.",Industrial / Manufacturing,2022,0.8528236316246742,-0.5014273302718133,-0.7632394405516317,22.116659935429755,1.0,2023,Pressure
0001640147,SNOWFLAKE INC.,Technology / Software / Electronics,2021,0.240710630768495,0.0165690231345844,-0.5864185735245755,22.61783727719949,0.0,2022,No Pressure
0001640147,SNOWFLAKE INC.,Technology / Software / Electronics,2022,0.2918431787744671,0.0706573748155023,-0.4077473581070254,22.76738093309027,0.0,2023,No Pressure
0001640428,"EVERQUOTE, INC.",Technology / Software / Electronics,2021,0.4072364160521423,0.0500602338326126,-0.0523852191677717,18.78259096687188,1.0,2022,Pressure
0001640428,"EVERQUOTE, INC.",Technology / Software / Electronics,2022,0.3132718711466339,-0.1008887099968693,-0.0613371539144872,18.8686879727152,1.0,2023,Pressure
0001641614,CPI CARD GROUP INC.,Industrial / Manufacturing,2021,1.4513313940478854,0.0754419333184157,0.1585203628715154,19.40701979386709,0.0,2022,No Pressure
0001641614,CPI CARD GROUP INC.,Industrial / Manufacturing,2022,1.2766646666621724,0.1056272036566374,0.1663286004056795,19.50811748819961,0.0,2023,No Pressure
0001641991,"SPX FLOW, INC.",Technology / Software / Electronics,2021,,0.0338414341865592,0.0856769130150425,21.458610066685484,,2022,Unknown
0001642545,"SHOCKWAVE MEDICAL, INC.",Industrial / Manufacturing,2021,0.300426403457513,0.043496624064892,-0.0036728428900339,19.6610298381618,0.0,2022,No Pressure
0001642545,"SHOCKWAVE MEDICAL, INC.",Industrial / Manufacturing,2022,0.20859819622374,0.1822225730510812,0.2534728106948071,20.286447824702943,0.0,2023,No Pressure
0001643269,"SUMO LOGIC, INC.",Technology / Software / Electronics,2021,0.3041896198667732,-0.0506384823236139,-0.5008776458440888,20.215985589234105,1.0,2022,Pressure
0001643269,"SUMO LOGIC, INC.",Technology / Software / Electronics,2022,0.3522512597176989,-0.0472424356499245,-0.4219404791996488,20.176982280281926,,2023,Unknown
0001643953,"PURPLE INNOVATION, INC.",Industrial / Manufacturing,2021,0.7719099724500755,-0.0481003004031316,-0.0321524812489758,20.28083068259301,1.0,2022,Pressure
0001643953,"PURPLE INNOVATION, INC.",Industrial / Manufacturing,2022,0.5871766055204658,-0.0663992818456014,-0.0699384393043502,19.88701704582242,1.0,2023,Pressure
0001644406,"HOSTESS BRANDS, INC.",Industrial / Manufacturing,2021,0.5040866211946937,0.0585720669611007,0.1757720422123295,21.966356753296928,0.0,2022,No Pressure
0001644406,"HOSTESS BRANDS, INC.",Industrial / Manufacturing,2022,0.4854004597103429,0.0712450808215683,0.162182936768843,21.97379746098617,,2023,Unknown
0001644440,GCP APPLIED TECHNOLOGIES INC.,Industrial / Manufacturing,2021,0.5355315913175722,0.0339416562975252,,21.09248181307073,,2022,Unknown
0001645070,STERLING CHECK CORP.,Technology / Software / Electronics,2021,0.4828789608958658,0.0499942066330044,0.0005733123118818,21.03972412467317,0.0,2022,No Pressure
0001645070,STERLING CHECK CORP.,Technology / Software / Electronics,2022,0.4765365740655205,0.074089681038391,0.076951467301006,21.06490612543814,0.0,2023,No Pressure
0001645113,NOVOCURE LTD,Industrial / Manufacturing,2021,0.6397579629572749,0.0726251541252923,-0.0828606192912186,20.853851019628543,0.0,2022,No Pressure
0001645113,NOVOCURE LTD,Industrial / Manufacturing,2022,0.6297816133623352,0.0258364886275141,-0.1664491298527443,20.89860306080509,1.0,2023,Pressure
0001645590,HEWLETT PACKARD ENTERPRISE CO,Consumer / Retail,2021,,0.1017521967451775,0.0407428735963144,24.77850567930508,0.0,2022,No Pressure
0001645590,HEWLETT PACKARD ENTERPRISE CO,Consumer / Retail,2022,,0.0804054408907095,0.027442448062886,24.76847267462447,0.0,2023,No Pressure
0001646972,"ALBERTSONS COMPANIES, INC.",Consumer / Retail,2021,,0.1249297727838424,0.0338990359870352,24.05985358386693,0.0,2022,No Pressure
0001646972,"ALBERTSONS COMPANIES, INC.",Consumer / Retail,2022,,0.1090598512698619,0.0297116408691855,23.987810770114155,0.0,2023,No Pressure
0001647088,WILLSCOT MOBILE MINI HOLDINGS CORP.,Technology / Software / Electronics,2021,0.6541562723701455,0.0935122096286908,0.1901280122349658,22.47656146669336,0.0,2022,No Pressure
0001647088,WILLSCOT MOBILE MINI HOLDINGS CORP.,Technology / Software / Electronics,2022,0.7314012112255864,0.1277801295925236,0.2387176838855925,22.485879840336,0.0,2023,No Pressure
0001649744,DULUTH HOLDINGS INC.,Consumer / Retail,2021,0.5679992241295704,0.1784133449713897,0.0631262668483675,20.060744851867906,0.0,2022,No Pressure
0001649744,DULUTH HOLDINGS INC.,Consumer / Retail,2022,0.5692572243266711,-0.0106701247881331,0.0095376293228145,20.083572217616453,0.0,2023,No Pressure
0001650164,"TOAST, INC.",Technology / Software / Electronics,2021,0.3711815561959654,0.0011527377521613,-0.133724340175953,21.274273250921603,1.0,2022,Pressure
0001650164,"TOAST, INC.",Technology / Software / Electronics,2022,0.3764906303236797,-0.0885860306643952,-0.1406078359575247,21.28914766702833,0.0,2023,No Pressure
0001650729,"SITEONE LANDSCAPE SUPPLY, INC.",Consumer / Retail,2021,0.5001653986106517,0.0996172203582061,0.090255200391288,21.47284060927757,0.0,2022,No Pressure
0001650729,"SITEONE LANDSCAPE SUPPLY, INC.",Consumer / Retail,2022,0.4858123840719839,0.0857176684162753,0.0829742184580894,21.65302545516218,0.0,2023,No Pressure
0001650962,"WELBILT, INC.",Technology / Software / Electronics,2021,,0.0246311907270811,,21.54638809436716,,2022,Unknown
0001651308,"BEIGENE, LTD.",Industrial / Manufacturing,2021,0.2779292359924862,-0.1502117349986681,-1.2231197764483548,22.88035672460864,1.0,2022,Pressure
0001651308,"BEIGENE, LTD.",Industrial / Manufacturing,2022,0.3128772951221844,-0.2346058887431046,-1.263958229307991,22.576322643000744,1.0,2023,Pressure
0001651561,"TABULA RASA HEALTHCARE, INC.",Technology / Software / Electronics,2021,0.8883580487687669,0.0309400141765014,-0.2092646259735555,20.02895398041464,0.0,2022,No Pressure
0001651561,"TABULA RASA HEALTHCARE, INC.",Technology / Software / Electronics,2022,1.1484606233518764,0.0191514230155486,-0.2302881982932464,19.766541058727874,,2023,Unknown
0001651562,"COURSERA, INC.",Technology / Software / Electronics,2021,0.2267126216224671,0.0018208173864074,-0.3444918815180827,20.681307781728503,1.0,2022,Pressure
0001651562,"COURSERA, INC.",Technology / Software / Electronics,2022,0.2670143531480154,-0.0401552558735411,-0.3386691512841858,20.669439865406414,0.0,2023,No Pressure
0001652044,ALPHABET INC.,Technology / Software / Electronics,2021,0.2995897213222441,0.2551076076911943,0.3055228868524319,26.60733446503728,0.0,2022,No Pressure
0001652044,ALPHABET INC.,Technology / Software / Electronics,2022,0.2987428271058741,0.2504900565070743,0.2646127084246701,26.623886216756404,0.0,2023,No Pressure
0001652535,"ICHOR HOLDINGS, LTD.",Technology / Software / Electronics,2021,0.5095241733569993,0.0149597012761589,0.0738560893850674,20.74392692017364,0.0,2022,No Pressure
0001652535,"ICHOR HOLDINGS, LTD.",Technology / Software / Electronics,2022,0.4579004966126624,0.0290225902474943,0.0670456045728784,20.803685705178268,1.0,2023,Pressure
0001653247,WAITR HOLDINGS INC.,Technology / Software / Electronics,2021,0.4809518847425967,-0.0090348774830475,-0.0415710725929503,19.372751665622715,1.0,2022,Pressure
0001653247,WAITR HOLDINGS INC.,Technology / Software / Electronics,2022,1.7704019108941738,-0.5964482293073009,-1.6791889160204292,17.68972786942711,,2023,Unknown
0001653477,INGEVITY CORP,Industrial / Manufacturing,2021,0.7270959902794654,0.1186715269339813,,21.627079047714474,,2022,Unknown
0001653477,INGEVITY CORP,Industrial / Manufacturing,2022,0.7448200255801206,0.1144162251050612,,21.72994556891368,,2023,Unknown
0001653482,GITLAB INC.,Technology / Software / Electronics,2021,0.2676917974268809,-0.0456407051980964,-0.5104115130237915,20.810761930691893,1.0,2022,Pressure
0001653482,GITLAB INC.,Technology / Software / Electronics,2022,0.294624529592884,-0.0662059527882312,-0.498216036348554,20.87958559205665,0.0,2023,No Pressure
0001653558,"PRIORITY TECHNOLOGY HOLDINGS, INC.",Technology / Software / Electronics,2021,0.8920656359518382,0.0069359484356577,0.0642706073594729,21.02480791497837,0.0,2022,No Pressure
0001653558,"PRIORITY TECHNOLOGY HOLDINGS, INC.",Technology / Software / Electronics,2022,0.9033081566927316,0.0513469490586247,0.0846316005189552,21.040528314076305,0.0,2023,No Pressure
0001653909,"ALLBIRDS, INC.",Industrial / Manufacturing,2021,0.1871817602967882,-0.1041092973594934,-0.1184840272171606,20.006704678044805,1.0,2022,Pressure
0001653909,"ALLBIRDS, INC.",Industrial / Manufacturing,2022,0.314892595444282,-0.1959127440717702,-0.3367913059247865,19.95186301978313,1.0,2023,Pressure
0001655075,"ARMSTRONG FLOORING, INC.",Industrial / Manufacturing,2021,0.6147001934235977,-0.1359767891682785,-0.0627788890598553,20.063553434406938,,2022,Unknown
0001655210,"BEYOND MEAT, INC.",Industrial / Manufacturing,2021,,-0.218479207248954,-0.376442866365397,21.04491373473328,1.0,2022,Pressure
0001655210,"BEYOND MEAT, INC.",Industrial / Manufacturing,2022,,-0.3014844326620374,-0.8182000463081208,20.78363066125369,1.0,2023,Pressure
0001657573,"XOMETRY, INC.",Technology / Software / Electronics,2021,0.1534125502899006,-0.1364363511916368,-0.2687875567931995,20.03527732952231,1.0,2022,Pressure
0001657573,"XOMETRY, INC.",Technology / Software / Electronics,2022,0.4913552939580011,-0.0849136614987956,-0.1943482927571755,20.41799668242457,1.0,2023,Pressure
0001657788,"KIMBELL ROYALTY PARTNERS, LP",Energy / Capital-intensive,2021,0.4200209367170007,0.1520273979322161,0.3636073698396793,20.214915236116035,0.0,2022,No Pressure
0001657788,"KIMBELL ROYALTY PARTNERS, LP",Energy / Capital-intensive,2022,0.2445670101160942,0.1547592902383405,0.5519560946715196,20.797209645626047,0.0,2023,No Pressure
0001658566,"CENTENNIAL RESOURCE DEVELOPMENT, INC.",Energy / Capital-intensive,2021,0.2770003842722771,0.1381537688384095,0.3598610339724942,22.05947512112159,0.0,2022,No Pressure
0001658566,PERMIAN RESOURCES CORP,Energy / Capital-intensive,2022,0.3339729496012524,0.1615138228705676,0.4727408370146368,22.862460091146104,0.0,2023,No Pressure
0001659166,FORTIVE CORP,Industrial / Manufacturing,2021,,0.0583705323251647,0.1546805716786876,23.52453311982049,0.0,2022,No Pressure
0001659166,FORTIVE CORP,Industrial / Manufacturing,2022,,0.0820107484928196,0.1694903616732753,23.48899357644232,0.0,2023,No Pressure
0001660134,"OKTA, INC.",Technology / Software / Electronics,2021,0.3567182054152348,0.011310281298696,-0.5899880095462163,22.94308815133424,0.0,2022,No Pressure
0001660134,"OKTA, INC.",Technology / Software / Electronics,2022,0.4127001181906092,0.0092403567207478,-0.4370290635091496,22.95403264225743,0.0,2023,No Pressure
0001660280,"TENABLE HOLDINGS, INC.",Technology / Software / Electronics,2021,0.8275867039178616,0.0774852080245415,-0.0771866279821854,20.945464142456533,0.0,2022,No Pressure
0001660280,"TENABLE HOLDINGS, INC.",Technology / Software / Electronics,2022,0.8118371968628649,0.0911068195869485,-0.0992621389918778,21.08758250906365,0.0,2023,No Pressure
0001661181,ORGANOGENESIS HOLDINGS INC.,Industrial / Manufacturing,2021,0.453964837713391,0.1398234440812256,0.1557880523609203,19.909664809537,0.0,2022,No Pressure
0001661181,ORGANOGENESIS HOLDINGS INC.,Industrial / Manufacturing,2022,0.4087822876586426,0.0553210239474451,0.0494662813572177,19.92333268302415,0.0,2023,No Pressure
0001662991,SEZZLE INC.,Technology / Software / Electronics,2021,0.830835125038464,-0.3228777770325395,-0.5981958886009854,19.224490456109507,0.0,2022,No Pressure
0001662991,SEZZLE INC.,Technology / Software / Electronics,2022,0.948757542001451,0.0493221622049226,-0.2264434589347345,18.96635140037585,0.0,2023,No Pressure
0001664703,BLOOM ENERGY CORP,Technology / Software / Electronics,2021,0.8800258001554269,-0.035165750931141,-0.117779085268511,21.2688238477288,1.0,2022,Pressure
0001664703,BLOOM ENERGY CORP,Technology / Software / Electronics,2022,0.8053987743928344,-0.0984898493650812,-0.2176520379443344,21.38936396871221,1.0,2023,Pressure
0001665918,US FOODS HOLDING CORP.,Consumer / Retail,2021,0.6590527913105982,0.033463780848175,0.0143792179604571,23.250673071713088,0.0,2022,No Pressure
0001665918,US FOODS HOLDING CORP.,Consumer / Retail,2022,0.6480858059970249,0.059891959602286,0.0174413483278033,23.270599405085346,0.0,2023,No Pressure
0001665988,BIOVENTUS INC.,Industrial / Manufacturing,2021,0.5645602849260357,0.0187549658933876,0.0279903828748334,20.926910107766147,1.0,2022,Pressure
0001665988,BIOVENTUS INC.,Industrial / Manufacturing,2022,0.7520618890918217,-0.0098619530557338,-0.4902161029608468,21.040008287204195,0.0,2023,No Pressure
0001666071,"CARDLYTICS, INC.",Technology / Software / Electronics,2021,0.4534723535504515,-0.0304819524021658,-0.4589728806960272,20.957386519298755,1.0,2022,Pressure
0001666071,"CARDLYTICS, INC.",Technology / Software / Electronics,2022,0.6938744509834557,-0.0779820495460306,-1.533378888062651,20.353991858877848,1.0,2023,Pressure
0001666134,"BLACKLINE, INC.",Technology / Software / Electronics,2021,0.8053811170689786,0.0440657842469484,-0.0907057922603862,21.3207706830948,0.0,2022,No Pressure
0001666134,"BLACKLINE, INC.",Technology / Software / Electronics,2022,0.930150705680429,0.0288183711520968,-0.1074658946184825,21.387836573108306,0.0,2023,No Pressure
0001666138,ATKORE INC.,Technology / Software / Electronics,2021,0.6087342693698337,0.2592200620877164,0.2728641324802409,21.516303148305305,0.0,2022,No Pressure
0001666138,ATKORE INC.,Technology / Software / Electronics,2022,0.519127001349752,0.3027457525906157,0.3152327738557656,21.67839105393586,0.0,2023,No Pressure
0001666700,"DUPONT DE NEMOURS, INC.",Industrial / Manufacturing,2021,0.4081869297919356,0.0499048285820552,,24.545517296005205,,2022,Unknown
0001666700,"DUPONT DE NEMOURS, INC.",Industrial / Manufacturing,2022,0.3467053560633539,0.0142183532825535,,24.44545917011446,,2023,Unknown
0001668673,"PETIQ, INC.",Consumer / Retail,2021,,0.028998751810363,0.0170204004598253,20.52431111402755,0.0,2022,No Pressure
0001668673,"PETIQ, INC.",Consumer / Retail,2022,,0.0586448095973115,-0.0218792355615167,20.52346765084835,0.0,2023,No Pressure
0001669779,"CAMPING WORLD HOLDINGS, INC.",Consumer / Retail,2021,0.9465131951604976,0.0352175852843711,0.1156454221541582,22.19869887348047,0.0,2022,No Pressure
0001669779,"CAMPING WORLD HOLDINGS, INC.",Consumer / Retail,2022,0.9484003302398863,0.0395369141820031,0.0816029767706763,22.291912379599648,0.0,2023,No Pressure
0001669811,"DONNELLEY FINANCIAL SOLUTIONS, INC.",Technology / Software / Electronics,2021,0.5731914411864598,0.2037812747650854,0.2207792207792207,20.59917545284748,0.0,2022,No Pressure
0001669811,"DONNELLEY FINANCIAL SOLUTIONS, INC.",Technology / Software / Electronics,2022,0.6021972715199807,0.1813352650006036,0.1739443378119002,20.534885966775786,0.0,2023,No Pressure
0001670349,"U.S. WELL SERVICES, INC.",Energy / Capital-intensive,2021,1.4320836600877824,-0.0791477970249264,-0.2077232964549654,19.31086156344112,,2022,Unknown
0001670541,ADIENT PLC,Industrial / Manufacturing,2021,,0.0241232139543514,,23.1007728565505,,2022,Unknown
0001670541,ADIENT PLC,Industrial / Manufacturing,2022,,0.0299191963310766,,22.93789365129051,,2023,Unknown
0001670592,"YETI HOLDINGS, INC.",Industrial / Manufacturing,2021,0.5276906209981357,0.1336417467191553,0.194854814601673,20.81526508803409,0.0,2022,No Pressure
0001670592,"YETI HOLDINGS, INC.",Industrial / Manufacturing,2022,0.5110567301128844,0.0937010396883256,0.0792121723496792,20.79722701354048,0.0,2023,No Pressure
0001671933,"TRADE DESK, INC.",Technology / Software / Electronics,2021,0.573060989450262,0.1058085057612639,0.1043213059783512,21.99788534470502,0.0,2022,No Pressure
0001671933,"TRADE DESK, INC.",Technology / Software / Electronics,2022,0.5171207477197028,0.1252623166408678,0.0720334390716157,22.20046957237929,0.0,2023,No Pressure
0001672013,ACUSHNET HOLDINGS CORP.,Industrial / Manufacturing,2021,0.4597933230832431,0.1566040294420879,0.1209592491375417,21.419326768906807,0.0,2022,No Pressure
0001672013,ACUSHNET HOLDINGS CORP.,Industrial / Manufacturing,2022,0.5517536410449962,-0.030899254127642,0.1240049930935332,21.50890422820272,0.0,2023,No Pressure
0001673358,"YUM CHINA HOLDINGS, INC.",Consumer / Retail,2021,0.4008923844815851,0.0855327837858277,0.1406678169085557,23.305223574596724,0.0,2022,No Pressure
0001673358,"YUM CHINA HOLDINGS, INC.",Consumer / Retail,2022,0.3945543717233215,0.1194824961948249,0.06573309645731,23.193566334429608,0.0,2023,No Pressure
0001673985,ADVANSIX INC.,Industrial / Manufacturing,2021,0.5417755653777175,0.1668057673824446,,20.99481776603509,,2022,Unknown
0001673985,ADVANSIX INC.,Industrial / Manufacturing,2022,0.5063434115924835,0.1829701918839374,,21.125613424633684,,2023,Unknown
0001674101,VERTIV HOLDINGS CO,Technology / Software / Electronics,2021,0.7957086863796184,0.0303908006225142,0.0519997599087653,22.66050997306055,0.0,2022,No Pressure
0001674101,VERTIV HOLDINGS CO,Technology / Software / Electronics,2022,0.7967924235804783,-0.0215341685809715,0.0392515154177281,22.682754803861563,0.0,2023,No Pressure
0001674335,"JELD-WEN HOLDING, INC.",Industrial / Manufacturing,2021,0.7747279715171514,0.0469862151550644,0.0560437444032224,22.041996037895828,0.0,2022,No Pressure
0001674335,"JELD-WEN HOLDING, INC.",Industrial / Manufacturing,2022,0.7933523564122636,0.0086643450932366,0.0207081874116695,21.976417587284896,0.0,2023,No Pressure
0001674416,CRISPR THERAPEUTICS AG,Industrial / Manufacturing,2021,0.128064226707807,0.1958561374654463,0.4082438306248449,21.735549061614613,,2022,Unknown
0001674862,ASHLAND GLOBAL HOLDINGS INC,Consumer / Retail,2021,,0.0704779189352692,0.0857413548081477,22.612152017056427,0.0,2022,No Pressure
0001674862,ASHLAND INC.,Consumer / Retail,2022,,0.0310638982778046,0.1392722710163111,22.54990970818892,0.0,2023,No Pressure
0001674910,VALVOLINE INC,Industrial / Manufacturing,2021,,0.1266060795988718,0.1771217712177121,21.8836001845559,,2022,Unknown
0001675149,ALCOA CORP,Industrial / Manufacturing,2021,0.5817637271214642,0.0612312811980033,,23.43298131743424,,2022,Unknown
0001675149,ALCOA CORP,Industrial / Manufacturing,2022,0.5534697750067769,0.0557061534291135,,23.41491561674861,,2023,Unknown
0001676238,"BRAZE, INC.",Technology / Software / Electronics,2021,0.2423130840420135,-0.0531292494544188,-0.3285693280399941,20.31719354604008,1.0,2022,Pressure
0001676238,"BRAZE, INC.",Technology / Software / Electronics,2022,0.366665438059784,-0.0316243411595591,-0.4167956199040025,20.37428408295998,0.0,2023,No Pressure
0001677703,CONDUENT INC,Technology / Software / Electronics,2021,0.6843409316154608,0.0602081268582755,,22.118519939685545,,2022,Unknown
0001677703,CONDUENT INC,Technology / Software / Electronics,2022,0.7034444133295995,0.0403248389806776,,21.996111505838755,,2023,Unknown
0001678463,"FORTERRA, INC.",Industrial / Manufacturing,2021,0.8201459612081624,0.0566584725312325,0.1169743901585883,21.29652132325378,,2022,Unknown
0001679273,"LAMB WESTON HOLDINGS, INC.",Industrial / Manufacturing,2021,,0.1314201548914334,0.1293415783595303,22.16058595690691,0.0,2022,No Pressure
0001679273,"LAMB WESTON HOLDINGS, INC.",Industrial / Manufacturing,2022,,0.1009952171602492,0.1084193320159067,22.143913314679523,0.0,2023,No Pressure
0001679826,PING IDENTITY HOLDING CORP.,Technology / Software / Electronics,2021,0.3706415694636737,0.0353606393029736,-0.263901365507983,20.887111936214648,,2022,Unknown
0001680062,"ACM RESEARCH, INC.",Technology / Software / Electronics,2021,0.2285865808004151,-0.0381047331300092,0.1489965389931126,20.77412908982937,0.0,2022,No Pressure
0001680062,"ACM RESEARCH, INC.",Technology / Software / Electronics,2022,0.3426377984621611,-0.0503391339538648,0.1518264957616657,20.934741584202328,0.0,2023,No Pressure
0001680247,PROPETRO HOLDING CORP.,Energy / Capital-intensive,2021,0.2213777142878681,0.1457866110836798,-0.0785533450579407,20.782700104454538,0.0,2022,No Pressure
0001680247,PROPETRO HOLDING CORP.,Energy / Capital-intensive,2022,0.285789041058972,0.2249080316757324,-0.002024691705328,21.01278572033864,0.0,2023,No Pressure
0001680873,HF FOODS GROUP INC.,Consumer / Retail,2021,0.5058363738093563,0.0293309612594774,0.0369966017638702,20.20733721667971,0.0,2022,No Pressure
0001680873,HF FOODS GROUP INC.,Consumer / Retail,2022,0.5353168248032638,0.0490707089402991,0.0090211855609769,20.273110325726844,0.0,2023,No Pressure
0001681459,TECHNIPFMC PLC,Technology / Software / Electronics,2021,0.6588457201025938,0.0779732737198231,,23.02785891269305,,2022,Unknown
0001681459,TECHNIPFMC PLC,Technology / Software / Electronics,2022,0.6530499878233432,0.0372817466620077,,22.968677221971788,,2023,Unknown
0001681622,VAREX IMAGING CORP,Technology / Software / Electronics,2021,0.5673202614379085,0.0806971677559912,0.0905757242390905,20.86085150077044,0.0,2022,No Pressure
0001681622,VAREX IMAGING CORP,Technology / Software / Electronics,2022,0.5384160756501182,0.0142688280986153,0.102629741680242,20.89250215503602,0.0,2023,No Pressure
0001682852,"MODERNA, INC.",Industrial / Manufacturing,2021,0.426608293810045,0.5521099355466375,0.7198310865681339,23.92881323164381,0.0,2022,No Pressure
0001682852,"MODERNA, INC.",Industrial / Manufacturing,2022,0.2604609791940598,0.1926289736251837,0.4890204018065722,23.975885867817446,1.0,2023,Pressure
0001683606,CARS.COM INC.,Technology / Software / Electronics,2021,0.6356908474441648,0.1370158011526948,0.0775041166746568,20.73044500593228,0.0,2022,No Pressure
0001683606,CARS.COM INC.,Technology / Software / Electronics,2022,0.6248987676485798,0.125392488803458,0.1009916253234558,20.74783161320072,0.0,2023,No Pressure
0001683695,"INTERNATIONAL MONEY EXPRESS, INC.",Technology / Software / Electronics,2021,,0.2293384546714591,0.147759393387717,19.646031407773943,0.0,2022,No Pressure
0001683695,"INTERNATIONAL MONEY EXPRESS, INC.",Technology / Software / Electronics,2022,,0.029632551672421,0.1516226076937848,20.053975800069864,0.0,2023,No Pressure
0001687187,"RAMACO RESOURCES, INC.",Energy / Capital-intensive,2021,0.3585020347503138,0.1621113991605705,0.1394983662321714,19.61166861069012,0.0,2022,No Pressure
0001687187,"RAMACO RESOURCES, INC.",Energy / Capital-intensive,2022,0.4815063244228534,0.3150389291996666,0.2658479585920154,20.206319856952007,0.0,2023,No Pressure
0001687221,"REV GROUP, INC.",Industrial / Manufacturing,2021,0.5810385205523702,0.1278365501090204,0.035198252688172,20.937005308992887,0.0,2022,No Pressure
0001687221,"REV GROUP, INC.",Industrial / Manufacturing,2022,0.6606425702811245,0.0681243492488472,0.0157831531995196,21.019362408742925,0.0,2023,No Pressure
0001687932,"J.JILL, INC.",Industrial / Manufacturing,2021,1.098825049961381,0.165982441036718,0.1003407347156385,19.928858613399093,0.0,2022,No Pressure
0001687932,"J.JILL, INC.",Industrial / Manufacturing,2022,1.000469536916536,0.1595675114757824,0.1279669997464519,19.96059064387996,0.0,2023,No Pressure
0001688476,NEXTIER OILFIELD SOLUTIONS INC.,Energy / Capital-intensive,2021,0.6247090213168256,-0.0348433466133271,-0.0739468653776306,21.10004404994484,0.0,2022,No Pressure
0001688476,NEXTIER OILFIELD SOLUTIONS INC.,Energy / Capital-intensive,2022,0.5426507438766813,0.2630844249082891,0.1025181042288298,21.26974891047635,,2023,Unknown
0001688568,DXC TECHNOLOGY CO,Technology / Software / Electronics,2021,0.733104920800437,0.0745320025820547,,23.725924070620792,,2022,Unknown
0001688568,DXC TECHNOLOGY CO,Technology / Software / Electronics,2022,0.7589144840643737,0.0893026191227516,,23.486119830152408,,2023,Unknown
0001688757,ESTABLISHMENT LABS HOLDINGS INC.,Industrial / Manufacturing,2021,0.6363551663095127,-0.1973209870349533,-0.1984496613567831,18.75378303009217,1.0,2022,Pressure
0001688757,ESTABLISHMENT LABS HOLDINGS INC.,Industrial / Manufacturing,2022,1.0387802578401504,-0.2471607734256921,-0.2452566481137909,19.16765775392316,1.0,2023,Pressure
0001689923,"ALTERYX, INC.",Technology / Software / Electronics,2021,0.7482296547826827,0.0394820740044308,-0.2541617316534081,21.193074447802296,1.0,2022,Pressure
0001689923,"ALTERYX, INC.",Technology / Software / Electronics,2022,0.8884879058668811,-0.0673268331274192,-0.3513293911059046,21.16620911586242,0.0,2023,No Pressure
0001690820,CARVANA CO.,Consumer / Retail,2021,0.925160370634355,-0.3697790449037776,,22.671316550643382,,2022,Unknown
0001690820,CARVANA CO.,Consumer / Retail,2022,1.1210623131754427,-0.1522189008967578,,22.886358951236826,,2023,Unknown
0001691303,"WARRIOR MET COAL, INC.",Energy / Capital-intensive,2021,0.4044690280294302,0.2400903968075639,0.230125866678751,21.10458236846645,0.0,2022,No Pressure
0001691303,"WARRIOR MET COAL, INC.",Energy / Capital-intensive,2022,0.2862686412618738,0.415120593463324,0.4609228072314518,21.430362766252728,0.0,2023,No Pressure
0001692427,"NCS MULTISTAGE HOLDINGS, INC.",Energy / Capital-intensive,2021,0.2224345687686632,0.0813841559810293,-0.0432060218392938,18.773623739827592,1.0,2022,Pressure
0001692427,"NCS MULTISTAGE HOLDINGS, INC.",Energy / Capital-intensive,2022,0.2116681938542125,-0.010267029343646,-0.014476457283849,18.74709543690189,0.0,2023,No Pressure
0001692787,ALTUS MIDSTREAM CO,Energy / Capital-intensive,2021,0.4752143888396041,0.1215994943960293,0.4084997229433995,21.26830156536072,0.0,2022,No Pressure
0001692787,KINETIK HOLDINGS INC.,Energy / Capital-intensive,2022,0.6160903800878117,0.103553366034254,0.1240133828873744,22.50155346725207,0.0,2023,No Pressure
0001692819,VISTRA CORP.,Energy / Capital-intensive,2021,0.7206481824613415,-0.0069399993262136,-0.1254450608594849,24.11384032833834,0.0,2022,No Pressure
0001692819,VISTRA CORP.,Energy / Capital-intensive,2022,0.8500015249946625,0.0147924482264312,-0.0857371794871794,24.21329793233956,0.0,2023,No Pressure
0001693256,"SELECT ENERGY SERVICES, INC.",Energy / Capital-intensive,2021,0.2683857578257868,-0.0170997019549733,-0.0857157803876435,20.67217462845392,0.0,2022,No Pressure
0001693256,"SELECT ENERGY SERVICES, INC.",Energy / Capital-intensive,2022,0.2773227853225203,0.0271749752423226,0.0282264923382969,20.924452491006303,0.0,2023,No Pressure
0001693317,"CHENIERE CORPUS CHRISTI HOLDINGS, LLC",Energy / Capital-intensive,2021,,0.1034582970066841,0.0478080773213669,23.3453223249543,0.0,2022,No Pressure
0001693317,"CHENIERE CORPUS CHRISTI HOLDINGS, LLC",Energy / Capital-intensive,2022,,0.1105373876458213,-0.158175798355228,23.47609818088426,0.0,2023,No Pressure
0001694028,LIBERTY OILFIELD SERVICES INC.,Energy / Capital-intensive,2021,0.3970387031646624,0.0663839150078896,-0.0733468189423429,21.436539122379983,0.0,2022,No Pressure
0001694028,LIBERTY ENERGY INC.,Energy / Capital-intensive,2022,0.4187323267850238,0.2058920810021382,0.1195137987114711,21.66947724771278,0.0,2023,No Pressure
0001694426,"DELEK US HOLDINGS, INC.",Industrial / Manufacturing,2021,,0.0552021403091557,-0.0122462012358896,22.62954375976569,0.0,2022,No Pressure
0001694426,"DELEK US HOLDINGS, INC.",Industrial / Manufacturing,2022,,0.0519114344302314,0.0241778541722233,22.82652155684756,0.0,2023,No Pressure
0001695295,"HYDROFARM HOLDINGS GROUP, INC.",Consumer / Retail,2021,0.287309170797606,-0.0505665127989928,-0.0056297192440866,20.60812655461744,1.0,2022,Pressure
0001695295,"HYDROFARM HOLDINGS GROUP, INC.",Consumer / Retail,2022,0.3899825475670332,0.0383378170336443,-0.8174025619664385,20.167371368056337,1.0,2023,Pressure
0001696558,"JERASH HOLDINGS (US), INC.",Industrial / Manufacturing,2021,0.1876279612482256,0.1050690612125632,0.0731649762489461,18.26181378494412,0.0,2022,No Pressure
0001696558,"JERASH HOLDINGS (US), INC.",Industrial / Manufacturing,2022,0.18496443348396,0.1290876744084905,0.0319770837884234,18.242980500422043,1.0,2023,Pressure
0001697500,"SOLARIS OILFIELD INFRASTRUCTURE, INC.",Technology / Software / Electronics,2021,0.2667180341831949,0.0405516181998557,-0.0024310724987279,19.8224128303228,0.0,2022,No Pressure
0001697500,"SOLARIS OILFIELD INFRASTRUCTURE, INC.",Technology / Software / Electronics,2022,0.3144283317768323,0.1469942236518972,0.1306354588209559,19.95232142790312,0.0,2023,No Pressure
0001698113,"PARTS ID, INC.",Technology / Software / Electronics,2021,1.2608812209383975,0.164084620739746,-0.0203633847361054,17.777013908379885,1.0,2022,Pressure
0001698113,"PARTS ID, INC.",Technology / Software / Electronics,2022,2.061233239514162,-0.7138489664439436,-0.0458286775902614,17.070089647780915,,2023,Unknown
0001698990,MAGNOLIA OIL & GAS CORP,Energy / Capital-intensive,2021,,0.451398661050115,0.5588106284502913,21.28101817602468,0.0,2022,No Pressure
0001698990,MAGNOLIA OIL & GAS CORP,Energy / Capital-intensive,2022,,0.5040404884581073,0.6336916115911957,21.668177067303468,0.0,2023,No Pressure
0001699039,"RANGER ENERGY SERVICES, INC.",Energy / Capital-intensive,2021,0.3673365555838209,-0.1002289493767489,-0.1381780962128966,19.78957459293597,0.0,2022,No Pressure
0001699039,"RANGER ENERGY SERVICES, INC.",Energy / Capital-intensive,2022,0.3024109014675052,0.1166142557651991,0.0323746918652424,19.75988350015895,0.0,2023,No Pressure
0001699136,"CACTUS, INC.",Technology / Software / Electronics,2021,0.3941082072910705,0.0649225417940326,0.1719764973585749,20.70518129391785,0.0,2022,No Pressure
0001699136,"CACTUS, INC.",Technology / Software / Electronics,2022,0.3650482261085928,0.1053574237462641,0.2538580325377813,20.835608322725623,0.0,2023,No Pressure
0001699150,INGERSOLL RAND INC.,Technology / Software / Electronics,2021,0.4014187205120591,0.0414266389521264,0.1097934942939212,23.44156335456616,0.0,2022,No Pressure
0001699150,INGERSOLL RAND INC.,Technology / Software / Electronics,2022,0.3730690306720213,0.0586080089936949,0.1381437722901137,23.4155863053134,0.0,2023,No Pressure
0001699838,"CONFLUENT, INC.",Technology / Software / Electronics,2021,0.6370553316239309,-0.0448451357369973,-0.8756161953674484,21.57458232653032,1.0,2022,Pressure
0001699838,"CONFLUENT, INC.",Technology / Software / Electronics,2022,0.6718436880157315,-0.0670972843027418,-0.7896215337984517,21.57548684487375,1.0,2023,Pressure
0001701114,"BLUE APRON HOLDINGS, INC.",Consumer / Retail,2021,0.6545061414033301,-0.2113108853460851,-0.1511914910805588,19.26097988893773,1.0,2022,Pressure
0001701114,"BLUE APRON HOLDINGS, INC.",Consumer / Retail,2022,0.8029647894730692,-0.5351520959203468,-0.2371337522657028,18.95800418506767,,2023,Unknown
0001701605,BAKER HUGHES CO,Technology / Software / Electronics,2021,,0.0672368868245156,0.0638962052482684,24.28737540413272,0.0,2022,No Pressure
0001701605,BAKER HUGHES CO,Technology / Software / Electronics,2022,,0.0552353646762821,0.0560124787294384,24.254935771110503,0.0,2023,No Pressure
0001701732,ALTAIR ENGINEERING INC.,Technology / Software / Electronics,2021,0.4721961702950721,0.0529737164470997,0.0231858077827197,20.87450514082859,0.0,2022,No Pressure
0001701732,ALTAIR ENGINEERING INC.,Technology / Software / Electronics,2022,0.5270872173036794,0.0328453157450001,-0.0121229385150143,20.909527953692432,0.0,2023,No Pressure
0001701758,LOVESAC CO,Consumer / Retail,2021,0.5795618159260884,0.0915498453895403,0.077153735456277,19.733272053619388,0.0,2022,No Pressure
0001701758,LOVESAC CO,Consumer / Retail,2022,0.5377152233921934,-0.0511297583565759,0.0598838146252369,19.851121171140065,0.0,2023,No Pressure
0001702744,SIMPLY GOOD FOODS CO,Industrial / Manufacturing,2021,0.4207220776360394,0.0643640511700273,0.1727056034478472,21.44218650963836,0.0,2022,No Pressure
0001702744,SIMPLY GOOD FOODS CO,Industrial / Manufacturing,2022,0.3130406174241936,0.0528299165954,0.1734943243562384,21.462460853977667,0.0,2023,No Pressure
0001703056,ADT INC.,Technology / Software / Electronics,2021,0.8077038295226612,0.097649385880523,0.0028787790570048,23.55024514270216,0.0,2022,No Pressure
0001703056,ADT INC.,Technology / Software / Electronics,2022,0.8079149211162757,0.1056307550708967,0.087603102898843,23.60654723985735,0.0,2023,No Pressure
0001703956,"CONCRETE PUMPING HOLDINGS, INC.",Industrial / Manufacturing,2021,0.6372048721717245,0.0956709328657125,0.1204719323133042,20.49091124519901,0.0,2022,No Pressure
0001703956,"CONCRETE PUMPING HOLDINGS, INC.",Industrial / Manufacturing,2022,0.6570920879019345,0.0864179725044479,0.124874156474587,20.60390668599761,0.0,2023,No Pressure
0001704292,ZAI LAB LTD,Industrial / Manufacturing,2021,0.1428610471342074,-0.3411465903415994,-4.851044958146239,21.19947268699792,1.0,2022,Pressure
0001704292,ZAI LAB LTD,Industrial / Manufacturing,2022,0.1430532561837166,-0.301311324929926,-1.8803803943452384,20.92223144402577,1.0,2023,Pressure
0001704596,"EVO PAYMENTS, INC.",Technology / Software / Electronics,2021,0.7944324834534343,0.0590840003764147,0.1437123095973985,21.28481404284469,0.0,2022,No Pressure
0001704596,"EVO PAYMENTS, INC.",Technology / Software / Electronics,2022,0.7754839279512931,0.0654677284342675,0.1233128698796866,21.635875803507467,,2023,Unknown
0001704711,"FUNKO, INC.",Industrial / Manufacturing,2021,,0.0902963608381576,0.092748129055575,20.690229084672183,1.0,2022,Pressure
0001704711,"FUNKO, INC.",Industrial / Manufacturing,2022,,-0.0367815459906795,-0.0090118287813013,20.81049344147385,1.0,2023,Pressure
0001704715,"ALPHA METALLURGICAL RESOURCES, INC.",Energy / Capital-intensive,2021,0.7056007605053959,0.0941712170670157,0.1581254820493884,21.34261146047965,0.0,2022,No Pressure
0001704715,"ALPHA METALLURGICAL RESOURCES, INC.",Energy / Capital-intensive,2022,0.3817219529344915,0.641737719564156,0.3854305840268852,21.561585946660976,0.0,2023,No Pressure
0001704720,"CANNAE HOLDINGS, INC.",Consumer / Retail,2021,0.1410170711641299,-0.0452745783628136,-0.1798706548100242,22.081572161783228,1.0,2022,Pressure
0001704720,"CANNAE HOLDINGS, INC.",Consumer / Retail,2022,0.1313709806430971,-0.0656215005599104,-0.2183960126869053,21.86286010765609,1.0,2023,Pressure
0001705012,"FAT BRANDS, INC",Consumer / Retail,2021,0.966300061730728,0.0005369943434496,0.0069313010489481,20.96230793473725,1.0,2022,Pressure
0001705012,"FAT BRANDS, INC",Consumer / Retail,2022,1.131193939189139,-0.0390660865422734,-0.0439659745005205,20.91661223043864,0.0,2023,No Pressure
0001705110,ANGI INC.,Technology / Software / Electronics,2021,,0.0030888380466842,-0.0453965082073621,21.42147070630826,0.0,2022,No Pressure
0001705110,ANGI INC.,Technology / Software / Electronics,2022,,0.0141887578114434,-0.0667741990056695,21.369205051525977,1.0,2023,Pressure
0001705873,BERRY CORP (BRY),Energy / Capital-intensive,2021,,0.0840987065381649,,21.099287716820765,,2022,Unknown
0001705873,BERRY CORP (BRY),Energy / Capital-intensive,2022,,0.221296358742635,,21.212477554652786,,2023,Unknown
0001707753,ELASTIC N.V.,Technology / Software / Electronics,2021,0.5367406789344535,0.023166511161439,-0.212786098023136,20.696071398422784,0.0,2022,No Pressure
0001707753,ELASTIC N.V.,Technology / Software / Electronics,2022,0.7471391068766735,0.0034523665327393,-0.2013975374953326,21.219747679380195,0.0,2023,No Pressure
0001707925,LINDE PLC,Industrial / Manufacturing,2021,0.4431591201519514,0.119171619386067,0.1618549670379631,25.125156371561324,0.0,2022,No Pressure
0001707925,LINDE PLC,Industrial / Manufacturing,2022,0.4804413869291219,0.1112757036330312,0.16092195180434,25.1010083076938,0.0,2023,No Pressure
0001708035,ECOVYST INC.,Industrial / Manufacturing,2021,0.6164407040320129,0.0672725361546256,0.0893437674349354,21.38141724721937,0.0,2022,No Pressure
0001708035,ECOVYST INC.,Industrial / Manufacturing,2022,0.6247232102254486,0.0990187062926858,0.1272741017290549,21.356956494977485,0.0,2023,No Pressure
0001708055,RIBBON COMMUNICATIONS INC.,Technology / Software / Electronics,2021,0.6088509850215583,0.01423274719029,-0.1394106445653447,21.02169272728571,1.0,2022,Pressure
0001708055,RIBBON COMMUNICATIONS INC.,Technology / Software / Electronics,2022,0.587096316874329,-0.020997734882491,-0.058948960671416,20.95085071176604,0.0,2023,No Pressure
0001709164,HAMILTON BEACH BRANDS HOLDING CO,Technology / Software / Electronics,2021,0.7326067178382448,0.0466844791165582,0.0479029274264346,19.76224967130688,0.0,2022,No Pressure
0001709164,HAMILTON BEACH BRANDS HOLDING CO,Technology / Software / Electronics,2022,0.6798200282812701,-0.0087877619231263,0.0605258764737912,19.77896136118808,0.0,2023,No Pressure
0001709682,"CUSTOM TRUCK ONE SOURCE, INC.",Technology / Software / Electronics,2021,,0.0517653178406761,-0.0359566946606874,21.71048686931928,0.0,2022,No Pressure
0001709682,"CUSTOM TRUCK ONE SOURCE, INC.",Technology / Software / Electronics,2022,,0.0156448887963155,0.0656721882973976,21.801067070365747,0.0,2023,No Pressure
0001710155,"NATIONAL VISION HOLDINGS, INC.",Industrial / Manufacturing,2021,,0.112920943826477,0.084123537827148,21.553166526471674,0.0,2022,No Pressure
0001710155,"NATIONAL VISION HOLDINGS, INC.",Industrial / Manufacturing,2022,,0.0520232222991333,0.0305549405506321,21.55236161178115,0.0,2023,No Pressure
0001710366,CONSOL ENERGY INC.,Energy / Capital-intensive,2021,0.7385628305544514,0.1187359555036939,,21.66853928321362,,2022,Unknown
0001710366,CONSOL ENERGY INC.,Energy / Capital-intensive,2022,0.5689114350550977,0.2407171781153293,,21.71813740885533,,2023,Unknown
0001710583,"SWITCH, INC.",Technology / Software / Electronics,2021,0.7880363240410359,0.0893522208113566,0.094634698375968,21.794376053862035,,2022,Unknown
0001711269,"EVERGY, INC.",Energy / Capital-intensive,2021,,0.0473939797689381,0.2425224193173071,24.07388896393069,0.0,2022,No Pressure
0001711269,"EVERGY, INC.",Energy / Capital-intensive,2022,,0.0611022756943902,0.2162789506920858,24.107313668821764,0.0,2023,No Pressure
0001712463,RANPAK HOLDINGS CORP.,Industrial / Manufacturing,2021,0.475688149002802,0.0447502884456898,0.0317791091430059,20.916692174296603,1.0,2022,Pressure
0001712463,RANPAK HOLDINGS CORP.,Industrial / Manufacturing,2022,0.4593736215262461,0.0009704455227172,-0.1301684532924961,20.84857602879408,0.0,2023,No Pressure
0001712923,"GREENSKY, INC.",Technology / Software / Electronics,2021,1.0236801372859117,0.5307219287324607,0.3111563212977297,20.89617658482739,,2022,Unknown
0001713683,"ZSCALER, INC.",Technology / Software / Electronics,2021,0.7657300949535154,0.0894920383357599,-0.3087386718169663,21.537581870807664,0.0,2022,No Pressure
0001713683,"ZSCALER, INC.",Technology / Software / Electronics,2022,0.7976110835555916,0.1136428063325525,-0.3001330954969357,21.76448380195004,0.0,2023,No Pressure
0001713952,"VIVINT SMART HOME, INC.",Technology / Software / Electronics,2021,1.6246706308236418,0.0295997886293503,-0.1042579769472241,21.747739178981096,0.0,2022,No Pressure
0001713952,"VIVINT SMART HOME, INC.",Technology / Software / Electronics,2022,1.5913910583899766,0.0136954750008858,0.0425226895850792,21.78054975325387,,2023,Unknown
0001714899,DENALI THERAPEUTICS INC.,Industrial / Manufacturing,2022,0.2861251765118384,-0.1675859206898582,-3.141569014318246,21.10186801304055,1.0,2023,Pressure
0001718227,"CONSTRUCTION PARTNERS, INC.",Industrial / Manufacturing,2021,0.4930710867570851,0.0601274453894026,0.033051181513035,20.50836323677352,0.0,2022,No Pressure
0001718227,"CONSTRUCTION PARTNERS, INC.",Industrial / Manufacturing,2022,0.5838701403259271,0.0150595013696679,0.0272057366130075,20.814495887057948,0.0,2023,No Pressure
0001718512,GATES INDUSTRIAL CORP PLC,Technology / Software / Electronics,2021,0.5378468073808576,0.0507633081109783,0.1393334100851945,22.74255920592272,0.0,2022,No Pressure
0001718512,GATES INDUSTRIAL CORP PLC,Technology / Software / Electronics,2022,0.5211635797319094,0.036959786417487,0.1080411907039558,22.696179515355464,0.0,2023,No Pressure
0001719489,"KALEYRA, INC.",Technology / Software / Electronics,2021,0.7381784289635458,-0.0266053634379159,-0.1231759287963277,19.92137687736185,0.0,2022,No Pressure
0001719489,"KALEYRA, INC.",Technology / Software / Electronics,2022,0.8859641302850289,0.0018639933220413,-0.2579753986225115,19.7294810245959,,2023,Unknown
0001720592,REPAY HOLDINGS CORP,Technology / Software / Electronics,2021,0.4584086883415478,0.0316342437873011,-0.2462668848655847,21.24552923941977,0.0,2022,No Pressure
0001720592,REPAY HOLDINGS CORP,Technology / Software / Electronics,2022,0.4293748463240718,0.0456251536759282,-0.169041675769177,21.20988073261205,0.0,2023,No Pressure
0001720635,NVENT ELECTRIC PLC,Technology / Software / Electronics,2021,0.4659834838047152,0.0798639339352188,0.1443541835905767,22.265323862263138,0.0,2022,No Pressure
0001720635,NVENT ELECTRIC PLC,Technology / Software / Electronics,2022,0.4427603932928073,0.0804944718697727,0.1513922310072189,22.31294992109764,0.0,2023,No Pressure
0001720671,"HASHICORP, INC.",Technology / Software / Electronics,2021,0.2102538993333025,-0.0346220764623462,-0.901938778373222,21.207957936121765,1.0,2022,Pressure
0001720671,"HASHICORP, INC.",Technology / Software / Electronics,2022,0.2597676160998317,-0.0518700025793139,-0.6246981964281587,21.2108269285446,1.0,2023,Pressure
0001721386,LANDSEA HOMES CORP,Industrial / Manufacturing,2021,0.5089765897493035,0.0263924381713675,0.0581371713586578,20.95874420149947,0.0,2022,No Pressure
0001721386,LANDSEA HOMES CORP,Industrial / Manufacturing,2022,0.5068927647143762,0.0111038142417611,0.0748688685186964,21.0882533363656,0.0,2023,No Pressure
0001721741,"LAZYDAYS HOLDINGS, INC.",Consumer / Retail,2021,0.6259869250338047,0.0039691861664336,0.1004770664783878,20.36391302643562,0.0,2022,No Pressure
0001721741,"LAZYDAYS HOLDINGS, INC.",Consumer / Retail,2022,0.6485028613801554,-0.0866238603232384,0.0676093720915686,20.53780094625069,1.0,2023,Pressure
0001721947,JAMF HOLDING CORP.,Technology / Software / Electronics,2021,0.5012050634279461,0.0440179138352629,-0.207981702457504,21.1155916689227,0.0,2022,No Pressure
0001721947,JAMF HOLDING CORP.,Technology / Software / Electronics,2022,0.5414718915858473,0.0588444122488954,-0.2900604875766538,21.14823418178624,0.0,2023,No Pressure
0001722482,"AVANTOR, INC.",Industrial / Manufacturing,2021,0.6979967187634919,0.0686181389056788,0.1316256210990915,23.354953218014565,0.0,2022,No Pressure
0001722482,"AVANTOR, INC.",Industrial / Manufacturing,2022,0.6393871200136658,0.0626545754328112,0.1504445982642031,23.323307575300884,0.0,2023,No Pressure
0001723089,CHAMPIONX CORP,Technology / Software / Electronics,2021,0.5036901282456423,0.092856227443283,,21.985894550256543,,2022,Unknown
0001723089,CHAMPIONX CORP,Technology / Software / Electronics,2022,0.5048786960702091,0.1220257046308424,,21.94335300498465,,2023,Unknown
0001723128,"AMNEAL PHARMACEUTICALS, INC.",Industrial / Manufacturing,2021,,0.0613808690284247,0.0729418069427402,22.09436127768579,0.0,2022,No Pressure
0001723128,"AMNEAL PHARMACEUTICALS, INC.",Industrial / Manufacturing,2022,,0.0171345504391419,-0.0429091119484483,22.05809346785016,0.0,2023,No Pressure
0001724521,"ARCUS BIOSCIENCES, INC.",Industrial / Manufacturing,2021,0.4714171385352579,-0.1609217424734499,0.1416833384698157,21.18819285259244,1.0,2022,Pressure
0001724521,"ARCUS BIOSCIENCES, INC.",Industrial / Manufacturing,2022,,0.3256505576208178,-2.5,21.019659850743707,1.0,2023,Pressure
0001724965,TALOS ENERGY INC.,Energy / Capital-intensive,2021,0.7250799204139056,0.1486864860859869,0.3010076012020505,21.740962676462907,0.0,2022,No Pressure
0001724965,TALOS ENERGY INC.,Energy / Capital-intensive,2022,0.6189216988281666,0.2320450424471641,0.4455980096611339,21.84123163279031,0.0,2023,No Pressure
0001725057,CERIDIAN HCM HOLDING INC.,Technology / Software / Electronics,2021,0.6891658061455165,0.0068097457508861,-0.0346611989845733,22.69264136515224,0.0,2022,No Pressure
0001725057,CERIDIAN HCM HOLDING INC.,Technology / Software / Electronics,2022,0.7335674228262518,0.0167483453746273,-0.0207029369282619,22.792303445037163,0.0,2023,No Pressure
0001725134,"DIGITAL MEDIA SOLUTIONS, INC.",Technology / Software / Electronics,2021,1.1939162418741966,0.0761868843550656,0.0195870868239335,19.323241655733444,1.0,2022,Pressure
0001725134,"DIGITAL MEDIA SOLUTIONS, INC.",Technology / Software / Electronics,2022,1.3693533555378583,-0.0013859495514363,-0.1085701575874093,19.241697699759573,1.0,2023,Pressure
0001726173,BIGLARI HOLDINGS INC.,Consumer / Retail,2021,0.3432147938046975,0.255660717897826,,20.61211861164441,,2022,Unknown
0001726173,BIGLARI HOLDINGS INC.,Consumer / Retail,2022,0.3294080441872647,0.1542896940640261,,20.535096013529813,,2023,Unknown
0001727263,"FRONTDOOR, INC.",Technology / Software / Electronics,2021,,0.1730589335827876,,20.789989469924773,,2022,Unknown
0001727263,"FRONTDOOR, INC.",Technology / Software / Electronics,2022,,0.1312384473197781,,20.80207701829492,,2023,Unknown
0001728688,"I3 VERTICALS, INC.",Technology / Software / Electronics,2021,0.5557057379564283,0.0717612764651733,-5.354178936660063e-05,20.295248325901948,0.0,2022,No Pressure
0001728688,"I3 VERTICALS, INC.",Technology / Software / Electronics,2022,0.6005670429644092,0.059516144107842,-0.0076888712711805,20.462306186846128,0.0,2023,No Pressure
0001730168,BROADCOM INC.,Technology / Software / Electronics,2021,0.6693264522958846,0.182135768161969,0.3103460837887067,25.04832521599227,0.0,2022,No Pressure
0001730168,BROADCOM INC.,Technology / Software / Electronics,2022,0.689975289765048,0.2284809348933091,0.4284251423064181,25.01713043288692,0.0,2023,No Pressure
0001730346,"CHARAH SOLUTIONS, INC.",Energy / Capital-intensive,2021,0.8363038241012243,-0.0295431362919092,0.0359390080451812,19.656463216390435,1.0,2022,Pressure
0001730346,"CHARAH SOLUTIONS, INC.",Energy / Capital-intensive,2022,1.117293814965898,-0.2278410718874707,-0.3738074203440359,19.640161676221883,,2023,Unknown
0001731348,"TILRAY, INC.",Industrial / Manufacturing,2021,0.2589137382948941,-0.0074214628100353,-0.257600592494421,22.519243397671737,1.0,2022,Pressure
0001731348,"TILRAY BRANDS, INC.",Industrial / Manufacturing,2022,0.1850247004694208,-0.0325269638992574,-0.97140069894903,22.41882529743978,0.0,2023,No Pressure
0001732845,WESTROCK CO,Industrial / Manufacturing,2021,,0.0779338422043938,0.0683448824022063,24.09929240840077,0.0,2022,No Pressure
0001732845,WESTROCK CO,Industrial / Manufacturing,2022,,0.0711270704617063,0.0624185543245595,24.069848625370547,0.0,2023,No Pressure
0001733186,"VEONEER, INC.",Industrial / Manufacturing,2021,,-0.1662857142857143,-0.2154496077248038,21.282881625453264,,2022,Unknown
0001733998,NORTHWEST NATURAL HOLDING CO,Energy / Capital-intensive,2021,,0.0394510756767448,0.1895827522082752,22.1255821584727,0.0,2022,No Pressure
0001733998,NORTHWEST NATURAL HOLDING CO,Energy / Capital-intensive,2022,,0.031099802330337,0.1614464892857108,22.28105797203604,0.0,2023,No Pressure
0001734722,"UIPATH, INC.",Technology / Software / Electronics,2021,0.2528846041711209,-0.021366012944858,-0.5614400416025965,21.66812458952636,1.0,2022,Pressure
0001734722,"UIPATH, INC.",Technology / Software / Electronics,2022,0.2979841372094094,-0.0036490852974145,-0.3290093058537797,21.72947259027643,0.0,2023,No Pressure
0001735707,GARRETT MOTION INC.,Industrial / Manufacturing,2021,1.1729490022172948,-0.114560236511456,,21.71873736706456,,2022,Unknown
0001735707,GARRETT MOTION INC.,Industrial / Manufacturing,2022,1.043989381873341,0.1422070534698521,,21.69290774469678,,2023,Unknown
0001736946,"ARLO TECHNOLOGIES, INC.",Technology / Software / Electronics,2021,0.6758122535900314,-0.0667558778669889,-0.1382047493088383,19.66624644845442,1.0,2022,Pressure
0001736946,"ARLO TECHNOLOGIES, INC.",Technology / Software / Electronics,2022,0.6778299859295153,-0.1688531636547992,-0.1159815992202506,19.422051325617936,0.0,2023,No Pressure
0001738177,CAMBIUM NETWORKS CORP,Technology / Software / Electronics,2021,0.5172085694111974,0.1289889265848072,0.1084369994104581,19.26340243965148,1.0,2022,Pressure
0001738177,CAMBIUM NETWORKS CORP,Technology / Software / Electronics,2022,0.4605064907111206,-0.0113336945469119,0.0669587974361651,19.41193794022744,1.0,2023,Pressure
0001738827,"KLX ENERGY SERVICES HOLDINGS, INC.",Energy / Capital-intensive,2022,,0.0336982185018244,0.0415813715455475,19.95948157893341,0.0,2023,No Pressure
0001739104,ELANCO ANIMAL HEALTH INC,Industrial / Manufacturing,2021,0.542680337317236,0.0293029181581022,,23.525595383756297,,2022,Unknown
0001739104,ELANCO ANIMAL HEALTH INC,Industrial / Manufacturing,2022,0.5294687237750952,0.0291782325221096,,23.463525047135192,,2023,Unknown
0001739445,"ARCOSA, INC.",Industrial / Manufacturing,2021,0.3873153288792698,0.0522254634421755,0.0526910233745826,21.8826909653247,0.0,2022,No Pressure
0001739445,"ARCOSA, INC.",Industrial / Manufacturing,2022,0.3461054900317308,0.0521762557624378,0.1556090601034421,21.92941626881947,0.0,2023,No Pressure
0001739566,"UTZ BRANDS, INC.",Industrial / Manufacturing,2021,0.4718371665465298,0.0178132682655302,0.0089488300713213,21.722553432122503,0.0,2022,No Pressure
0001739566,"UTZ BRANDS, INC.",Industrial / Manufacturing,2022,0.4889095278566213,0.0169671795817862,0.003794373903455,21.767198754407588,0.0,2023,No Pressure
0001739936,MOMENTIVE GLOBAL INC.,Technology / Software / Electronics,2021,0.6228695085985675,0.0614592243628208,-0.2536628014403339,20.661309579959788,0.0,2022,No Pressure
0001739936,MOMENTIVE GLOBAL INC.,Technology / Software / Electronics,2022,0.6460430411464473,0.0108633533089347,-0.1691289765177775,20.51273614658317,,2023,Unknown
0001739942,SOLARWINDS CORP,Technology / Software / Electronics,2021,0.522571918482127,0.0246429195219575,-0.045741074708613,22.290240200121225,0.0,2022,No Pressure
0001739942,SOLARWINDS CORP,Technology / Software / Electronics,2022,0.57198424002955,0.0482830344693103,-1.1393058063547536,21.88641852206284,0.0,2023,No Pressure
0001740332,"RESIDEO TECHNOLOGIES, INC.",Consumer / Retail,2021,,0.053818554587391,0.0956209373930892,22.49022018742635,0.0,2022,No Pressure
0001740332,"RESIDEO TECHNOLOGIES, INC.",Consumer / Retail,2022,0.6040394551432597,0.0237983403788946,0.0959183673469387,22.57753051168244,0.0,2023,No Pressure
0001741231,"TATTOOED CHEF, INC.",Industrial / Manufacturing,2021,0.1867433130864031,-0.1919865569365384,-0.1733448905964484,19.403511745877232,1.0,2022,Pressure
0001741231,"TATTOOED CHEF, INC.",Industrial / Manufacturing,2022,0.5755986338837077,-0.3962599452978679,-0.5941999489020435,19.156729360295195,,2023,Unknown
0001742924,LIVENT CORP.,Industrial / Manufacturing,2021,0.3385446985446985,0.0219542619542619,0.0706470028544243,20.90766856077579,0.0,2022,No Pressure
0001742924,LIVENT CORP.,Industrial / Manufacturing,2022,0.30431009545849,0.2192170475363995,0.4038366945400885,21.45284137460202,,2023,Unknown
0001743725,"GRID DYNAMICS HOLDINGS, INC.",Technology / Software / Electronics,2021,0.1155660469229001,0.0700104004767859,0.0002366527830367,19.363492663359114,0.0,2022,No Pressure
0001743725,"GRID DYNAMICS HOLDINGS, INC.",Technology / Software / Electronics,2022,0.1169949361054224,0.0769848180451713,-0.067662537602824,19.834458942956644,0.0,2023,No Pressure
0001743745,"GREENLANE HOLDINGS, INC.",Consumer / Retail,2021,0.3129970226745548,-0.1306034769283517,-0.3174876550644345,19.470897294155,1.0,2022,Pressure
0001743745,"GREENLANE HOLDINGS, INC.",Consumer / Retail,2022,0.3470931785036938,-0.1809343183638816,-0.9317868475763212,18.79948013434453,,2023,Unknown
0001743759,"CORSAIR GAMING, INC.",Technology / Software / Electronics,2021,0.5751594890369045,0.0150979964049541,0.0724210371521905,21.01399027744958,1.0,2022,Pressure
0001743759,"CORSAIR GAMING, INC.",Technology / Software / Electronics,2022,0.494749257079426,0.0511769172361427,-0.0398466145685616,20.98350862266837,0.0,2023,No Pressure
0001745041,"IAA, INC.",Consumer / Retail,2021,,0.0986272707098246,0.242679873734625,21.87203243859227,0.0,2022,No Pressure
0001745041,"IAA, INC.",Consumer / Retail,2022,,0.1187368045436974,0.1986754966887417,21.936069534204464,,2023,Unknown
0001746618,"REVOLVE GROUP, INC.",Consumer / Retail,2021,0.3401219367502545,0.12970714780824,0.118120014808333,19.990156710668188,0.0,2022,No Pressure
0001746618,"REVOLVE GROUP, INC.",Consumer / Retail,2022,0.344793360468689,0.0404544654231354,0.0664054271955373,20.177362109293725,0.0,2023,No Pressure
0001747009,EQUITRANS MIDSTREAM CORP,Energy / Capital-intensive,2021,0.7534450886403186,0.1070225489718484,0.4810517851814337,23.11393176827738,0.0,2022,No Pressure
0001747009,EQUITRANS MIDSTREAM CORP,Energy / Capital-intensive,2022,0.80083011147772,0.0809696153925318,0.5432484844378224,23.06944523814148,0.0,2023,No Pressure
0001748773,RATTLER MIDSTREAM LP,Energy / Capital-intensive,2021,0.3923805458752248,0.129142408003602,0.4253433280937375,21.37618199468209,,2022,Unknown
0001748790,AMCOR PLC,Industrial / Manufacturing,2021,0.7195136141494065,0.0850011636025133,0.1027136303553378,23.56747730291734,0.0,2022,No Pressure
0001748790,AMCOR PLC,Industrial / Manufacturing,2022,0.7623665786755423,0.0875702972569723,0.0851897689768976,23.58122918081289,0.0,2023,No Pressure
0001749704,"AGILITI, INC. DE",Technology / Software / Electronics,2021,,0.0836002189409348,0.1003475531679326,21.64583561468717,0.0,2022,No Pressure
0001749704,"AGILITI, INC. DE",Technology / Software / Electronics,2022,,0.0817378289903019,0.0820357230765937,21.61694565839396,0.0,2023,No Pressure
0001749723,NEW FORTRESS ENERGY INC.,Energy / Capital-intensive,2021,0.7100187130298414,0.0123275065251293,0.1805837573045259,22.651374475281248,0.0,2022,No Pressure
0001749723,NEW FORTRESS ENERGY INC.,Energy / Capital-intensive,2022,0.8128690908156461,0.0460878936784838,0.3113578170075059,22.76514594823162,0.0,2023,No Pressure
0001751008,APPLOVIN CORP,Technology / Software / Electronics,2021,0.6530764025252211,0.058707935762647,0.0537094214894969,22.541923452428662,0.0,2022,No Pressure
0001751008,APPLOVIN CORP,Technology / Software / Electronics,2022,0.6746362677813335,0.0705854771141374,-0.0169648619233256,22.48933922542882,0.0,2023,No Pressure
0001751788,DOW INC.,Industrial / Manufacturing,2021,,0.1112716304175265,,24.866241820596123,,2022,Unknown
0001751788,DOW INC.,Industrial / Manufacturing,2022,,0.1233437288583073,,24.827610233763345,,2023,Unknown
0001752474,KLDISCOVERY INC.,Technology / Software / Electronics,2021,0.8776657594861126,0.015868850604333,-0.0164598395516682,20.271344141334605,0.0,2022,No Pressure
0001752474,KLDISCOVERY INC.,Technology / Software / Electronics,2022,0.9456107270737212,0.0128341313633883,0.0379136318959651,20.244329632374605,0.0,2023,No Pressure
0001752836,"COVETRUS, INC.",Consumer / Retail,2021,0.5501466275659824,0.0299120234604105,-0.0050273224043715,21.949978128535093,,2022,Unknown
0001753706,"WHOLE EARTH BRANDS, INC.",Industrial / Manufacturing,2021,0.6597895681562229,0.0102777106350784,0.0461887593046583,20.642683568152616,1.0,2022,Pressure
0001753706,"WHOLE EARTH BRANDS, INC.",Industrial / Manufacturing,2022,0.676619517245522,-0.0068433209305503,-0.0457872599726532,20.55957327901613,0.0,2023,No Pressure
0001754170,AERSALE CORP,Consumer / Retail,2021,0.1612480384011815,0.1622183246664,0.1664390180855782,20.00477008074937,0.0,2022,No Pressure
0001754170,AERSALE CORP,Consumer / Retail,2022,0.1629089937713867,-0.0002125742363787,0.134737017310253,20.09136238251827,1.0,2023,Pressure
0001754195,TRULIEVE CANNABIS CORP.,Industrial / Manufacturing,2021,0.3704328394615805,0.0037814377085976,0.2098776088705595,21.95023381431969,0.0,2022,No Pressure
0001754195,TRULIEVE CANNABIS CORP.,Industrial / Manufacturing,2022,0.432869438736964,0.0067948437327157,0.0261386403745083,21.946761229655408,0.0,2023,No Pressure
0001754820,"DESKTOP METAL, INC.",Technology / Software / Electronics,2021,0.100998418546503,-0.1116581064614906,-1.7921767134011817,21.051559002400285,1.0,2022,Pressure
0001754820,"DESKTOP METAL, INC.",Technology / Software / Electronics,2022,0.3007170440129012,-0.2406465459529898,-3.500873109657789,20.44136303363432,1.0,2023,Pressure
0001756390,"ASCEND WELLNESS HOLDINGS, INC",Industrial / Manufacturing,2021,0.7560572047838371,-0.057694115305293,-0.0517598779713641,20.399522642624945,1.0,2022,Pressure
0001756390,"ASCEND WELLNESS HOLDINGS, INC.",Industrial / Manufacturing,2022,0.8126318565400844,-0.0439781691432764,-0.0185403250838822,20.586483452426823,0.0,2023,No Pressure
0001756497,CHANGE HEALTHCARE INC.,Technology / Software / Electronics,2021,0.6701627335327126,0.0701614246974199,0.0393043008605743,23.01907754235565,,2022,Unknown
0001757073,ENVISTA HOLDINGS CORP,Industrial / Manufacturing,2021,,0.0550028900854856,0.1220455179560763,22.606418734755785,0.0,2022,No Pressure
0001757073,ENVISTA HOLDINGS CORP,Industrial / Manufacturing,2022,,0.0277364505844845,0.1242458448483904,22.60836384675678,0.0,2023,No Pressure
0001757715,"ATERIAN, INC.",Technology / Software / Electronics,2021,0.2849188378990337,-0.1338425232005612,-0.1375364758018622,19.56353318178828,1.0,2022,Pressure
0001757715,"ATERIAN, INC.",Technology / Software / Electronics,2022,0.3482955017610698,-0.1117176663108304,-0.8055296830492381,18.86817672199637,1.0,2023,Pressure
0001757898,STERIS PLC,Industrial / Manufacturing,2021,0.4270947479400966,0.0599470709480746,0.0928270575939616,23.15894670278396,0.0,2022,No Pressure
0001757898,STERIS PLC,Industrial / Manufacturing,2022,0.4375103898699657,0.0699462448110714,0.0540931240405345,23.104832059046498,0.0,2023,No Pressure
0001758021,KARAT PACKAGING INC.,Industrial / Manufacturing,2021,0.3640383624198575,0.0418065597618485,0.0635425703649202,19.1511188971057,0.0,2022,No Pressure
0001758021,KARAT PACKAGING INC.,Industrial / Manufacturing,2022,0.3975096659066124,0.1168791513829681,0.0709646607101903,19.34563385287068,0.0,2023,No Pressure
0001758766,"STEM, INC.",Technology / Software / Electronics,2021,0.4396625357643288,-0.0849668157371437,-0.652220678176351,20.89875577880812,1.0,2022,Pressure
0001758766,"STEM, INC.",Technology / Software / Electronics,2022,0.6116676852618306,-0.0745696054485112,-0.3612347787756901,21.075254920067408,1.0,2023,Pressure
0001759509,"LYFT, INC.",Technology / Software / Electronics,2021,0.7079949994595596,-0.0213078072278253,-0.3373824892319134,22.28642606649495,1.0,2022,Pressure
0001759509,"LYFT, INC.",Technology / Software / Electronics,2022,0.9146990264968348,-0.0520769435551641,-0.3562558987676841,22.239805478803248,1.0,2023,Pressure
0001759824,ALTA EQUIPMENT GROUP INC.,Consumer / Retail,2021,0.8629147160594342,0.0312436393242418,0.0148416886543535,20.70571267871653,0.0,2022,No Pressure
0001759824,ALTA EQUIPMENT GROUP INC.,Consumer / Retail,2022,0.8916782891678289,0.0201456686812335,0.0259575009543198,20.97837306424085,0.0,2023,No Pressure
0001760689,"MICROVAST HOLDINGS, INC.",Technology / Software / Electronics,2021,0.3100530397642498,-0.0452520921017069,-1.276938463967995,20.718545715680392,1.0,2022,Pressure
0001760689,"MICROVAST HOLDINGS, INC.",Technology / Software / Electronics,2022,0.3776611567814635,-0.0547516287513058,-0.7821511528399228,20.7081085443764,1.0,2023,Pressure
0001760717,SCIPLAY CORP,Technology / Software / Electronics,2021,0.2297535211267605,0.2403169014084507,0.2172908760930539,20.33995353494652,0.0,2022,No Pressure
0001760717,SCIPLAY CORP,Technology / Software / Electronics,2022,0.1960297766749379,0.1964215750293848,0.221311475409836,20.456301007389342,,2023,Unknown
0001760965,"KONTOOR BRANDS, INC.",Industrial / Manufacturing,2021,0.90336876656856,0.1851647462792494,0.1142926496698595,21.150508092943145,0.0,2022,No Pressure
0001760965,"KONTOOR BRANDS, INC.",Industrial / Manufacturing,2022,0.8415198251110279,0.0528263036250024,0.1355396504732762,21.182120674352667,0.0,2023,No Pressure
0001762322,"SHIFT TECHNOLOGIES, INC.",Consumer / Retail,2021,0.7941925958331055,-0.5770383332421939,-0.2776913305562054,19.717433259144943,1.0,2022,Pressure
0001762322,"SHIFT TECHNOLOGIES, INC.",Consumer / Retail,2022,1.2410550847115935,-0.4451934940205952,-0.3540066164445034,19.32901188617253,,2023,Unknown
0001762359,"ACREAGE HOLDINGS, INC.",Consumer / Retail,2021,0.5844378304590978,-0.0824532957922982,-0.2492388501474645,20.013076258190555,1.0,2022,Pressure
0001762359,"ACREAGE HOLDINGS, INC.",Consumer / Retail,2022,0.8885690276310206,-0.1389316449096299,-0.603416576002159,19.70320499349558,1.0,2023,Pressure
0001764046,CLARIVATE PLC,Technology / Software / Electronics,2021,0.4091125497380738,0.0160415863287575,-0.0463425212079105,23.72810546243379,0.0,2022,No Pressure
0001764046,CLARIVATE PLC,Technology / Software / Electronics,2022,0.5114701432064769,0.0365223128168721,-1.475900443642379,23.35837968704282,0.0,2023,No Pressure
0001766368,"MAYVILLE ENGINEERING COMPANY, INC.",Industrial / Manufacturing,2021,0.477509598838389,0.038097572159284,-0.0162501703948323,19.75429400865912,0.0,2022,No Pressure
0001766368,"MAYVILLE ENGINEERING COMPANY, INC.",Industrial / Manufacturing,2022,0.505500691132845,0.118992875316911,0.0477834302325581,19.903604870658352,0.0,2023,No Pressure
0001766502,"CHEWY, INC.",Consumer / Retail,2021,0.9929367137025166,0.0919046858980166,-0.0081183042239409,21.458648892506368,0.0,2022,No Pressure
0001766502,"CHEWY, INC.",Consumer / Retail,2022,0.9149302048924168,0.1389906308994241,0.0055206789544921,21.64556885912701,0.0,2023,No Pressure
0001767258,"XPEL, INC.",Industrial / Manufacturing,2021,0.4754380997832636,0.1134535838156754,0.1547293948069589,18.89700509279636,0.0,2022,No Pressure
0001767258,"XPEL, INC.",Industrial / Manufacturing,2022,0.3549818475191609,0.0623545474291743,0.1664758189220137,19.080074642878568,0.0,2023,No Pressure
0001768267,CERENCE INC.,Technology / Software / Electronics,2021,0.3950119831532342,0.0436112908974936,0.1565000439069998,21.257257836610496,1.0,2022,Pressure
0001768267,CERENCE INC.,Technology / Software / Electronics,2022,0.4592690291112656,-0.0016215482372678,-0.5622142724258976,20.99975525543864,1.0,2023,Pressure
0001770450,XEROX HOLDINGS CORP,Technology / Software / Electronics,2021,0.6470543749527339,0.0475686304166981,,23.305223574596724,,2022,Unknown
0001770450,XEROX HOLDINGS CORP,Technology / Software / Electronics,2022,0.6901152213462705,0.0137745819977475,,23.16934502966582,,2023,Unknown
0001770561,CORONADO GLOBAL RESOURCES INC.,Energy / Capital-intensive,2021,0.5622423226993287,0.1795774132896077,,21.62400100637113,,2022,Unknown
0001770561,CORONADO GLOBAL RESOURCES INC.,Energy / Capital-intensive,2022,0.5674033021337473,0.3633998149750954,,21.65933056864816,,2023,Unknown
0001770787,"10X GENOMICS, INC.",Industrial / Manufacturing,2021,0.1975391283693192,-0.0209780669123088,-0.1065322432669371,20.741916821945328,1.0,2022,Pressure
0001770787,"10X GENOMICS, INC.",Industrial / Manufacturing,2022,0.2169497949425644,-0.032659526910144,-0.3252150911390002,20.751833858235305,1.0,2023,Pressure
0001771515,GROCERY OUTLET HOLDING CORP.,Consumer / Retail,2021,0.621968321317488,0.0620220630097744,0.0289308743849002,21.70527239703512,0.0,2022,No Pressure
0001771515,GROCERY OUTLET HOLDING CORP.,Consumer / Retail,2022,0.599548262085901,0.0669134080025854,0.0265476016467953,21.74298065116101,0.0,2023,No Pressure
0001772016,"BELLRING BRANDS, INC.",Industrial / Manufacturing,2021,1.0940416367552046,0.3246231155778894,0.134712533076738,20.361578352619883,0.0,2022,No Pressure
0001772016,"BELLRING BRANDS, INC.",Industrial / Manufacturing,2022,1.5319570135746607,0.0296945701357466,0.1548669340138534,20.376824070701733,0.0,2023,No Pressure
0001772177,"KURA SUSHI USA, INC.",Consumer / Retail,2022,0.5366713681241185,0.1176721826019587,-0.0053441444761817,19.1205850486418,0.0,2023,No Pressure
0001772695,SUNNOVA ENERGY INTERNATIONAL INC.,Energy / Capital-intensive,2021,0.7053880703472999,-0.0380125554255142,-0.2270508620404381,22.4287834513903,1.0,2022,Pressure
0001772695,SUNNOVA ENERGY INTERNATIONAL INC.,Energy / Capital-intensive,2022,0.7736026807112291,-0.0399940409447549,-0.1461457081891373,22.84395632211082,1.0,2023,Pressure
0001772921,ONEWATER MARINE INC.,Consumer / Retail,2021,0.6463668482710577,0.221232171453788,0.1212150079058399,20.39561418573148,0.0,2022,No Pressure
0001772921,ONEWATER MARINE INC.,Consumer / Retail,2022,0.7029059160106529,0.0049731940367082,0.124845399702663,21.127014807332248,0.0,2023,No Pressure
0001773383,"DYNATRACE, INC.",Technology / Software / Electronics,2021,0.4867033144323203,0.0987352979368908,0.0874790869820161,21.655945533449547,0.0,2022,No Pressure
0001773383,"DYNATRACE, INC.",Technology / Software / Electronics,2022,0.4196500475347217,0.1283328999941056,0.080111002736226,21.740431961695723,0.0,2023,No Pressure
0001774170,"POWERFLEET, INC.",Technology / Software / Electronics,2021,0.36980949853611,-0.0218343650893777,-0.0631893382352941,19.253011443110942,0.0,2022,No Pressure
0001774170,"POWERFLEET, INC.",Technology / Software / Electronics,2022,0.3543817692643778,0.003481500218456,-0.0576662695975791,19.19741051785264,0.0,2023,No Pressure
0001774675,SKILLSOFT CORP.,Technology / Software / Electronics,2021,,0.012702367472146,-0.1011515964783497,21.52165012599983,1.0,2022,Pressure
0001774675,SKILLSOFT CORP.,Technology / Software / Electronics,2022,,-0.012743145833625,-1.4485394254256707,21.21959915328842,0.0,2023,No Pressure
0001775625,"SMILEDIRECTCLUB, INC.",Industrial / Manufacturing,2021,1.1690927534553803,-0.1781103456261216,-0.4066491951989536,20.49329654442308,1.0,2022,Pressure
0001775625,"SMILEDIRECTCLUB, INC.",Industrial / Manufacturing,2022,1.6451546989178696,-0.2649201173075538,-0.556807005096199,20.207533195102283,,2023,Unknown
0001776661,ADVANTAGE SOLUTIONS INC.,Technology / Software / Electronics,2021,0.5589040337750167,0.0215212217821254,0.0638614573252962,22.490436805001814,0.0,2022,No Pressure
0001776661,ADVANTAGE SOLUTIONS INC.,Technology / Software / Electronics,2022,0.7115525607695811,0.0284484855963969,-0.355431531193839,22.17309141540308,0.0,2023,No Pressure
0001777393,"CHARGEPOINT HOLDINGS, INC.",Industrial / Manufacturing,2021,0.3608880507818113,-0.1836412558987822,-1.1013833680489282,20.56766060093169,1.0,2022,Pressure
0001777393,"CHARGEPOINT HOLDINGS, INC.",Industrial / Manufacturing,2022,0.6712906162004598,-0.2472774378979904,-0.730156763385132,20.80018706340105,1.0,2023,Pressure
0001777921,"AVEPOINT, INC.",Technology / Software / Electronics,2021,0.3425777773204574,0.0129393061650777,-0.2787310652444648,19.77841615538651,1.0,2022,Pressure
0001777921,"AVEPOINT, INC.",Technology / Software / Electronics,2022,0.4148382920249414,-0.00186266794695,-0.1767503518565544,19.845072593895207,0.0,2023,No Pressure
0001779474,"WM TECHNOLOGY, INC.",Technology / Software / Electronics,2021,0.6386631027758911,0.0632408036281576,-0.0423410269951228,19.715802357030583,1.0,2022,Pressure
0001779474,"WM TECHNOLOGY, INC.",Technology / Software / Electronics,2022,0.4233325796970382,-0.0583867159042379,-0.3230254580547578,19.108991251645023,1.0,2023,Pressure
0001780201,"LULU'S FASHION LOUNGE HOLDINGS, INC.",Consumer / Retail,2021,0.6086872451132049,0.2363943186612291,0.0594688851913477,18.549742169894635,0.0,2022,No Pressure
0001780201,"LULU'S FASHION LOUNGE HOLDINGS, INC.",Consumer / Retail,2022,0.6118932561421976,0.037074471902586,0.0198770846032771,18.93472518775441,1.0,2023,Pressure
0001781335,OTIS WORLDWIDE CORP,Technology / Software / Electronics,2021,1.2430165322909033,0.1425197491652414,0.1474332074416002,23.23115632320623,0.0,2022,No Pressure
0001781335,OTIS WORLDWIDE CORP,Technology / Software / Electronics,2022,1.4749974539158774,0.1588756492514512,0.1485568140299598,23.007585121235408,0.0,2023,No Pressure
0001782170,"REMITLY GLOBAL, INC.",Technology / Software / Electronics,2021,0.2322908142389525,-0.0293943714198036,-0.0866148428386083,20.25432404535149,1.0,2022,Pressure
0001782170,"REMITLY GLOBAL, INC.",Technology / Software / Electronics,2022,0.3101732444575998,-0.1510734201878575,-0.1851949323704021,20.360792688719773,1.0,2023,Pressure
0001782754,AZEK CO INC.,Industrial / Manufacturing,2021,0.3476817711032921,0.0949244778168727,0.1205531250053012,21.506177850712124,0.0,2022,No Pressure
0001782754,AZEK CO INC.,Industrial / Manufacturing,2022,0.3938783705699866,0.04441080932285,0.0951138474430984,21.59166422191257,0.0,2023,No Pressure
0001783180,CARRIER GLOBAL CORP,Technology / Software / Electronics,2021,0.7289469662234449,0.0854730246064496,0.1283170814534517,23.98795597399211,0.0,2022,No Pressure
0001783180,CARRIER GLOBAL CORP,Technology / Software / Electronics,2022,0.6904086483171049,0.0668174499731656,0.2210959306596151,23.98466460893284,0.0,2023,No Pressure
0001783400,"US ECOLOGY, INC.",Energy / Capital-intensive,2021,0.6541903779665204,0.0644284528951511,0.03375097798484,21.314046903593862,,2022,Unknown
0001784535,"PORCH GROUP, INC.",Technology / Software / Electronics,2021,0.7910511414232725,-0.0334797597490052,-0.433215716639038,20.761281017005818,1.0,2022,Pressure
0001784535,"PORCH GROUP, INC.",Technology / Software / Electronics,2022,0.9243577803684644,-0.0169066123194449,-0.6415955179961442,20.77115750330184,0.0,2023,No Pressure
0001785424,"KATAPULT HOLDINGS, INC.",Technology / Software / Electronics,2021,0.7544625124878132,0.0130354714074216,0.0054666081626324,18.92847378006915,1.0,2022,Pressure
0001785424,"KATAPULT HOLDINGS, INC.",Technology / Software / Electronics,2022,0.9459594696022016,-0.1580579373924382,-0.1183659036797812,18.697562206741384,1.0,2023,Pressure
0001786352,"BILL.COM HOLDINGS, INC.",Technology / Software / Electronics,2021,0.5762243781508761,0.0007744791447659,-0.4783203575850419,22.50987422895969,1.0,2022,Pressure
0001786352,"BILL.COM HOLDINGS, INC.",Technology / Software / Electronics,2022,0.5631284959657633,-0.0019547265748821,-0.4935174987810748,22.948540635930645,0.0,2023,No Pressure
0001786431,REYNOLDS CONSUMER PRODUCTS INC.,Industrial / Manufacturing,2021,0.6350789692435578,0.0644222776392352,,22.294378635266657,,2022,Unknown
0001786431,REYNOLDS CONSUMER PRODUCTS INC.,Industrial / Manufacturing,2022,0.6210184621627105,0.0444309190505173,,22.31840196487253,,2023,Unknown
0001786842,VONTIER CORP,Industrial / Manufacturing,2021,,0.1106027863350039,0.1946701441134182,22.19339570420843,0.0,2022,No Pressure
0001786842,VONTIER CORP,Industrial / Manufacturing,2022,0.8665761057260608,0.0739529850574448,0.181478457480216,22.191900265018763,0.0,2023,No Pressure
0001789832,HESS MIDSTREAM LP,Energy / Capital-intensive,2021,0.7839396373651595,0.2282246958916685,0.6040870576507725,21.9719060330544,0.0,2022,No Pressure
0001789832,HESS MIDSTREAM LP,Energy / Capital-intensive,2022,0.8525723203834792,0.2399810489939245,0.6204516938519448,22.00091652122825,0.0,2023,No Pressure
0001789940,"FIRST WATCH RESTAURANT GROUP, INC.",Consumer / Retail,2021,0.5181767035973244,0.0601489898435119,0.0369981021069772,20.76911549253112,0.0,2022,No Pressure
0001789940,"FIRST WATCH RESTAURANT GROUP, INC.",Consumer / Retail,2022,0.5263371862454117,0.0569851310068577,0.0231633527902027,20.82260968963382,0.0,2023,No Pressure
0001790982,ARCONIC CORP,Industrial / Manufacturing,2021,0.7630699088145897,-0.061854103343465,-0.038912579957356,22.607300582435613,0.0,2022,No Pressure
0001790982,ARCONIC CORP,Industrial / Manufacturing,2022,0.7743973399833749,0.05619285120532,-0.0052449503403637,22.517522186539303,,2023,Unknown
0001792044,VIATRIS INC,Industrial / Manufacturing,2021,0.626337459064818,0.055009955728008,-0.0019008962166574,24.72773674797753,0.0,2022,No Pressure
0001792044,VIATRIS INC,Industrial / Manufacturing,2022,0.5787410389786934,0.0590257925481086,0.0993008541017174,24.63573274385572,0.0,2023,No Pressure
0001792580,OVINTIV INC.,Energy / Capital-intensive,2021,0.6389896833866952,0.2226254002134471,0.1754446754446754,23.366244041376056,0.0,2022,No Pressure
0001792580,OVINTIV INC.,Energy / Capital-intensive,2022,0.4893065887353879,0.2567747077577045,0.3091302952503209,23.43504241985585,0.0,2023,No Pressure
0001792781,TORRID HOLDINGS INC.,Consumer / Retail,2021,1.4465316395304415,0.2095415565400924,0.0354881239667999,20.175950834933587,0.0,2022,No Pressure
0001792781,TORRID HOLDINGS INC.,Consumer / Retail,2022,1.4366389512654003,0.1011087424895308,0.0788925772273907,20.08321193173588,0.0,2023,No Pressure
0001792789,"DOORDASH, INC.",Technology / Software / Electronics,2021,0.3145836393009252,0.1016301953297106,-0.0924713584288052,22.641511103594105,0.0,2022,No Pressure
0001792789,"DOORDASH, INC.",Technology / Software / Electronics,2022,0.3086117070180815,0.0374910613954438,-0.1707428224213884,23.00452514332786,0.0,2023,No Pressure
0001792849,"HIGHPEAK ENERGY, INC.",Energy / Capital-intensive,2021,,0.1795142619908176,0.462680125747306,20.52354580179685,0.0,2022,No Pressure
0001792849,"HIGHPEAK ENERGY, INC.",Energy / Capital-intensive,2022,,0.2211090063444238,0.5591793416842445,21.547214061556765,0.0,2023,No Pressure
0001793229,MULTIPLAN CORP,Technology / Software / Electronics,2021,0.7147744631135661,0.0492295576119284,0.345489718164427,22.8298855582924,0.0,2022,No Pressure
0001793229,MULTIPLAN CORP,Technology / Software / Electronics,2022,0.7570863197697387,0.0505167204261396,-0.3359513057137247,22.720833328537136,0.0,2023,No Pressure
0001794515,ZOOMINFO TECHNOLOGIES INC.,Technology / Software / Electronics,2021,0.7084591924586672,0.0436895328984809,0.1516327623126338,22.647937757440133,0.0,2022,No Pressure
0001794515,ZOOMINFO TECHNOLOGIES INC.,Technology / Software / Electronics,2022,0.6816602208396391,0.0584328232722381,0.1601092896174863,22.68847428460495,0.0,2023,No Pressure
0001794669,"SHIFT4 PAYMENTS, INC.",Technology / Software / Electronics,2021,0.8293776146162384,0.0124647827200546,-0.0359780621572212,21.57452726102693,0.0,2022,No Pressure
0001794669,"SHIFT4 PAYMENTS, INC.",Technology / Software / Electronics,2022,0.8118245888801879,0.1078308535630383,0.0475020064205457,21.6609265949483,0.0,2023,No Pressure
0001796209,API GROUP CORP,Industrial / Manufacturing,2021,0.5497189377786392,0.0352781546811397,0.0345177664974619,22.36400859940276,0.0,2022,No Pressure
0001796209,API GROUP CORP,Industrial / Manufacturing,2022,0.6386108021258188,0.0333704115684093,0.0247026532479414,22.814018169895707,0.0,2023,No Pressure
0001799208,"DUN & BRADSTREET HOLDINGS, INC.",Technology / Software / Electronics,2021,0.6253651022286241,0.050384107550114,0.0672330993719985,23.02557089083317,0.0,2022,No Pressure
0001799208,"DUN & BRADSTREET HOLDINGS, INC.",Technology / Software / Electronics,2022,0.6295991300583832,0.0567045682492425,0.0673829002966825,22.971595357705475,0.0,2023,No Pressure
0001799332,GAN LTD,Technology / Software / Electronics,2021,0.1413245946878233,-0.0191751945115173,-0.2513872892890796,19.3796860820668,1.0,2022,Pressure
0001799332,GAN LTD,Technology / Software / Electronics,2022,0.7985254171517269,-0.0121168024835079,-1.360218472669719,18.45101595344964,1.0,2023,Pressure
0001800227,IAC/INTERACTIVECORP,Technology / Software / Electronics,2021,,0.0096664403305028,-0.0370488700617656,23.23288851376611,1.0,2022,Pressure
0001800227,IAC INC.,Technology / Software / Electronics,2022,,-0.0079655481455717,-0.0906868400544001,23.064459436598963,1.0,2023,Pressure
0001800347,"E2OPEN PARENT HOLDINGS, INC.",Technology / Software / Electronics,2021,0.3554342788904912,0.0094634031732758,-0.2773280446281496,22.41067446599313,0.0,2022,No Pressure
0001800347,"E2OPEN PARENT HOLDINGS, INC.",Technology / Software / Electronics,2022,0.3802701028936349,0.0154762026510309,-1.4479949096540252,22.204910150034248,0.0,2023,No Pressure
0001800667,JFROG LTD,Technology / Software / Electronics,2021,0.2509559803314378,0.0327285438132237,-0.3307915987284875,20.56371661233033,0.0,2022,No Pressure
0001800667,JFROG LTD,Technology / Software / Electronics,2022,0.2828765605971389,0.0245919232892687,-0.3208113126696186,20.58540623512352,0.0,2023,No Pressure
0001801368,MP MATERIALS CORP. / DE,Energy / Capital-intensive,2021,0.4661850295237359,0.0539624462735742,0.498099122764737,21.359665931353693,0.0,2022,No Pressure
0001801368,MP MATERIALS CORP. / DE,Energy / Capital-intensive,2022,0.4134231720892113,0.1535061201088396,0.6206725938844762,21.528753268490924,1.0,2023,Pressure
0001801661,SKILLZ INC.,Technology / Software / Electronics,2021,0.3902182680321658,-0.1761337472197101,-0.747540283632179,20.74583424476657,1.0,2022,Pressure
0001801661,SKILLZ INC.,Technology / Software / Electronics,2022,0.5519020755035853,-0.289068799845484,-1.5622652562576702,20.24731656896904,1.0,2023,Pressure
0001802665,"HARMONY BIOSCIENCES HOLDINGS, INC.",Industrial / Manufacturing,2021,0.5697081277122944,0.2273816857118467,0.2865636458878994,19.88727085995741,0.0,2022,No Pressure
0001802665,"HARMONY BIOSCIENCES HOLDINGS, INC.",Industrial / Manufacturing,2022,0.4022022051731046,0.2143825960496831,0.2744881296319558,20.328547773418848,0.0,2023,No Pressure
0001802768,ROYALTY PHARMA PLC,Industrial / Manufacturing,2021,0.4148992927269078,0.1151833494948722,0.6249129162602759,23.586372878673856,0.0,2022,No Pressure
0001802768,ROYALTY PHARMA PLC,Industrial / Manufacturing,2022,0.4334676145894011,0.127515647279389,0.1372532367251247,23.54544594996641,0.0,2023,No Pressure
0001803599,CONCENTRIX CORP,Technology / Software / Electronics,2021,0.4807640823586552,0.101890726536536,0.1024513089726804,22.34193441559462,0.0,2022,No Pressure
0001803599,CONCENTRIX CORP,Technology / Software / Electronics,2022,0.5958024327083041,0.0900661012496986,0.1012245605286005,22.620850913810248,0.0,2023,No Pressure
0001803914,"PLBY GROUP, INC.",Consumer / Retail,2021,0.54855693831669,-0.0392791586977647,-0.2792210425571605,20.65649228772666,1.0,2022,Pressure
0001803914,"PLBY GROUP, INC.",Consumer / Retail,2022,0.7193585814796647,-0.1078968184294694,-1.2201001749502685,20.129897022597987,1.0,2023,Pressure
0001804591,23ANDME HOLDING CO.,Industrial / Manufacturing,2021,0.2052066371082262,-0.1448074245617446,-0.9347537450394088,20.86482442612382,1.0,2022,Pressure
0001804591,23ANDME HOLDING CO.,Industrial / Manufacturing,2022,0.2425837950006259,-0.1754618617904981,-1.0818794680272064,20.66415045172176,1.0,2023,Pressure
0001805651,"MARKETWISE, INC.",Technology / Software / Electronics,2021,1.9613525194874204,0.1509462607400238,-1.7618771884781577,19.85945844345148,0.0,2022,No Pressure
0001805651,"MARKETWISE, INC.",Technology / Software / Electronics,2022,1.674299673678216,0.1093177976443363,0.1703405327447341,19.907969103604724,0.0,2023,No Pressure
0001806837,"VERTEX, INC.",Technology / Software / Electronics,2021,0.656697109997359,0.1372247678702251,-0.0069134386720181,20.323097179348405,0.0,2022,No Pressure
0001806837,"VERTEX, INC.",Technology / Software / Electronics,2022,0.6805790386989844,0.1068504655224196,-0.0164393927066213,20.393638918979743,0.0,2023,No Pressure
0001807794,CREDO TECHNOLOGY GROUP HOLDING LTD,Technology / Software / Electronics,2022,0.1105329141923239,-0.0820678806140185,-0.2063168571616405,19.744272234097547,1.0,2023,Pressure
0001808665,"ASSERTIO HOLDINGS, INC.",Industrial / Manufacturing,2021,0.6863728651618297,0.0169133386618159,0.0848901940295818,19.60408445037856,0.0,2022,No Pressure
0001808665,"ASSERTIO HOLDINGS, INC.",Industrial / Manufacturing,2022,0.454655930110917,0.189890145996864,0.2522178271054956,19.84116636719448,0.0,2023,No Pressure
0001808834,"PROG HOLDINGS, INC.",Technology / Software / Electronics,2021,0.5810677405610322,0.1516629145724925,0.1245470365059449,21.20677843344741,0.0,2022,No Pressure
0001808834,"PROG HOLDINGS, INC.",Technology / Software / Electronics,2022,0.6176301637700423,0.1625293499804612,0.0714616760321899,21.12332234558108,0.0,2023,No Pressure
0001808997,"AMERICAN OUTDOOR BRANDS, INC.",Industrial / Manufacturing,2021,0.1797968136012401,0.0976373061246018,0.0849154459732477,19.648164001906224,1.0,2022,Pressure
0001808997,"AMERICAN OUTDOOR BRANDS, INC.",Industrial / Manufacturing,2022,0.2692520875323927,-0.0646163259429887,-0.2283517691070837,19.442555969999287,1.0,2023,Pressure
0001809104,"ALIGHT, INC. / DELAWARE",Technology / Software / Electronics,2021,0.5515107389879869,0.0051874772479068,0.0418275418275418,23.120069605270448,0.0,2022,No Pressure
0001809104,"ALIGHT, INC. / DELAWARE",Technology / Software / Electronics,2022,0.5470404984423676,0.0254561637739207,-0.0044699872286079,23.142299742672712,0.0,2023,No Pressure
0001809519,"GOODRX HOLDINGS, INC.",Technology / Software / Electronics,2021,0.4826654225954436,0.111206904595288,0.0179843954581553,21.19802377217256,0.0,2022,No Pressure
0001809519,"GOODRX HOLDINGS, INC.",Technology / Software / Electronics,2022,0.4922028802883653,0.0914727435778069,0.0022672897147493,21.19615966117697,0.0,2023,No Pressure
0001809987,"MIRION TECHNOLOGIES, INC.",Industrial / Manufacturing,2021,0.4278383579217447,-0.0039127645926876,-0.1486048020765736,21.86045760790272,0.0,2022,No Pressure
0001809987,"MIRION TECHNOLOGIES, INC.",Industrial / Manufacturing,2022,0.4642713696279256,0.0143863877021944,-0.4148787963220953,21.73074919256856,0.0,2023,No Pressure
0001810019,"RACKSPACE TECHNOLOGY, INC.",Technology / Software / Electronics,2021,0.7902570828132159,0.0585902318011598,-0.0008307027745472,22.56836068092092,0.0,2022,No Pressure
0001810019,"RACKSPACE TECHNOLOGY, INC.",Technology / Software / Electronics,2022,0.8846372349588579,0.045210475195631,-0.2174678922589117,22.42011004856144,0.0,2023,No Pressure
0001810806,UNITY SOFTWARE INC.,Technology / Software / Electronics,2021,0.5054286555846246,-0.0230202509797895,-0.4787506100712635,22.300458618392653,1.0,2022,Pressure
0001810806,UNITY SOFTWARE INC.,Technology / Software / Electronics,2022,0.520789355608927,-0.0075863050541965,-0.6342183887553342,22.781737157585205,0.0,2023,No Pressure
0001814974,"BBX CAPITAL, INC.",Consumer / Retail,2021,0.3923521856924562,0.0709246186873658,0.0926156819102223,20.094697803573787,0.0,2022,No Pressure
0001814974,"BBX CAPITAL, INC.",Consumer / Retail,2022,0.3978015105509371,0.0645581967198551,0.007405458346124,20.14850773236331,1.0,2023,Pressure
0001817358,"ACADEMY SPORTS & OUTDOORS, INC.",Consumer / Retail,2021,0.6800512111390771,0.1468427067747887,0.1340513570686985,22.24604285663683,0.0,2022,No Pressure
0001817358,"ACADEMY SPORTS & OUTDOORS, INC.",Consumer / Retail,2022,0.6456691080003456,0.1201201887349609,0.1323751894622626,22.24833012703709,0.0,2023,No Pressure
0001818093,BEAUTY HEALTH CO,Industrial / Manufacturing,2021,0.7519728324278023,-0.0232694948991061,-0.1408726344363018,20.921137528759147,1.0,2022,Pressure
0001818093,BEAUTY HEALTH CO,Industrial / Manufacturing,2022,0.8300378528447121,-0.1056588962114446,-0.0663612808711148,20.732133404595288,0.0,2023,No Pressure
0001818201,CCC INTELLIGENT SOLUTIONS HOLDINGS INC.,Technology / Software / Electronics,2021,0.4173029035133617,0.0393309582687521,-0.2101954414431168,21.898075295136728,0.0,2022,No Pressure
0001818201,CCC INTELLIGENT SOLUTIONS HOLDINGS INC.,Technology / Software / Electronics,2022,0.3854029981608041,0.059657330029565,0.0663584033699364,21.93250107066989,0.0,2023,No Pressure
0001819394,"MATTERPORT, INC./DE",Technology / Software / Electronics,2021,0.6271246537704261,-0.0539617562321323,-1.3291596956122835,20.3936166715438,1.0,2022,Pressure
0001819394,"MATTERPORT, INC./DE",Technology / Software / Electronics,2022,0.0882018129435738,-0.1851388596100844,-2.02376492194674,20.277595732997653,1.0,2023,Pressure
0001819574,"BARK, INC.",Consumer / Retail,2021,0.4999297333784883,-0.3970363612487645,-0.1856127046191807,19.88869563748725,0.0,2022,No Pressure
0001819574,"BARK, INC.",Consumer / Retail,2022,0.5741046900754208,0.011722691174267,-0.1192400736015243,19.80802455670521,0.0,2023,No Pressure
0001819810,REDWIRE CORP,Industrial / Manufacturing,2021,0.590374241660172,-0.1427207017222145,-0.5100762349110834,19.382923333908657,1.0,2022,Pressure
0001819810,REDWIRE CORP,Industrial / Manufacturing,2022,0.7287910655107916,-0.1228453461028025,-0.9121701162884852,19.367298918510627,0.0,2023,No Pressure
0001819928,"DOUBLEVERIFY HOLDINGS, INC.",Technology / Software / Electronics,2021,0.1043808857714801,0.0927477656204816,0.080194505636516,20.609194156807096,0.0,2022,No Pressure
0001819928,"DOUBLEVERIFY HOLDINGS, INC.",Technology / Software / Electronics,2022,0.1544500244930705,0.0914748685667117,0.1304634209956279,20.75962476775789,0.0,2023,No Pressure
0001819974,"SKYWATER TECHNOLOGY, INC",Technology / Software / Electronics,2021,0.7726576074173552,-0.2112307377142467,-0.3506582825702495,19.389935777104085,1.0,2022,Pressure
0001819974,"SKYWATER TECHNOLOGY, INC",Technology / Software / Electronics,2022,0.8234684266296882,-0.0467582841668738,-0.139789894853504,19.538324123797103,0.0,2023,No Pressure
0001820721,"ARRAY TECHNOLOGIES, INC.",Industrial / Manufacturing,2021,0.8527908211786919,-0.2302640730932064,-0.0289938803587876,20.8569038497618,0.0,2022,No Pressure
0001820721,"ARRAY TECHNOLOGIES, INC.",Industrial / Manufacturing,2022,0.7515603275867324,0.0829359245790866,-0.0110732767201654,21.257447766794023,0.0,2023,No Pressure
0001821393,"AARON'S COMPANY, INC.",Technology / Software / Electronics,2021,0.5017113438541837,0.0943893038407232,0.0789751742613399,21.088787037819483,0.0,2022,No Pressure
0001821393,"AARON'S COMPANY, INC.",Technology / Software / Electronics,2022,0.625818754529953,0.0917058881452038,-0.0011327293888151,21.34301563951309,0.0,2023,No Pressure
0001821806,"LESLIE'S, INC.",Consumer / Retail,2021,1.2084306149411137,0.1624463134861289,0.1556946557382176,20.766125115753017,0.0,2022,No Pressure
0001821806,"LESLIE'S, INC.",Consumer / Retail,2022,1.1783935380320123,0.0600596054003538,0.1528397306224874,20.827293365471512,0.0,2023,No Pressure
0001821825,ORGANON & CO.,Industrial / Manufacturing,2021,,0.2022282557812939,,23.0917322991476,,2022,Unknown
0001821825,ORGANON & CO.,Industrial / Manufacturing,2022,,0.0783204016430853,,23.11706181008512,,2023,Unknown
0001822250,CONTEXTLOGIC INC.,Consumer / Retail,2021,0.3624318004676539,-0.7412314886983632,-0.1760191846522781,20.97246692335933,1.0,2022,Pressure
0001822250,CONTEXTLOGIC INC.,Consumer / Retail,2022,0.4030037546933667,-0.5281602002503129,-0.6970227670753065,20.498871504982112,1.0,2023,Pressure
0001822492,HILLMAN SOLUTIONS CORP.,Industrial / Manufacturing,2021,0.5512563394438067,-0.0430188667466274,0.0072329864576108,21.6644138511692,0.0,2022,No Pressure
0001822492,HILLMAN SOLUTIONS CORP.,Industrial / Manufacturing,2022,0.5318154037940818,0.0481691349380132,0.0268399707197872,21.6277633012062,0.0,2023,No Pressure
0001822928,HOLLEY INC.,Industrial / Manufacturing,2021,0.7447839833167932,0.0180905171257677,0.1118905039640786,20.89978392028487,0.0,2022,No Pressure
0001822928,HOLLEY INC.,Industrial / Manufacturing,2022,0.6671126610661293,0.0098524217335844,0.0737084462134032,20.94612294804054,0.0,2023,No Pressure
0001823239,"MARAVAI LIFESCIENCES HOLDINGS, INC.",Industrial / Manufacturing,2021,0.7157025370697438,0.1921360638406569,0.6939655172413793,21.374692703472085,0.0,2022,No Pressure
0001823239,"MARAVAI LIFESCIENCES HOLDINGS, INC.",Industrial / Manufacturing,2022,0.6033663188473107,0.2348391874040174,0.6503005092859464,21.54845611610806,1.0,2023,Pressure
0001823794,ARKO CORP.,Consumer / Retail,2021,0.8797950565463799,0.0541047318826418,0.0191552347602218,21.80244892892445,0.0,2022,No Pressure
0001823794,ARKO CORP.,Consumer / Retail,2022,0.882989214080985,0.0642842002107416,0.0182672724184355,21.903510338892897,0.0,2023,No Pressure
0001823878,"PLAYSTUDIOS, INC.",Technology / Software / Electronics,2021,0.0937063229444159,0.101169499826785,-0.0104029309127093,19.629175312675304,0.0,2022,No Pressure
0001823878,"PLAYSTUDIOS, INC.",Technology / Software / Electronics,2022,0.1411782085117142,0.0948384842433006,-0.0967279691638908,19.679167304258165,0.0,2023,No Pressure
0001825088,"DREAM FINDERS HOMES, INC.",Industrial / Manufacturing,2021,0.7062774310790306,0.0343719523305427,,21.36208756445268,,2022,Unknown
0001825088,"DREAM FINDERS HOMES, INC.",Industrial / Manufacturing,2022,0.6623168547409956,-0.011649685361917,,21.58663542430892,,2023,Unknown
0001826470,"PETCO HEALTH & WELLNESS COMPANY, INC.",Consumer / Retail,2021,0.6528409537728951,0.0551274626839486,0.0458178359122522,22.59475119458916,0.0,2022,No Pressure
0001826470,"PETCO HEALTH & WELLNESS COMPANY, INC.",Consumer / Retail,2022,0.6398701675183193,0.0523229921717316,0.0373691572535105,22.612277387297656,0.0,2023,No Pressure
0001826600,"MONTAUK RENEWABLES, INC.",Energy / Capital-intensive,2021,0.3636798380340686,0.1496753700083775,0.0225144639397273,19.473179287145097,0.0,2022,No Pressure
0001826600,"MONTAUK RENEWABLES, INC.",Energy / Capital-intensive,2022,0.3166413895208175,0.2439425125482974,0.2168039346367709,19.621596884437583,0.0,2023,No Pressure
0001826889,"BEACHBODY COMPANY, INC.",Consumer / Retail,2021,0.3955806979793353,-0.3375861809376235,-0.340319008292842,20.27324050740869,1.0,2022,Pressure
0001826889,"BEACHBODY COMPANY, INC.",Consumer / Retail,2022,0.5229039569683916,-0.1063904644842634,-0.2934950787273602,19.90997158083845,1.0,2023,Pressure
0001827090,"CERTARA, INC.",Technology / Software / Electronics,2021,0.3108233613145204,0.0399462867046364,0.0474617621564186,21.1365205279909,0.0,2022,No Pressure
0001827090,"CERTARA, INC.",Technology / Software / Electronics,2022,0.313595334034364,0.0588350852744128,0.0968913491675704,21.176200873651982,0.0,2023,No Pressure
0001828016,PLAYTIKA HOLDING CORP.,Technology / Software / Electronics,2021,1.1347340634252487,0.1968037669889059,0.2176538908246225,21.754063131942765,0.0,2022,No Pressure
0001828016,PLAYTIKA HOLDING CORP.,Technology / Software / Electronics,2022,1.2107799525504153,0.1830145314353499,0.1802332250047792,21.71562832614251,0.0,2023,No Pressure
0001828161,"FTC SOLAR, INC.",Technology / Software / Electronics,2021,0.4121224590568677,-0.5466792856555016,-0.4687330191294704,19.308654306559628,1.0,2022,Pressure
0001828161,"FTC SOLAR, INC.",Technology / Software / Electronics,2022,0.5055729995982083,-1.389157576749654,-0.8090943071197568,18.716316112430807,1.0,2023,Pressure
0001828791,VIANT TECHNOLOGY INC.,Technology / Software / Electronics,2021,0.27383323353832,0.0736641388118654,-0.1909408504999397,19.779426608386764,1.0,2022,Pressure
0001828791,VIANT TECHNOLOGY INC.,Technology / Software / Electronics,2022,0.2966923624508115,-0.0093415157601691,-0.2498377018583137,19.75009518450828,0.0,2023,No Pressure
0001828962,"CRICUT, INC.",Technology / Software / Electronics,2021,0.3302101863354037,-0.1042971428571428,0.1472982873574042,20.72949638769084,0.0,2022,No Pressure
0001828962,"CRICUT, INC.",Technology / Software / Electronics,2022,0.2915797465741812,0.1239254991696739,0.090210268352785,20.671579834933,0.0,2023,No Pressure
0001829864,"TASKUS, INC.",Technology / Software / Electronics,2021,0.4944866519644052,-0.0435654495078653,-0.0713576783580451,20.435581099157744,0.0,2022,No Pressure
0001829864,"TASKUS, INC.",Technology / Software / Electronics,2022,0.4948942090763457,0.1630737848040221,0.0873482153361464,20.620141708709006,0.0,2023,No Pressure
0001830043,BUMBLE INC.,Technology / Software / Electronics,2021,0.3447039318611586,0.0277653595775222,-0.1759044484497035,22.05188341486676,0.0,2022,No Pressure
0001830043,BUMBLE INC.,Technology / Software / Electronics,2022,0.3355454025744857,0.0360017992639916,-0.1138280669793016,22.02960234123033,0.0,2023,No Pressure
0001830210,"BENSON HILL, INC.",Industrial / Manufacturing,2021,0.5299151051510852,-0.2201358392363389,-0.8360391815884575,20.097584764830312,1.0,2022,Pressure
0001830210,"BENSON HILL, INC.",Industrial / Manufacturing,2022,0.6129082488221672,-0.1864489339615108,-0.3279018343113004,20.03195696765644,1.0,2023,Pressure
0001830214,"GINKGO BIOWORKS HOLDINGS, INC.",Industrial / Manufacturing,2021,0.2431740375376027,-0.1225587762374516,-5.826167724009597,21.45129259124584,1.0,2022,Pressure
0001830214,"GINKGO BIOWORKS HOLDINGS, INC.",Industrial / Manufacturing,2022,0.3162435942521642,-0.0993171009100464,-4.624082594733999,21.6551625597989,1.0,2023,Pressure
0001831651,"SHOALS TECHNOLOGIES GROUP, INC.",Technology / Software / Electronics,2021,1.0175838504364303,-0.0095752015646765,0.1699341500478397,19.870921265642693,0.0,2022,No Pressure
0001831651,"SHOALS TECHNOLOGIES GROUP, INC.",Technology / Software / Electronics,2022,0.4940468486035351,0.0663226283629884,0.2028812626169939,20.20389547902987,0.0,2023,No Pressure
0001831840,"SEMRUSH HOLDINGS, INC.",Technology / Software / Electronics,2021,0.2483787332457993,0.0791838013290055,-0.0132605677629374,19.51953967220244,1.0,2022,Pressure
0001831840,"SEMRUSH HOLDINGS, INC.",Technology / Software / Electronics,2022,0.3307308580802839,-0.0322206970437577,-0.1430228534579027,19.51491680756745,0.0,2023,No Pressure
0001831915,"CYTEK BIOSCIENCES, INC.",Industrial / Manufacturing,2021,0.1250148390369195,0.0099934168636211,0.0715670183665494,19.953896144630367,1.0,2022,Pressure
0001831915,"CYTEK BIOSCIENCES, INC.",Industrial / Manufacturing,2022,0.180816823106361,-0.0235448798404546,-0.0109975858957789,20.068331171093835,0.0,2023,No Pressure
0001833197,"LATHAM GROUP, INC.",Industrial / Manufacturing,2021,0.5548740501684744,0.0424049350332228,-0.0573854479931985,20.493202147865706,0.0,2022,No Pressure
0001833197,"LATHAM GROUP, INC.",Industrial / Manufacturing,2022,0.5598511181660444,0.0371503179894283,0.0431341773316315,20.58363933654857,0.0,2023,No Pressure
0001833756,"LEONARDO DRS, INC.",Industrial / Manufacturing,2021,,0.0579993483219289,0.081972907259465,21.84461761290985,0.0,2022,No Pressure
0001833756,"LEONARDO DRS, INC.",Industrial / Manufacturing,2022,,0.0089747076420995,0.2083178611214259,22.025363039537503,0.0,2023,No Pressure
0001834045,"VINTAGE WINE ESTATES, INC.",Industrial / Manufacturing,2021,0.5131970765220619,0.0120928368334548,0.0415870110808092,20.42687663522604,0.0,2022,No Pressure
0001834045,"VINTAGE WINE ESTATES, INC.",Industrial / Manufacturing,2022,0.5398990723271466,0.0208670901363763,-0.0269666746093882,20.456555643896777,1.0,2023,Pressure
0001834488,"N-ABLE, INC.",Technology / Software / Electronics,2021,0.4142695976788838,0.0429487950637444,0.0962026924053848,20.77746894466792,0.0,2022,No Pressure
0001834488,"N-ABLE, INC.",Technology / Software / Electronics,2022,0.4048599582706512,0.0661932026209219,0.1274877679419209,20.79916798524594,0.0,2023,No Pressure
0001834494,"MERIDIANLINK, INC.",Technology / Software / Electronics,2021,0.4577621642802904,0.0875676118269644,0.1406737996682556,20.7488292907323,0.0,2022,No Pressure
0001834494,"MERIDIANLINK, INC.",Technology / Software / Electronics,2022,0.453252917178473,0.0704210990438622,0.0992480367719044,20.78073914659036,0.0,2023,No Pressure
0001834622,"HAYWARD HOLDINGS, INC.",Technology / Software / Electronics,2021,0.5401958052288591,0.0635853307234922,0.2268336146395262,21.81467558313405,0.0,2022,No Pressure
0001834622,"HAYWARD HOLDINGS, INC.",Technology / Software / Electronics,2022,0.5745987931185007,0.040328165472643,0.2173085586271131,21.77932303327246,0.0,2023,No Pressure
0001835256,"DUCKHORN PORTFOLIO, INC.",Industrial / Manufacturing,2021,0.3219284314230968,0.0543242975969409,0.2498150695308856,20.8914183189964,0.0,2022,No Pressure
0001835256,"DUCKHORN PORTFOLIO, INC.",Industrial / Manufacturing,2022,0.3071098742082583,0.0549990291750864,0.2343937075514751,20.947619057116142,0.0,2023,No Pressure
0001835591,VIZIO HOLDING CORP.,Technology / Software / Electronics,2021,0.6467193844838641,0.0447745244710408,-0.0139359698681732,20.656912337464995,0.0,2022,No Pressure
0001835591,VIZIO HOLDING CORP.,Technology / Software / Electronics,2022,0.5918969094681664,0.0317789669105602,0.0033820055829933,20.63519935917002,0.0,2023,No Pressure
0001835632,"MARVELL TECHNOLOGY, INC.",Technology / Software / Electronics,2021,0.2897741543708088,0.0370610581937876,-0.0779108382225371,23.8192323743976,0.0,2022,No Pressure
0001835632,"MARVELL TECHNOLOGY, INC.",Technology / Software / Electronics,2022,0.3056952948437312,0.0572237935183664,0.0402054192850868,23.8377628863588,0.0,2023,No Pressure
0001835681,"POWERSCHOOL HOLDINGS, INC.",Technology / Software / Electronics,2021,0.5155715354929117,0.040234971807994,0.0102327613059839,21.9920939250166,0.0,2022,No Pressure
0001835681,"POWERSCHOOL HOLDINGS, INC.",Technology / Software / Electronics,2022,0.5161169784519988,0.0415831913590324,0.0093612797554397,21.999576512285284,0.0,2023,No Pressure
0001836176,FATHOM DIGITAL MANUFACTURING CORP,Industrial / Manufacturing,2021,0.1951098524362636,0.0046112869595639,0.0625288417166589,21.17202923167121,0.0,2022,No Pressure
0001836176,FATHOM DIGITAL MANUFACTURING CORP,Industrial / Manufacturing,2022,0.6114300365707191,0.0083127538696139,-7.489993235737645,19.7304044904098,1.0,2023,Pressure
0001836833,PLANET LABS PBC,Technology / Software / Electronics,2021,0.2108441141847071,-0.0513865268473329,-0.9759315290871816,20.526570674238048,1.0,2022,Pressure
0001836833,PLANET LABS PBC,Technology / Software / Electronics,2022,0.2346401000102295,-0.0982207266152356,-0.918533274773079,20.439207857529105,1.0,2023,Pressure
0001836981,"BIGBEAR.AI HOLDINGS, INC.",Technology / Software / Electronics,2021,0.6807696923213382,-0.0516067431558846,-0.5390374919287255,19.764385927607783,1.0,2022,Pressure
0001836981,"BIGBEAR.AI HOLDINGS, INC.",Technology / Software / Electronics,2022,1.1939091076658406,-0.2504659307350441,-0.7130268174516647,19.09008836274969,1.0,2023,Pressure
0001837014,"SMARTRENT, INC.",Technology / Software / Electronics,2021,0.2245727406185794,-0.1214042847556336,-0.6476314433688549,20.177991962091845,1.0,2022,Pressure
0001837014,"SMARTRENT, INC.",Technology / Software / Electronics,2022,0.3506227210726671,-0.1444909021209068,-0.6212035442525071,20.14495513475912,0.0,2023,No Pressure
0001837240,SYMBOTIC INC.,Technology / Software / Electronics,2022,0.8907903678815328,-0.2348418963253034,-0.2365955854592524,20.26323313398532,0.0,2023,No Pressure
0001837686,"VIMEO, INC.",Technology / Software / Electronics,2021,,0.0245687683738321,-0.1557810242086612,20.29149936193381,1.0,2022,Pressure
0001837686,"VIMEO, INC.",Technology / Software / Electronics,2022,,-0.061230759574584,-0.1915303398394561,20.221451160706973,0.0,2023,No Pressure
0001838672,"ADTHEORENT HOLDING COMPANY, INC.",Technology / Software / Electronics,2021,0.4760609154171076,-0.0295632709256258,0.0059202370513712,19.17934409728025,0.0,2022,No Pressure
0001838672,"ADTHEORENT HOLDING COMPANY, INC.",Technology / Software / Electronics,2022,0.1845659062768882,0.0730205032423244,0.0077010151611854,19.06570854056951,0.0,2023,No Pressure
0001839439,"PAYCOR HCM, INC.",Technology / Software / Electronics,2021,0.4395383681269527,0.0053571615050177,-0.2532279598726674,21.4218745765041,0.0,2022,No Pressure
0001839439,"PAYCOR HCM, INC.",Technology / Software / Electronics,2022,0.5897154456096269,0.0077766000695553,-0.325161218201762,21.86471952009348,0.0,2023,No Pressure
0001839839,"JANUS INTERNATIONAL GROUP, INC.",Industrial / Manufacturing,2021,0.760885452967107,0.0666923944877103,0.1231753649270146,20.838380427467783,0.0,2022,No Pressure
0001839839,"JANUS INTERNATIONAL GROUP, INC.",Industrial / Manufacturing,2022,0.7046429375311856,0.0696251745213746,0.1838894997493891,20.962769234018875,0.0,2023,No Pressure
0001841156,"PAYMENTUS HOLDINGS, INC.",Technology / Software / Electronics,2021,0.1835531629671291,0.0412164705185836,0.0262259685885053,19.97448331948751,0.0,2022,No Pressure
0001841156,"PAYMENTUS HOLDINGS, INC.",Technology / Software / Electronics,2022,0.1394465039790786,0.0430451164473641,-0.0059879155172726,19.95007711754558,0.0,2023,No Pressure
0001841804,"INSTRUCTURE HOLDINGS, INC.",Technology / Software / Electronics,2021,0.4027576387840932,0.049275418013649,-0.1158177525711649,21.481161829500007,0.0,2022,No Pressure
0001841804,"INSTRUCTURE HOLDINGS, INC.",Technology / Software / Electronics,2022,0.40741420086195,0.0651366224763627,-0.0346805725661519,21.490355154945977,0.0,2023,No Pressure
0001842022,"DT MIDSTREAM, INC.",Energy / Capital-intensive,2021,0.5075924565270634,0.0700465344109723,0.4785714285714286,22.82324502996625,0.0,2022,No Pressure
0001842022,"DT MIDSTREAM, INC.",Energy / Capital-intensive,2022,0.5297181025699083,0.0820785690026038,0.5195652173913043,22.90176054482262,0.0,2023,No Pressure
0001842718,INTEGRAL AD SCIENCE HOLDING CORP.,Technology / Software / Electronics,2021,0.3207925017064514,0.056301829864803,-0.1020360851032261,20.845073652078582,0.0,2022,No Pressure
0001842718,INTEGRAL AD SCIENCE HOLDING CORP.,Technology / Software / Electronics,2022,0.3084386441832387,0.0620074049164743,0.0371178504608814,20.879143311576417,0.0,2023,No Pressure
0001845022,"COUCHBASE, INC.",Technology / Software / Electronics,2021,0.3379573754616213,-0.1502265648148817,-0.4553754998300173,19.438596225792946,1.0,2022,Pressure
0001845022,"COUCHBASE, INC.",Technology / Software / Electronics,2022,0.4061626863843123,-0.1627614715518161,-0.4477019066811347,19.34905418896146,1.0,2023,Pressure
0001845815,PAYONEER GLOBAL INC.,Technology / Software / Electronics,2021,0.9040959275034496,0.0039409287951055,-0.0638124388734334,22.34833139926072,0.0,2022,No Pressure
0001845815,PAYONEER GLOBAL INC.,Technology / Software / Electronics,2022,0.9173184449033012,0.0127315304479342,-0.0353938590523291,22.609524702989138,0.0,2023,No Pressure
0001846069,"NEXTDOOR HOLDINGS, INC.",Technology / Software / Electronics,2021,0.1132038862687867,-0.061027085322217,-0.493275129164347,20.5490148267038,1.0,2022,Pressure
0001846069,"NEXTDOOR HOLDINGS, INC.",Technology / Software / Electronics,2022,0.1264991523267415,-0.0864869732775651,-0.6777618499283247,20.365964984310548,1.0,2023,Pressure
0001846576,"FIGS, INC.",Industrial / Manufacturing,2021,0.2122783888423774,0.2131091800828225,0.0261754899413953,19.55771535342544,0.0,2022,No Pressure
0001846576,"FIGS, INC.",Industrial / Manufacturing,2022,0.2210401352692222,-0.0894260170504019,0.0744630165963209,19.7945583375884,0.0,2023,No Pressure
0001851003,ZETA GLOBAL HOLDINGS CORP.,Technology / Software / Electronics,2021,0.7722225718349213,0.1114923287981574,-0.5419733908163844,19.800114124782667,0.0,2022,No Pressure
0001851003,ZETA GLOBAL HOLDINGS CORP.,Technology / Software / Electronics,2022,0.7255531594719851,0.1682436516885243,-0.4383267254522718,19.96077286763154,0.0,2023,No Pressure
0001853145,EVERCOMMERCE INC.,Technology / Software / Electronics,2021,0.4074401832902181,0.0225337311595174,-0.055478139874607,21.23211330605396,0.0,2022,No Pressure
0001853145,EVERCOMMERCE INC.,Technology / Software / Electronics,2022,0.4303718977111667,0.0407117296422504,-0.0492858592725527,21.18808605612824,0.0,2023,No Pressure
0001854139,ZEVIA PBC,Industrial / Manufacturing,2021,0.1634811549446769,-0.1424559775347419,-0.6327331152476623,18.64376830169897,1.0,2022,Pressure
0001854139,ZEVIA PBC,Industrial / Manufacturing,2022,0.1733109610641653,-0.2100230461326972,-0.2933429749787046,18.409943313517577,1.0,2023,Pressure
0001855747,"BLEND LABS, INC.",Technology / Software / Electronics,2021,0.2713697071244043,-0.11461177938419,-0.8411352054414807,20.829862988554712,1.0,2022,Pressure
0001855747,"BLEND LABS, INC.",Technology / Software / Electronics,2022,0.6212231146768216,-0.4400042517399783,-3.172507769949957,19.885703105050087,1.0,2023,Pressure
0001856314,"CLEAR SECURE, INC.",Technology / Software / Electronics,2021,0.3362436173485081,0.0857668409720086,-0.4525758703382121,20.51593411837868,0.0,2022,No Pressure
0001856314,"CLEAR SECURE, INC.",Technology / Software / Electronics,2022,0.507554093089559,0.1622238478983959,-0.2950479386604607,20.76009619644089,0.0,2023,No Pressure
0001856430,SNAP ONE HOLDINGS CORP.,Technology / Software / Electronics,2021,0.5142273242788635,-0.0197451150072611,0.0012470077270828,21.15529562601957,0.0,2022,No Pressure
0001856430,SNAP ONE HOLDINGS CORP.,Technology / Software / Electronics,2022,0.5418085458520648,-0.0139604882479557,0.0242442901875849,21.22556783823266,0.0,2023,No Pressure
0001856437,VICTORIA'S SECRET & CO.,Consumer / Retail,2021,0.9408379373848988,0.195902394106814,0.1282240235814296,22.192061419808248,0.0,2022,No Pressure
0001856437,VICTORIA'S SECRET & CO.,Consumer / Retail,2022,0.9148800679261304,0.0927616217363617,0.0753467843631778,22.273166036876585,0.0,2023,No Pressure
0001856485,SYLVAMO CORP,Industrial / Manufacturing,2021,,0.2113977666538313,,21.67762277001208,,2022,Unknown
0001856485,SYLVAMO CORP,Industrial / Manufacturing,2022,,0.1616236162361623,,21.720214472207022,,2023,Unknown
0001856525,"CORE & MAIN, INC.",Consumer / Retail,2021,0.5870545782589084,-0.0069914298601714,0.0849320543565147,22.21256794836606,0.0,2022,No Pressure
0001856525,"CORE & MAIN, INC.",Consumer / Retail,2022,0.5090649826848646,0.081686697901813,0.1165238310028567,22.31433609222604,0.0,2023,No Pressure
0001856608,"SOVOS BRANDS, INC.",Industrial / Manufacturing,2021,0.5674729674318785,0.0398520796209625,0.0507226225204606,20.887025347455246,0.0,2022,No Pressure
0001856608,"SOVOS BRANDS, INC.",Industrial / Manufacturing,2022,0.5892100355626817,0.0391741794737482,-0.043817475759104,20.87064996176037,0.0,2023,No Pressure
0001857154,"KRISPY KREME, INC.",Consumer / Retail,2021,0.5753427227181016,0.0449006662101057,0.0296895891406401,21.86916048727165,0.0,2022,No Pressure
0001857154,"KRISPY KREME, INC.",Consumer / Retail,2022,0.5874671315598324,0.0444072913864439,0.0189391711081392,21.870203737769387,0.0,2023,No Pressure
0001857853,"TRAEGER, INC.",Technology / Software / Electronics,2021,0.4839054921830547,-0.024069790283686,-0.0740925090223984,20.88964769656309,1.0,2022,Pressure
0001857853,"TRAEGER, INC.",Technology / Software / Electronics,2022,0.6462832003295607,0.0053807111960832,-0.5274302066927783,20.6685086565424,0.0,2023,No Pressure
0001858257,"AVIDXCHANGE HOLDINGS, INC.",Technology / Software / Electronics,2021,0.680953958936647,-0.0302991259332931,-0.4377216606483662,21.54141570685308,1.0,2022,Pressure
0001858257,"AVIDXCHANGE HOLDINGS, INC.",Technology / Software / Electronics,2022,0.7027824643444202,-0.0129751590870869,-0.2762067330488383,21.51716111273868,0.0,2023,No Pressure
0001859285,HIRERIGHT HOLDINGS CORP,Technology / Software / Electronics,2021,0.7074890960661836,0.0311557841710188,0.0777063677306946,21.144448114692644,0.0,2022,No Pressure
0001859285,HIRERIGHT HOLDINGS CORP,Technology / Software / Electronics,2022,0.6460725132913218,0.0670890246097299,0.1216312039153654,21.196854906437345,0.0,2023,No Pressure
0001860543,"CADRE HOLDINGS, INC.",Industrial / Manufacturing,2021,0.715711554991084,0.1285904886528371,0.1210401415438767,19.55785968897652,0.0,2022,No Pressure
0001860543,"CADRE HOLDINGS, INC.",Industrial / Manufacturing,2022,0.5767593991100951,0.1184048046699595,0.0365108106160052,19.78664994382899,0.0,2023,No Pressure
0001861795,DEFINITIVE HEALTHCARE CORP.,Technology / Software / Electronics,2021,0.2895696951022407,0.0119150014083255,-0.150348471899563,21.47278768032147,0.0,2022,No Pressure
0001861795,DEFINITIVE HEALTHCARE CORP.,Technology / Software / Electronics,2022,0.298809095550999,0.0167746899683308,-0.1853242489434231,21.47515021266496,0.0,2023,No Pressure
0001865107,A.K.A. BRANDS HOLDING CORP.,Consumer / Retail,2021,0.3442921816802016,0.0348450089118785,0.0291413416436762,20.349075535086843,1.0,2022,Pressure
0001865107,A.K.A. BRANDS HOLDING CORP.,Consumer / Retail,2022,0.5151911749123887,-0.0006259344868318,-0.2812298729194524,20.04921122969318,1.0,2023,Pressure
0001865187,"ARIS WATER SOLUTIONS, INC.",Energy / Capital-intensive,2021,0.4652145704286793,0.0521987799693439,0.083498000008724,20.842552631168708,0.0,2022,No Pressure
0001865187,"ARIS WATER SOLUTIONS, INC.",Energy / Capital-intensive,2022,0.4958538123596902,0.0538705168003461,0.1074949922274385,20.988215986667345,0.0,2023,No Pressure
0001866175,CRESCENT ENERGY CO,Energy / Capital-intensive,2021,0.4145071742651715,0.0452057620589351,0.3275196567042005,22.363710435165626,0.0,2022,No Pressure
0001866175,CRESCENT ENERGY CO,Energy / Capital-intensive,2022,0.4519806061580614,0.1681723245882081,0.4200646698712654,22.518328013062195,0.0,2023,No Pressure
0001866368,"CLEARWATER ANALYTICS HOLDINGS, INC.",Technology / Software / Electronics,2021,0.2395405903791145,0.0097515645191735,0.1129306171683424,19.657183662863897,0.0,2022,No Pressure
0001866368,"CLEARWATER ANALYTICS HOLDINGS, INC.",Technology / Software / Electronics,2022,0.2978698681584091,0.1203568064206896,0.0168640788857909,19.99333433489913,0.0,2023,No Pressure
0001866550,"THOUGHTWORKS HOLDING, INC.",Technology / Software / Electronics,2021,0.5226284405215106,0.0797116194454738,0.0178672735514442,21.118108055424447,0.0,2022,No Pressure
0001866550,"THOUGHTWORKS HOLDING, INC.",Technology / Software / Electronics,2022,0.4676457912918562,0.0611478605876115,-0.0364994700047367,21.1029685945152,1.0,2023,Pressure
0001866581,DUTCH BROS INC.,Consumer / Retail,2021,0.6203973270724219,0.1451598338450424,-0.2275104644529963,20.132133583599227,0.0,2022,No Pressure
0001866581,DUTCH BROS INC.,Consumer / Retail,2022,0.7876057857648606,0.0504762466704878,-0.0035344486963675,20.894155633620866,0.0,2023,No Pressure
0001866633,"CONSENSUS CLOUD SOLUTIONS, INC.",Technology / Software / Electronics,2021,1.5910765939603275,0.415191929098882,0.4966086700088469,20.14845620671561,0.0,2022,No Pressure
0001866633,"CONSENSUS CLOUD SOLUTIONS, INC.",Technology / Software / Electronics,2022,1.4026840237955889,0.1311707385561422,0.4191743326839982,20.2674001952948,0.0,2023,No Pressure
0001866692,"AMPLITUDE, INC.",Technology / Software / Electronics,2021,0.2343726585212344,-0.0792056704996153,,19.80794463742384,,2022,Unknown
0001866692,"AMPLITUDE, INC.",Technology / Software / Electronics,2022,0.2870926031105364,-0.0130125315706154,,19.840784571591563,,2023,Unknown
0001866757,"BRILLIANT EARTH GROUP, INC.",Industrial / Manufacturing,2021,0.6195397072534458,0.2116281099154461,0.1055527645460547,19.198770918455125,0.0,2022,No Pressure
0001866757,"BRILLIANT EARTH GROUP, INC.",Industrial / Manufacturing,2022,0.6452771409202739,0.0552453784456953,0.0530301308078075,19.386043508838625,0.0,2023,No Pressure
0001867072,"KYNDRYL HOLDINGS, INC.",Technology / Software / Electronics,2021,0.7955044274578067,-0.0090062816922727,,23.304467030454173,,2022,Unknown
0001867072,"KYNDRYL HOLDINGS, INC.",Technology / Software / Electronics,2022,0.8724703419399861,0.0681263084438241,,23.16247752755951,,2023,Unknown
0001868726,"OLAPLEX HOLDINGS, INC.",Industrial / Manufacturing,2021,0.6640024301118543,0.1281890411696323,0.5584450962205343,21.168222135087227,0.0,2022,No Pressure
0001868726,"OLAPLEX HOLDINGS, INC.",Industrial / Manufacturing,2022,0.5399843904163046,0.1503962772615489,0.5174037377497962,21.25252550545597,0.0,2023,No Pressure
0001868778,INFORMATICA INC.,Technology / Software / Electronics,2021,0.602171806822063,0.0458626029152493,0.0414845694935442,22.32995256855076,0.0,2022,No Pressure
0001868778,INFORMATICA INC.,Technology / Software / Electronics,2022,0.5867224419566762,0.0402456376603105,0.0170106264093579,22.326866546210216,0.0,2023,No Pressure
0001868912,"ENFUSION, INC.",Technology / Software / Electronics,2021,0.0814818306075317,-0.0029975962671442,-2.4698657117278424,18.47975122695576,0.0,2022,No Pressure
0001868912,"ENFUSION, INC.",Technology / Software / Electronics,2022,0.1643117390917977,0.1143614228125025,-0.0795748558354229,18.63404059860916,0.0,2023,No Pressure
0001868941,"FLUENCE ENERGY, INC.",Technology / Software / Electronics,2022,0.6395574380719203,-0.1617645879423986,,21.280395108059547,,2023,Unknown
0001870600,"SOLO BRANDS, INC.",Industrial / Manufacturing,2021,,-0.0122305249838852,0.1705724554576597,20.54621834896884,0.0,2022,No Pressure
0001870600,"SOLO BRANDS, INC.",Industrial / Manufacturing,2022,,0.0375660841865281,0.0007032090675331,20.575168300989368,0.0,2023,No Pressure
0001871509,PORTILLO'S INC.,Consumer / Retail,2021,0.5764131284058293,0.0428923150185129,0.056102229732761,20.722838746756377,0.0,2022,No Pressure
0001871509,PORTILLO'S INC.,Consumer / Retail,2022,0.6618180227375882,0.044441649486791,0.0703095192674551,20.97019075730687,0.0,2023,No Pressure
0001872789,EMBECTA CORP.,Industrial / Manufacturing,2022,,0.3794182621502209,0.2741035856573705,20.806135315689176,0.0,2023,No Pressure
0001874944,"VACASA, INC.",Technology / Software / Electronics,2021,0.3780048994752307,0.0386490399594357,-0.1410481655864971,21.21607615581551,1.0,2022,Pressure
0001874944,"VACASA, INC.",Technology / Software / Electronics,2022,0.4485663120871579,-0.0397576869814581,-0.3290980260111957,20.989916287963005,1.0,2023,Pressure
0001875444,"ARHAUS, INC.",Consumer / Retail,2021,0.8810587332708208,0.2493274230670872,0.041848512150499,20.189768475620888,0.0,2022,No Pressure
0001875444,"ARHAUS, INC.",Consumer / Retail,2022,0.7749551402029637,0.0799040987688239,0.1502699914071451,20.65262017284994,0.0,2023,No Pressure
0001876588,ZIMVIE INC.,Industrial / Manufacturing,2021,0.205452455247167,0.0352000875896425,-0.0990538143110585,21.32577689779435,0.0,2022,No Pressure
0001876588,ZIMVIE INC.,Industrial / Manufacturing,2022,0.5380157558572911,0.0149982704609343,-0.1042203308595827,21.219214952754392,1.0,2023,Pressure
0001891101,BRC INC.,Industrial / Manufacturing,2021,0.9449943731195884,-0.0883190556027652,-0.0496737465733737,18.282360772936617,1.0,2022,Pressure
0001891101,BRC INC.,Industrial / Manufacturing,2022,0.5742497803260938,-0.5156345691284937,-0.2248890688420347,19.23309430835249,1.0,2023,Pressure
0001902733,"NCINO, INC.",Technology / Software / Electronics,2021,0.1771748805162742,-0.0147800100536965,-0.260555383126723,20.986409798140624,1.0,2022,Pressure
0001902733,"NCINO, INC.",Technology / Software / Electronics,2022,0.2257281681407461,-0.011588457200462,-0.2302462559543489,21.00638928539264,0.0,2023,No Pressure
