cik,feature_year,actual_label,predicted_score,risk_tier,scenario_score,company_name,sector,operating_margin,operating_cash_flow_to_assets,liabilities_to_assets,revenue_growth,outcome_year,scenario_tier,review_rank
0000001800,2021,0,0.011468968669435595,Routine Monitoring,0.012941432261747463,ABBOTT LABORATORIES,Industrial / Manufacturing,0.1955890887986071,0.140073940103197,,0.2446544151641239,2022,Routine Monitoring,1565
0000002098,2021,0,0.19305606922005025,Routine Monitoring,0.21039647772134148,ACME UNITED CORP,Industrial / Manufacturing,0.0701310241629413,0.0355900362537227,0.4663343720301411,0.1102694132986803,2022,Routine Monitoring,345
0000002178,2021,0,0.008905458961249247,Routine Monitoring,0.009463724685836821,"ADAMS RESOURCES & ENERGY, INC.",Consumer / Retail,0.0079789492811588,0.2162405958852744,0.5719649962770514,0.9807907106850204,2022,Routine Monitoring,1593
0000002488,2021,0,0.0030415151067933912,Routine Monitoring,0.003435765877480366,ADVANCED MICRO DEVICES INC,Technology / Software / Electronics,0.2219788243884629,0.2835171914002737,,0.6832940694458671,2022,Routine Monitoring,1671
0000002969,2021,0,0.014999465023560051,Routine Monitoring,0.01667725903765926,AIR PRODUCTS & CHEMICALS INC /DE/,Industrial / Manufacturing,0.2210016468080984,0.1241734675641865,0.4754869839756955,0.1656109210392602,2022,Routine Monitoring,1514
0000003197,2021,0,0.13272980076001015,Routine Monitoring,0.14562955530808658,CECO ENVIRONMENTAL CORP,Technology / Software / Electronics,0.0304096995125563,0.0319512154100101,0.5051453998947614,0.0257237880959839,2022,Routine Monitoring,493
0000003570,2021,0,0.0531484131701549,Routine Monitoring,0.05964907441726429,CHENIERE ENERGY INC,Energy / Capital-intensive,-0.0441880988401412,0.0628916399205257,,0.6952340243641804,2022,Routine Monitoring,961
0000004127,2021,0,0.0038621225092798357,Routine Monitoring,0.004299565568750539,SKYWORKS SOLUTIONS INC,Technology / Software / Electronics,0.3156524632518447,0.2062695705821411,0.3833913417998533,0.5225139315195042,2022,Routine Monitoring,1659
0000004281,2021,0,0.03699352971117401,Routine Monitoring,0.04102903589237134,HOWMET AEROSPACE INC.,Industrial / Manufacturing,0.1504424778761062,0.0439377629905078,0.656717878461689,-0.0545731127590797,2022,Routine Monitoring,1139
0000004904,2021,0,0.05426005553943568,Routine Monitoring,0.05749656921805885,AMERICAN ELECTRIC POWER CO INC,Energy / Capital-intensive,0.203150309671272,0.0438001247879802,0.7408025897498195,0.1255823306632704,2022,Routine Monitoring,947
0000005981,2021,0,0.04749422266747273,Routine Monitoring,0.05261263372458166,AMERICAN VANGUARD CORP,Industrial / Manufacturing,0.0555711186771825,0.1244107986631324,0.4630373400945027,0.2140116502145175,2022,Routine Monitoring,1010
0000006176,2021,0,0.19618886613504435,Routine Monitoring,0.21373613229254484,AMPCO PITTSBURGH CORP,Technology / Software / Electronics,-0.0394758204801113,-0.0326708289404322,0.8109556207169215,0.0498441609038666,2022,Routine Monitoring,335
0000006281,2021,0,0.011897930222784027,Routine Monitoring,0.013424718876921973,ANALOG DEVICES INC,Technology / Software / Electronics,0.2312291429987841,0.0522737144712792,,0.3061240151802873,2022,Routine Monitoring,1559
0000006845,2021,0,0.0640664777777641,Routine Monitoring,0.07180127781806084,"APOGEE ENTERPRISES, INC.",Industrial / Manufacturing,0.0167773104095429,0.1131604763347498,,0.0676021755415698,2022,Routine Monitoring,862
0000006951,2021,0,0.005140908980550839,Routine Monitoring,0.005722361658171031,APPLIED MATERIALS INC /DE,Technology / Software / Electronics,0.2987035511425226,0.2107260406582768,0.5257696030977734,0.340716195791187,2022,Routine Monitoring,1645
0000006955,2021,0,0.06849381605564375,Routine Monitoring,0.07569548618853215,ENERPAC TOOL GROUP CORP,Technology / Software / Electronics,0.0966840691559792,0.0660569316315695,0.4974708837703764,0.0716978990131604,2022,Routine Monitoring,825
0000007332,2021,0,0.03008039708882691,Routine Monitoring,0.03161331046113742,SOUTHWESTERN ENERGY CO,Energy / Capital-intensive,0.3952302384880756,0.1150405131667792,,1.8886481802426345,2022,Routine Monitoring,1256
0000007431,2021,0,0.027889398127320178,Routine Monitoring,0.03140305633250988,ARMSTRONG WORLD INDUSTRIES INC,Industrial / Manufacturing,0.2349539128863184,0.1094736842105263,,0.1811292560572099,2022,Routine Monitoring,1292
0000007536,2021,0,0.05428724484558232,Routine Monitoring,0.060918236547330806,ARROW ELECTRONICS INC,Consumer / Retail,0.0451553553732518,0.0214472187612935,,0.2024058008124125,2022,Routine Monitoring,946
0000008063,2021,1,0.2696626498421841,Routine Monitoring,0.29139913232587344,ASTRONICS CORP,Industrial / Manufacturing,-0.0644492794015841,-0.0090784025951426,0.5787424196159162,-0.1147642099775759,2022,Medium Review Priority,260
0000008146,2021,0,0.20612218614376593,Routine Monitoring,0.22430996807531395,"ASTRONOVA, INC.",Technology / Software / Electronics,0.036227442969016,0.012126484276456,0.2952720629811665,0.0124705902631148,2022,Routine Monitoring,318
0000008858,2021,0,0.08041728476264406,Routine Monitoring,0.08875317945066995,AVNET INC,Consumer / Retail,0.0144055604906535,0.0101898823383364,0.5424099835279497,0.1077639851759633,2022,Routine Monitoring,726
0000008868,2021,1,0.30827775397687823,Medium Review Priority,0.33171312877084846,AVON PRODUCTS INC,Industrial / Manufacturing,-0.0171537670729916,-0.1128347343790623,1.3703527168732126,-0.0608793997572547,2022,Medium Review Priority,221
0000008947,2021,0,0.050312222335659934,Routine Monitoring,0.05571656230543071,AZZ INC,Technology / Software / Electronics,0.1255616707878014,0.0759116279562376,0.410989843145977,0.0759872549966207,2022,Routine Monitoring,984
0000009092,2021,0,0.03421184581606552,Routine Monitoring,0.03849050172065102,BADGER METER INC,Industrial / Manufacturing,0.1558260325654495,0.1648587651511441,,0.1871815840430131,2022,Routine Monitoring,1188
0000009326,2021,0,0.041289875881797354,Routine Monitoring,0.04577178061635474,BALCHEM CORP,Industrial / Manufacturing,0.1595723777663471,0.1338369499510141,0.2687428345110791,0.135550079301465,2022,Routine Monitoring,1084
0000009389,2021,0,0.026323398371336758,Routine Monitoring,0.029230264107677463,BALL CORP,Industrial / Manufacturing,0.0934762146115415,0.0892766561834229,0.8130770011159582,0.172311348781937,2022,Routine Monitoring,1316
0000009984,2021,0,0.04797206193295187,Routine Monitoring,0.05387562076315217,BARNES GROUP INC,Industrial / Manufacturing,0.119171050311158,0.0651213511227016,,0.1195802883516499,2022,Routine Monitoring,1008
0000010254,2021,0,0.021703924219235574,Routine Monitoring,0.02282001125977845,EARTHSTONE ENERGY INC,Energy / Capital-intensive,0.4529588245246554,0.148341618654212,,1.903641634895484,2022,Routine Monitoring,1391
0000010456,2021,0,0.031519046760759846,Routine Monitoring,0.03497905078431481,BAXTER INTERNATIONAL INC,Industrial / Manufacturing,0.1337609511889862,0.0662868052862384,0.7279019122341219,0.0951769039664183,2022,Routine Monitoring,1231
0000010795,2021,0,0.02025607398765286,Routine Monitoring,0.022830630304727487,BECTON DICKINSON & CO,Industrial / Manufacturing,0.1382358751481627,0.0862696320499016,,0.1829175673307239,2022,Routine Monitoring,1422
0000012040,2021,0,0.09013287702219676,Routine Monitoring,0.09936704679908463,FLANIGANS ENTERPRISES INC,Consumer / Retail,0.0629975165140888,0.1097560975609756,0.5263355260074062,0.2153535675402957,2022,Routine Monitoring,663
0000012208,2021,0,0.043483816166018104,Routine Monitoring,0.04819189620168233,"BIO-RAD LABORATORIES, INC.",Industrial / Manufacturing,0.1674670535440857,0.0369334254811106,0.2311379603556409,0.1480653481697624,2022,Routine Monitoring,1057
0000012927,2021,0,0.08278740659168576,Routine Monitoring,0.09134457911199587,BOEING CO,Industrial / Manufacturing,-0.0465915293966541,-0.0246550031757029,1.1071511057220391,0.0709790570514805,2022,Routine Monitoring,706
0000014177,2021,0,0.32097128403861264,Medium Review Priority,0.34637396275057214,BRIDGFORD FOODS CORP,Industrial / Manufacturing,-0.0342677702449777,-0.0382167230052937,0.521793481727151,0.214476940950649,2022,Medium Review Priority,209
0000014693,2021,0,0.0222025279343229,Routine Monitoring,0.024665858184795404,BROWN FORMAN CORP,Industrial / Manufacturing,0.3368968506212077,0.1252683226004293,0.5927629561484208,0.0291406482307463,2022,Routine Monitoring,1384
0000014707,2021,0,0.04507805884396652,Routine Monitoring,0.050644420117257914,CALERES INC,Industrial / Manufacturing,0.0740951553929213,0.0913491105391431,,0.3120038543836529,2022,Routine Monitoring,1035
0000014930,2021,0,0.021169226652512637,Routine Monitoring,0.023857018950296665,BRUNSWICK CORP,Technology / Software / Electronics,0.1390475864664226,0.1058064516129032,,0.3447268545140884,2022,Routine Monitoring,1408
0000016040,2021,0,0.03447402292952741,Routine Monitoring,0.03878415090843775,CABOT CORP,Industrial / Manufacturing,0.1331768847169258,0.0777374470659407,,0.3041315990818669,2022,Routine Monitoring,1184
0000016058,2021,0,0.04034759733320511,Routine Monitoring,0.044731992588066524,CACI INTERNATIONAL INC /DE/,Technology / Software / Electronics,0.0892519773300894,0.0959460965735701,0.5681922606090495,0.0566591993555292,2022,Routine Monitoring,1099
0000016732,2021,0,0.037018085277169974,Routine Monitoring,0.0410561559453929,CAMPBELL SOUP CO,Industrial / Manufacturing,0.1822793770646531,0.0882052156127492,0.7312084540651099,-0.0247382349557012,2022,Routine Monitoring,1138
0000016918,2021,0,0.017919016658111773,Routine Monitoring,0.019916779426634505,"CONSTELLATION BRANDS, INC.",Industrial / Manufacturing,0.264344099674629,0.104634163321189,0.534038784334656,0.0238888437474606,2022,Routine Monitoring,1462
0000017843,2021,0,0.1937014634918049,Routine Monitoring,0.21108467766316638,CARPENTER TECHNOLOGY CORP,Industrial / Manufacturing,-0.1684738411493629,0.0841410877759827,0.5314014539579968,-0.323460639127046,2022,Routine Monitoring,341
0000018230,2021,0,0.01227869198772389,Routine Monitoring,0.013656368131497568,CATERPILLAR INC,Technology / Software / Electronics,0.1349394753879657,0.0869397171258439,0.8005145362530649,0.2209207626712657,2022,Routine Monitoring,1556
0000018498,2021,0,0.025142954761665677,Routine Monitoring,0.027923203667296063,GENESCO INC,Consumer / Retail,0.0642285734103358,0.1535562086653918,0.6143214994696239,0.35574773443491,2022,Routine Monitoring,1335
0000019745,2021,0,0.0763971745933296,Routine Monitoring,0.08548469816391219,CHESAPEAKE UTILITIES CORP,Energy / Capital-intensive,0.2300339668191898,0.0711646915246287,,0.16749351697467,2022,Routine Monitoring,758
0000021344,2021,0,0.007838547100296194,Routine Monitoring,0.008849085066949796,COCA COLA CO,Industrial / Manufacturing,0.2666666666666666,0.1338046081777137,,0.1708669049494153,2022,Routine Monitoring,1606
0000021535,2021,0,0.058547239639678714,Routine Monitoring,0.06566244608053481,COHU INC,Industrial / Manufacturing,0.227135730500195,0.0776215922557114,,0.394975212536969,2022,Routine Monitoring,909
0000021665,2021,0,0.008492308124332833,Routine Monitoring,0.009449214124960173,COLGATE PALMOLIVE CO,Industrial / Manufacturing,0.1912634177142529,0.2210771276595744,0.935438829787234,0.0576771295003339,2022,Routine Monitoring,1597
0000023111,2021,0,0.14999096752524194,Routine Monitoring,0.16425058824124514,COMPUTER TASK GROUP INC,Technology / Software / Electronics,0.0324814866742292,0.0393503031847674,0.4985663767561885,0.0715505161285035,2022,Routine Monitoring,449
0000023194,2021,0,0.004925985298262672,Routine Monitoring,0.0049169985800938,COMSTOCK RESOURCES INC,Energy / Capital-intensive,0.486712810620674,0.1840108957808196,0.7455611110765988,1.1565378497893837,2022,Routine Monitoring,1647
0000023197,2021,1,0.29128031967039697,Medium Review Priority,0.31401012094653064,COMTECH TELECOMMUNICATIONS CORP /DE/,Technology / Software / Electronics,-0.1174120458315784,-0.0409198971716152,0.4958076186851218,-0.0567847384934694,2022,Medium Review Priority,239
0000024545,2021,0,0.04036105114480747,Routine Monitoring,0.044746840197152214,MOLSON COORS BEVERAGE CO,Industrial / Manufacturing,0.116820215423417,0.0569716499511206,0.5052644918353307,0.0619338439755028,2022,Routine Monitoring,1098
0000024741,2021,0,0.017273309703750687,Routine Monitoring,0.019200491068407533,CORNING INC /NY,Industrial / Manufacturing,0.149978696207925,0.1131524839158983,0.5839689593420442,0.245863929930107,2022,Routine Monitoring,1478
0000025445,2021,0,0.038001865813037446,Routine Monitoring,0.042733542242462515,CRANE CO /DE/,Industrial / Manufacturing,0.1579559748427673,0.1040208621227655,,0.082774353910586,2022,Routine Monitoring,1126
0000026058,2021,0,0.0372370116968705,Routine Monitoring,0.04129793951328455,CTS CORP,Technology / Software / Electronics,0.1491036701272115,0.1296402202082286,0.3023257913921338,0.2095404960548594,2022,Routine Monitoring,1134
0000026172,2021,0,0.01811900202531392,Routine Monitoring,0.02013860364148931,CUMMINS INC,Technology / Software / Electronics,0.1126514299987511,0.09514972585407,0.6035006326444539,0.212508202513755,2022,Routine Monitoring,1460
0000026324,2021,0,0.03401498831221467,Routine Monitoring,0.03773830786305308,CURTISS WRIGHT CORP,Technology / Software / Electronics,0.1527109086403416,0.0944714874577956,0.5548994832516763,0.0479209111559395,2022,Routine Monitoring,1193
0000026780,2021,0,0.056476178610888765,Routine Monitoring,0.06249905300429135,DANA INC,Industrial / Manufacturing,0.0441587479038569,0.0207023060796645,0.7152777777777778,0.2587953841823811,2022,Routine Monitoring,928
0000027419,2021,0,0.015121632770265892,Routine Monitoring,0.017054959250083646,TARGET CORP,Consumer / Retail,0.0843922456487901,0.160283213469365,,0.1330041363388592,2022,Routine Monitoring,1513
0000027996,2021,0,0.05937350586531059,Routine Monitoring,0.06658202622703073,DELUXE CORP,Industrial / Manufacturing,0.0702968108448385,0.0685734117794003,,0.1292262984697738,2022,Routine Monitoring,901
0000028823,2021,1,0.08548440917021884,Routine Monitoring,0.09554105256000729,"DIEBOLD NIXDORF, INC",Technology / Software / Electronics,0.0351070367714841,0.03515625,,0.0007431514747713,2022,Routine Monitoring,682
0000029002,2021,0,0.014883178577455983,Routine Monitoring,0.01654818367479863,DIODES INC /DEL/,Technology / Software / Electronics,0.1528865553340919,0.1542692054436214,0.4063672963483626,0.468548626562481,2022,Routine Monitoring,1516
0000029332,2021,1,0.23552064494186348,Routine Monitoring,0.2554677235693253,DIXIE GROUP INC,Industrial / Manufacturing,0.0293072173528265,-0.028191202510414,0.7181516694338405,0.0801040707225129,2022,Routine Monitoring,287
0000029534,2021,0,0.03261295667382478,Routine Monitoring,0.03669924821991316,DOLLAR GENERAL CORP,Consumer / Retail,0.0941155097059071,0.1088529120511121,,0.0140342033219762,2022,Routine Monitoring,1209
0000029644,2021,0,0.019203537307903196,Routine Monitoring,0.021341397199254285,DONALDSON CO INC,Technology / Software / Electronics,0.134797995725148,0.1674443796350304,0.5262478126822765,0.1053915872646991,2022,Routine Monitoring,1440
0000029905,2021,0,0.018832445827151587,Routine Monitoring,0.02122997920456634,DOVER CORP,Technology / Software / Electronics,0.1620709336353074,0.1072573055531498,,0.1830288639927226,2022,Routine Monitoring,1449
0000029989,2021,0,0.02645735457023665,Routine Monitoring,0.02979612607595615,OMNICOM GROUP INC.,Technology / Software / Electronics,0.1538133161644296,0.0684474593445876,,0.0849055887511294,2022,Routine Monitoring,1312
0000030305,2021,0,0.1511327434889501,Routine Monitoring,0.1654797804675255,DUCOMMUN INC /DE/,Industrial / Manufacturing,0.0757360015989761,-0.0005772757692327,0.5150863103904529,0.0261900559829937,2022,Routine Monitoring,446
0000030625,2021,0,0.07281637064065997,Routine Monitoring,0.08151554658840561,FLOWSERVE CORP,Technology / Software / Electronics,0.07646269761032,0.0526592035653109,,-0.0501789903474499,2022,Routine Monitoring,790
0000030697,2021,0,0.03513721909569733,Routine Monitoring,0.038978422573690746,WENDY'S CO,Consumer / Retail,0.1934424812255996,0.0677799447248799,0.9144537244841652,0.0941115741208022,2022,Routine Monitoring,1167
0000031107,2021,0,0.255001751496898,Routine Monitoring,0.276003075384405,EASTERN CO,Industrial / Manufacturing,0.0707714839043523,-0.029127225699303,0.569696533348883,0.0254560304905202,2022,Medium Review Priority,271
0000031235,2021,1,0.18137925937238694,Routine Monitoring,0.19792810522785714,EASTMAN KODAK CO,Industrial / Manufacturing,-0.04,-0.0216490096729617,0.5499769691386458,0.1175898931000971,2022,Routine Monitoring,372
0000031462,2021,0,0.02199866907174643,Routine Monitoring,0.02443994687960607,ECOLAB INC.,Industrial / Manufacturing,0.1255468032136714,0.0972300814848347,0.6579758940697148,0.0799731980797611,2022,Routine Monitoring,1387
0000031791,2021,0,0.02125815505051539,Routine Monitoring,0.023619239773894983,PERKINELMER INC,Industrial / Manufacturing,0.2629432726636905,0.0940465265482861,0.5239345826827463,0.3395481323747702,2022,Routine Monitoring,1405
0000033002,2021,0,0.06142339874378564,Routine Monitoring,0.06793587903561017,"ENNIS, INC.",Industrial / Manufacturing,0.1089561865334713,0.1373968398564162,0.1763048877032024,0.1174418182376884,2022,Routine Monitoring,883
0000033185,2021,0,0.018588351442296314,Routine Monitoring,0.02065916750562562,EQUIFAX INC,Technology / Software / Electronics,0.231117610024574,0.1208959414540481,0.6738309376952966,0.1929497274379163,2022,Routine Monitoring,1452
0000033213,2021,0,0.19658232651601162,Routine Monitoring,0.2141554081780298,EQT CORP,Energy / Capital-intensive,-0.4440863481563878,0.0769388692423165,0.5350774003780558,0.001902680196401,2022,Routine Monitoring,333
0000033488,2021,0,0.2587916425928726,Routine Monitoring,0.2799877883516166,ESCALADE INC,Industrial / Manufacturing,0.1017052918893409,0.0037291797393148,0.4177277023645938,0.1460374421247656,2022,Medium Review Priority,268
0000034067,2021,0,0.14578598787276775,Routine Monitoring,0.15972095994364252,DMC GLOBAL INC.,Industrial / Manufacturing,-0.0092343771024354,-0.0148216359791395,0.3547972494597484,0.1350753400447719,2022,Routine Monitoring,465
0000034563,2021,1,0.3289842054393306,Medium Review Priority,0.3531899580159692,FARMER BROTHERS CO,Industrial / Manufacturing,-0.0959482216915923,-0.0043963716620415,0.6894759264628438,-0.2063951168914066,2022,Medium Review Priority,202
0000037472,2021,0,0.32588391752650764,Medium Review Priority,0.34998053472429136,FLEXSTEEL INDUSTRIES INC,Industrial / Manufacturing,0.0651458996711384,-0.1101560420380148,0.4340300358178982,0.3052359331309311,2022,Medium Review Priority,205
0000037785,2021,0,0.030112298007047816,Routine Monitoring,0.033896244152235536,FMC CORP,Industrial / Manufacturing,0.2071077459763735,0.084923402606485,,0.0868356993602033,2022,Routine Monitoring,1255
0000037996,2021,0,0.03349232987526103,Routine Monitoring,0.03716063948691338,FORD MOTOR CO,Industrial / Manufacturing,0.0331741735794808,0.061419651020289,0.8108351002781722,0.0723353048511923,2022,Routine Monitoring,1200
0000038725,2021,0,0.03324297334602265,Routine Monitoring,0.0374051515530296,FRANKLIN ELECTRIC CO INC,Technology / Software / Electronics,0.1138437839415355,0.0823805760031488,,0.3323368055472044,2022,Routine Monitoring,1205
0000039092,2021,0,0.13288077795267159,Routine Monitoring,0.13639737116878514,FRIEDMAN INDUSTRIES INC,Industrial / Manufacturing,0.0990923854888481,-0.0841171126153013,0.4996916466588273,1.2619272207640746,2022,Routine Monitoring,491
0000039911,2021,0,0.04093924225387779,Routine Monitoring,0.046019160564501636,GAP INC,Consumer / Retail,0.0485902819436112,0.0633962855575581,,0.2079710144927535,2022,Routine Monitoring,1093
0000040533,2021,0,0.029218434043278042,Routine Monitoring,0.03289386569253554,GENERAL DYNAMICS CORP,Industrial / Manufacturing,0.1082170059008552,0.0852954686158209,,0.0143441001977586,2022,Routine Monitoring,1272
0000040570,2021,0,0.19103601295124523,Routine Monitoring,0.21064983479363478,GEE GROUP INC.,Technology / Software / Electronics,0.0435921547555077,0.0031465528238185,,0.1466861786113142,2022,Routine Monitoring,347
0000040704,2021,0,0.02546257318346944,Routine Monitoring,0.028277139578913802,GENERAL MILLS INC,Industrial / Manufacturing,0.1734870634964417,0.0936878766656512,0.6740740973371564,0.0283889122122247,2022,Routine Monitoring,1331
0000040888,2021,0,0.07058945374865733,Routine Monitoring,0.07799301747859572,"AEROJET ROCKETDYNE HOLDINGS, INC.",Industrial / Manufacturing,0.1174588665447897,0.0820184089414858,0.7807774490466798,0.0556279249288367,2022,Routine Monitoring,806
0000041719,2021,1,0.08834733571736764,Routine Monitoring,0.09741816170070083,GLATFELTER CORP,Industrial / Manufacturing,0.0263797900606069,0.037741537705645,0.7113899926991657,0.1835203131921727,2022,Routine Monitoring,673
0000042682,2021,0,0.07460110261052819,Routine Monitoring,0.08238811853182164,GORMAN RUPP CO,Technology / Software / Electronics,0.1040294357098298,0.1079918432148001,0.215750771234498,0.0841025082600934,2022,Routine Monitoring,777
0000042888,2021,0,0.012646460488989745,Routine Monitoring,0.014267916459152537,GRACO INC,Technology / Software / Electronics,0.2673178010955883,0.1870073567512743,,0.2045269572120731,2022,Routine Monitoring,1547
0000043920,2021,0,0.0422152891067108,Routine Monitoring,0.047445711718866086,"GREIF, INC",Industrial / Manufacturing,0.1053256780835478,0.0680903744970597,,0.2305869324473974,2022,Routine Monitoring,1071
0000045012,2021,0,0.0837863895592622,Routine Monitoring,0.09243641385108435,HALLIBURTON CO,Energy / Capital-intensive,0.117685518143184,0.0856144437973209,0.6985798127324044,0.0588438906195916,2022,Routine Monitoring,691
0000045919,2021,0,0.20081861239683915,Routine Monitoring,0.2186673185658205,HARTE HANKS INC,Technology / Software / Electronics,0.0392556887089148,-0.0163451108370958,1.1389937048608858,0.1000339174674957,2022,Routine Monitoring,328
0000046080,2021,0,0.04175211936476337,Routine Monitoring,0.046281777169223264,"HASBRO, INC.",Industrial / Manufacturing,0.1188866737274936,0.0814819980473809,0.6924624917810676,0.1747263671032703,2022,Routine Monitoring,1075
0000046129,2021,0,0.11045363539777772,Routine Monitoring,0.12149169347220284,ALLIED MOTION TECHNOLOGIES INC,Industrial / Manufacturing,0.0644980620347148,0.0539566893592616,0.6011725097443631,0.1004161507960315,2022,Routine Monitoring,572
0000046250,2021,0,0.0644900434335087,Routine Monitoring,0.07130296698098529,HAWKINS INC,Consumer / Retail,0.0919176647846918,0.0755065852557956,0.4666207202887923,0.2976690105567199,2022,Routine Monitoring,861
0000046619,2021,0,0.027347598559562633,Routine Monitoring,0.030364038607939993,HEICO CORP,Industrial / Manufacturing,0.2105932307863826,0.1269389181990546,0.2712323065898279,0.0440249601428979,2022,Routine Monitoring,1298
0000046765,2021,0,0.5560370475736286,High Review Priority,0.5859804954593435,"HELMERICH & PAYNE, INC.",Energy / Capital-intensive,-0.3516824666329659,0.0271030057241293,,-0.3130675614047252,2022,High Review Priority,117
0000047111,2021,0,0.009460873988859923,Routine Monitoring,0.010525758570310614,HERSHEY CO,Industrial / Manufacturing,0.2278057328578783,0.2000420467044959,0.7351932549325885,0.1008155005098949,2022,Routine Monitoring,1584
0000047217,2021,0,0.01189176240536015,Routine Monitoring,0.013417770328941703,HP INC,Technology / Software / Electronics,0.0835131601745239,0.165993265993266,,0.1209060894436695,2022,Routine Monitoring,1560
0000047307,2021,0,0.2240236226105097,Routine Monitoring,0.23306506198882884,CRAWFORD UNITED CORP,Industrial / Manufacturing,0.0671092794511776,0.0195749251035947,,,2022,Routine Monitoring,299
0000048287,2021,0,0.060121065399821975,Routine Monitoring,0.06741384199353939,HNI CORP,Industrial / Manufacturing,0.0391044163910771,0.0878778714424289,,0.1171368180741887,2022,Routine Monitoring,888
0000048465,2021,0,0.03670229463138174,Routine Monitoring,0.0412791025647635,HORMEL FOODS CORP /DE/,Industrial / Manufacturing,0.0985930410956642,0.0789152518023123,,0.1850168112232737,2022,Routine Monitoring,1143
0000048898,2021,0,0.03369916340393986,Routine Monitoring,0.03738925048087548,HUBBELL INC,Technology / Software / Electronics,0.1269163825373739,0.0972640348385875,0.5757455268389662,0.0019350215002389,2022,Routine Monitoring,1198
0000049826,2021,0,0.009336563447634193,Routine Monitoring,0.010538173003061604,ILLINOIS TOOL WORKS INC,Technology / Software / Electronics,0.2405396056727775,0.1590470858991105,,0.1495944011452203,2022,Routine Monitoring,1585
0000050493,2021,0,0.03404628632933542,Routine Monitoring,0.03777289783337476,INGLES MARKETS INC,Consumer / Retail,0.0701810840714948,0.1517564373709534,0.5128389610877795,0.0818353011400701,2022,Routine Monitoring,1192
0000050725,2021,0,0.1313542343887184,Routine Monitoring,0.14414251967724306,GRIFFON CORP,Industrial / Manufacturing,0.0751259784746585,0.027270860008024,0.6901130079069062,-0.0568617856866936,2022,Routine Monitoring,504
0000050863,2021,0,0.006952312530416929,Routine Monitoring,0.007849501897804147,INTEL CORP,Technology / Software / Electronics,0.2462036849564689,0.1780874790684417,,0.0148586692693952,2022,Routine Monitoring,1624
0000051253,2021,0,0.01242887788077311,Routine Monitoring,0.012990020959305149,INTERNATIONAL FLAVORS & FRAGRANCES INC,Industrial / Manufacturing,0.0501887439945092,0.0362348076050229,,1.2925751523482667,2022,Routine Monitoring,1551
0000051644,2021,0,0.019368567621707765,Routine Monitoring,0.021524396543263352,"INTERPUBLIC GROUP OF COMPANIES, INC.",Technology / Software / Electronics,0.1402443192359897,0.1042533100275249,0.8189379784220361,0.1301953426774087,2022,Routine Monitoring,1438
0000052988,2021,0,0.06842851893439061,Routine Monitoring,0.07664682410636653,JACOBS ENGINEERING GROUP INC /DE/,Industrial / Manufacturing,0.0488261525597205,0.049634074142212,,0.0387453356404061,2022,Routine Monitoring,826
0000054381,2021,0,0.17736314001407227,Routine Monitoring,0.19591312734270475,KAMAN CORP,Industrial / Manufacturing,0.0698116906654931,0.0406330674970504,,-0.0962013311084454,2022,Routine Monitoring,383
0000055067,2021,0,0.03258445257847199,Routine Monitoring,0.03666730803009977,KELLOGG CO,Industrial / Manufacturing,0.1235455891686058,0.0935746506766421,,0.0298474945533768,2022,Routine Monitoring,1211
0000055135,2021,0,0.07934027713898653,Routine Monitoring,0.08874424794658917,KELLY SERVICES INC,Technology / Software / Electronics,0.009898771819052,0.0293690829935733,,0.087178919397697,2022,Routine Monitoring,735
0000055242,2021,0,0.053336431673197536,Routine Monitoring,0.05904542327270208,KENNAMETAL INC,Technology / Software / Electronics,0.0554826356098294,0.0884107765099722,0.4867488120652977,-0.0232662619576142,2022,Routine Monitoring,957
0000055529,2021,1,0.29031589984975686,Medium Review Priority,0.313003680768603,KEWAUNEE SCIENTIFIC CORP /DE/,Industrial / Manufacturing,-0.0089239094318127,0.0102031683522778,0.5358565291327307,-0.0004812254303917,2022,Medium Review Priority,242
0000055772,2021,1,0.18365334766966498,Routine Monitoring,0.2026991105979273,KIMBALL INTERNATIONAL INC,Industrial / Manufacturing,0.0026730731378117,0.0613907038990542,,-0.2182441928999985,2022,Routine Monitoring,362
0000055785,2021,0,0.01973092500322596,Routine Monitoring,0.0222402497967756,KIMBERLY CLARK CORP,Industrial / Manufacturing,0.131738683127572,0.1530526433817346,,0.0156739811912225,2022,Routine Monitoring,1429
0000056679,2021,0,0.07283644016150494,Routine Monitoring,0.08045527148659525,KORN FERRY,Technology / Software / Electronics,0.0855981441207596,0.0822610375308438,0.5521795005179082,-0.0795942002599464,2022,Routine Monitoring,789
0000056873,2021,0,0.019041913014340158,Routine Monitoring,0.021162168088697707,KROGER CO,Consumer / Retail,0.0252161174286377,0.1261052031129038,0.8079085686346412,0.0406798593186312,2022,Routine Monitoring,1445
0000056978,2021,0,0.0057131385238830545,Routine Monitoring,0.005887181477290196,KULICKE & SOFFA INDUSTRIES INC,Technology / Software / Electronics,0.2717643694519999,0.1873290414583633,0.3161739501795357,1.4353697831752186,2022,Routine Monitoring,1641
0000057131,2021,0,0.03716439260477296,Routine Monitoring,0.041796324319177326,LA-Z-BOY INC,Industrial / Manufacturing,0.0788447300379877,0.1734944763598052,,0.0177595772725298,2022,Routine Monitoring,1135
0000057515,2021,0,0.037454410277358255,Routine Monitoring,0.04212090666904916,LANCASTER COLONY CORP,Industrial / Manufacturing,0.1266826941100849,0.1581688663697408,,0.0994306003950875,2022,Routine Monitoring,1132
0000057725,2021,1,0.3546012577923941,Medium Review Priority,0.3796255034869278,LANNETT CO INC,Industrial / Manufacturing,-0.4955344648250337,0.0889976701568,1.0401777291560936,-0.1227058840775161,2022,Medium Review Priority,189
0000058361,2021,0,0.07875174275489372,Routine Monitoring,0.08693131158393784,"LEE ENTERPRISES, INC",Industrial / Manufacturing,0.0711710453294473,0.0593657052152152,0.9327865179461584,0.2858314832913702,2022,Routine Monitoring,740
0000059440,2021,0,0.016943131551776857,Routine Monitoring,0.019104822274723727,VECTOR GROUP LTD,Industrial / Manufacturing,0.26250430081101,0.2929891044178136,1.966095235033929,-0.3904634265572593,2022,Routine Monitoring,1484
0000059527,2021,0,0.01884398242205925,Routine Monitoring,0.020942669082241728,LINCOLN ELECTRIC HOLDINGS INC,Technology / Software / Electronics,0.1427468477326555,0.1408255272234345,0.6667412463107186,0.2179633953453339,2022,Routine Monitoring,1448
0000060519,2021,0,0.002244489217402084,Routine Monitoring,0.002499170821563436,LOUISIANA-PACIFIC CORP,Industrial / Manufacturing,0.4006149791346365,0.6763901549680948,0.4352780309936189,0.6330703012912482,2022,Routine Monitoring,1678
0000060667,2021,0,0.007040283378783366,Routine Monitoring,0.007834869340756452,LOWES COMPANIES INC,Consumer / Retail,0.1256415584415584,0.2265456989247311,1.1078853046594983,0.0742547183499446,2022,Routine Monitoring,1621
0000060714,2021,0,0.035194423995956695,Routine Monitoring,0.03959092718317856,LSB INDUSTRIES INC,Industrial / Manufacturing,0.1816629182779345,0.0773516118781116,,0.5833010736772593,2022,Routine Monitoring,1166
0000061986,2021,0,0.062167586508341484,Routine Monitoring,0.06969020225352088,MANITOWOC CO INC,Technology / Software / Electronics,0.0270317404952912,0.0429247408742676,,0.1917694332825272,2022,Routine Monitoring,876
0000062996,2021,0,0.01791113568024591,Routine Monitoring,0.019908037622147032,MASCO CORP /DE/,Industrial / Manufacturing,0.1677611940298507,0.1668161434977578,0.9860089686098654,0.1651363383416806,2022,Routine Monitoring,1463
0000063276,2021,0,0.04629864732230802,Routine Monitoring,0.052007521491952764,MATTEL INC /DE/,Industrial / Manufacturing,0.1336747199986221,0.075926031929838,,0.1906949904661341,2022,Routine Monitoring,1026
0000063296,2021,0,0.0690684267188505,Routine Monitoring,0.07632556295443409,MATTHEWS INTERNATIONAL CORP,Industrial / Manufacturing,0.0251545454001424,0.0801204481324043,0.686821568857101,0.1152795223405633,2022,Routine Monitoring,820
0000063754,2021,0,0.03465644251984824,Routine Monitoring,0.03844718178168232,MCCORMICK & CO INC,Industrial / Manufacturing,0.1606704759492869,0.0641804460010228,0.6570921601140572,0.1279345866138217,2022,Routine Monitoring,1180
0000063908,2021,0,0.003825533734207502,Routine Monitoring,0.004320971002641578,MCDONALDS CORP,Consumer / Retail,0.4459391376615323,0.1697450342869557,,0.2090348712502212,2022,Routine Monitoring,1660
0000064040,2021,0,0.004357278223133368,Routine Monitoring,0.004609155512475175,S&P GLOBAL INC.,Technology / Software / Electronics,0.5087380981077498,0.2394516171968587,0.6315719419672567,0.1148884708411717,2022,Routine Monitoring,1653
0000064803,2021,0,0.02601165469928839,Routine Monitoring,0.028885116172170055,CVS HEALTH CORP,Consumer / Retail,0.0451643382138981,0.0783908943815209,0.6764750063304993,0.0871026326170609,2022,Routine Monitoring,1323
0000065270,2021,0,0.045227439728068794,Routine Monitoring,0.050114414407360364,METHODE ELECTRONICS INC,Technology / Software / Electronics,0.1175551470588235,0.1225630538513974,0.3742331288343558,0.0626037698994042,2022,Routine Monitoring,1033
0000065984,2021,0,0.04937988684692554,Routine Monitoring,0.05544660584937343,ENTERGY CORP /DE/,Energy / Capital-intensive,0.1571695772490874,0.0386972051548483,,0.1610953765787102,2022,Routine Monitoring,994
0000066382,2021,0,0.04388883744104636,Routine Monitoring,0.048638540059126587,HERMAN MILLER INC,Industrial / Manufacturing,0.0935459007748164,0.1611620350162471,0.5506086619137689,-0.0086463444060161,2022,Routine Monitoring,1052
0000066570,2021,0,0.07434340747660136,Routine Monitoring,0.08210591124005104,MSA SAFETY INC,Industrial / Manufacturing,0.0162693135606656,0.0831018746484304,0.651815476240154,0.0385388767288497,2022,Routine Monitoring,781
0000066740,2021,0,0.010878614908204513,Routine Monitoring,0.012101126207108468,3M CO,Industrial / Manufacturing,0.2084287936642624,0.1583531611148878,0.6788536709721278,0.0985272184936614,2022,Routine Monitoring,1573
0000066756,2021,0,0.09038704200721902,Routine Monitoring,0.09964439943685022,ALLETE INC,Energy / Capital-intensive,0.1066093573844419,0.0409479409479409,0.5421445221445221,0.2139252416388675,2022,Routine Monitoring,661
0000067347,2021,0,0.123476387079773,Routine Monitoring,0.1356174495175166,MODINE MANUFACTURING CO,Industrial / Manufacturing,0.0581435051948685,0.0080588647512263,0.6789768745620183,0.1336540588365407,2022,Routine Monitoring,524
0000067716,2021,0,0.13318859284500872,Routine Monitoring,0.14794938621043668,MDU RESOURCES GROUP INC,Energy / Capital-intensive,0.0940405049841279,0.0556400445096114,,0.0267467353486059,2022,Routine Monitoring,490
0000068505,2021,0,0.013670582017008107,Routine Monitoring,0.015421294063235658,"MOTOROLA SOLUTIONS, INC.",Technology / Software / Electronics,0.20401419654877,0.1507096562474362,,0.1021041273266791,2022,Routine Monitoring,1532
0000069488,2021,0,0.04441559077375831,Routine Monitoring,0.04921936468041764,MYERS INDUSTRIES INC,Industrial / Manufacturing,0.0647474833702154,0.0926923799244245,0.568000346714161,0.4919303484341721,2022,Routine Monitoring,1043
0000069633,2021,0,0.0459819788808706,Routine Monitoring,0.050946133595250645,"NAPCO SECURITY TECHNOLOGIES, INC",Technology / Software / Electronics,0.1520147323190248,0.1864420526712789,0.2437770189710689,0.1250604287729753,2022,Routine Monitoring,1027
0000069733,2021,0,0.03740771390343702,Routine Monitoring,0.03929890185075141,"NATHANS FAMOUS, INC.",Consumer / Retail,0.2599449870301701,0.2098553161139131,1.7003413317030924,,2022,Routine Monitoring,1133
0000069891,2021,0,0.00889626113123545,Routine Monitoring,0.009898229813062473,NATIONAL BEVERAGE CORP,Industrial / Manufacturing,0.2124816966825528,0.3477335496386636,0.3611389767728991,0.0717877156400377,2022,Routine Monitoring,1594
0000070145,2021,0,0.039991628525295315,Routine Monitoring,0.04495947500433077,NATIONAL FUEL GAS CO,Energy / Capital-intensive,0.3672112559026178,0.1060377168922245,,0.1269929140116574,2022,Routine Monitoring,1106
0000070866,2021,0,0.024724971905539277,Routine Monitoring,0.027460303186072732,NCR CORP,Technology / Software / Electronics,0.0662381218557853,0.0925178249291298,0.8683102826217679,0.1528918962461736,2022,Routine Monitoring,1343
0000071691,2021,0,0.04231661870624382,Routine Monitoring,0.047558972530080186,NEW YORK TIMES CO,Industrial / Manufacturing,0.1291806695047465,0.1049479975102452,,0.1632830410189505,2022,Routine Monitoring,1070
0000071829,2021,1,0.11657490371589531,Routine Monitoring,0.12813656698747838,NEWPARK RESOURCES INC,Technology / Software / Electronics,-0.014354705171435,-0.004001933891718,0.3858485879668369,0.2479695508754122,2022,Routine Monitoring,553
0000072162,2021,0,0.12194988504878684,Routine Monitoring,0.13566006797517396,NL INDUSTRIES INC,Industrial / Manufacturing,0.074502006178319,0.0295377688911552,,0.2294280450858674,2022,Routine Monitoring,532
0000072331,2021,0,0.017277548099623372,Routine Monitoring,0.019481059867666867,NORDSON CORP,Technology / Software / Electronics,0.2604032920033748,0.1440075484817702,,0.1136716797887888,2022,Routine Monitoring,1477
0000072573,2021,0,0.03206411919897205,Routine Monitoring,0.03558176022481529,MOVADO GROUP INC,Industrial / Manufacturing,0.1604207030924654,0.1718613694886751,0.3732119396710284,0.4462822647053597,2022,Routine Monitoring,1219
0000072741,2021,0,0.05858663847530697,Routine Monitoring,0.0657062988557959,EVERSOURCE ENERGY,Energy / Capital-intensive,0.2020991403805198,0.0404725350976438,,0.1076604566491061,2022,Routine Monitoring,907
0000073088,2021,0,0.08312162183815265,Routine Monitoring,0.09170988579302006,NORTHWESTERN CORP,Energy / Capital-intensive,0.2008874049417189,0.0324430129417797,0.6549321334903929,0.1448655593282555,2022,Routine Monitoring,701
0000073756,2021,0,0.203884389273657,Routine Monitoring,0.22445135823498194,OCEANEERING INTERNATIONAL INC,Energy / Capital-intensive,0.0212911422877853,0.1147886832421483,,0.0226414185981753,2022,Routine Monitoring,325
0000074046,2021,0,0.15676128285706864,Routine Monitoring,0.1715346652055752,OIL-DRI CORP OF AMERICA,Industrial / Manufacturing,0.0427436463255088,0.0599210778411537,0.3002821159575684,0.0768076489882674,2022,Routine Monitoring,433
0000074303,2021,0,0.006831083212335259,Routine Monitoring,0.007602239030175593,OLIN CORP,Industrial / Manufacturing,0.2077076740062397,0.2043979008417765,0.6886248635194947,0.5475164987843002,2022,Routine Monitoring,1627
0000075252,2021,0,0.06343214880186822,Routine Monitoring,0.07014169252036309,OWENS & MINOR INC/VA/,Consumer / Retail,0.0376557116454605,0.0351124584376133,0.7346281730420401,0.1539045706239385,2022,Routine Monitoring,868
0000075288,2021,0,0.011128244712815786,Routine Monitoring,0.012557519559232969,OXFORD INDUSTRIES INC,Industrial / Manufacturing,0.1449137931789307,0.2067641143558866,,0.5251451258157693,2022,Routine Monitoring,1570
0000075677,2021,0,0.021548084612814874,Routine Monitoring,0.024282786030046435,PACKAGING CORP OF AMERICA,Industrial / Manufacturing,0.1605888516616431,0.1396105553287056,,0.1610194947583429,2022,Routine Monitoring,1393
0000076282,2021,0,0.18354853534657528,Routine Monitoring,0.20258612612710034,PARK OHIO HOLDINGS CORP,Industrial / Manufacturing,-0.0084144645340751,-0.0318382352941176,,0.1102532427424336,2022,Routine Monitoring,363
0000076605,2021,0,0.023746847304106478,Routine Monitoring,0.026376894967939404,PATRICK INDUSTRIES INC,Industrial / Manufacturing,0.0862442534400891,0.0951171582480455,0.7104357250886643,0.6400293252183606,2022,Routine Monitoring,1361
0000077159,2021,0,0.02139733648714238,Routine Monitoring,0.022081976622383974,RANGER OIL CORP,Energy / Capital-intensive,0.4821541663287264,0.1833207747265014,,1.1205958985318445,2022,Routine Monitoring,1401
0000077360,2021,0,0.01770790913486972,Routine Monitoring,0.019682607563355405,PENTAIR PLC,Technology / Software / Electronics,0.1691723331916702,0.1289969707169303,0.4905124537192864,0.2475313142023991,2022,Routine Monitoring,1468
0000077476,2021,0,0.013644625617099613,Routine Monitoring,0.015173205950768223,PEPSICO INC,Industrial / Manufacturing,0.140448448549211,0.1257455860224947,0.8251621074509888,0.1293412152560678,2022,Routine Monitoring,1534
0000077543,2021,1,0.24063639883631815,Routine Monitoring,0.2608689004441503,TUTOR PERINI CORP,Industrial / Manufacturing,0.0488609018425922,-0.0314195142413656,0.6457658980151529,-0.1272726383935513,2022,Routine Monitoring,279
0000077877,2021,0,0.014373072290509978,Routine Monitoring,0.016085416223832062,"PDC ENERGY, INC.",Energy / Capital-intensive,0.3403139160842929,0.2900305171805767,0.454669450926852,0.3858079218892105,2022,Routine Monitoring,1520
0000078128,2021,0,0.0789695025504168,Routine Monitoring,0.08833374305956476,"ESSENTIAL UTILITIES, INC.",Energy / Capital-intensive,0.3209067036393375,0.0439805412341067,,0.2840271881140195,2022,Routine Monitoring,738
0000078239,2021,0,0.02930724706613014,Routine Monitoring,0.032993470947086864,PVH CORP. /DE/,Industrial / Manufacturing,0.1176335652724829,0.0864093959731543,,0.2835011075905,2022,Routine Monitoring,1270
0000078749,2021,0,0.08545183802366582,Routine Monitoring,0.09550504980633578,AGILYSYS INC,Technology / Software / Electronics,0.0388536363412774,0.1329600956285428,,0.1856009797632238,2022,Routine Monitoring,683
0000080035,2021,0,0.09962796339211835,Routine Monitoring,0.111146275060344,PREFORMED LINE PRODUCTS CO,Industrial / Manufacturing,0.0918968646179,0.0687050374423845,,0.1092681086249514,2022,Routine Monitoring,620
0000080172,2021,0,0.16719109320138006,Routine Monitoring,0.18273439035032352,NATIONAL PRESTO INDUSTRIES INC,Industrial / Manufacturing,0.08440399463709,0.0825122859766221,0.1493227845993558,0.0089329518159415,2022,Routine Monitoring,412
0000080420,2021,0,0.41897840449564366,High Review Priority,0.44541041138225446,POWELL INDUSTRIES INC,Technology / Software / Electronics,0.0021655095322796,-0.0698339263443621,0.3094256657618663,-0.0924591947139724,2022,High Review Priority,161
0000080424,2021,0,0.011405506656854308,Routine Monitoring,0.01268646928405123,PROCTER & GAMBLE CO,Industrial / Manufacturing,0.23629102183452,0.1539809064011332,0.6089584014349535,0.0728400281888654,2022,Routine Monitoring,1567
0000081061,2021,0,0.017485570863762134,Routine Monitoring,0.01943596581192217,PUBLIX SUPER MARKETS INC,Consumer / Retail,0.0858109265697435,0.1709398135986766,0.3009255671497335,0.0705678898611512,2022,Routine Monitoring,1473
0000081362,2021,0,0.1040216517521498,Routine Monitoring,0.11449967263451115,QUAKER CHEMICAL CORP,Industrial / Manufacturing,0.0854358325601678,0.016555133028392,0.5304348120280402,0.2422843849480522,2022,Routine Monitoring,600
0000082020,2021,0,0.1011228371846927,Routine Monitoring,0.1113451495969127,UNITED STATES LIME & MINERALS INC,Energy / Capital-intensive,0.2452616839713614,0.176121772571443,0.1201469974319725,0.1776620370370369,2022,Routine Monitoring,613
0000082811,2021,0,0.0339351903605069,Routine Monitoring,0.038180614570368414,REGAL REXNORD CORP,Technology / Software / Electronics,0.0872372254153216,0.0347903050108932,,0.3107327141382869,2022,Routine Monitoring,1195
0000084748,2021,0,0.05710176687283515,Routine Monitoring,0.06405325779596643,ROGERS CORP,Industrial / Manufacturing,0.1256123470606269,0.0777966002029318,,0.1623545477539394,2022,Routine Monitoring,917
0000084839,2021,0,0.01434756246580222,Routine Monitoring,0.016056916782650334,ROLLINS INC,Technology / Software / Electronics,0.1814911520851379,0.2028426903330354,0.4537511295541858,0.121727542776765,2022,Routine Monitoring,1521
0000088121,2021,0,0.08238949861525244,Routine Monitoring,0.08831321734793836,SEABOARD CORP /DE/,Consumer / Retail,0.0496261783508505,0.0122617619618819,,0.2951164748807184,2022,Routine Monitoring,708
0000088205,2021,0,0.09744609018759155,Routine Monitoring,0.10874261438383225,SPX CORP,Technology / Software / Electronics,0.0604346043460434,0.0664231910522711,,-0.2180185957037511,2022,Routine Monitoring,628
0000088941,2021,0,0.02147003388448595,Routine Monitoring,0.024195074704002076,SEMTECH CORP,Technology / Software / Electronics,0.1957419640470913,0.1796100665746464,,0.2448947013780482,2022,Routine Monitoring,1397
0000088948,2021,0,0.1696080821658409,Routine Monitoring,0.18532607717053937,SENECA FOODS CORP,Industrial / Manufacturing,0.0507803476553476,0.0318384845253054,0.3835073862496436,-0.0561198764823076,2022,Routine Monitoring,406
0000089439,2021,0,0.011877709487253115,Routine Monitoring,0.013210996926704119,MUELLER INDUSTRIES INC,Industrial / Manufacturing,0.1739944207813293,0.1802848688441908,0.2729846564592327,0.5718421229310733,2022,Routine Monitoring,1561
0000090896,2021,0,0.018274303236550552,Routine Monitoring,0.020602272251970928,SKYLINE CHAMPION CORP,Industrial / Manufacturing,0.1508248577741593,0.1818204644509763,,0.5534228411809292,2022,Routine Monitoring,1458
0000091419,2021,0,0.028719453189799186,Routine Monitoring,0.031882248877867725,J M SMUCKER CO,Industrial / Manufacturing,0.1732915141139865,0.0961054273467533,0.5010623794844082,0.0258556595308294,2022,Routine Monitoring,1278
0000091440,2021,0,0.018517605553083225,Routine Monitoring,0.02058070552023418,SNAP-ON INC,Industrial / Manufacturing,0.2441489014929265,0.142994511590751,0.3781084959391689,0.1672923748160926,2022,Routine Monitoring,1454
0000091767,2021,0,0.06163319892952355,Routine Monitoring,0.06909591505633367,SONOCO PRODUCTS CO,Industrial / Manufacturing,0.0870867363165462,0.0588721003462287,,0.0673983468650636,2022,Routine Monitoring,881
0000092122,2021,0,0.0514165166407278,Routine Monitoring,0.056932364510334066,SOUTHERN CO,Energy / Capital-intensive,0.1599965387444295,0.0483714146815751,0.7446406448476485,0.1343803680981594,2022,Routine Monitoring,977
0000093389,2021,0,0.06696425012678366,Routine Monitoring,0.07401787567436678,"STANDARD MOTOR PRODUCTS, INC.",Industrial / Manufacturing,0.0993204580171479,0.071424695795606,0.4886085607127444,0.1508327219499055,2022,Routine Monitoring,839
0000093676,2021,0,0.17590020052604782,Routine Monitoring,0.19206643134902404,STARRETT L S CO,Industrial / Manufacturing,0.075422046584473,0.0247606864477521,0.5472014136574049,0.0903098023837061,2022,Routine Monitoring,389
0000094049,2021,0,0.07724456458780467,Routine Monitoring,0.08642345420855614,STEPAN CO,Industrial / Manufacturing,0.0727977302313844,0.0349218536685495,,0.2546950127022329,2022,Routine Monitoring,748
0000094845,2021,0,0.022032435233928817,Routine Monitoring,0.024477366420260927,LEVI STRAUSS & CO,Industrial / Manufacturing,0.1190525016238903,0.1249585386204805,0.7176878778875297,0.2945075572546343,2022,Routine Monitoring,1385
0000095029,2021,0,0.006851838289048158,Routine Monitoring,0.0077361625606165,STURM RUGER & CO INC,Industrial / Manufacturing,0.2779882200959033,0.3896048993654246,,0.2845440418515368,2022,Routine Monitoring,1626
0000095552,2021,0,0.09553110038674971,Routine Monitoring,0.10663185542612426,SUPERIOR INDUSTRIES INTERNATIONAL INC,Industrial / Manufacturing,0.039989889871818,0.0425794504940961,,0.2579944765434789,2022,Routine Monitoring,643
0000095953,2021,0,0.08281585192729751,Routine Monitoring,0.09137567173662818,SYNALLOY CORP,Industrial / Manufacturing,0.0817053314013414,0.0716347997383478,0.5804918760009323,0.3074804687499999,2022,Routine Monitoring,704
0000096021,2021,0,0.04149925427589281,Routine Monitoring,0.0466452816189129,SYSCO CORP,Consumer / Retail,0.0280175913049599,0.0889083303792054,,-0.0301638713856251,2022,Routine Monitoring,1080
0000096271,2021,0,0.04572996371523849,Routine Monitoring,0.0513724933236024,TAMPA ELECTRIC CO,Energy / Capital-intensive,0.224860853432282,0.0653492948507707,,0.1861795774647887,2022,Routine Monitoring,1029
0000096943,2021,0,0.02978069799270343,Routine Monitoring,0.033056388098678564,TELEFLEX INC,Industrial / Manufacturing,0.2235561188697317,0.0949018310112079,0.4535943101307066,0.1073670676931177,2022,Routine Monitoring,1266
0000097134,2021,0,0.06629867378914968,Routine Monitoring,0.07328769819695277,TENNANT CO,Technology / Software / Electronics,0.0859002566923359,0.0653668644626542,0.590185551474051,0.0897102897102897,2022,Routine Monitoring,851
0000097210,2021,0,0.008141518959344214,Routine Monitoring,0.009059259486441975,"TERADYNE, INC",Industrial / Manufacturing,0.3242664293019408,0.288328553521857,0.3269440926124021,0.1862623014997104,2022,Routine Monitoring,1603
0000097216,2021,0,0.02562826221361471,Routine Monitoring,0.028460608571615507,TEREX CORP,Technology / Software / Electronics,0.0843881856540084,0.1024620220010476,0.612502182643618,0.2634247822129762,2022,Routine Monitoring,1329
0000097476,2021,0,0.0010282500083396786,Routine Monitoring,0.0011041356160209253,TEXAS INSTRUMENTS INC,Technology / Software / Electronics,0.4884430876580898,0.3548387096774194,0.4596774193548387,0.2685153170596777,2022,Routine Monitoring,1688
0000097745,2021,0,0.014853938459224435,Routine Monitoring,0.016753621965300232,THERMO FISHER SCIENTIFIC INC.,Industrial / Manufacturing,0.2557445614750963,0.0978943052679162,,0.2170525793034949,2022,Routine Monitoring,1517
0000098362,2021,0,0.033182796060104644,Routine Monitoring,0.03733773077896961,TIMKEN CO,Technology / Software / Electronics,0.1241501125117955,0.0749028178002978,,0.1763918934304906,2022,Routine Monitoring,1207
0000098677,2021,0,0.05255087873319096,Routine Monitoring,0.0589830074213905,TOOTSIE ROLL INDUSTRIES INC,Industrial / Manufacturing,0.1176170686924467,0.0837389482612716,,0.2116765698006424,2022,Routine Monitoring,970
0000099250,2021,0,0.04393120786138333,Routine Monitoring,0.047306186434192155,"TRANSCONTINENTAL GAS PIPE LINE COMPANY, LLC",Energy / Capital-intensive,8.148617401668654,0.0951916411748978,,0.0360838746326162,2022,Routine Monitoring,1049
0000099302,2021,0,0.08108226454969583,Routine Monitoring,0.0894803824020731,TRANSCAT INC,Industrial / Manufacturing,0.0690040447113813,0.0991100460165839,0.5152169755065762,0.1824443995730811,2022,Routine Monitoring,719
0000099780,2021,0,0.046350332319523714,Routine Monitoring,0.051352113448869814,TRINITY INDUSTRIES INC,Industrial / Manufacturing,0.1693931398416886,0.0742845347806554,0.8425430129069076,-0.2417725317595278,2022,Routine Monitoring,1025
0000100122,2021,0,0.07617389045370049,Routine Monitoring,0.0852373052970138,TUCSON ELECTRIC POWER CO,Energy / Capital-intensive,0.177294036240429,0.067711421222638,,0.1178073769197349,2022,Routine Monitoring,762
0000100378,2021,0,0.24013905924584386,Routine Monitoring,0.260344081339258,TWIN DISC INC,Technology / Software / Electronics,-0.0561347967115165,0.023702584845305,0.5255852120270285,-0.1144758910702565,2022,Routine Monitoring,281
0000100493,2021,0,0.02730537168390559,Routine Monitoring,0.030747778350693103,"TYSON FOODS, INC.",Industrial / Manufacturing,0.0934345044528045,0.1057589027513839,,0.0894755123306703,2022,Routine Monitoring,1299
0000100591,2021,1,0.266855374412421,Routine Monitoring,0.2884549464174963,ARGAN INC,Industrial / Manufacturing,0.0873824528338928,0.0513290641906843,0.4118428064344229,0.2987307690346399,2022,Medium Review Priority,264
0000100726,2021,0,0.11079030382446603,Routine Monitoring,0.12185739756272264,UNIFI INC,Industrial / Manufacturing,0.057836223322029,0.06604809783783,0.3546279223865977,0.1007124379028177,2022,Routine Monitoring,571
0000101778,2021,0,0.013132306463857995,Routine Monitoring,0.014042337316639016,MARATHON OIL CORP,Energy / Capital-intensive,0.2392537040424364,0.1905966811815935,0.3711898317053078,0.7715489306545691,2022,Routine Monitoring,1541
0000101829,2021,0,0.03237628296404229,Routine Monitoring,0.03592689924787149,RAYTHEON TECHNOLOGIES CORP,Industrial / Manufacturing,0.0770019258246878,0.0442492131545686,0.5371923868057793,0.1378585187410537,2022,Routine Monitoring,1213
0000101984,2021,0,0.08841989486291255,Routine Monitoring,0.097497373935993,UNIVERSAL ELECTRONICS INC,Technology / Software / Electronics,0.0386517996948148,0.0789324147444488,0.4592924827764584,-0.0212761111472635,2022,Routine Monitoring,671
0000102729,2021,0,0.08554456356837535,Routine Monitoring,0.09560754386827623,VALMONT INDUSTRIES INC,Industrial / Manufacturing,0.0819017156565259,0.0191277160425603,,0.2093767430936792,2022,Routine Monitoring,680
0000103145,2021,0,0.06397901985616539,Routine Monitoring,0.07074203968157697,VEECO INSTRUMENTS INC,Technology / Software / Electronics,0.0972265321622488,0.0753546257074716,0.5131927882390631,0.2842900016073524,2022,Routine Monitoring,864
0000103379,2021,0,0.029845819893629177,Routine Monitoring,0.03312842841769563,V F CORP,Industrial / Manufacturing,0.1378336474737034,0.0647784834414213,0.7353994930973944,0.2817467146814045,2022,Routine Monitoring,1265
0000103595,2021,0,0.10487990291421935,Routine Monitoring,0.1169265552872755,VILLAGE SUPER MARKET INC,Consumer / Retail,0.0143636748705875,0.0592708244282365,,0.125089632349437,2022,Routine Monitoring,596
0000103730,2021,0,0.022605604999811263,Routine Monitoring,0.025112507371606495,VISHAY INTERTECHNOLOGY INC,Technology / Software / Electronics,0.1443616345320934,0.1290067302484691,0.5070298315927972,0.2952114754478401,2022,Routine Monitoring,1372
0000104169,2021,0,0.02123138266097683,Routine Monitoring,0.02392687380917764,WALMART INC.,Consumer / Retail,0.045293441861602,0.0987543902638242,,0.0243279543450696,2022,Routine Monitoring,1406
0000104918,2021,0,0.09437084045485357,Routine Monitoring,0.10398956917279567,AVISTA CORP,Energy / Capital-intensive,0.1586116408234973,0.0390073338281596,0.6856032822539685,0.0885436091175444,2022,Routine Monitoring,646
0000105016,2021,0,0.03259236479017809,Routine Monitoring,0.036676174061967375,WATSCO INC,Consumer / Retail,0.1000810166313386,0.1132798917384807,,0.2423900004114796,2022,Routine Monitoring,1210
0000105132,2021,0,0.024645548171210268,Routine Monitoring,0.027372339388657876,WD 40 CO,Industrial / Manufacturing,0.1820105755067003,0.1969163394955404,0.5342152425715302,0.1948871230703699,2022,Routine Monitoring,1345
0000105418,2021,0,0.060784492987896455,Routine Monitoring,0.0672340851670271,WEIS MARKETS INC,Consumer / Retail,0.0347292892723421,0.1191897303026734,0.3615503997696908,0.0271886331788568,2022,Routine Monitoring,885
0000105634,2021,0,0.06640873810301982,Routine Monitoring,0.07340845297582796,"EMCOR GROUP, INC.",Industrial / Manufacturing,0.0535967801542472,0.0585904923066405,0.5859392889316553,0.1257828040523989,2022,Routine Monitoring,849
0000105770,2021,0,0.017676769370712147,Routine Monitoring,0.01964806470564984,WEST PHARMACEUTICAL SERVICES INC,Industrial / Manufacturing,0.2656801808164995,0.1762327237612408,0.2952501659725994,0.3189249615724998,2022,Routine Monitoring,1469
0000106040,2021,0,0.04017975187311003,Routine Monitoring,0.044546754752569,WESTERN DIGITAL CORP,Technology / Software / Electronics,0.0720954969861718,0.0726312566967702,0.5897367212612888,0.0111137667304015,2022,Routine Monitoring,1103
0000106532,2021,0,0.09696728900797083,Routine Monitoring,0.10681944549273412,WEYCO GROUP INC,Consumer / Retail,0.0960316244521579,0.0230203805277544,0.2746887458718537,0.3698835572616763,2022,Routine Monitoring,634
0000106640,2021,1,0.023117936115820865,Routine Monitoring,0.026046566263693862,WHIRLPOOL CORP /DE/,Technology / Software / Electronics,0.1068000909711166,0.1072713827951688,,0.1299856085526316,2022,Routine Monitoring,1367
0000107140,2021,0,0.04815655029154126,Routine Monitoring,0.05334234247475703,"JOHN WILEY & SONS, INC.",Industrial / Manufacturing,0.0955502984546492,0.1044333005748832,0.6833569374069873,0.0600704456443221,2022,Routine Monitoring,1003
0000107263,2021,0,0.02542012346710598,Routine Monitoring,0.02863185170919607,"WILLIAMS COMPANIES, INC.",Energy / Capital-intensive,0.2475769266961513,0.0828572628749054,,0.3767327374012177,2022,Routine Monitoring,1332
0000107687,2021,0,0.03336320529785889,Routine Monitoring,0.03701791397217222,WINNEBAGO INDUSTRIES INC,Industrial / Manufacturing,0.1122419209404693,0.1150406265590402,0.4875594344329178,0.540987538701432,2022,Routine Monitoring,1202
0000107815,2021,0,0.06400054124752858,Routine Monitoring,0.07172799079646663,WISCONSIN ELECTRIC POWER CO,Energy / Capital-intensive,0.2370582617000955,0.0567146240588214,,0.0883575883575884,2022,Routine Monitoring,863
0000107833,2021,0,0.08363139799233495,Routine Monitoring,0.09349233340821614,WISCONSIN PUBLIC SERVICE CORP,Energy / Capital-intensive,0.1898875665724242,0.0702888208220408,,0.0808755596617156,2022,Routine Monitoring,696
0000108516,2021,0,0.06718956203531046,Routine Monitoring,0.07426503159862287,WORTHINGTON INDUSTRIES INC,Industrial / Manufacturing,0.0528067946657484,0.0813397781661278,0.5399993181639637,0.0367131844168207,2022,Routine Monitoring,834
0000109177,2021,0,0.09453756563630575,Routine Monitoring,0.10417133309001972,"SPECTRUM BRANDS HOLDINGS, INC.",Technology / Software / Electronics,0.0323871785464127,0.0540034454347988,0.7230544528499738,-0.2437061702235002,2022,Routine Monitoring,644
0000109563,2021,0,0.05865771033241927,Routine Monitoring,0.06489723114161065,APPLIED INDUSTRIAL TECHNOLOGIES INC,Consumer / Retail,0.0634917005030101,0.1063897593413525,0.5895135458249755,-0.0029987811385817,2022,Routine Monitoring,906
0000110471,2021,1,0.06389479653428363,Routine Monitoring,0.0716104552409153,WOLVERINE WORLD WIDE INC /DE/,Industrial / Manufacturing,0.0644747194500807,0.0335601608413238,,0.3482775947741612,2022,Routine Monitoring,865
0000205402,2021,0,0.058557779565665616,Routine Monitoring,0.06478740215954806,GRAYBAR ELECTRIC CO INC,Consumer / Retail,0.04681030647976,0.0415444770283479,0.6311827956989248,0.2066696945923998,2022,Routine Monitoring,908
0000216228,2021,0,0.082052938749165,Routine Monitoring,0.09054168837545046,ITT INC.,Technology / Software / Electronics,0.1823869801084991,-0.0023559768889886,0.3743478992539406,0.1159092743562837,2022,Routine Monitoring,710
0000275053,2021,0,0.08570835344810135,Routine Monitoring,0.09453632594675718,NATURES SUNSHINE PRODUCTS INC,Industrial / Manufacturing,0.0780708154313147,0.1336866583743442,0.3765152158965365,0.15285107929544,2022,Routine Monitoring,678
0000275880,2021,0,0.0847661754519747,Routine Monitoring,0.09350702847873339,PARSONS CORP,Technology / Software / Electronics,0.0361798102093793,0.0536615034430192,0.4943507337624708,-0.0658786826866203,2022,Routine Monitoring,687
0000277135,2021,0,0.024203457753955892,Routine Monitoring,0.0272657659138104,"W.W. GRAINGER, INC.",Consumer / Retail,0.118798955613577,0.1421419902912621,,0.1038399593116894,2022,Routine Monitoring,1355
0000277509,2021,0,0.06794593586040769,Routine Monitoring,0.07509464401097568,FEDERAL SIGNAL CORP /DE/,Industrial / Manufacturing,0.1077316188592153,0.0745187028768025,0.4261035063318937,0.0728687654757693,2022,Routine Monitoring,829
0000278166,2021,0,0.03255504588434436,Routine Monitoring,0.03663435618841996,CAVCO INDUSTRIES INC.,Industrial / Manufacturing,0.1244476565889729,0.1248722912763253,,0.4684865588316782,2022,Routine Monitoring,1212
0000310142,2021,0,0.06354946323231876,Routine Monitoring,0.07122659393805031,SENSIENT TECHNOLOGIES CORP,Industrial / Manufacturing,0.1231851298012554,0.0831959795885746,,0.036233456281189,2022,Routine Monitoring,867
0000310354,2021,0,0.050801150863258246,Routine Monitoring,0.05703200778753019,STANDEX INTERNATIONAL CORP/DE/,Technology / Software / Electronics,0.0901586633995294,0.0868634401796673,,0.0855153134227133,2022,Routine Monitoring,982
0000310764,2021,0,0.020873415559320596,Routine Monitoring,0.02319278092608883,STRYKER CORP,Industrial / Manufacturing,0.1510404489127893,0.0942219398804539,0.5704137911120095,0.1921120479409099,2022,Routine Monitoring,1410
0000313143,2021,0,0.0498982921365096,Routine Monitoring,0.05602494782981227,HAEMONETICS CORP,Industrial / Manufacturing,0.0813031868835557,0.0926277628951237,,0.1409973772578501,2022,Routine Monitoring,989
0000313616,2021,0,0.012389504858625121,Routine Monitoring,0.013978481889834147,DANAHER CORP /DE/,Industrial / Manufacturing,0.2534546565714868,0.1004760530871321,,0.3217106444085442,2022,Routine Monitoring,1552
0000313927,2021,0,0.025086277029695892,Routine Monitoring,0.027860437757680816,CHURCH & DWIGHT CO INC /DE/,Industrial / Manufacturing,0.2079150690738136,0.1242793722253485,0.5956731069843056,0.0601127497038278,2022,Routine Monitoring,1338
0000314203,2021,1,0.8466174339236655,High Review Priority,0.8608789008580516,MCEWEN MINING INC.,Energy / Capital-intensive,-0.4707743461670853,-0.0384949965831716,0.2577373553558545,0.3030089036062946,2022,High Review Priority,38
0000314808,2021,0,0.7728929084206418,High Review Priority,0.7928883709204716,VALARIS LTD,Energy / Capital-intensive,-0.014251497005988,-0.0100413919975471,,-0.4149383408071748,2022,High Review Priority,58
0000315374,2021,0,0.062455167140030264,Routine Monitoring,0.07000998394286025,HURCO COMPANIES INC,Industrial / Manufacturing,0.0435723548544824,0.0966404853800291,,0.3784160771741869,2022,Routine Monitoring,873
0000317540,2021,0,0.028409046427364956,Routine Monitoring,0.03153876786657264,"COCA-COLA CONSOLIDATED, INC.",Industrial / Manufacturing,0.0789490525667866,0.151427775375337,0.7934199566399754,0.1109082096603057,2022,Routine Monitoring,1280
0000318154,2021,0,0.011646429245770749,Routine Monitoring,0.01314137354305104,AMGEN INC,Industrial / Manufacturing,0.2940451903460487,0.151410120166762,,0.0218297671491503,2022,Routine Monitoring,1564
0000320121,2021,1,0.3007150826985517,Medium Review Priority,0.3238447004435031,TELOS CORP,Technology / Software / Electronics,-0.1710328214393255,0.0295106082956424,0.2675013511811152,0.347471334004013,2022,Medium Review Priority,229
0000320193,2021,0,0.0012286313301099732,Routine Monitoring,0.0013682018718451652,APPLE INC,Technology / Software / Electronics,0.2978237752756159,0.2964028694993191,0.8202574344305731,0.332593847330747,2022,Routine Monitoring,1687
0000350698,2021,0,0.011234225124435712,Routine Monitoring,0.012676937246022155,"AUTONATION, INC.",Consumer / Retail,0.0736263736263736,0.181996064224697,,0.2674840608141247,2022,Routine Monitoring,1568
0000350868,2021,1,0.3631108205807931,Medium Review Priority,0.38837421849667014,"ITERIS, INC.",Technology / Software / Electronics,-0.0501152936244123,-0.045267164096437,0.3918248498611363,0.14029606105619,2022,Medium Review Priority,187
0000351817,2021,0,0.010732024586749924,Routine Monitoring,0.010732024586749924,"SILVERBOW RESOURCES, INC.",Energy / Capital-intensive,0.6023919449901768,0.2632557776275422,,1.2955588377887772,2022,Routine Monitoring,1575
0000351834,2021,0,0.17477635018508314,Routine Monitoring,0.19086321452935795,SUNOPTA INC.,Consumer / Retail,0.0015493020142156,-0.0283822814682189,0.5588390703981756,0.0296637282964167,2022,Routine Monitoring,393
0000352541,2021,0,0.07912254121614937,Routine Monitoring,0.08850318531156404,ALLIANT ENERGY CORP,Energy / Capital-intensive,0.2166802943581357,0.0313695898237481,,0.0740632318501171,2022,Routine Monitoring,736
0000352825,2021,1,0.18220566109727845,Routine Monitoring,0.20219427094770812,FOSTER L B CO,Consumer / Retail,0.0087048790934932,-0.0023643077102701,,0.0325867341092174,2022,Routine Monitoring,369
0000354707,2021,0,0.09191891876949507,Routine Monitoring,0.10131569429809432,HAWAIIAN ELECTRIC INDUSTRIES INC,Energy / Capital-intensive,0.1354437427443859,0.0237427553953238,0.8467273817885097,0.1048944190869358,2022,Routine Monitoring,654
0000354950,2021,0,0.004541379588764381,Routine Monitoring,0.00505536821016659,"HOME DEPOT, INC.",Consumer / Retail,0.1524243005616676,0.230549835828371,1.0235961934442652,0.1441753084550754,2022,Routine Monitoring,1650
0000355811,2021,0,0.025641815722581247,Routine Monitoring,0.028592406957568973,GENTEX CORP,Industrial / Manufacturing,0.2367081192524572,0.1699207389883683,0.0907401241429373,0.0254595390023786,2022,Routine Monitoring,1328
0000355948,2021,0,0.27135591428705674,Routine Monitoring,0.2931740951416083,RICHARDSON ELECTRONICS LTD/DE,Consumer / Retail,0.0163165420460389,0.0053077134089937,0.2245124495224972,0.1349536235230728,2022,Medium Review Priority,256
0000700841,2021,0,0.11090337226674647,Routine Monitoring,0.12198021128539006,"RCM TECHNOLOGIES, INC.",Technology / Software / Electronics,0.0693366033108522,0.0125597100971833,0.6435375830450777,0.3554707497556661,2022,Routine Monitoring,570
0000700923,2021,0,0.056152838885239344,Routine Monitoring,0.06214350199382621,MYR GROUP INC.,Industrial / Manufacturing,0.0474564792143743,0.1224056544868752,0.536967528088685,0.1116391799917415,2022,Routine Monitoring,934
0000701288,2021,0,0.05275951328479705,Routine Monitoring,0.05871988192414332,ATRION CORP,Industrial / Manufacturing,0.2184244495754777,0.1451673251915708,0.0859375,0.1180153261377725,2022,Routine Monitoring,967
0000701985,2021,0,0.01921847467320949,Routine Monitoring,0.021664067752511337,"BATH & BODY WORKS, INC.",Consumer / Retail,0.2548845470692717,0.2475937603717225,,-0.3346838862159196,2022,Routine Monitoring,1439
0000703351,2021,0,0.027748569611126022,Routine Monitoring,0.031245055738022515,"BRINKER INTERNATIONAL, INC",Consumer / Retail,0.0597099886152555,0.1625126379181502,,0.0842293324671106,2022,Routine Monitoring,1295
0000703604,2021,0,0.14218256701470477,Routine Monitoring,0.15583594131670064,LAWSON PRODUCTS INC/NEW/DE/,Consumer / Retail,0.0286953628274519,0.0212721104635048,0.4807598465003884,0.1881219940214624,2022,Routine Monitoring,473
0000704532,2021,0,0.07662322341757187,Routine Monitoring,0.08460201568012773,ONTO INNOVATION INC.,Industrial / Manufacturing,0.1982598532892043,0.106242949958571,0.1356262800693169,0.4176184554785658,2022,Routine Monitoring,754
0000707388,2021,1,0.5972802516395365,High Review Priority,0.6060858108917345,"STAR EQUITY HOLDINGS, INC.",Industrial / Manufacturing,-0.1088129580795615,-0.0947804619996473,0.4747839887145124,,2022,High Review Priority,107
0000707549,2021,0,0.003864142367545535,Routine Monitoring,0.0043018132181530284,LAM RESEARCH CORP,Technology / Software / Electronics,0.3064390150518079,0.225782071553305,0.6207443774763796,0.4561009866262289,2022,Routine Monitoring,1658
0000708818,2021,0,0.08938351560749175,Routine Monitoring,0.09854922820030562,"NEXTGEN HEALTHCARE, INC.",Technology / Software / Electronics,0.0111645845560493,0.0853070224352131,0.3259590169419157,0.070990497844011,2022,Routine Monitoring,666
0000708821,2021,1,0.32016859581634893,Medium Review Priority,0.3440582993738095,PAR TECHNOLOGY CORP,Technology / Software / Electronics,-0.1904756854593532,-0.0598503179083689,0.432139201868155,0.3231736409306502,2022,Medium Review Priority,210
0000709283,2021,1,0.4560067302377574,High Review Priority,0.48646588375843997,QUANTUM CORP /DE/,Technology / Software / Electronics,-0.0371217749787434,-0.1672725469288566,1.6282788206412575,0.0665120031123418,2022,High Review Priority,144
0000711377,2021,0,0.07360057707152998,Routine Monitoring,0.08169485132418879,NEOGEN CORP,Industrial / Manufacturing,0.158325488463238,0.0881218267492001,0.086737333078314,0.1202597029916063,2022,Routine Monitoring,787
0000711404,2021,0,0.028199545819255083,Routine Monitoring,0.03130693102653784,"COOPER COMPANIES, INC.",Industrial / Manufacturing,0.173071000855432,0.0768878432678894,0.2773417168078949,0.202229626887161,2022,Routine Monitoring,1286
0000712034,2021,0,0.05014311098119503,Routine Monitoring,0.05553034784174427,ACCO BRANDS CORP,Industrial / Manufacturing,0.0745568557744531,0.0516287645974185,0.7202471452139877,0.2235983566940551,2022,Routine Monitoring,986
0000712515,2021,0,0.015847223701457892,Routine Monitoring,0.017618149264062705,ELECTRONIC ARTS INC.,Technology / Software / Electronics,0.1614933485910456,0.1376086956521739,0.447463768115942,0.2419612719843666,2022,Routine Monitoring,1500
0000713425,2021,0,0.16492938240009844,Routine Monitoring,0.18030793809917214,AMERICAN SOFTWARE INC,Technology / Software / Electronics,0.0391444061467758,0.1002274818381435,0.3091382220290476,-0.0351445447144613,2022,Routine Monitoring,416
0000715787,2021,0,0.07626263678828497,Routine Monitoring,0.08420730527448564,INTERFACE INC,Industrial / Manufacturing,0.0873018782103935,0.0651769059521509,0.7267801304756112,0.088044362989027,2022,Routine Monitoring,759
0000715957,2021,0,0.05381777088379879,Routine Monitoring,0.05957504145225699,"DOMINION ENERGY, INC",Energy / Capital-intensive,0.2161987969063305,0.0405361984134953,0.7096294808715734,-0.0146768275472762,2022,Routine Monitoring,951
0000716314,2021,0,0.2968762369268452,Medium Review Priority,0.3046027856322596,GRAHAM CORP,Technology / Software / Electronics,-0.092359177292491,-0.0120800692467241,0.4746939153251928,,2022,Medium Review Priority,234
0000717423,2021,0,0.07997283389510865,Routine Monitoring,0.08879635494126357,MURPHY OIL CORP,Energy / Capital-intensive,0.122401307191248,0.138007887479209,0.5807063408423533,0.1687251981227453,2022,Routine Monitoring,728
0000717605,2021,0,0.09141951206717906,Routine Monitoring,0.1007708992751593,HEXCEL CORP /DE/,Industrial / Manufacturing,0.0391031931758133,0.0538057742782152,0.4731148471305951,-0.1182774227902023,2022,Routine Monitoring,658
0000718877,2021,0,0.02621446340731534,Routine Monitoring,0.029109659211817393,"ACTIVISION BLIZZARD, INC.",Technology / Software / Electronics,0.3702146995342497,0.0963441890166028,0.2976133461047254,0.0886717783823893,2022,Routine Monitoring,1320
0000718937,2021,0,0.07423402315977524,Routine Monitoring,0.08198611724339532,STAAR SURGICAL CO,Industrial / Manufacturing,0.1446553160470686,0.1271393784451295,0.2522427684815113,0.4099596231493942,2022,Routine Monitoring,782
0000719413,2021,0,0.13269596491894523,Routine Monitoring,0.14559298307351276,HECLA MINING CO/DE/,Energy / Capital-intensive,0.1033099558746856,0.0807447794055133,0.3547413376096816,0.167082687140559,2022,Routine Monitoring,494
0000719733,2021,0,0.20438036097715512,Routine Monitoring,0.22245751580105083,KEY TRONIC CORP,Technology / Software / Electronics,0.0183652144407728,-0.0415978068017886,0.6581280434217872,0.153995728397259,2022,Routine Monitoring,322
0000719955,2021,0,0.0060236967229308274,Routine Monitoring,0.006704322560686174,WILLIAMS SONOMA INC,Consumer / Retail,0.1762220807922836,0.2964244793130434,0.640219689468655,0.2156429667520689,2022,Routine Monitoring,1637
0000721371,2021,0,0.03835485573460887,Routine Monitoring,0.04312851309716499,CARDINAL HEALTH INC,Consumer / Retail,0.0029052053647817,0.0546419814185769,,0.0624174415715201,2022,Routine Monitoring,1118
0000722313,2021,0,0.3282999629868669,Medium Review Priority,0.35248181673682427,NORTECH SYSTEMS INC,Technology / Software / Electronics,0.0197277021394831,-0.0676692850009688,0.6108121804713001,0.1062570841257948,2022,Medium Review Priority,203
0000723125,2021,0,0.003965094878436691,Routine Monitoring,0.004414149414196663,MICRON TECHNOLOGY INC,Technology / Software / Electronics,0.2267821692835228,0.2118642627742187,0.2534622508453839,0.292512246326102,2022,Routine Monitoring,1656
0000723254,2021,0,0.019725351963082095,Routine Monitoring,0.022233984068545706,CINTAS CORP,Industrial / Manufacturing,0.1946916532936874,0.165202044526148,,0.004406417957635,2022,Routine Monitoring,1430
0000723603,2021,0,0.09752105034252763,Routine Monitoring,0.10742277756595964,CULP INC,Industrial / Manufacturing,0.040290938208995,0.1003269805680119,0.3973934977578475,0.1700225634939844,2022,Routine Monitoring,627
0000724004,2021,0,0.08133977485442638,Routine Monitoring,0.08976195905550842,MESA LABORATORIES INC /CO/,Industrial / Manufacturing,0.0255079068001193,0.0554491361651415,0.4432877324281952,0.3762813860247729,2022,Routine Monitoring,716
0000728391,2021,0,0.09705403178497313,Routine Monitoring,0.10691395813952549,"IPALCO ENTERPRISES, INC.",Energy / Capital-intensive,0.1757691433892514,0.0429822547452968,0.8369423678571967,0.0540634227282637,2022,Routine Monitoring,633
0000728447,2021,0,0.038111988014106514,Routine Monitoring,0.04226414854696816,"EVO TRANSPORTATION & ENERGY SERVICES, INC.",Consumer / Retail,0.0634309827099099,0.1861295983053258,1.3324612295872391,0.3261236506378802,2022,Routine Monitoring,1122
0000729580,2021,0,0.13233454846135995,Routine Monitoring,0.14520232061237548,BEL FUSE INC /NJ,Technology / Software / Electronics,0.0575112144752288,0.0090495969490823,0.5921761623613352,0.1668695560693989,2022,Routine Monitoring,497
0000730255,2021,1,0.23943706970207843,Routine Monitoring,0.25960320636968776,CALAMP CORP.,Technology / Software / Electronics,-0.0455315222130956,-0.010771717728899,0.8074421384081455,-0.0413108782936416,2022,Routine Monitoring,282
0000730272,2021,0,0.030924079752852794,Routine Monitoring,0.034321085809388495,REPLIGEN CORP,Industrial / Manufacturing,0.2494265764301288,0.0504657061662498,0.2579286230989919,0.8307595697045815,2022,Routine Monitoring,1240
0000731802,2021,0,0.10282998405327361,Routine Monitoring,0.11467134356103344,ATMOS ENERGY CORP,Energy / Capital-intensive,0.2655908014403564,-0.0552944917914338,,0.2078427952984913,2022,Routine Monitoring,606
0000732834,2021,0,0.005206457056126717,Routine Monitoring,0.005478941372648867,"CONTINENTAL RESOURCES, INC",Energy / Capital-intensive,0.4304149550698177,0.2137500550666391,,1.2112446693756356,2022,Routine Monitoring,1643
0000733269,2021,0,0.20340111376519998,Routine Monitoring,0.2239330447041537,"LIVERAMP HOLDINGS, INC.",Technology / Software / Electronics,-0.1239707409530186,0.0585400708985886,,0.19328662426133,2022,Routine Monitoring,327
0000737758,2021,0,0.016680042158030418,Routine Monitoring,0.01880880882375678,TORO CO,Technology / Software / Electronics,0.1308925382060337,0.1891834176844428,,0.1718871436985209,2022,Routine Monitoring,1488
0000738214,2021,1,0.43589241844299653,High Review Priority,0.46615933929698083,"AEMETIS, INC",Industrial / Manufacturing,-0.0746641880829822,-0.1283769919978113,,0.2802176893758645,2022,High Review Priority,150
0000742112,2021,1,0.22359339768094721,Routine Monitoring,0.2455353441521756,INVACARE CORP,Industrial / Manufacturing,-0.0277767271051753,-0.0157322840013149,,0.0255886698899363,2022,Routine Monitoring,300
0000742278,2021,0,0.2046594844400174,Routine Monitoring,0.21482923427849376,RPC INC,Energy / Capital-intensive,0.0188350720116911,0.0552070016717474,0.2575000144614833,0.445639493098803,2022,Routine Monitoring,320
0000743238,2021,0,0.02244126262145658,Routine Monitoring,0.02493040472277593,"SHYFT GROUP, INC.",Industrial / Manufacturing,0.0847476083694968,0.1652477186307542,0.4041646292314459,0.4672065304383459,2022,Routine Monitoring,1378
0000746598,2021,0,0.03632321626441683,Routine Monitoring,0.040288659260621106,BRADY CORP,Industrial / Manufacturing,0.1460009539634034,0.1492753433844599,0.3010170160754153,0.0586322562029559,2022,Routine Monitoring,1150
0000746838,2021,0,0.06677148678603244,Routine Monitoring,0.0748067623087372,UNISYS CORP,Technology / Software / Electronics,0.0749610591900311,0.0547633808638148,,0.013867640527069,2022,Routine Monitoring,841
0000750004,2021,0,0.04255729476903783,Routine Monitoring,0.04717000551176374,SCIENTIFIC GAMES CORP,Technology / Software / Electronics,0.051091500232234,0.0868958518330584,1.2671571736648484,-0.2096182085168869,2022,Routine Monitoring,1065
0000751365,2021,0,0.1935683936208418,Routine Monitoring,0.21337363860213734,VIRCO MFG CORPORATION,Industrial / Manufacturing,-0.0018179063778215,-0.0031713393174898,,0.2096469125298603,2022,Routine Monitoring,342
0000751978,2021,0,0.07715393875321712,Routine Monitoring,0.08518289637367342,VICOR CORP,Technology / Software / Electronics,0.1547233445754165,0.1140893326767322,0.1116920401085487,0.2117096460940872,2022,Routine Monitoring,750
0000752714,2021,0,0.02508134194089916,Routine Monitoring,0.027854972516017103,MCGRATH RENTCORP,Technology / Software / Electronics,0.2146788514881661,0.1226516768321338,0.5413189583978204,0.0773359368723298,2022,Routine Monitoring,1339
0000755001,2021,0,0.10224497025874257,Routine Monitoring,0.11402752480872493,UNITIL CORP,Energy / Capital-intensive,0.1643777730826114,0.0699863662922807,,0.1306736741519349,2022,Routine Monitoring,607
0000763532,2021,0,0.08402786431629947,Routine Monitoring,0.09393075514019984,LSI INDUSTRIES INC,Technology / Software / Electronics,0.0254426320925693,0.0976532401741853,,0.0329037367701059,2022,Routine Monitoring,690
0000763744,2021,0,0.08156145253123055,Routine Monitoring,0.09000434115074982,LCI INDUSTRIES,Industrial / Manufacturing,0.0890760093965676,-0.0339324240730344,0.6676265946168206,0.5995820705923753,2022,Routine Monitoring,714
0000764065,2021,0,0.042159766541466755,Routine Monitoring,0.04366874732591682,CLEVELAND-CLIFFS INC.,Energy / Capital-intensive,0.1962433965955781,0.1467720685111989,0.6957048748353096,,2022,Routine Monitoring,1072
0000764180,2021,0,0.004295971195194634,Routine Monitoring,0.004782318184885248,"ALTRIA GROUP, INC.",Industrial / Manufacturing,0.4443931880213739,0.2126609822128887,1.0406345672140274,-0.0053531143654648,2022,Routine Monitoring,1655
0000764478,2021,0,0.015799715089461527,Routine Monitoring,0.017818167102330962,BEST BUY CO INC,Consumer / Retail,0.0587121578022062,0.1857861060329067,,0.0951927552790825,2022,Routine Monitoring,1502
0000764622,2021,0,0.06934199835477836,Routine Monitoring,0.07766086696620612,PINNACLE WEST CAPITAL CORP,Energy / Capital-intensive,0.2117100242255513,0.0390858211583739,,0.0604555584611241,2022,Routine Monitoring,817
0000766829,2021,0,0.1726964550535799,Routine Monitoring,0.19087161069283534,SJW GROUP,Energy / Capital-intensive,0.1937627900977189,0.0372351924682059,,0.0162260019910509,2022,Routine Monitoring,397
0000768835,2021,1,0.09716660594568435,Routine Monitoring,0.10843462321934515,BIG LOTS INC,Consumer / Retail,0.0389804056610384,0.0493377941273455,,-0.0078369966637554,2022,Routine Monitoring,632
0000768899,2021,0,0.09330417971390399,Routine Monitoring,0.10282653339628031,"TRUEBLUE, INC.",Technology / Software / Electronics,0.0314875355512596,0.0197827000094848,0.5227888187095563,0.1772471240711453,2022,Routine Monitoring,649
0000769397,2021,0,0.015318934024188328,Routine Monitoring,0.017277043294943856,"AUTODESK, INC.",Technology / Software / Electronics,0.1407988327557906,0.1779174606125389,,0.1572393414943014,2022,Routine Monitoring,1509
0000769520,2021,0,0.022340458494485287,Routine Monitoring,0.02517313413605941,MIDDLEBY CORP,Technology / Software / Electronics,0.1937964655997676,0.0663260750441992,,0.2934578517039841,2022,Routine Monitoring,1380
0000771497,2021,0,0.05122584908413659,Routine Monitoring,0.05672246567984874,ABM INDUSTRIES INC /DE/,Technology / Software / Electronics,0.0331214076999646,0.0708489247554213,0.6372571119426537,0.0402498496893579,2022,Routine Monitoring,979
0000772406,2021,0,0.044138487480612894,Routine Monitoring,0.04959485358827508,"CIRRUS LOGIC, INC.",Technology / Software / Electronics,0.2056391948177337,0.0587515305641895,,0.3010670230713612,2022,Routine Monitoring,1046
0000775158,2021,0,0.01999506477565026,Routine Monitoring,0.02253720981781388,OSHKOSH CORP,Industrial / Manufacturing,0.0703992348752148,0.177259272157409,,0.1284126706335315,2022,Routine Monitoring,1427
0000778164,2021,0,0.0712781929942182,Routine Monitoring,0.07874787257771823,"ALTO INGREDIENTS, INC.",Industrial / Manufacturing,0.0331734956436502,0.0553063905161943,0.2881495732576146,0.3465563313315265,2022,Routine Monitoring,801
0000779152,2021,0,0.014042776585234238,Routine Monitoring,0.015615254843026378,HENRY JACK & ASSOCIATES INC,Technology / Software / Electronics,0.2267735926858053,0.1978159848914199,0.4352723020209267,0.0360374693515341,2022,Routine Monitoring,1527
0000779544,2021,0,0.09307124050335268,Routine Monitoring,0.10257251048484795,ARK RESTAURANTS CORP,Consumer / Retail,0.0470690831879881,0.0576493648273124,0.6808505359269551,0.2383322377688046,2022,Routine Monitoring,651
0000780571,2021,0,0.11516728819830606,Routine Monitoring,0.12660935462536296,"ITRON, INC.",Industrial / Manufacturing,-0.0400182279523529,0.0646648202223252,0.5226151834538535,-0.0882407343501967,2022,Routine Monitoring,557
0000783325,2021,0,0.05441073282287534,Routine Monitoring,0.061055834329019384,"WEC ENERGY GROUP, INC.",Energy / Capital-intensive,0.2062169312169312,0.0521358862228605,,0.1483491445378848,2022,Routine Monitoring,944
0000784199,2021,0,0.15114990381596713,Routine Monitoring,0.16549825222330986,"ARTIVION, INC.",Industrial / Manufacturing,0.0271620554417807,-0.0032595592722797,0.6207966186328261,0.1801111255908729,2022,Routine Monitoring,445
0000784539,2021,0,0.1302419348549659,Routine Monitoring,0.14293974943102467,EACO CORP,Consumer / Retail,0.0534244963481564,0.0798840422158807,0.3919282511210762,0.0564585229416856,2022,Routine Monitoring,508
0000784977,2021,0,0.08103947810620864,Routine Monitoring,0.08943359564776952,PORTLAND GENERAL ELECTRIC CO /OR/,Energy / Capital-intensive,0.1577629382303839,0.0560353907731198,0.7148725510848957,0.1170163170163169,2022,Routine Monitoring,720
0000785557,2021,0,0.028047857017411897,Routine Monitoring,0.031139062813123942,DLH HOLDINGS CORP.,Technology / Software / Electronics,0.0699854527131909,0.2316021707156261,0.6672516102855404,0.1764419054903554,2022,Routine Monitoring,1290
0000785786,2021,0,0.08418005346319628,Routine Monitoring,0.09286659984478006,PLEXUS CORP,Technology / Software / Electronics,0.0523226665360588,0.0579135648868573,0.5823409059613882,-0.0063499994395931,2022,Routine Monitoring,689
0000785956,2021,0,0.07906940628559123,Routine Monitoring,0.08844435582263575,J&J SNACK FOODS CORP,Industrial / Manufacturing,0.0622220047720602,0.0904449131586615,,0.1198986730434681,2022,Routine Monitoring,737
0000787250,2021,0,0.13257961541654786,Routine Monitoring,0.14728438578262523,DPL INC,Energy / Capital-intensive,0.1268024379366731,0.0538263191822451,,0.0184708554125663,2022,Routine Monitoring,495
0000787253,2021,0,0.03819442636179265,Routine Monitoring,0.042355172769292744,NATURAL ALTERNATIVES INTERNATIONAL INC,Industrial / Manufacturing,0.0765852565538875,0.1729782758706695,0.3342007465850799,0.5017328981459672,2022,Routine Monitoring,1121
0000788329,2021,0,0.08149595091311786,Routine Monitoring,0.08993272302390683,JOHNSON OUTDOORS INC,Industrial / Manufacturing,0.1480514228012734,0.0864883944077225,0.3200150677678792,0.2649606451602047,2022,Routine Monitoring,715
0000788784,2021,0,0.14880050442519316,Routine Monitoring,0.1649622326067195,PUBLIC SERVICE ENTERPRISE GROUP INC,Energy / Capital-intensive,-0.0880477268051841,0.0354292944753974,,0.0123919608455691,2022,Routine Monitoring,455
0000788816,2021,0,0.06938101740545774,Routine Monitoring,0.0777041762413621,OGLETHORPE POWER CORP,Energy / Capital-intensive,0.1211199959124236,0.0356850494804045,,0.1649550165575652,2022,Routine Monitoring,815
0000788965,2021,0,0.14881423118301138,Routine Monitoring,0.16388019661012737,HALLADOR ENERGY CO,Energy / Capital-intensive,-0.0244038341960543,0.135527430928301,0.473882705237584,0.0096659124727369,2022,Routine Monitoring,454
0000789019,2021,0,0.0025489837093256424,Routine Monitoring,0.002838117943658258,MICROSOFT CORP,Technology / Software / Electronics,0.415948788729713,0.2299126068446487,0.5746047534446445,0.175317274411775,2022,Routine Monitoring,1677
0000789460,2021,0,0.028204543638985044,Routine Monitoring,0.02993608830338463,WORLD FUEL SERVICES CORP,Consumer / Retail,0.0045505313208028,0.0291464728056004,0.6774367259019924,0.5392739079392681,2022,Routine Monitoring,1285
0000789933,2021,0,0.01567544012251165,Routine Monitoring,0.017427508827885574,NACCO INDUSTRIES INC,Technology / Software / Electronics,0.2888254120492478,0.1476183904420172,0.3057923583454911,0.4937554503550516,2022,Routine Monitoring,1504
0000790051,2021,0,0.04470963402174692,Routine Monitoring,0.05023289437641991,CARLISLE COMPANIES INC,Industrial / Manufacturing,0.1179760098122778,0.0581912016338245,,0.1331150475831528,2022,Routine Monitoring,1039
0000792987,2021,0,0.14804064855167676,Routine Monitoring,0.1621502233181758,ASTEC INDUSTRIES INC,Technology / Software / Electronics,0.0201421800947867,0.008120267749369,0.281466037528805,0.0710659898477157,2022,Routine Monitoring,459
0000793306,2021,0,0.3343000772900326,Medium Review Priority,0.34809238084595573,BLUE DOLPHIN ENERGY CO,Energy / Capital-intensive,-0.022269131041819,-0.0913299853715182,1.356316638766985,0.7208397688919399,2022,Medium Review Priority,200
0000793952,2021,0,0.02404659376096953,Routine Monitoring,0.027089605909565925,"HARLEY-DAVIDSON, INC.",Industrial / Manufacturing,0.1543087467964742,0.0882903035049594,,0.3161844594126299,2022,Routine Monitoring,1356
0000794170,2021,0,0.026348071859328068,Routine Monitoring,0.0292575803911567,"TOLL BROTHERS, INC.",Industrial / Manufacturing,0.1161359584663246,0.1129436593472787,0.5371360348765151,0.2419870751049182,2022,Routine Monitoring,1315
0000794172,2021,0,0.03468435914807387,Routine Monitoring,0.03901972174031344,MERIDIAN BIOSCIENCE INC,Industrial / Manufacturing,0.2926554596471802,0.148680740546382,,0.2532020325860282,2022,Routine Monitoring,1179
0000794367,2021,0,0.01311263954214412,Routine Monitoring,0.014792970779938132,"MACY'S, INC.",Consumer / Retail,0.0960752248569092,0.1541785105173393,,0.4101233713824512,2022,Routine Monitoring,1542
0000794619,2021,0,0.06706147531932669,Routine Monitoring,0.07512883866769819,AMERICAN WOODMARK CORP,Industrial / Manufacturing,0.0640361831957771,0.0927355341903582,,0.0567649074459517,2022,Routine Monitoring,837
0000795212,2021,1,0.5712267182646992,High Review Priority,0.5973881695702374,KASPIEN HOLDINGS INC.,Consumer / Retail,-0.0669250520133877,-0.31134055953044,0.8439441326421319,-0.0924058227288515,2022,High Review Priority,116
0000795403,2021,0,0.04416580525910604,Routine Monitoring,0.049625373046133826,WATTS WATER TECHNOLOGIES INC,Industrial / Manufacturing,0.1324342250718549,0.0974347919810303,,0.1992575898183746,2022,Routine Monitoring,1045
0000796343,2021,0,0.0027218899419119372,Routine Monitoring,0.003030577544047343,ADOBE INC.,Technology / Software / Electronics,0.3675641431738993,0.2654087588561359,0.4568114239565361,0.2266863537457257,2022,Routine Monitoring,1674
0000796505,2021,0,0.0991982969558972,Routine Monitoring,0.10253026778309123,"CLEARFIELD, INC.",Technology / Software / Electronics,0.179276540575186,0.0865914946406673,0.175416023356143,,2022,Routine Monitoring,621
0000797721,2021,0,0.031881614428401636,Routine Monitoring,0.035379965343690464,VIASAT INC,Technology / Software / Electronics,0.0029881960873643,0.0791381465333071,0.5801457613971759,0.23559520891518,2022,Routine Monitoring,1223
0000798081,2021,0,0.02223561423610806,Routine Monitoring,0.023609614759580656,LAKELAND INDUSTRIES INC,Industrial / Manufacturing,0.2758050314465409,0.2906271216723244,0.1215436841164909,0.4748304872506006,2022,Routine Monitoring,1382
0000798354,2021,0,0.030467266044833123,Routine Monitoring,0.03381584223634644,FISERV INC,Technology / Software / Electronics,0.141008258350795,0.052905611876877,0.5809781111883434,0.0925127928898466,2022,Routine Monitoring,1246
0000799288,2021,0,0.07375818557077445,Routine Monitoring,0.08146496163939301,"LANDS' END, INC.",Consumer / Retail,0.0487503543880573,0.0680751354865844,0.607676383371566,0.1465384378275076,2022,Routine Monitoring,784
0000800240,2021,0,0.07989798057189011,Routine Monitoring,0.08818520736517027,ODP CORP,Consumer / Retail,0.0276432368576491,0.071120246659815,0.7044193216855087,-0.1282183316168897,2022,Routine Monitoring,730
0000802481,2021,0,0.06653083767515752,Routine Monitoring,0.07354240847743396,PILGRIMS PRIDE CORP,Industrial / Manufacturing,0.0142896024471867,0.0366264435744493,0.7095394978573925,0.2220955166602836,2022,Routine Monitoring,847
0000804328,2021,0,0.001930487388084639,Routine Monitoring,0.0021496160493203716,QUALCOMM INC/DE,Technology / Software / Electronics,0.2916343919442293,0.2554801163918526,0.758729388942774,0.4264587140368026,2022,Routine Monitoring,1682
0000805928,2021,1,0.5219957004799389,High Review Priority,0.5487882542106144,"AXOGEN, INC.",Industrial / Manufacturing,-0.1995634353554547,-0.0644396800369188,0.4589566588470561,0.134087266251113,2022,High Review Priority,124
0000807707,2021,1,0.2706823774912615,Routine Monitoring,0.2924681402994364,VOXX INTERNATIONAL CORP,Consumer / Retail,0.0124606868788526,-0.005045477479443,0.4031285369478952,0.1283079461679721,2022,Medium Review Priority,258
0000807863,2021,0,0.06635289352988646,Routine Monitoring,0.07025713789698106,MITEK SYSTEMS INC,Technology / Software / Electronics,0.1108291526498994,0.0889721772819656,0.5405451127371674,0.1824795183101373,2022,Routine Monitoring,850
0000807882,2021,0,0.03035971413305118,Routine Monitoring,0.034173655408053505,JACK IN THE BOX INC /NEW/,Consumer / Retail,0.253522432170119,0.1149178607160468,,0.1195920533016938,2022,Routine Monitoring,1250
0000808326,2021,1,0.16121610094776345,Routine Monitoring,0.16968767615152283,EMCORE CORP,Technology / Software / Electronics,0.1197962687132362,0.0616825117662999,0.2397338686930696,0.4387258462879557,2022,Routine Monitoring,423
0000808362,2021,0,0.08035852552564618,Routine Monitoring,0.09040934616649364,BAKER HUGHES HOLDINGS LLC,Technology / Software / Electronics,0.0638962052482684,0.0671654480530522,,-0.0098043950736537,2022,Routine Monitoring,727
0000810136,2021,0,0.049524068237809894,Routine Monitoring,0.054848637320521004,PHOTRONICS INC,Technology / Software / Electronics,0.1424518765037415,0.1164980428093914,0.2268888473360418,0.0886842679324444,2022,Routine Monitoring,991
0000811156,2021,0,0.06189388915996715,Routine Monitoring,0.06938583634900058,CMS ENERGY CORP,Energy / Capital-intensive,0.1563651248465002,0.0632629638646402,,0.0971556886227544,2022,Routine Monitoring,879
0000811596,2021,0,0.03153981058205782,Routine Monitoring,0.032474930535140716,KAISER ALUMINUM CORP,Industrial / Manufacturing,0.0245614035087719,0.0327774108322325,0.7141264861294584,1.2358659503709388,2022,Routine Monitoring,1229
0000812074,2021,0,0.048945515408926166,Routine Monitoring,0.0526844863202255,"O-I GLASS, INC. /DE/",Industrial / Manufacturing,,0.0777853260869565,,0.0436709899852241,2022,Routine Monitoring,997
0000813298,2021,0,0.00727102352668038,Routine Monitoring,0.008156885023978376,"DESTINATION XL GROUP, INC.",Consumer / Retail,0.1227275697446244,0.2698297601783124,,0.5834059684084454,2022,Routine Monitoring,1614
0000813672,2021,0,0.00809320256981512,Routine Monitoring,0.009136268162296771,CADENCE DESIGN SYSTEMS INC,Technology / Software / Electronics,0.2607180002703929,0.2509993048809486,,0.1138149108554913,2022,Routine Monitoring,1604
0000814453,2021,1,0.04739677706823845,Routine Monitoring,0.05250526538229608,NEWELL BRANDS INC.,Industrial / Manufacturing,0.0893379922561148,0.0623457225474292,0.7114747161294873,0.1282898241875332,2022,Routine Monitoring,1012
0000814547,2021,0,0.00623150807712702,Routine Monitoring,0.0069354509701998876,FAIR ISAAC CORP,Technology / Software / Electronics,0.3839537999720478,0.2703300726634417,1.0707639356642786,0.0169740808087985,2022,Routine Monitoring,1634
0000814549,2021,0,0.038100209825262944,Routine Monitoring,0.04225114353230408,EBIX INC,Technology / Software / Electronics,0.1196154936287487,0.0441576635357785,0.5553443860444215,0.5903511618279149,2022,Routine Monitoring,1123
0000814586,2021,0,0.1668810845133666,Routine Monitoring,0.17558802702525242,"LIFEWAY FOODS, INC.",Industrial / Manufacturing,0.0493847898206861,0.078505516832689,0.3067838699664192,0.1670064493364436,2022,Routine Monitoring,413
0000815556,2021,0,0.017743800525856127,Routine Monitoring,0.02000556580134899,FASTENAL CO,Consumer / Retail,0.2025320667454125,0.1791346824842986,,0.0643847502346253,2022,Routine Monitoring,1467
0000816761,2021,0,0.019068674175558232,Routine Monitoring,0.021191844645605723,TERADATA CORP /DE/,Technology / Software / Electronics,0.1205007824726134,0.2134624250806823,0.7879207007837713,0.0441176470588235,2022,Routine Monitoring,1444
0000816956,2021,0,0.05819152396345643,Routine Monitoring,0.06438484746668542,CONMED CORP,Industrial / Manufacturing,0.1085624384669044,0.063289311484544,0.5552506006454071,0.171806427899761,2022,Routine Monitoring,911
0000817720,2021,0,0.041418397721153064,Routine Monitoring,0.04591358504204019,SYNAPTICS INC,Technology / Software / Electronics,0.109734249029561,0.1433447098976109,0.5656547512125022,0.0042731838968439,2022,Routine Monitoring,1081
0000818479,2021,0,0.03047342751552467,Routine Monitoring,0.033822657273739065,DENTSPLY SIRONA INC.,Industrial / Manufacturing,0.1463185132909903,0.0712581344902386,0.4530368763557483,0.2719928186714542,2022,Routine Monitoring,1245
0000818686,2021,0,0.07272963634350298,Routine Monitoring,0.08033826382264275,TEVA PHARMACEUTICAL INDUSTRIES LTD,Industrial / Manufacturing,0.1080740647436704,0.0167414928880124,0.7641085889313137,-0.0468815655201392,2022,Routine Monitoring,792
0000819793,2021,0,0.0347742818555779,Routine Monitoring,0.03857739535598053,ALBANY INTERNATIONAL CORP /DE/,Industrial / Manufacturing,0.1915662261633162,0.1397596756945729,0.4360097014004565,0.0317895648504902,2022,Routine Monitoring,1176
0000820313,2021,0,0.01658121562421675,Routine Monitoring,0.018432628451675655,AMPHENOL CORP /DE/,Technology / Software / Electronics,0.1935492768680525,0.1049228798779158,0.5654090364072378,0.2648478293735246,2022,Routine Monitoring,1489
0000821002,2021,1,0.040273291429515023,Routine Monitoring,0.04464998787393446,G III APPAREL GROUP LTD /DE/,Industrial / Manufacturing,0.1124484825438869,0.0677469838047232,0.4456271731774479,0.3461515629546514,2022,Routine Monitoring,1101
0000821189,2021,0,0.0058813626963956835,Routine Monitoring,0.006342246768105493,EOG RESOURCES INC,Energy / Capital-intensive,0.327325394271001,0.2299142169683021,,0.689804105275829,2022,Routine Monitoring,1638
0000821483,2021,0,0.1469659132112853,Routine Monitoring,0.1578704033465868,"PAR PACIFIC HOLDINGS, INC.",Energy / Capital-intensive,-0.001617591514725,-0.0107468103309754,0.8966248821613142,0.5072911833132259,2022,Routine Monitoring,462
0000822663,2021,0,0.018453881581739686,Routine Monitoring,0.020804242348614534,INTER PARFUMS INC,Industrial / Manufacturing,0.1683312185338299,0.1044087294519471,,0.6317278561211408,2022,Routine Monitoring,1456
0000822818,2021,0,0.08308802410489716,Routine Monitoring,0.09289138518855178,CLEAN HARBORS INC,Energy / Capital-intensive,0.0914153111521387,0.0965734114957305,,0.2103844124402014,2022,Routine Monitoring,702
0000823277,2021,0,0.035208070129790145,Routine Monitoring,0.039606208019333934,CHS INC,Consumer / Retail,0.005352601523204,0.0431155634513001,,0.3535006326927081,2022,Routine Monitoring,1165
0000823768,2021,0,0.02775263668252385,Routine Monitoring,0.030812337167781225,WASTE MANAGEMENT INC,Energy / Capital-intensive,0.1653560872232446,0.1490875347974018,0.7550950269787263,0.1782757261138126,2022,Routine Monitoring,1294
0000824142,2021,0,0.05982792240582089,Routine Monitoring,0.06708767845495046,"AAON, INC.",Technology / Software / Electronics,0.1295618287163925,0.0941016333938294,,0.0388027620197026,2022,Routine Monitoring,890
0000825324,2021,0,0.11884081614027145,Routine Monitoring,0.13225411085764555,GOOD TIMES RESTAURANTS INC.,Consumer / Retail,0.0556420578767758,0.0976185138928918,,0.1283019898414317,2022,Routine Monitoring,545
0000825542,2021,1,0.05937462207536492,Routine Monitoring,0.06568508079352574,SCOTTS MIRACLE-GRO CO,Industrial / Manufacturing,0.1468020304568528,0.0565625,0.7888958333333334,0.1920321425113758,2022,Routine Monitoring,900
0000827052,2021,0,0.0972477394496643,Routine Monitoring,0.10712501025307167,EDISON INTERNATIONAL,Energy / Capital-intensive,0.0990942636699094,0.0001471670345842,0.762004147434611,0.0977316246869937,2022,Routine Monitoring,630
0000827054,2021,0,0.006940365847668692,Routine Monitoring,0.007836025672370241,MICROCHIP TECHNOLOGY INC,Technology / Software / Electronics,0.2711665615974432,0.1754807247137257,,0.2542107972933216,2022,Routine Monitoring,1625
0000827187,2021,0,0.005209484427184104,Routine Monitoring,0.005798647992267119,SLEEP NUMBER CORP,Industrial / Manufacturing,0.0885768958451661,0.3262609565652391,1.4621365030341258,0.1768835289016483,2022,Routine Monitoring,1642
0000827871,2021,0,0.16761376615482992,Routine Monitoring,0.1831877146316424,"EAGLE PHARMACEUTICALS, INC.",Industrial / Manufacturing,0.0161414431114686,0.1112157709709457,0.3045693881733483,-0.0865592485703027,2022,Routine Monitoring,410
0000829224,2021,0,0.0072185906450047055,Routine Monitoring,0.008033138053818167,STARBUCKS CORP,Consumer / Retail,0.1676531110851118,0.1907806298299599,1.1692914890770436,0.2356748022791053,2022,Routine Monitoring,1616
0000830524,2021,0,0.03827934577647564,Routine Monitoring,0.043044025807863866,CHASE CORP,Technology / Software / Electronics,0.2033538331469714,0.1514676154681697,,0.1231955644389306,2022,Routine Monitoring,1119
0000831259,2021,0,0.011695825294020749,Routine Monitoring,0.013008964803067203,FREEPORT-MCMORAN INC,Energy / Capital-intensive,0.3662070474939812,0.1606555328807629,0.5206571987838907,0.609029440766305,2022,Routine Monitoring,1563
0000832101,2021,0,0.02127814758185282,Routine Monitoring,0.023641399184316934,IDEX CORP /DE/,Technology / Software / Electronics,0.230396412037037,0.1149638005368909,0.4299398031399983,0.1756871569955682,2022,Routine Monitoring,1404
0000832988,2021,0,0.009477110088946274,Routine Monitoring,0.010543802699301328,SIGNET JEWELERS LTD,Consumer / Retail,0.115435727063634,0.1912214262900944,0.6629556964913081,0.4972545868488014,2022,Routine Monitoring,1583
0000833640,2021,0,0.014308324581494499,Routine Monitoring,0.01592934932745627,POWER INTEGRATIONS INC,Technology / Software / Electronics,0.2489175673312222,0.2275711763679574,0.1009919299113739,0.4402029005688916,2022,Routine Monitoring,1523
0000834365,2021,1,0.39220597574780425,Medium Review Priority,0.40099861382923785,BIOLIFE SOLUTIONS INC,Industrial / Manufacturing,-0.2848366846822652,-0.008289760800784,0.1334158759838789,,2022,High Review Priority,172
0000835011,2021,0,0.02819557989820393,Routine Monitoring,0.03130254216643922,MGP INGREDIENTS INC,Consumer / Retail,0.2016259254531529,0.0847487246355381,0.3813870242648111,0.5845429193393019,2022,Routine Monitoring,1287
0000836157,2021,0,0.08363656091355355,Routine Monitoring,0.09227267485575041,LINDSAY CORP,Technology / Software / Electronics,0.0953182088837057,0.0690035076155276,0.4688434285176204,0.195819605133434,2022,Routine Monitoring,694
0000837465,2021,0,0.02153508438030118,Routine Monitoring,0.02319402864167797,CALLAWAY GOLF CO,Industrial / Manufacturing,0.0653322044381155,0.0359144167748697,,0.9713909126369962,2022,Routine Monitoring,1394
0000842023,2021,0,0.017136185663898337,Routine Monitoring,0.019322023090522313,BIO-TECHNE CORP,Industrial / Manufacturing,0.2548741611459112,0.1556211629297419,,0.260380862904787,2022,Routine Monitoring,1479
0000842633,2021,0,0.07500683195402857,Routine Monitoring,0.08283240791207426,TRIMAS CORP,Industrial / Manufacturing,0.1109425861324684,0.1029578718050995,0.5160857291890399,0.1131732405158643,2022,Routine Monitoring,772
0000846475,2021,0,0.17870606774649822,Routine Monitoring,0.18416264176159805,ZYNEX INC,Industrial / Manufacturing,0.1716487210382115,0.0521407026126626,0.4453156654711346,,2022,Routine Monitoring,378
0000849146,2021,0,0.06520671667046513,Routine Monitoring,0.07208951749026825,LIFEVANTAGE CORP,Industrial / Manufacturing,0.0800023616933341,0.2066885129299395,0.5325026672763298,-0.0546723053474443,2022,Routine Monitoring,857
0000849399,2021,0,0.013792193376808967,Routine Monitoring,0.015337048378524926,NORTONLIFELOCK INC.,Technology / Software / Electronics,0.3594420600858369,0.140285179317298,1.013394786115512,0.0960407683261466,2022,Routine Monitoring,1529
0000850209,2021,0,0.03703723609664236,Routine Monitoring,0.04107730669664086,"FOOT LOCKER, INC.",Consumer / Retail,0.0960035722259432,0.0818684695759065,0.6013521819299323,0.1868044515103337,2022,Routine Monitoring,1137
0000850460,2021,0,0.0034419478449275614,Routine Monitoring,0.0037123847317232705,ENCORE WIRE CORP,Industrial / Manufacturing,0.269679228887335,0.2733800446379569,,1.0304045270441708,2022,Routine Monitoring,1667
0000851205,2021,0,0.019408985839253764,Routine Monitoring,0.021569214580910063,COGNEX CORP,Industrial / Manufacturing,0.3038295320210819,0.1567454989913468,0.2862603572858097,0.2787576138689551,2022,Routine Monitoring,1435
0000851310,2021,0,0.07023087094062495,Routine Monitoring,0.07759996589186154,HARMONIC INC,Technology / Software / Electronics,0.0370877197825491,0.0591290583924138,0.5721464754946762,0.3387209600059129,2022,Routine Monitoring,809
0000851968,2021,0,0.02994498057806414,Routine Monitoring,0.03323812168823433,MOHAWK INDUSTRIES INC,Industrial / Manufacturing,0.1191908871416234,0.092032580086902,0.4074866654523313,0.17256930526035,2022,Routine Monitoring,1262
0000852772,2021,0,0.010904329899466733,Routine Monitoring,0.012129695546479196,DENNY'S CORP,Consumer / Retail,0.2613807029087786,0.1748984563528782,1.149852936786927,0.3796503872074288,2022,Routine Monitoring,1572
0000854775,2021,0,0.0956605861208384,Routine Monitoring,0.10539547316953765,DIGI INTERNATIONAL INC,Technology / Software / Electronics,0.034111822494103,0.0931720930833162,0.2372988599440544,0.1051344393080555,2022,Routine Monitoring,641
0000855658,2021,0,0.01256885360772063,Routine Monitoring,0.01397862529870038,LATTICE SEMICONDUCTOR CORP,Technology / Software / Electronics,0.1956350045699138,0.2308649486437603,0.4333979358398004,0.2626849946094285,2022,Routine Monitoring,1548
0000856982,2021,0,0.0666740880954486,Routine Monitoring,0.0736995638770069,MERIT MEDICAL SYSTEMS INC,Industrial / Manufacturing,0.0566791749903,0.0893232639322839,0.3691665443179432,0.1150315134223836,2022,Routine Monitoring,843
0000857005,2021,0,0.031138772233390344,Routine Monitoring,0.03455852119609883,PTC INC.,Technology / Software / Electronics,0.2106887108439268,0.0818200977912662,0.547766862781638,0.2391253518374398,2022,Routine Monitoring,1237
0000857949,2021,1,0.7710621061524522,High Review Priority,0.7895233153046483,"CHINA GREEN AGRICULTURE, INC.",Industrial / Manufacturing,-0.4915436806670547,-0.0482869491175712,0.2969979372826336,-0.0715558852536717,2022,High Review Priority,60
0000858470,2021,0,0.011000756854946784,Routine Monitoring,0.011334043692100799,COTERRA ENERGY INC.,Energy / Capital-intensive,0.4534647723977965,0.0837688442211055,0.4076381909547739,1.351659320998429,2022,Routine Monitoring,1571
0000858655,2021,0,0.1849403262589115,Routine Monitoring,0.20173401241306274,HAYNES INTERNATIONAL INC,Industrial / Manufacturing,-0.0211543530345524,0.0425744114336953,0.3717305176089522,-0.1126560323758968,2022,Routine Monitoring,359
0000858877,2021,0,0.007327914022196752,Routine Monitoring,0.00815469617734682,"CISCO SYSTEMS, INC.",Technology / Software / Electronics,0.2575976554658958,0.1585074412546027,0.5766536406248397,0.0104866027058274,2022,Routine Monitoring,1613
0000859737,2021,0,0.0034541090048198332,Routine Monitoring,0.003901632193878769,HOLOGIC INC,Industrial / Manufacturing,0.4403707188892637,0.261258534288501,,0.4914468806270522,2022,Routine Monitoring,1666
0000860731,2021,0,0.023374688582684947,Routine Monitoring,0.02596461458569565,TYLER TECHNOLOGIES INC,Technology / Software / Electronics,0.1135065475005448,0.0785588233367377,0.5088856866873296,0.4259333388855904,2022,Routine Monitoring,1363
0000861459,2021,0,0.214975148622637,Routine Monitoring,0.23632879037487076,GRANITE CONSTRUCTION INC,Industrial / Manufacturing,0.0003651098502252,0.0087902371492232,,-0.1550631179193922,2022,Routine Monitoring,308
0000861878,2021,0,0.157817249876746,Routine Monitoring,0.1726697700999168,STERICYCLE INC,Energy / Capital-intensive,0.0273149722316672,0.0553799492061171,0.5609800661416747,-0.0106895907307045,2022,Routine Monitoring,430
0000861884,2021,0,0.01526753089038259,Routine Monitoring,0.017219184566533215,RELIANCE STEEL & ALUMINUM CO,Consumer / Retail,0.138285568319698,0.0838296979865771,,0.5993486081321848,2022,Routine Monitoring,1511
0000863436,2021,0,0.12374456747206017,Routine Monitoring,0.1376248923320188,BENCHMARK ELECTRONICS INC,Technology / Software / Electronics,0.02352749211974,-0.0013771876378763,,0.0984778857267265,2022,Routine Monitoring,523
0000864749,2021,0,0.02801664829696448,Routine Monitoring,0.03110452459584857,TRIMBLE INC.,Industrial / Manufacturing,0.1533163892760514,0.1057101808552594,0.4443771480083385,0.1624678336563205,2022,Routine Monitoring,1291
0000865752,2021,0,0.015436785487237164,Routine Monitoring,0.01740969252224138,MONSTER BEVERAGE CORP,Industrial / Manufacturing,0.3243733659222514,0.148081100002255,,0.204998523475864,2022,Routine Monitoring,1507
0000866273,2021,1,0.4062148139524635,High Review Priority,0.43244090893718545,MATRIX SERVICE CO,Industrial / Manufacturing,-0.064964552909275,-0.0063543190548297,0.3892945443968209,-0.3883415778181878,2022,High Review Priority,166
0000866291,2021,0,0.03672589857290569,Routine Monitoring,0.03895961655773858,"ALLEGRO MICROSYSTEMS, INC.",Technology / Software / Electronics,0.1777736725842164,0.1749109363446931,0.1761746319822545,0.3001774336230796,2022,Routine Monitoring,1142
0000866374,2021,0,0.04803490981459976,Routine Monitoring,0.05353973279942012,FLEX LTD.,Technology / Software / Electronics,0.0373257555393418,0.0529883570504527,0.7823027166882277,0.0794644337589123,2022,Routine Monitoring,1007
0000866729,2021,0,0.16757281453327466,Routine Monitoring,0.18532953717388204,SCHOLASTIC CORP,Industrial / Manufacturing,-0.0174575098054295,0.0353532838719314,,-0.1256136103826238,2022,Routine Monitoring,411
0000866787,2021,0,0.006222353114314015,Routine Monitoring,0.007026008395961222,AUTOZONE INC,Consumer / Retail,0.2012720798300157,0.2423873494707533,,0.1581399001438177,2022,Routine Monitoring,1635
0000866829,2021,0,0.3027990048094649,Medium Review Priority,0.3260141813197447,HELIX ENERGY SOLUTIONS GROUP INC,Energy / Capital-intensive,-0.0721579658766199,0.0602387417520339,0.2917243472563529,-0.0801943957849105,2022,Medium Review Priority,227
0000867773,2021,1,0.11429116281695297,Routine Monitoring,0.12565854622995618,SUNPOWER CORP,Technology / Software / Electronics,-0.0207496375122497,-0.0286054980492743,0.7491494115664591,0.1766170680165606,2022,Routine Monitoring,561
0000868780,2021,0,0.0627842980133067,Routine Monitoring,0.0703759392289869,"DORMAN PRODUCTS, INC.",Industrial / Manufacturing,0.1275236034369845,0.0599706297041633,,0.2310697434358151,2022,Routine Monitoring,871
0000871763,2021,0,0.038806935059242154,Routine Monitoring,0.04363430530949562,MANPOWERGROUP INC.,Technology / Software / Electronics,0.0282468973770048,0.0656024580573614,,0.1512915949113937,2022,Routine Monitoring,1114
0000872589,2021,0,0.0010097381269526683,Routine Monitoring,0.001068314789179635,"REGENERON PHARMACEUTICALS, INC.",Industrial / Manufacturing,0.5566803760647598,0.2784098951043452,0.2620818720807712,0.891433547916348,2022,Routine Monitoring,1689
0000873303,2021,1,0.9356598010452822,High Review Priority,0.9418490966430557,"SAREPTA THERAPEUTICS, INC.",Industrial / Manufacturing,-0.6549629783711624,-0.1407800699751649,0.7052043631872436,0.299552489451008,2022,High Review Priority,12
0000874015,2021,1,0.20531636028906589,Routine Monitoring,0.22345305163262083,IONIS PHARMACEUTICALS INC,Industrial / Manufacturing,-0.0372456987177588,0.0117927472249769,0.7045066604382603,0.1113341670506153,2022,Routine Monitoring,319
0000874238,2021,0,0.06129746898614562,Routine Monitoring,0.06779756190569772,STERLING CONSTRUCTION CO INC,Industrial / Manufacturing,0.0678273524655353,0.1231474350850855,0.7073694796733702,0.1081355628227869,2022,Routine Monitoring,884
0000874396,2021,0,0.11829526224146232,Routine Monitoring,0.1316561816604779,"LIFETIME BRANDS, INC",Industrial / Manufacturing,0.0589182824906944,0.0446136291814723,,0.1218912878704159,2022,Routine Monitoring,546
0000874499,2021,0,0.42197773629123914,High Review Priority,0.4500757980650728,GULFPORT ENERGY CORP,Energy / Capital-intensive,-0.104385318189878,0.1351262226551402,0.7198759173372591,-0.3817206782821837,2022,High Review Priority,159
0000874716,2021,0,0.004297519530340904,Routine Monitoring,0.004784040964887602,IDEXX LABORATORIES INC /DE,Industrial / Manufacturing,0.289867386544586,0.310005362704707,0.716891863336784,0.1879460071564347,2022,Routine Monitoring,1654
0000875320,2021,0,0.01742227869849696,Routine Monitoring,0.019365752993310125,VERTEX PHARMACEUTICALS INC / MA,Industrial / Manufacturing,0.3673030207013096,0.1967988088591103,0.2480923134189465,0.2205586395566774,2022,Routine Monitoring,1475
0000876167,2021,0,0.025125625783335694,Routine Monitoring,0.0283012259671597,PROGRESS SOFTWARE CORP /MA,Technology / Software / Electronics,0.2185190273906341,0.130931540544921,,0.2016578084360512,2022,Routine Monitoring,1336
0000876523,2021,0,0.1761322679032551,Routine Monitoring,0.19231484978962476,EZCORP INC,Consumer / Retail,0.0427235381762207,0.0366545084856,0.4693881417084546,-0.1133431614307538,2022,Routine Monitoring,387
0000876883,2021,0,0.043831548275833014,Routine Monitoring,0.04857536597868078,STAGWELL INC,Technology / Software / Electronics,0.0304390405910588,0.0495258384743982,0.7725592886837395,0.2254791657457688,2022,Routine Monitoring,1053
0000877212,2021,0,0.01087610079629945,Routine Monitoring,0.01209833302138029,ZEBRA TECHNOLOGIES CORP,Technology / Software / Electronics,0.1739825839701439,0.1720032180209171,0.5198712791633145,0.2650629496402878,2022,Routine Monitoring,1574
0000877422,2021,0,0.07434986602833879,Routine Monitoring,0.08321580190318725,SPARTANNASH CO,Consumer / Retail,0.012562928008712,0.0730271499405015,,-0.0446538663751399,2022,Routine Monitoring,780
0000878726,2021,1,0.6560545393082977,High Review Priority,0.6799402308915905,TUESDAY MORNING CORP/DE,Consumer / Retail,-0.0709144602556493,-0.3782269720783758,0.8281795905083708,-0.2104309660016344,2022,High Review Priority,91
0000879407,2021,1,0.20451855066668864,Routine Monitoring,0.20451855066668864,"ARROWHEAD PHARMACEUTICALS, INC.",Industrial / Manufacturing,-1.077729649207807,0.2411103037676653,,,2022,Routine Monitoring,321
0000879526,2021,0,0.11602490251007547,Routine Monitoring,0.12753989285823963,WABASH NATIONAL CORP,Industrial / Manufacturing,0.0186006738876306,-0.0067475347109625,0.7059456891202099,0.2168711691631424,2022,Routine Monitoring,555
0000880117,2021,0,0.02022678281557632,Routine Monitoring,0.02247594644437265,SANFILIPPO JOHN B & SON INC,Industrial / Manufacturing,0.0992193196828821,0.2627574004592739,0.3914143378800617,-0.024554251146471,2022,Routine Monitoring,1423
0000880266,2021,0,0.03492477981857222,Routine Monitoring,0.03874369196439181,AGCO CORP /DE,Technology / Software / Electronics,0.089906000017956,0.0719007634419141,0.6249441848814541,0.2173404592500301,2022,Routine Monitoring,1172
0000880807,2021,1,0.6244370424144521,High Review Priority,0.6330136537202349,AMERICAN SUPERCONDUCTOR CORP /DE/,Technology / Software / Electronics,-0.1944851754507308,-0.1091340928304013,0.3709190451270078,,2022,High Review Priority,100
0000882095,2021,0,0.008037344802459361,Routine Monitoring,0.009073277203574374,"GILEAD SCIENCES, INC.",Industrial / Manufacturing,0.3632301776231459,0.1675300211914292,,0.1059581190003644,2022,Routine Monitoring,1605
0000882796,2021,1,0.9495451304046099,High Review Priority,0.9495451304046099,BIOCRYST PHARMACEUTICALS INC,Industrial / Manufacturing,-1.130750143157091,-0.2417015358300844,,,2022,High Review Priority,9
0000882835,2021,0,0.02084035738996774,Routine Monitoring,0.023156136345607013,ROPER TECHNOLOGIES INC,Industrial / Manufacturing,0.2561874762020146,0.0848405365629441,0.5123619480557816,0.0453583253424036,2022,Routine Monitoring,1411
0000883241,2021,0,0.014647860466005878,Routine Monitoring,0.016286975387311775,SYNOPSYS INC,Technology / Software / Electronics,0.1747755157767495,0.1705413230411345,0.3945628900421148,0.1408066304848938,2022,Routine Monitoring,1519
0000883569,2021,1,0.10196007474413964,Routine Monitoring,0.11371395689158124,"FOSSIL GROUP, INC.",Industrial / Manufacturing,0.0495375490097516,0.0365516954173939,,0.1591062780822181,2022,Routine Monitoring,608
0000883902,2021,0,0.11127704274709299,Routine Monitoring,0.12395672619637528,"CORNERSTONE BUILDING BRANDS, INC.",Industrial / Manufacturing,0.2036928343330998,-0.0370465005336802,,0.2091598050751413,2022,Routine Monitoring,568
0000883984,2021,1,0.05332499072365634,Routine Monitoring,0.059845884362665816,ICU MEDICAL INC/DE,Industrial / Manufacturing,0.0936293025644454,0.1422516054867823,,0.0356442623311963,2022,Routine Monitoring,958
0000884614,2021,0,0.048096156959202205,Routine Monitoring,0.053275809628581396,UGI CORP /PA/,Energy / Capital-intensive,0.3155633140862092,0.0885606649524606,0.6692579082700473,0.1353864918432687,2022,Routine Monitoring,1005
0000884624,2021,1,0.1611238109945964,Routine Monitoring,0.17622240438781733,ORTHOFIX MEDICAL INC.,Industrial / Manufacturing,-0.0179017781212928,0.0387622922099856,0.2930806948049087,0.142455517239683,2022,Routine Monitoring,424
0000884713,2021,0,0.056414929332541865,Routine Monitoring,0.06243170403367085,PRIMO WATER CORP /CN/,Industrial / Manufacturing,0.0496792552934934,0.0694795079765805,0.6454584519525165,0.0613258254415152,2022,Routine Monitoring,930
0000885245,2021,0,0.003791183012907405,Routine Monitoring,0.004220625158876084,BUCKLE INC,Consumer / Retail,0.2591512327679365,0.3992321522786995,0.5992695457968149,0.4364125164488648,2022,Routine Monitoring,1661
0000885568,2021,0,0.13330081251545972,Routine Monitoring,0.14807191825233162,OLD DOMINION ELECTRIC COOPERATIVE,Energy / Capital-intensive,0.0705869542939127,0.0908439725083319,,-0.0335073244653981,2022,Routine Monitoring,489
0000885590,2021,0,0.03995433967084689,Routine Monitoring,0.044297973952323544,BAUSCH HEALTH COMPANIES INC.,Industrial / Manufacturing,0.0533554659710694,0.048832271762208,1.0011643038148073,0.0507038744238195,2022,Routine Monitoring,1107
0000885639,2021,0,0.01588025445532453,Routine Monitoring,0.01790880834438412,KOHLS CORP,Consumer / Retail,0.0864508825194257,0.1508569151056197,,0.2179880915073644,2022,Routine Monitoring,1498
0000885725,2021,0,0.03339651295603981,Routine Monitoring,0.03757716783264384,BOSTON SCIENTIFIC CORP,Industrial / Manufacturing,0.1008580080753701,0.0580222780725433,,0.1992333299707454,2022,Routine Monitoring,1201
0000886158,2021,1,0.14002467553095005,Routine Monitoring,0.15350791551052861,BED BATH & BEYOND INC,Consumer / Retail,-0.0518034443778154,0.0034799238759343,0.966057390871817,-0.1478659005474694,2022,Routine Monitoring,478
0000886163,2021,0,0.14107942044109145,Routine Monitoring,0.1546459600564323,LIGAND PHARMACEUTICALS INC,Industrial / Manufacturing,0.2846828057286573,0.060726423600675,0.3671660539924013,0.486613488968399,2022,Routine Monitoring,474
0000886346,2021,0,0.02175945525952621,Routine Monitoring,0.02452030980660039,KADANT INC,Technology / Software / Electronics,0.1483767046920907,0.1434536994838422,,0.2386524688675144,2022,Routine Monitoring,1390
0000886835,2021,0,0.5188987522667995,High Review Priority,0.5457138224038512,SUPERIOR ENERGY SERVICES INC,Energy / Capital-intensive,-0.2321527111971564,0.0490901269520503,0.3816356372779506,-0.2379317919387482,2022,High Review Priority,126
0000887359,2021,0,0.12074894073629358,Routine Monitoring,0.13266241102225815,VERICEL CORP,Industrial / Manufacturing,-0.0502868411617067,0.1191604603926878,0.3005395867955109,0.2577327889578753,2022,Routine Monitoring,539
0000887596,2021,0,0.03900184867200352,Routine Monitoring,0.043852358928602064,CHEESECAKE FACTORY INC,Consumer / Retail,0.0281184885603612,0.076124547688184,,0.4761512183438592,2022,Routine Monitoring,1112
0000887733,2021,0,0.05655793446745218,Routine Monitoring,0.06344767494400981,CENTRAL GARDEN & PET CO,Consumer / Retail,0.0770340020413574,0.0804843615642286,,0.2256252900658095,2022,Routine Monitoring,926
0000887921,2021,0,0.13250447348253963,Routine Monitoring,0.14720232397369543,REVLON INC /DE/,Industrial / Manufacturing,0.0496464136238995,-0.0045220966084275,,0.0915822086856061,2022,Routine Monitoring,496
0000889331,2021,0,0.01758492725255213,Routine Monitoring,0.019826850054544237,LITTELFUSE INC /DE,Technology / Software / Electronics,0.1854112257731998,0.1184578247195802,,0.4387045676992727,2022,Routine Monitoring,1472
0000889900,2021,0,0.47445768068350347,High Review Priority,0.501369502990707,PATTERSON UTI ENERGY INC,Energy / Capital-intensive,-0.499417499766042,0.0322856346911673,0.4558587865231749,0.2071000285523936,2022,High Review Priority,137
0000890447,2021,0,0.48852965178815944,High Review Priority,0.5154567917223108,VERTEX ENERGY INC.,Industrial / Manufacturing,-0.1329184249193793,-0.0583313127060579,0.7236948503356867,-0.1425411280618057,2022,High Review Priority,131
0000890564,2021,0,0.07466634354988333,Routine Monitoring,0.08245956263661804,ASGN INC,Technology / Software / Electronics,0.087517146776406,0.0552986182482585,0.4674546077423775,0.0149091277274338,2022,Routine Monitoring,776
0000891014,2021,0,0.04668687685156779,Routine Monitoring,0.05172300560758857,MINERALS TECHNOLOGIES INC,Industrial / Manufacturing,0.1268363558090728,0.0688755853239286,0.5318890403651236,0.1652244795585653,2022,Routine Monitoring,1021
0000891024,2021,0,0.41289490308072796,High Review Priority,0.4392332529409475,"PATTERSON COMPANIES, INC.",Consumer / Retail,0.0356232491315218,-0.2654973939773455,0.6494031824695594,0.076876895146476,2022,High Review Priority,163
0000891103,2021,0,0.012512130475930248,Routine Monitoring,0.013161904592243468,"MATCH GROUP, INC.",Technology / Software / Electronics,0.2854843851241437,0.1802186642355718,,,2022,Routine Monitoring,1549
0000892553,2021,0,0.10581589055730968,Routine Monitoring,0.11645115378573705,CHART INDUSTRIES INC,Industrial / Manufacturing,0.0671624800789254,-0.0069978316577961,0.4660621591431763,0.1194460963384589,2022,Routine Monitoring,591
0000893538,2021,0,0.02516314839180547,Routine Monitoring,0.026452310243438477,SM ENERGY CO,Energy / Capital-intensive,0.0797298708983283,0.2215852305044519,,1.3279993396486829,2022,Routine Monitoring,1334
0000893691,2021,0,0.07267962193940723,Routine Monitoring,0.08028347016232222,MASONITE INTERNATIONAL CORP,Industrial / Manufacturing,0.0844431095297506,0.0696411227899002,0.6885193655530224,0.1505687670990108,2022,Routine Monitoring,794
0000894627,2021,0,0.05549317655491348,Routine Monitoring,0.057450762307455105,VAALCO ENERGY INC /DE/,Energy / Capital-intensive,0.3973376868014567,0.1904937473868258,0.4515298947128359,,2022,Routine Monitoring,939
0000895126,2021,0,0.10784010698076507,Routine Monitoring,0.11933944516384874,CHESAPEAKE ENERGY CORP,Energy / Capital-intensive,0.1690394665705532,0.1643201017349441,0.4848760105368335,0.0477719033232628,2022,Routine Monitoring,583
0000895419,2021,1,0.6107310503953195,High Review Priority,0.6362904141705084,"CREE, INC.",Technology / Software / Electronics,-0.5972222222222222,-0.0364105837298363,,-0.4185197477597079,2022,High Review Priority,104
0000895447,2021,0,0.020377503323678835,Routine Monitoring,0.022643039340776678,SHOE CARNIVAL INC,Consumer / Retail,0.1560845884752937,0.1820750396422837,0.44287448415786,0.3620410231734348,2022,Routine Monitoring,1418
0000895456,2021,0,0.11499044073216397,Routine Monitoring,0.12641744732951066,"ROCKY BRANDS, INC.",Industrial / Manufacturing,0.0699535419182579,-0.0878597446263459,0.68321658727935,0.8543465953142524,2022,Routine Monitoring,558
0000896156,2021,0,0.02585999823145411,Routine Monitoring,0.028717200436846786,ETHAN ALLEN INTERIORS INC,Industrial / Manufacturing,0.1127969887721131,0.1901397009857371,0.4856632686664374,0.1616243131577028,2022,Routine Monitoring,1326
0000896264,2021,0,0.036641454701837196,Routine Monitoring,0.04121100041511822,USANA HEALTH SCIENCES INC,Industrial / Manufacturing,0.1434447231437279,0.2098296811714612,,0.0456707125759268,2022,Routine Monitoring,1145
0000896622,2021,0,0.04538325806376756,Routine Monitoring,0.05098529398734222,"APTARGROUP, INC.",Industrial / Manufacturing,0.107630682869255,0.0877592503339479,,0.1016887763113876,2022,Routine Monitoring,1031
0000896841,2021,0,0.015262194693127175,Routine Monitoring,0.016968870562511902,"AVID TECHNOLOGY, INC.",Technology / Software / Electronics,0.112851999297465,0.2280620437956204,1.452824817518248,0.1372612118757386,2022,Routine Monitoring,1512
0000896878,2021,0,0.006624095619372935,Routine Monitoring,0.007372058209669444,INTUIT INC,Technology / Software / Electronics,0.2595245510225267,0.2094612013405516,0.3639468935292601,0.254460216173981,2022,Routine Monitoring,1631
0000897077,2021,0,0.07947975760265642,Routine Monitoring,0.08889866427531853,ALAMO GROUP INC,Technology / Software / Electronics,0.0876450188611649,0.0411920626469012,,0.146765784303108,2022,Routine Monitoring,732
0000897429,2021,0,0.07275729122707073,Routine Monitoring,0.08145002914339251,"CHICO'S FAS, INC.",Consumer / Retail,0.0367860140215599,0.052313723589762,,0.3669616955842336,2022,Routine Monitoring,791
0000897448,2021,1,0.4546747390820523,High Review Priority,0.48149250834659785,AMARIN CORP PLCUK,Industrial / Manufacturing,0.0180079459933091,-0.0622967703276486,0.3754134813892413,-0.050276845910823,2022,High Review Priority,145
0000897723,2021,0,0.0565083168172772,Routine Monitoring,0.0633924191331091,SANMINA CORP,Technology / Software / Electronics,0.0416331009348873,0.0804289518743705,,-0.0292695646926816,2022,Routine Monitoring,927
0000898173,2021,0,0.004931414496651365,Routine Monitoring,0.005569271487558313,O REILLY AUTOMOTIVE INC,Consumer / Retail,0.2188823267989804,0.2736914575985217,,0.1484830056771975,2022,Routine Monitoring,1646
0000898293,2021,0,0.03533440676522354,Routine Monitoring,0.03919629110676072,JABIL INC,Technology / Software / Electronics,0.0360252689089977,0.0860453944998198,0.8716824786837997,0.0740310120449176,2022,Routine Monitoring,1163
0000898437,2021,0,0.3072634246370495,Medium Review Priority,0.33388521248135045,"ANIKA THERAPEUTICS, INC.",Industrial / Manufacturing,0.0176935464227235,0.0241615952350123,,0.1328943636600565,2022,Medium Review Priority,222
0000899751,2021,0,0.08366759218621368,Routine Monitoring,0.09230658757919077,TITAN INTERNATIONAL INC,Industrial / Manufacturing,0.047845344522993,0.0090691942486799,0.8079184229105806,0.4136398179007126,2022,Routine Monitoring,693
0000899923,2021,1,0.3213322793780087,Medium Review Priority,0.3452647144618004,MYRIAD GENETICS INC,Industrial / Manufacturing,-0.2758470894874023,0.0137805709093662,0.2672067842810631,0.0814281240212966,2022,Medium Review Priority,208
0000900075,2021,0,0.007150090150792374,Routine Monitoring,0.007956969899759258,COPART INC,Consumer / Retail,0.4220692134591093,0.2171985840864699,0.2264159628490382,0.2207706533828017,2022,Routine Monitoring,1618
0000901491,2021,0,0.01958089171409721,Routine Monitoring,0.0217598290802004,PAPA JOHNS INTERNATIONAL INC,Consumer / Retail,0.0813378901103788,0.2085064536233324,1.1885054149015923,0.1407358344262241,2022,Routine Monitoring,1431
0000902791,2021,0,0.1563555053081413,Routine Monitoring,0.17109840600136497,BARRETT BUSINESS SERVICES INC,Technology / Software / Electronics,0.0459846770090225,-0.0206961089869228,0.7208254345660765,0.0844005158805845,2022,Routine Monitoring,434
0000903129,2021,0,0.041789839775794146,Routine Monitoring,0.04632339201378835,GENTHERM INC,Industrial / Manufacturing,0.1099326100463604,0.1529663449664989,0.3009986710757444,0.1457149177853856,2022,Routine Monitoring,1074
0000908255,2021,0,0.02588741053615851,Routine Monitoring,0.028747552074537715,BORGWARNER INC,Industrial / Manufacturing,0.0775711012265804,0.0787933634992458,0.5618702865761689,0.4597147073290704,2022,Routine Monitoring,1325
0000909494,2021,0,0.10982597980537273,Routine Monitoring,0.12236308429394292,TUCOWS INC /PA/,Technology / Software / Electronics,-0.0255407656643786,0.0549244249401404,,-0.0220596268661512,2022,Routine Monitoring,575
0000909832,2021,0,0.0123877614765883,Routine Monitoring,0.013777504577962644,COSTCO WHOLESALE CORP /NEW,Consumer / Retail,0.0342368919353439,0.1511439562664507,0.6949787406357563,0.174909001505148,2022,Routine Monitoring,1553
0000910329,2021,0,0.011439001758705086,Routine Monitoring,0.01272367783369549,MEDIFAST INC,Industrial / Manufacturing,0.1416963777294479,0.2373558341659846,0.4916877130792366,0.6324544682416922,2022,Routine Monitoring,1566
0000910406,2021,0,0.0750871814812013,Routine Monitoring,0.082920388939404,HAIN CELESTIAL GROUP INC,Industrial / Manufacturing,0.0544992595043805,0.0891963762767985,0.3096343999840428,-0.040703480154613,2022,Routine Monitoring,770
0000910521,2021,0,0.0699258333204757,Routine Monitoring,0.07830885027307516,DECKERS OUTDOOR CORP,Industrial / Manufacturing,0.1792527724794061,0.0738998820881123,,0.23754252858121,2022,Routine Monitoring,811
0000910638,2021,1,0.18445420791434655,Routine Monitoring,0.20121464911289316,3D SYSTEMS CORP,Technology / Software / Electronics,-0.0537149205946991,0.0310806475247869,0.4562122885625773,0.1048004450506066,2022,Routine Monitoring,360
0000911177,2021,0,0.08528978132436044,Routine Monitoring,0.09532591477044249,CASELLA WASTE SYSTEMS INC,Energy / Capital-intensive,0.0873358516707508,0.142365103850169,,0.1479852411100668,2022,Routine Monitoring,686
0000912093,2021,0,0.04657988923119784,Routine Monitoring,0.052321539527863614,VIAVI SOLUTIONS INC.,Technology / Software / Electronics,0.1186087246642755,0.1240440501682471,,0.0550910851007655,2022,Routine Monitoring,1023
0000912463,2021,0,0.04392256959546007,Routine Monitoring,0.04867573689859634,GUESS INC,Industrial / Manufacturing,0.117700783792137,0.0515106267422332,0.7405166166593886,0.3810769777605356,2022,Routine Monitoring,1051
0000912562,2021,0,0.08836160857397077,Routine Monitoring,0.09872019584493426,"GIBRALTAR INDUSTRIES, INC.",Industrial / Manufacturing,0.0723908274698216,0.0189892015892652,,0.2975126334281768,2022,Routine Monitoring,672
0000912603,2021,0,0.016837897186987853,Routine Monitoring,0.018717424877164424,"SCHNITZER STEEL INDUSTRIES, INC.",Consumer / Retail,0.0774787198061591,0.1271873032188297,0.4380354706319683,0.610980393530969,2022,Routine Monitoring,1486
0000912615,2021,0,0.030311417146449,Routine Monitoring,0.03364345878601561,URBAN OUTFITTERS INC,Consumer / Retail,0.0898191442376751,0.0947734406795263,0.5395462351507261,0.3185779603095762,2022,Routine Monitoring,1251
0000912767,2021,0,0.022537528337773997,Routine Monitoring,0.023929728386094085,UFP INDUSTRIES INC,Industrial / Manufacturing,0.0854032603014265,0.1579150092550052,0.3786130649797813,0.6756184228243782,2022,Routine Monitoring,1374
0000913142,2021,0,0.0471102182635438,Routine Monitoring,0.052913611347659754,BELDEN INC.,Industrial / Manufacturing,0.0517254266849383,0.0796023146716322,,0.2927896684196625,2022,Routine Monitoring,1017
0000913241,2021,0,0.023263916222015023,Routine Monitoring,0.025841893362717326,"STEVEN MADDEN, LTD.",Industrial / Manufacturing,0.1305350825392708,0.1176378157224195,0.3946790287575007,0.552771061079335,2022,Routine Monitoring,1364
0000913277,2021,0,0.07732609908232947,Routine Monitoring,0.0853713150578844,CLARUS CORP,Industrial / Manufacturing,0.0564138863313411,-0.0004811443638844,0.4141307668080028,0.6775993607342627,2022,Routine Monitoring,746
0000914122,2021,0,0.25494000230384306,Routine Monitoring,0.2648034037478646,"PERMA-PIPE INTERNATIONAL HOLDINGS, INC.",Technology / Software / Electronics,0.0585411975287256,-0.0208588261035161,,,2022,Routine Monitoring,272
0000914156,2021,0,0.10735453460914952,Routine Monitoring,0.11812401372261894,UFP TECHNOLOGIES INC,Industrial / Manufacturing,0.1028402481582008,0.0427765074880586,0.4180563370165084,0.1502288527258841,2022,Routine Monitoring,584
0000914475,2021,0,0.07021259383425445,Routine Monitoring,0.07757993104628236,NEUROCRINE BIOSCIENCES INC,Industrial / Manufacturing,0.090427878253198,0.1237635705669481,0.3370325693606755,0.0837556171718136,2022,Routine Monitoring,810
0000914712,2021,1,0.18118769863523967,Routine Monitoring,0.1977232881480871,"STEEL CONNECT, INC.",Technology / Software / Electronics,-0.0209053613266293,0.0341035599758124,0.9388037215711263,-0.2159481255421154,2022,Routine Monitoring,373
0000915358,2021,0,0.1464536291111749,Routine Monitoring,0.1604404315794865,SIGMATRON INTERNATIONAL INC,Technology / Software / Electronics,0.0122058195640514,0.0417098619482944,0.6881701674009356,-0.0118267173572712,2022,Routine Monitoring,463
0000915779,2021,0,0.08858939324336795,Routine Monitoring,0.09897178458417132,DAKTRONICS INC /SD/,Industrial / Manufacturing,0.0354913460281764,0.1764881491827574,,-0.2083960113772966,2022,Routine Monitoring,670
0000915840,2021,0,0.14848382586933484,Routine Monitoring,0.16262757653064855,BEAZER HOMES USA INC,Industrial / Manufacturing,0.0686206579161922,0.0152279429096454,0.6512985794757578,0.0062179225293677,2022,Routine Monitoring,457
0000915913,2021,0,0.036067398526628686,Routine Monitoring,0.040568368623386544,ALBEMARLE CORP,Industrial / Manufacturing,0.2399171623912208,0.031369901435359,,0.06361578428775,2022,Routine Monitoring,1154
0000916076,2021,0,0.0669710907956106,Routine Monitoring,0.07402537973190805,MARTIN MARIETTA MATERIALS INC,Energy / Capital-intensive,0.1798670114517916,0.0790453692767317,0.5457791982213576,0.1446330789234444,2022,Routine Monitoring,838
0000916365,2021,0,0.02471697504034656,Routine Monitoring,0.02745144652708709,TRACTOR SUPPLY CO /DE/,Consumer / Retail,0.1026382234692118,0.1466012021679654,0.7421727057224704,0.1987460490951711,2022,Routine Monitoring,1344
0000916540,2021,0,0.021342245146558005,Routine Monitoring,0.023712443249006128,DARLING INGREDIENTS INC.,Industrial / Manufacturing,0.1865431692829644,0.114843697014279,0.4542006101346522,0.3273995548056327,2022,Routine Monitoring,1402
0000916789,2021,0,0.07108125001037607,Routine Monitoring,0.07853203593640753,HELEN OF TROY LTD,Technology / Software / Electronics,0.1225850122899851,0.0498761976035709,0.5298877154234304,0.0593463213961888,2022,Routine Monitoring,804
0000917273,2021,0,0.031006463910292704,Routine Monitoring,0.034412198491120136,RAMBUS INC,Technology / Software / Electronics,0.0739588917588576,0.1697299954731528,0.3003700981465887,0.3524533773846845,2022,Routine Monitoring,1239
0000917470,2021,0,0.1514659713867624,Routine Monitoring,0.15952263754241144,OLYMPIC STEEL INC,Consumer / Retail,0.0745878586815543,-0.1430031302145818,0.5853354722481662,0.8735682383903336,2022,Routine Monitoring,443
0000917491,2021,1,0.2922333710539177,Medium Review Priority,0.3150044874001077,FARO TECHNOLOGIES INC,Industrial / Manufacturing,-0.0249723220470436,-0.0280902155334139,0.3195084837620378,0.1120789549919676,2022,Medium Review Priority,237
0000917520,2021,0,0.04665825027724704,Routine Monitoring,0.05169145851350334,INTEGRA LIFESCIENCES HOLDINGS CORP,Industrial / Manufacturing,0.1278681680030704,0.0826005721789676,0.5545654683832917,0.1243414089402188,2022,Routine Monitoring,1022
0000918251,2021,0,0.18097579723168195,Routine Monitoring,0.19749671260316123,MOTORCAR PARTS AMERICA INC,Industrial / Manufacturing,0.0441390848644027,-0.0441686406786269,0.6896095099133798,0.202532628674771,2022,Routine Monitoring,374
0000918541,2021,0,0.1179809675696723,Routine Monitoring,0.12966161404421797,NN INC,Technology / Software / Electronics,-0.0188532279138329,0.0269141306956817,0.5199593853231129,0.1170667128228397,2022,Routine Monitoring,548
0000918965,2021,0,0.07195697542103052,Routine Monitoring,0.07949170025959386,"SCANSOURCE, INC.",Consumer / Retail,0.0195134197408536,0.0698499237894243,0.5626021425101874,0.0338192243811303,2022,Routine Monitoring,798
0000919012,2021,0,0.037826268360124975,Routine Monitoring,0.04253704762058657,AMERICAN EAGLE OUTFITTERS INC,Consumer / Retail,0.1179585633787919,0.0801953075587004,,0.3329700384106571,2022,Routine Monitoring,1129
0000920371,2021,0,0.049358401879110204,Routine Monitoring,0.0546661838053121,"SIMPSON MANUFACTURING CO., INC.",Industrial / Manufacturing,0.2337840234373261,0.1019422218478901,0.202224879979786,0.2407612317568979,2022,Routine Monitoring,995
0000921299,2021,1,0.8526386687218865,High Review Priority,0.8595911462858103,FIBROGEN INC,Industrial / Manufacturing,-1.2261749444347645,-0.1062674701255199,0.7039198987879626,0.3345640571917945,2022,High Review Priority,36
0000921582,2021,0,0.14220898797801496,Routine Monitoring,0.1506977848853253,IMAX CORP,Industrial / Manufacturing,0.043094282474704,0.0068667088594696,0.5127387922064836,0.8604191149098925,2022,Routine Monitoring,472
0000922224,2021,0,0.08186748875113292,Routine Monitoring,0.09154121898619491,PPL CORP,Energy / Capital-intensive,0.2462389763098737,0.068326159588237,,-0.2397791507821742,2022,Routine Monitoring,711
0000922358,2021,0,0.03704183266219295,Routine Monitoring,0.041659150200207384,FERRELLGAS PARTNERS L P,Consumer / Retail,0.1232820881144153,0.1193471026407746,,0.1712375135696668,2022,Routine Monitoring,1136
0000923120,2021,0,0.2568851604370017,Routine Monitoring,0.28091209028020514,GREENBRIER COMPANIES INC,Industrial / Manufacturing,0.0234384698689516,-0.0119519221581116,,-0.3739746843784571,2022,Medium Review Priority,269
0000925528,2021,0,0.12163456750124811,Routine Monitoring,0.13362213733107867,HUDSON TECHNOLOGIES INC /NY,Consumer / Retail,0.2194834706456098,-0.0056926963818,0.671144797533783,0.3058365231530098,2022,Routine Monitoring,535
0000926282,2021,1,0.17754253843356685,Routine Monitoring,0.193824209075616,ADTRAN INC,Technology / Software / Electronics,-0.0261099388281433,0.0052863095478693,0.3724229680308321,0.1115358038340803,2022,Routine Monitoring,381
0000926326,2021,0,0.034648508841279325,Routine Monitoring,0.03843841486730916,"OMNICELL, INC",Technology / Software / Electronics,0.0790685307124091,0.1081957679267545,0.4647882656490373,0.2687826157129278,2022,Routine Monitoring,1181
0000927003,2021,0,0.147846780805549,Routine Monitoring,0.1619413904580773,ADVANCED ENERGY INDUSTRIES INC,Technology / Software / Electronics,0.1041798023838665,0.0771704799322086,0.5204551707440545,0.0283424658114768,2022,Routine Monitoring,460
0000927355,2021,1,0.18062358295054207,Routine Monitoring,0.19712008385393628,TESSCO TECHNOLOGIES INC,Consumer / Retail,-0.0083979012551467,-0.012324128834995,0.6250957344529964,0.1184015029703431,2022,Routine Monitoring,376
0000927653,2021,0,0.023959720303258016,Routine Monitoring,0.02699204296952755,MCKESSON CORP,Consumer / Retail,0.0077206913011524,0.0700496066226421,,0.1080393572543949,2022,Routine Monitoring,1359
0000928022,2021,0,0.026244317668238405,Routine Monitoring,0.027903531094910776,CALLON PETROLEUM CO,Energy / Capital-intensive,0.5060937981349907,0.1756002655609199,0.6636742693063888,0.979418224124931,2022,Routine Monitoring,1318
0000928465,2021,0,0.08925649080058376,Routine Monitoring,0.09970851073235841,AMCON DISTRIBUTING CO,Consumer / Retail,0.0106582440139491,0.1111167907708891,,0.0993242143879189,2022,Routine Monitoring,667
0000929008,2021,0,0.06869782405927226,Routine Monitoring,0.07591919606430893,WESCO INTERNATIONAL INC,Consumer / Retail,0.044016603364938,0.0053209384690504,0.7007211061224397,0.4779749626703564,2022,Routine Monitoring,823
0000930420,2021,0,0.040980584983396955,Routine Monitoring,0.04543050793771066,KFORCE INC,Technology / Software / Electronics,0.0674989018445214,0.1448109956078752,0.625733758971476,0.1303727552407527,2022,Routine Monitoring,1092
0000931015,2021,0,0.05880720058171143,Routine Monitoring,0.06506152387851787,POLARIS INC.,Industrial / Manufacturing,0.086482398575297,0.0581837632235825,0.7548436942826577,0.1665220051508986,2022,Routine Monitoring,904
0000931148,2021,0,0.002568304041672318,Routine Monitoring,0.002901394215090813,GRAFTECH INTERNATIONAL LTD,Technology / Software / Electronics,0.3775290015960909,0.3136970568951185,,0.0991758149761385,2022,Routine Monitoring,1676
0000931584,2021,1,0.41797336962704684,High Review Priority,0.4443904665353416,UNIVERSAL STAINLESS & ALLOY PRODUCTS INC,Industrial / Manufacturing,-0.0786999628047763,-0.0543474315855694,0.3154897287618863,-0.1324034251186495,2022,High Review Priority,162
0000932696,2021,0,0.07524159760935806,Routine Monitoring,0.08308946684608697,INSIGHT ENTERPRISES INC,Consumer / Retail,0.0351904433531052,0.034913245242137,0.6781400615899068,0.1313498739116312,2022,Routine Monitoring,768
0000933034,2021,0,0.05329887368467609,Routine Monitoring,0.05981677537903396,STRATTEC SECURITY CORP,Industrial / Manufacturing,0.0698853274812227,0.1131815444853379,,0.259525045419154,2022,Routine Monitoring,959
0000933036,2021,0,0.013762046846475336,Routine Monitoring,0.01530357755226519,RENT A CENTER INC DE,Technology / Software / Electronics,0.0612069377418892,0.1310575156005341,0.8285265859693912,0.6286922245149671,2022,Routine Monitoring,1530
0000933974,2021,1,0.17978442872107764,Routine Monitoring,0.19324999006553656,"BROOKS AUTOMATION, INC.",Technology / Software / Electronics,-0.0605194051815932,0.0823610946231736,0.2715991980267236,-0.427484165911601,2022,Routine Monitoring,377
0000935036,2021,0,0.04454744939300086,Routine Monitoring,0.04936474776373125,"ACI WORLDWIDE, INC.",Technology / Software / Electronics,0.1531426428464072,0.0697977453675372,0.6059262218713088,0.0589312396760619,2022,Routine Monitoring,1040
0000935419,2021,0,0.026242086925988218,Routine Monitoring,0.029140242251395748,"RCI HOSPITALITY HOLDINGS, INC.",Consumer / Retail,0.1974208483135134,0.1151640479514232,0.5084650004525272,0.4755718787549026,2022,Routine Monitoring,1319
0000935494,2021,0,0.05672556678752561,Routine Monitoring,0.06277326761923502,NATIONAL INSTRUMENTS CORP,Technology / Software / Electronics,0.0804018014793686,0.0678487081468662,0.4214157547216647,0.1422352722646271,2022,Routine Monitoring,921
0000935703,2021,0,0.046417014637646074,Routine Monitoring,0.051425603587004244,"DOLLAR TREE, INC.",Consumer / Retail,0.0688190508031548,0.0659015367050612,0.6446657275179773,0.0318276079704265,2022,Routine Monitoring,1024
0000936395,2021,0,0.04348653604640609,Routine Monitoring,0.04819489573100022,CIENA CORP,Technology / Software / Electronics,0.1368128232124096,0.1113300571586896,0.3792647290660846,0.025063155459964,2022,Routine Monitoring,1056
0000936468,2021,0,0.012321013106806895,Routine Monitoring,0.013703371825207028,LOCKHEED MARTIN CORP,Industrial / Manufacturing,0.1360748165383927,0.1812552827629587,0.7845812120378197,0.0251689654117863,2022,Routine Monitoring,1555
0000937098,2021,0,0.05540301575009249,Routine Monitoring,0.061318881033087344,"TRINET GROUP, INC.",Technology / Software / Electronics,0.1002202643171806,0.065880930794802,0.733756421879722,0.1254338125929599,2022,Routine Monitoring,942
0000937556,2021,0,0.053702340873114575,Routine Monitoring,0.05944803891098151,MASIMO CORP,Industrial / Manufacturing,0.2225891395170733,0.1403034430130206,0.178464873000143,0.0834181425214033,2022,Routine Monitoring,953
0000939767,2021,0,0.03193475246092141,Routine Monitoring,0.03388731795578965,"EXELIXIS, INC.",Industrial / Manufacturing,0.1997714237928319,0.1531985418763347,0.1550408812038961,0.4530782612922237,2022,Routine Monitoring,1221
0000939930,2021,0,0.12437211283626548,Routine Monitoring,0.13121047130904523,"PYXUS INTERNATIONAL, INC.",Consumer / Retail,0.0254393357489837,-0.1170219843429041,0.8932186535745384,0.8543594684325273,2022,Routine Monitoring,522
0000940944,2021,0,0.03849569023740581,Routine Monitoring,0.04268779853218456,DARDEN RESTAURANTS INC,Consumer / Retail,0.0901460513333611,0.1120015765617815,0.7360103602631357,-0.0782384813434269,2022,Routine Monitoring,1116
0000943452,2021,0,0.04254932748511956,Routine Monitoring,0.047161217204667136,WESTINGHOUSE AIR BRAKE TECHNOLOGIES CORP,Industrial / Manufacturing,0.1119918179493735,0.0581445757017448,0.4451609407174596,0.0351901113008032,2022,Routine Monitoring,1066
0000943819,2021,0,0.0201329698935678,Routine Monitoring,0.02237193997505479,RESMED INC,Industrial / Manufacturing,0.28267984641011,0.1558161004626569,0.3896779378717779,0.081099406732402,2022,Routine Monitoring,1424
0000944148,2021,0,0.0494434703885007,Routine Monitoring,0.05475987325560189,"CBIZ, INC.",Technology / Software / Electronics,0.0657709799307645,0.0805646911975546,0.5672134128287756,0.1463102385420849,2022,Routine Monitoring,993
0000944809,2021,1,0.22121287588617636,Routine Monitoring,0.24032912434352005,"OPKO HEALTH, INC.",Industrial / Manufacturing,0.0105650587868044,0.015975647108094,0.2977807781340701,0.2363814456187871,2022,Routine Monitoring,303
0000945114,2021,0,0.06156032761801471,Routine Monitoring,0.06808627276987163,GLOBAL INDUSTRIAL CO,Consumer / Retail,0.0827767848744238,0.1229629629629629,0.6207407407407407,0.0331389698736637,2022,Routine Monitoring,882
0000945841,2021,0,0.0316118943467194,Routine Monitoring,0.035081721514056634,POOL CORP,Consumer / Retail,0.1572600868950431,0.097051791397934,0.6683128331327739,0.3452098410236388,2022,Routine Monitoring,1228
0000945983,2021,0,0.19818042026322785,Routine Monitoring,0.21585797787431846,"WAYSIDE TECHNOLOGY GROUP, INC.",Consumer / Retail,0.0426460284094528,0.0247022311692669,0.7252138902868647,0.1232827704636518,2022,Routine Monitoring,330
0000946581,2021,0,0.07305600925064042,Routine Monitoring,0.08069580895723896,TAKE TWO INTERACTIVE SOFTWARE INC,Technology / Software / Electronics,0.135127539374572,0.0394096195070772,0.4180367323488566,0.0391452490710904,2022,Routine Monitoring,788
0000949039,2021,0,0.7935016642341349,High Review Priority,0.8116028171811298,"DIAMOND OFFSHORE DRILLING, INC.",Energy / Capital-intensive,-0.2718742019832178,0.0123439377318079,0.498703834299744,-0.2420936993568102,2022,High Review Priority,51
0000949157,2021,0,0.13136935849253095,Routine Monitoring,0.14596248356044608,CENTURY ALUMINUM CO,Industrial / Manufacturing,0.0298305084745762,-0.0412128161029364,,0.3784187901065354,2022,Routine Monitoring,503
0000949870,2021,0,0.14915562706989877,Routine Monitoring,0.1633510938527993,BOSTON BEER CO INC,Industrial / Manufacturing,0.0038865253190333,0.040595363084662,0.2908708205459538,0.1849712513936623,2022,Routine Monitoring,452
0001000228,2021,0,0.03849386446946071,Routine Monitoring,0.04268578276823473,HENRY SCHEIN INC,Consumer / Retail,0.0686762807675271,0.0836661226721892,0.4485964128907472,0.2255013543145609,2022,Routine Monitoring,1117
0001000229,2021,0,0.2550136204060318,Routine Monitoring,0.27893120692500867,CORE LABORATORIES N V,Energy / Capital-intensive,0.0962505209972525,0.0629746252494176,,-0.0349192537151089,2022,Medium Review Priority,270
0001000623,2021,0,0.0737378316975967,Routine Monitoring,0.08144266804791567,SCHWEITZER MAUDUIT INTERNATIONAL INC,Industrial / Manufacturing,0.0578472222222222,0.0240052886005867,0.7181341156055034,0.340282948622487,2022,Routine Monitoring,785
0001000694,2021,1,0.3469174181206953,Medium Review Priority,0.34215191684160634,NOVAVAX INC,Industrial / Manufacturing,-1.471334479058528,0.1253306001778207,1.136479127025369,1.4102077805205235,2022,Medium Review Priority,194
0001000697,2021,0,0.007096986555972831,Routine Monitoring,0.007897921293698106,WATERS CORP /DE/,Industrial / Manufacturing,0.2949548328459938,0.2414508622483466,0.8812400401688955,0.1777776368551999,2022,Routine Monitoring,1619
0001000753,2021,0,0.034620492456188756,Routine Monitoring,0.03894819414275472,"INSPERITY, INC.",Technology / Software / Electronics,0.0348535210644531,0.1483983948296859,,0.1600339071295478,2022,Routine Monitoring,1182
0001001233,2021,1,0.9500071822015199,High Review Priority,0.9526211000774437,"SANGAMO THERAPEUTICS, INC",Industrial / Manufacturing,-1.6561458342743065,-0.3230967845601262,0.4800789003813426,-0.0633799241911465,2022,High Review Priority,8
0001001250,2021,0,0.017080590354672853,Routine Monitoring,0.019259475181203828,ESTEE LAUDER COMPANIES INC,Industrial / Manufacturing,0.1614554424915202,0.1652633016248691,,0.1343920526094864,2022,Routine Monitoring,1480
0001001385,2021,0,0.1772055602490497,Routine Monitoring,0.19346359721438317,NORTHWEST PIPE CO,Industrial / Manufacturing,0.0480989340349761,-0.0106102297148512,0.4825746468277951,0.1658091617204196,2022,Routine Monitoring,385
0001001614,2021,0,0.03201914071167021,Routine Monitoring,0.03317774058564588,"RILEY EXPLORATION PERMIAN, INC.",Energy / Capital-intensive,0.3964352869514553,0.2217056340168611,0.4289739871365244,,2022,Routine Monitoring,1220
0001001838,2021,0,0.00844218309140419,Routine Monitoring,0.009057683134290371,SOUTHERN COPPER CORP/,Energy / Capital-intensive,0.5546958597415426,0.2345881427072403,,0.3693471427319064,2022,Routine Monitoring,1599
0001002047,2021,0,0.02100215931598397,Routine Monitoring,0.023335489201186173,"NETAPP, INC.",Technology / Software / Electronics,0.179491643454039,0.1424145299145299,0.9268162393162394,0.0613451589061344,2022,Routine Monitoring,1409
0001002590,2021,0,0.06611279075407293,Routine Monitoring,0.07407509070633528,"STAR GROUP, L.P.",Consumer / Retail,0.0869689516834704,0.0806651652548476,,0.0201900156597327,2022,Routine Monitoring,853
0001002638,2021,0,0.027723628639373436,Routine Monitoring,0.031217072960578563,OPEN TEXT CORP,Technology / Software / Electronics,0.2188062130199358,0.0911738334469728,,0.0888753900652659,2022,Routine Monitoring,1296
0001002910,2021,0,0.05075651963507423,Routine Monitoring,0.056982231076069895,AMEREN CORP,Energy / Capital-intensive,0.2084766969033469,0.0464810409962221,,0.103555402140145,2022,Routine Monitoring,983
0001003078,2021,0,0.05369448084101578,Routine Monitoring,0.05943939074435433,MSC INDUSTRIAL DIRECT CO INC,Consumer / Retail,0.0930459937395628,0.0911663346350597,0.5281000278216087,0.0159206289689979,2022,Routine Monitoring,954
0001004980,2021,0,0.13191915244504734,Routine Monitoring,0.14656304631243766,PG&E CORP,Energy / Capital-intensive,0.0912217808351903,0.0218916643278136,,0.1176566137852617,2022,Routine Monitoring,500
0001004989,2021,0,0.1615037429171696,Routine Monitoring,0.17663044262217334,"SPAR GROUP, INC.",Technology / Software / Electronics,0.0163577989902979,0.02953401635661,0.5804349779814865,0.109328162348113,2022,Routine Monitoring,422
0001005210,2021,0,0.02613515724649294,Routine Monitoring,0.029021855304625394,SUBURBAN PROPANE PARTNERS LP,Consumer / Retail,0.1654589118955891,0.1104199870353311,0.7926525420011405,0.1632444171254186,2022,Routine Monitoring,1321
0001005229,2021,0,0.04693063464740591,Routine Monitoring,0.05199162360671715,COLUMBUS MCKINNON CORP,Technology / Software / Electronics,0.0813861266001511,0.0289973287172681,0.5415555609604753,0.3954685811570064,2022,Routine Monitoring,1019
0001005284,2021,0,0.01575090731952923,Routine Monitoring,0.017511261051429295,UNIVERSAL DISPLAY CORP PA,Technology / Software / Electronics,0.4112623639402014,0.1302764501652784,0.2501876381722508,0.2906682024963449,2022,Routine Monitoring,1503
0001005286,2021,1,0.21313872708705692,Routine Monitoring,0.231764886230913,LANDEC CORP CA,Industrial / Manufacturing,-0.024801483384513,0.0298593823321217,0.5967899722423269,-0.078265008486261,2022,Routine Monitoring,311
0001005757,2021,0,0.0471663797329438,Routine Monitoring,0.052251397606111395,CSG SYSTEMS INTERNATIONAL INC,Technology / Software / Electronics,0.1186694149091197,0.1010871939496045,0.6826267401699457,0.056488779273381,2022,Routine Monitoring,1016
0001006837,2021,0,0.07268534426896887,Routine Monitoring,0.08028973933526821,INNOVATE CORP.,Industrial / Manufacturing,-0.0087952207102555,0.0249861188228761,0.9889875994817694,0.1982501491350168,2022,Routine Monitoring,793
0001007587,2021,1,0.25062902786457625,Routine Monitoring,0.2714014183963948,KVH INDUSTRIES INC DE,Technology / Software / Electronics,-0.1044787415510546,0.0172340249060985,0.2358910861760489,0.0821127301821298,2022,Routine Monitoring,274
0001008654,2021,1,0.07170527541088605,Routine Monitoring,0.07921589404303135,TUPPERWARE BRANDS CORP,Industrial / Manufacturing,0.1563377644635836,0.0887366576389995,1.1649673410865062,-0.0791908511005115,2022,Routine Monitoring,800
0001008848,2021,1,0.8896937494422176,High Review Priority,0.9011346904518989,ACORDA THERAPEUTICS INC,Industrial / Manufacturing,-0.6123606387182249,-0.0907809515445583,,-0.156216700334059,2022,High Review Priority,23
0001009829,2021,0,0.17160783367888063,Routine Monitoring,0.18746931226871644,JAKKS PACIFIC INC,Industrial / Manufacturing,0.062415072224834,-0.0164656193722395,0.8292297652689982,0.2040118479002544,2022,Routine Monitoring,399
0001010086,2021,0,0.10118946919105234,Routine Monitoring,0.10210982635249345,SIGA TECHNOLOGIES INC,Industrial / Manufacturing,0.6665107833029429,0.0535315016317845,0.1882029180598628,0.0697118959625446,2022,Routine Monitoring,612
0001012019,2021,0,0.02987856070251516,Routine Monitoring,0.03363415371161441,RUSH ENTERPRISES INC TX,Consumer / Retail,0.0602862737708007,0.1353683055996887,,0.0823916688133719,2022,Routine Monitoring,1263
0001012100,2021,0,0.027026063860296684,Routine Monitoring,0.03000813280183857,SEALED AIR CORP/DE,Industrial / Manufacturing,0.1627995229318009,0.1139293339540558,0.9600757709533976,0.1286098874204602,2022,Routine Monitoring,1304
0001013237,2021,0,0.008963441462534633,Routine Monitoring,0.009972900398929977,FACTSET RESEARCH SYSTEMS INC,Technology / Software / Electronics,0.2978682895104763,0.2495465046248438,0.5431998166242685,0.065145092968327,2022,Routine Monitoring,1590
0001013462,2021,0,0.024453230882197738,Routine Monitoring,0.027546249118737185,ANSYS INC,Technology / Software / Electronics,0.2691912530189357,0.0868840478192575,,0.134073872730398,2022,Routine Monitoring,1348
0001013488,2021,0,0.05183872005693424,Routine Monitoring,0.057397120354545736,BJS RESTAURANTS INC,Consumer / Retail,-0.0151853017097838,0.062101150926518,0.677567655815589,0.3963057635740068,2022,Routine Monitoring,973
0001013857,2021,0,0.13088483319060948,Routine Monitoring,0.14363497553642068,PEGASYSTEMS INC,Technology / Software / Electronics,-0.0781841005634451,0.0245480006350676,0.7388892967880762,0.1907938638863036,2022,Routine Monitoring,506
0001013871,2021,0,0.03362783495958704,Routine Monitoring,0.03462264928134325,"NRG ENERGY, INC.",Energy / Capital-intensive,0.1237911741820741,0.0212664998705892,0.8447071003364679,1.9681073353128784,2022,Routine Monitoring,1199
0001013880,2021,0,0.03553486012727772,Routine Monitoring,0.03941775785743859,"TTEC HOLDINGS, INC.",Technology / Software / Electronics,0.0955504073360075,0.1258491068727827,0.7023538614706301,0.1661225251994615,2022,Routine Monitoring,1161
0001014473,2021,0,0.0015195125714306612,Routine Monitoring,0.0016311269834296826,VERISIGN INC/CA,Technology / Software / Electronics,0.6529215653190477,0.4068790440798401,1.6354178218780056,0.0494240552957507,2022,Routine Monitoring,1686
0001015383,2021,1,0.17343524443720307,Routine Monitoring,0.17914845357488077,"AMMO, INC.",Industrial / Manufacturing,0.1546156030691012,0.0068873306748921,0.09627434790387,,2022,Routine Monitoring,396
0001017480,2021,0,0.017817141934797765,Routine Monitoring,0.019803775884252497,HIBBETT INC,Consumer / Retail,0.1349149471612787,0.2267977025583852,0.5854551297821299,0.1912623964802766,2022,Routine Monitoring,1466
0001018164,2021,0,0.0689959066124377,Routine Monitoring,0.07624604712293388,WILLIS LEASE FINANCE CORP,Consumer / Retail,0.030415533074157,0.0368090487456591,0.8271609349363582,-0.0501919000180123,2022,Routine Monitoring,821
0001018724,2021,0,0.022467200451429213,Routine Monitoring,0.02531553031133026,AMAZON COM INC,Consumer / Retail,0.0529540975092694,0.1101583882020882,,0.2169536657134567,2022,Routine Monitoring,1376
0001018840,2021,0,0.04948830917985156,Routine Monitoring,0.05556757010353866,ABERCROMBIE & FITCH CO /DE/,Consumer / Retail,0.0924065279597324,0.0945000341895926,,0.1879397859591014,2022,Routine Monitoring,992
0001018963,2021,0,0.19014549519134843,Routine Monitoring,0.2072916314925668,ALLEGHENY TECHNOLOGIES INC,Industrial / Manufacturing,0.042003000214301,0.0037571175207691,0.8056800149351255,-0.0611314174574963,2022,Routine Monitoring,349
0001019849,2021,0,0.023195508289097312,Routine Monitoring,0.025766104819428474,"PENSKE AUTOMOTIVE GROUP, INC.",Consumer / Retail,0.0530782987082611,0.0959553198758225,0.6958691680406399,0.2499914399894345,2022,Routine Monitoring,1366
0001020214,2021,1,0.7647429325932932,High Review Priority,0.775603340392021,CERUS CORP,Industrial / Manufacturing,-0.3067741571484096,-0.1428300750740003,0.6395058505509497,0.3962310392213499,2022,High Review Priority,63
0001020710,2021,0,0.09821006189347746,Routine Monitoring,0.10817336201956426,DXP ENTERPRISES INC,Consumer / Retail,0.0357808138997289,0.0409284125218496,0.6041765983367763,0.1080858200715033,2022,Routine Monitoring,624
0001020859,2021,0,0.05438154276865246,Routine Monitoring,0.06019528712035843,UNITED NATURAL FOODS INC,Consumer / Retail,0.0109090909090909,0.081594684385382,0.7988039867109634,0.0164339070735011,2022,Routine Monitoring,945
0001021162,2021,0,0.341829904795754,Medium Review Priority,0.36984763203993726,TRIUMPH GROUP INC,Industrial / Manufacturing,0.0714254401887198,-0.0777984585212296,,-0.2191650189146069,2022,Medium Review Priority,198
0001021561,2021,0,0.08096112546550122,Routine Monitoring,0.08934791627117515,"NU SKIN ENTERPRISES, INC.",Consumer / Retail,0.0868029420526036,0.0742635642650329,0.5212265536486089,0.0440503126725935,2022,Routine Monitoring,721
0001021635,2021,0,0.06468154909700137,Routine Monitoring,0.0715131573469919,OGE ENERGY CORP.,Energy / Capital-intensive,0.1489449051646276,-0.0248524558954182,0.6782348648305623,0.7215756490599821,2022,Routine Monitoring,860
0001021860,2021,0,0.1523765509510792,Routine Monitoring,0.16681845871059475,NOV INC.,Technology / Software / Electronics,-0.0242577842143374,0.0304712041884816,0.4697382198952879,-0.0929392446633825,2022,Routine Monitoring,441
0001022408,2021,0,0.1527407741867436,Routine Monitoring,0.16721039240733265,EPLUS INC,Consumer / Retail,0.0808975633971968,-0.0176392960745256,0.4334279709450241,0.1611249723430696,2022,Routine Monitoring,440
0001022652,2021,1,0.726457013033295,High Review Priority,0.7473364730523028,INSEEGO CORP.,Technology / Software / Electronics,-0.1772910719934146,-0.1168071236963904,1.115148510723072,-0.1638870478472558,2022,High Review Priority,70
0001022671,2021,0,0.004422555520446926,Routine Monitoring,0.004701129839702265,STEEL DYNAMICS INC,Industrial / Manufacturing,0.2336433291596161,0.1758913766992141,0.495646558032513,0.917292559627774,2022,Routine Monitoring,1652
0001023024,2021,1,0.30952428485475547,Medium Review Priority,0.33300880117826553,ANI PHARMACEUTICALS INC,Industrial / Manufacturing,-0.1841109301550875,0.0043053507137136,0.5350687793384639,0.036747811488188,2022,Medium Review Priority,218
0001023128,2021,0,0.007216234020239336,Routine Monitoring,0.008030517657997968,LITHIA MOTORS INC,Consumer / Retail,0.0730519409417608,0.1612286824139447,0.5816594748315675,0.7396508766181815,2022,Routine Monitoring,1617
0001023731,2021,0,0.19619803595900476,Routine Monitoring,0.2137459041797449,8X8 INC /DE/,Technology / Software / Electronics,-0.2415510946045476,0.0380986698422882,0.7996568043697021,0.1987173707226905,2022,Routine Monitoring,334
0001024305,2021,0,0.07990269894936307,Routine Monitoring,0.08819036823658198,COTY INC.,Industrial / Manufacturing,-0.0104969869759606,0.0232773858042274,0.694508961830054,-0.0186315655602187,2022,Routine Monitoring,729
0001024795,2021,0,0.0242638230172936,Routine Monitoring,0.026949546995908374,"HELIOS TECHNOLOGIES, INC.",Industrial / Manufacturing,0.1717804610065751,0.0799818560267242,0.4990885620901178,0.6617945090241664,2022,Routine Monitoring,1352
0001026655,2021,0,0.07609044759384195,Routine Monitoring,0.08401880979252306,CORE MOLDING TECHNOLOGIES INC,Industrial / Manufacturing,0.0359954859293034,0.0674081237911025,0.4622018052869117,0.3828410297001205,2022,Routine Monitoring,763
0001027838,2021,0,0.23745414890983038,Routine Monitoring,0.257509822950839,TACTILE SYSTEMS TECHNOLOGY INC,Industrial / Manufacturing,-0.008468833060171,0.0107708683014696,0.47506038400131,0.1118313471917917,2022,Routine Monitoring,285
0001029142,2021,0,0.006729127366246074,Routine Monitoring,0.006979216170663066,DYNAVAX TECHNOLOGIES CORP,Industrial / Manufacturing,0.3060381119692701,0.3228571483556348,0.7860237133460221,,2022,Routine Monitoring,1628
0001031029,2021,1,0.10111321182916734,Routine Monitoring,0.1113346717493492,"STARTEK, INC.",Technology / Software / Electronics,0.0493623806728791,0.0453371726526324,0.6057122845246897,0.099045331150757,2022,Routine Monitoring,614
0001031203,2021,0,0.009238762568127369,Routine Monitoring,0.010427917707161685,GROUP 1 AUTOMOTIVE INC,Consumer / Retail,0.0655990624466877,0.2190837304762236,,0.242365321882084,2022,Routine Monitoring,1588
0001031296,2021,0,0.06554545158564408,Routine Monitoring,0.07344479755764995,FIRSTENERGY CORP,Energy / Capital-intensive,0.1550485088034495,0.0618726888536714,,0.031696014828545,2022,Routine Monitoring,856
0001031308,2021,0,0.03486837132307923,Routine Monitoring,0.03699345079503101,BENTLEY SYSTEMS INC,Technology / Software / Electronics,0.0980150169007487,0.1083105229570971,0.8461133487988876,0.2039838112442984,2022,Routine Monitoring,1173
0001032220,2021,0,0.027166365924995068,Routine Monitoring,0.030163435933412718,"MAXIMUS, INC.",Technology / Software / Electronics,0.0960233729816887,0.1255951434401603,0.6406065601431428,0.2290739633867846,2022,Routine Monitoring,1301
0001032975,2021,0,0.12269711691808066,Routine Monitoring,0.13477333757670498,LOGITECH INTERNATIONAL S.A.,Technology / Software / Electronics,0.1412146939091252,0.0739251698404497,0.4055768875738618,0.0435662309637396,2022,Routine Monitoring,527
0001034670,2021,0,0.03806169998485038,Routine Monitoring,0.04280049500579423,AUTOLIV INC,Industrial / Manufacturing,0.0820170109356014,0.1000398036353987,,0.1050836533555334,2022,Routine Monitoring,1125
0001034842,2021,1,0.2628878052010833,Routine Monitoring,0.27785943543914765,RIGEL PHARMACEUTICALS INC,Industrial / Manufacturing,-0.0837331474979227,0.0351286096768024,,0.3739148046878595,2022,Medium Review Priority,267
0001035002,2021,0,0.009065766364971757,Routine Monitoring,0.00977373802546642,VALERO ENERGY CORP/TX,Industrial / Manufacturing,0.0186879809084288,0.1012126865671641,,0.7558694848410155,2022,Routine Monitoring,1589
0001035267,2021,0,0.010438297289874875,Routine Monitoring,0.01161190770291671,INTUITIVE SURGICAL INC,Industrial / Manufacturing,0.3189086005499028,0.1541423828845444,0.1182958317963851,0.3101367474302496,2022,Routine Monitoring,1578
0001035983,2021,0,0.06818374330449616,Routine Monitoring,0.07535544873586429,COMFORT SYSTEMS USA INC,Industrial / Manufacturing,0.0613078451709961,0.0815489829859391,0.6352990384380345,0.0759548129475726,2022,Routine Monitoring,828
0001036044,2021,1,0.31487986611141916,Medium Review Priority,0.3228598246923315,"IDENTIV, INC.",Technology / Software / Electronics,-0.0129807553315537,0.0127039301490746,0.229156968022925,,2022,Medium Review Priority,214
0001037038,2021,0,0.024002160224888342,Routine Monitoring,0.02665971251256979,RALPH LAUREN CORP,Industrial / Manufacturing,0.1283910910991396,0.0926767382552073,0.6717024609369944,0.413038538447555,2022,Routine Monitoring,1358
0001037676,2021,0,0.06049596947607305,Routine Monitoring,0.06691712879983436,"ARCH RESOURCES, INC.",Energy / Capital-intensive,0.1556972195275271,0.112548886243836,0.676988985244384,0.5045339576667085,2022,Routine Monitoring,887
0001037868,2021,0,0.017610519047087613,Routine Monitoring,0.019574573436012977,AMETEK INC/,Industrial / Manufacturing,0.235944595109649,0.0975322542837829,0.4224427637588819,0.2216913151876343,2022,Routine Monitoring,1471
0001038074,2021,0,0.20004837077815465,Routine Monitoring,0.21784727914175836,SILICON LABORATORIES INC.,Technology / Software / Electronics,-0.0455539217046305,0.0308278924177609,0.252128675470161,-0.1870094747016106,2022,Routine Monitoring,329
0001038133,2021,1,0.31771460718932554,Medium Review Priority,0.34151318759446553,HESKA CORP,Industrial / Manufacturing,-0.0039134701405775,0.010341482472288,0.2784734270087009,0.2859068633661559,2022,Medium Review Priority,211
0001039065,2021,0,0.05380278070398459,Routine Monitoring,0.0595585486069391,OSI SYSTEMS INC,Technology / Software / Electronics,0.1005935991043698,0.1004545759903262,0.5378248686945009,-0.0164161901266161,2022,Routine Monitoring,952
0001039399,2021,0,0.04705043917002725,Routine Monitoring,0.052123641240047355,FORMFACTOR INC,Technology / Software / Electronics,0.1273760059453742,0.1365617528318896,0.2006232116959981,0.1096543332333741,2022,Routine Monitoring,1018
0001039684,2021,0,0.015998696660283838,Routine Monitoring,0.017238662091923502,ONEOK INC /NEW/,Energy / Capital-intensive,0.1569655681765074,0.1077941629134301,,0.9362959981700354,2022,Routine Monitoring,1497
0001040130,2021,0,0.20435094000301698,Routine Monitoring,0.22242622007560686,PETMED EXPRESS INC,Consumer / Retail,0.0940321925849526,0.1049121195106596,0.1935866242435585,-0.1157705803405397,2022,Routine Monitoring,323
0001041061,2021,0,0.0028319580254925585,Routine Monitoring,0.0031991325116599977,YUM BRANDS INC,Consumer / Retail,0.3248784933171324,0.2859537378478042,2.403452899765337,0.1648973814578909,2022,Routine Monitoring,1672
0001041803,2021,0,0.07624588662235396,Routine Monitoring,0.08418896919211397,PRICESMART INC,Consumer / Retail,0.0436534893094256,0.0745496221692001,0.4628799559148547,0.0873134830475179,2022,Routine Monitoring,761
0001041859,2021,1,0.03075049480330847,Routine Monitoring,0.034129104126696015,"CHILDRENS PLACE, INC.",Consumer / Retail,0.1439141593973782,0.1284637479999228,0.782669211343088,0.257957780057507,2022,Routine Monitoring,1242
0001042893,2021,0,0.4443453740033074,High Review Priority,0.4710801949788045,DRIL-QUIP INC,Technology / Software / Electronics,-0.3865611791481522,0.0380314837504181,0.1121487372652722,-0.1151537237001093,2022,High Review Priority,149
0001043337,2021,0,0.23198134420581373,Routine Monitoring,0.25447663421538763,STONERIDGE INC,Industrial / Manufacturing,0.0200022843436795,-0.0544755853254964,,0.1889735588868004,2022,Routine Monitoring,290
0001043509,2021,0,0.04392869808499195,Routine Monitoring,0.049360469413878456,SONIC AUTOMOTIVE INC,Consumer / Retail,0.043431964118615,0.0615666016763482,,0.2692071970203467,2022,Routine Monitoring,1050
0001043604,2021,0,0.041043087709792904,Routine Monitoring,0.045499475595668935,JUNIPER NETWORKS INC,Technology / Software / Electronics,0.0818304683870422,0.0776077416450995,0.5142455271745245,0.0653078670896043,2022,Routine Monitoring,1090
0001044777,2021,1,0.30090995055230674,Medium Review Priority,0.3240476110606889,ONESPAN INC.,Technology / Software / Electronics,-0.1218196483604608,-0.0080199607913027,0.357877237627494,-0.0056098770926927,2022,Medium Review Priority,228
0001045742,2021,0,0.0472563616551936,Routine Monitoring,0.050097246964871264,LIVE VENTURES INC,Consumer / Retail,0.1311080258332997,0.1378496065892754,0.645410837922338,0.4238524932192782,2022,Routine Monitoring,1015
0001045810,2021,0,0.003600915177388196,Routine Monitoring,0.004008891670524744,NVIDIA CORP,Technology / Software / Electronics,0.3730772088875678,0.2061239731142643,0.3977414171588929,0.6140329835082459,2022,Routine Monitoring,1664
0001046102,2021,0,0.0363379933761391,Routine Monitoring,0.04030498213276392,RITCHIE BROS AUCTIONEERS INC,Technology / Software / Electronics,0.1694791213087635,0.0883923188809974,0.7018957314313674,0.0288333357535977,2022,Routine Monitoring,1149
0001046257,2021,0,0.05940363254370248,Routine Monitoring,0.06571695914014748,INGREDION INC,Industrial / Manufacturing,0.0449666376559326,0.0560080011430204,0.539219888555508,0.1514949056288626,2022,Routine Monitoring,899
0001047127,2021,0,0.016333695691973585,Routine Monitoring,0.01815798142681183,"AMKOR TECHNOLOGY, INC.",Technology / Software / Electronics,0.124371469825094,0.1856893223112685,0.507738773222861,0.2153689401374769,2022,Routine Monitoring,1493
0001047862,2021,0,0.05660696742845145,Routine Monitoring,0.06350227893070305,CONSOLIDATED EDISON INC,Energy / Capital-intensive,0.2066393682363264,0.0433012231446859,,0.1167728237791931,2022,Routine Monitoring,924
0001048268,2021,0,0.08747977112542717,Routine Monitoring,0.09647094812814773,"IES HOLDINGS, INC.",Industrial / Manufacturing,0.0557002212180595,0.0494689690616757,0.5166496656761742,0.2902424810388493,2022,Routine Monitoring,676
0001048477,2021,0,0.11622827062578518,Routine Monitoring,0.1277605273120561,BIOMARIN PHARMACEUTICAL INC,Industrial / Manufacturing,-0.0445984482268351,0.0507278882952363,0.2886042318215322,-0.0076217914434909,2022,Routine Monitoring,554
0001048695,2021,0,0.025091082463397387,Routine Monitoring,0.028262443325995337,"F5, INC.",Technology / Software / Electronics,0.1513492273228711,0.1291094355329299,,0.107449224143725,2022,Routine Monitoring,1337
0001049502,2021,0,0.02824241552709683,Routine Monitoring,0.03135437225105035,MKS INSTRUMENTS INC,Industrial / Manufacturing,0.2369473826959587,0.1408497235865471,0.364227033455939,0.2659227467811158,2022,Routine Monitoring,1284
0001049521,2021,0,0.08122915694319797,Routine Monitoring,0.08964100503935599,MERCURY SYSTEMS INC,Technology / Software / Electronics,0.087663799410387,0.0497392254353531,0.2408992311024751,0.1599101191298126,2022,Routine Monitoring,717
0001049606,2021,0,0.1379408992999994,Routine Monitoring,0.15313532697005056,COMPX INTERNATIONAL INC,Industrial / Manufacturing,0.1457657209814295,0.0544239602602207,,0.2294280450858674,2022,Routine Monitoring,481
0001050377,2021,0,0.08901685977756105,Routine Monitoring,0.09814902659266932,PC CONNECTION INC,Consumer / Retail,0.033366924854672,0.0533089406054922,0.370053803687154,0.1167070096398472,2022,Routine Monitoring,668
0001050446,2021,0,0.6385969662448614,High Review Priority,0.6530082797177309,MICROSTRATEGY INC,Technology / Software / Electronics,-1.535993280627768,0.0263788948600048,0.7247894647473633,0.0624606071952322,2022,High Review Priority,97
0001050797,2021,0,0.03593166468691292,Routine Monitoring,0.039856129503275294,COLUMBIA SPORTSWEAR CO,Industrial / Manufacturing,0.1440966324868011,0.115549791205323,0.3514284372872602,0.2497839343064352,2022,Routine Monitoring,1156
0001050825,2021,0,0.17742652520464602,Routine Monitoring,0.19370006241697163,STEELCASE INC,Industrial / Manufacturing,0.0072492516319832,-0.0453781512605042,0.6230871295886776,0.0679839765811571,2022,Routine Monitoring,382
0001050915,2021,0,0.04995625280501182,Routine Monitoring,0.05532458344352955,"QUANTA SERVICES, INC.",Industrial / Manufacturing,0.0511178822720397,0.0453038846803419,0.6019567662521337,0.1586711634510051,2022,Routine Monitoring,988
0001051627,2021,0,0.18650870141641251,Routine Monitoring,0.1921477804871797,AXT INC,Technology / Software / Electronics,0.0938694111053692,-0.0099416136998745,0.1570504239850078,,2022,Routine Monitoring,356
0001054905,2021,0,0.05947066239797357,Routine Monitoring,0.06669014219154357,INNOSPEC INC.,Industrial / Manufacturing,0.0890521774302278,0.0593290470430963,,0.2433157321263934,2022,Routine Monitoring,898
0001056285,2021,1,0.36048521124365546,Medium Review Priority,0.38567655479865576,"KIRKLAND'S, INC",Consumer / Retail,0.0454064996954387,-0.0929529664330639,0.7550462122836206,0.0270176781429853,2022,Medium Review Priority,188
0001056358,2021,1,0.07730768483293213,Routine Monitoring,0.08535116216605043,MANNATECH INC,Industrial / Manufacturing,0.0566405027478374,0.1806960167714884,0.5905744234800838,0.0551823891894034,2022,Routine Monitoring,747
0001056696,2021,0,0.007051403072729584,Routine Monitoring,0.007961277463139025,MANHATTAN ASSOCIATES INC,Technology / Software / Electronics,0.2024175648654472,0.3431170188324057,,0.131778120374097,2022,Routine Monitoring,1620
0001056903,2021,0,0.09658857354388577,Routine Monitoring,0.10779756231816257,AMERICAN STATES WATER CO,Energy / Capital-intensive,0.2826022896524627,0.0608022270583166,,0.0217309823182307,2022,Routine Monitoring,637
0001057060,2021,0,0.006457790340196441,Routine Monitoring,0.007187110361386542,MARINEMAX INC,Consumer / Retail,0.101518618378612,0.3709788325926278,0.4097257157258764,0.3666551192180236,2022,Routine Monitoring,1632
0001057352,2021,0,0.06362341693136035,Routine Monitoring,0.07035167234870122,"COSTAR GROUP, INC.",Technology / Software / Electronics,0.2223801330668909,0.0647291373926861,0.2129290985054026,0.1718581884836763,2022,Routine Monitoring,866
0001058090,2021,0,0.013854377833533155,Routine Monitoring,0.015406089269725708,CHIPOTLE MEXICAN GRILL INC,Consumer / Retail,0.1066564852198756,0.1927084163164715,0.6546838263521279,0.2610731082301774,2022,Routine Monitoring,1528
0001058290,2021,0,0.017423942330104355,Routine Monitoring,0.01936759854688001,COGNIZANT TECHNOLOGY SOLUTIONS CORP,Technology / Software / Electronics,0.1526989787647917,0.1397602509522742,0.3283105534393905,0.1113980302666346,2022,Routine Monitoring,1474
0001059556,2021,0,0.007400392453715188,Routine Monitoring,0.00823528424832747,MOODYS CORP /DE/,Technology / Software / Electronics,0.4573817947893213,0.1365803814713896,0.8013623978201635,0.1576987525600446,2022,Routine Monitoring,1612
0001060391,2021,0,0.04332396651544417,Routine Monitoring,0.048684770617690235,"REPUBLIC SERVICES, INC.",Energy / Capital-intensive,0.1838158477202301,0.1116690042075736,,0.1124133312322723,2022,Routine Monitoring,1059
0001060736,2021,1,0.8934153752238423,High Review Priority,0.9010173325943894,SEAGEN INC.,Industrial / Manufacturing,-0.4332244432856042,-0.1341559477836888,,-0.2763296033713071,2022,High Review Priority,22
0001060822,2021,0,0.05293228344963807,Routine Monitoring,0.05860069391578934,CARTERS INC,Industrial / Manufacturing,0.142574947510928,0.0837835752860034,0.7032335279219764,0.1527959544150876,2022,Routine Monitoring,963
0001061219,2021,0,0.017840477371961375,Routine Monitoring,0.02011431349327298,ENTERPRISE PRODUCTS PARTNERS L.P.,Energy / Capital-intensive,0.1495751943911446,0.1260633004371675,,0.5002702235686423,2022,Routine Monitoring,1465
0001062231,2021,0,0.040312738901142,Routine Monitoring,0.044693522657067754,AMERICAN AXLE & MANUFACTURING HOLDINGS INC,Industrial / Manufacturing,0.0466586510491409,0.0955338289830899,0.918767854924854,0.0946336078797656,2022,Routine Monitoring,1100
0001064728,2021,0,0.15626041931751283,Routine Monitoring,0.17192796944987665,PEABODY ENERGY CORP,Energy / Capital-intensive,0.130247415845463,0.0848519132086144,0.6321467534041779,0.1517475964041512,2022,Routine Monitoring,435
0001065059,2021,0,0.16857468610330748,Routine Monitoring,0.18421815926120835,CENTRUS ENERGY CORP,Energy / Capital-intensive,0.2289641300703989,0.087351502445842,1.2479035639413,0.206715210355987,2022,Routine Monitoring,407
0001065088,2021,0,0.014987022487926504,Routine Monitoring,0.016663448263347466,EBAY INC,Technology / Software / Electronics,0.2805182341650671,0.0997896792608728,0.6327649665740254,0.01450686398598,2022,Routine Monitoring,1515
0001065696,2021,0,0.025671129574549322,Routine Monitoring,0.02891363053570675,LKQ CORP,Consumer / Retail,0.1126463345237927,0.1084428287961578,,0.125522000063635,2022,Routine Monitoring,1327
0001065837,2021,0,0.05157992241802722,Routine Monitoring,0.05711224465755986,SKECHERS USA INC,Industrial / Manufacturing,0.0951764900368797,0.0326826142147619,0.4543338139781368,0.3670791884307134,2022,Routine Monitoring,974
0001066605,2021,0,0.00927854609093828,Routine Monitoring,0.010323122326113708,HEIDRICK & STRUGGLES INTERNATIONAL INC,Technology / Software / Electronics,0.0974383077798733,0.2452127669186247,0.6964034991028173,0.602354735688069,2022,Routine Monitoring,1586
0001067294,2021,0,0.029872374940610503,Routine Monitoring,0.03362721737997507,"CRACKER BARREL OLD COUNTRY STORE, INC",Consumer / Retail,0.1299543779709964,0.1262297768861735,,0.1183815391835712,2022,Routine Monitoring,1264
0001067701,2021,0,0.006168994671454455,Routine Monitoring,0.006865924521851572,"UNITED RENTALS, INC.",Technology / Software / Electronics,0.2343557019349526,0.1817957815888034,0.7047604967474866,0.1390386869871043,2022,Routine Monitoring,1636
0001068148,2021,0,0.18386247788074123,Routine Monitoring,0.20292453756313958,PARK OHIO INDUSTRIES INC/OH,Industrial / Manufacturing,-0.0076495132127955,-0.0334300217548948,,0.1102532427424336,2022,Routine Monitoring,361
0001069183,2021,0,0.16563153304244865,Routine Monitoring,0.18106136407632945,"AXON ENTERPRISE, INC.",Industrial / Manufacturing,-0.1947263143386292,0.0737431954555416,0.3793135925033023,0.267807924487851,2022,Routine Monitoring,415
0001069202,2021,0,0.007545834224358925,Routine Monitoring,0.008396995549022176,LENNOX INTERNATIONAL INC,Technology / Software / Electronics,0.1407453327293102,0.237349785901745,1.1238546894424235,0.1540959247131339,2022,Routine Monitoring,1609
0001069258,2021,1,0.15369823749803352,Routine Monitoring,0.16824054822448933,"KRATOS DEFENSE & SECURITY SOLUTIONS, INC.",Industrial / Manufacturing,0.0343807763401109,0.0222082415854042,0.3958477508650519,0.085328340243413,2022,Routine Monitoring,438
0001069878,2021,0,0.008497311695578701,Routine Monitoring,0.00945477611808374,TREX CO INC,Industrial / Manufacturing,0.2300643634832474,0.2804065103371541,0.2121944408527024,0.3588895032077663,2022,Routine Monitoring,1596
0001069899,2021,0,0.09561701170163714,Routine Monitoring,0.10534798096938729,PHIBRO ANIMAL HEALTH CORP,Industrial / Manufacturing,0.0898398032039359,0.0574165750453154,0.7164841173149497,0.0412267571599567,2022,Routine Monitoring,642
0001070081,2021,1,0.7837410735804758,High Review Priority,0.8014431521896571,"PTC THERAPEUTICS, INC.",Industrial / Manufacturing,-0.695224408783627,-0.1296825272334752,0.9992580193761172,0.4144986684735507,2022,High Review Priority,55
0001070235,2021,1,0.42232664292846284,High Review Priority,0.45042983303745565,BLACKBERRY LTD,Technology / Software / Electronics,-0.0027855153203342,-0.0109076743280093,0.3938449552006233,-0.1959686450167973,2022,High Review Priority,157
0001070494,2021,1,0.8788277787745256,High Review Priority,0.8898404509968177,ACADIA PHARMACEUTICALS INC,Industrial / Manufacturing,-0.3520412273182621,-0.1794830043906633,0.2274289338143923,0.0959581668571945,2022,High Review Priority,26
0001076930,2021,0,0.04812049164705728,Routine Monitoring,0.05330261826102477,NOVANTA INC,Technology / Software / Electronics,0.0906262512503661,0.077063531297363,0.5754554790643734,0.196690613132235,2022,Routine Monitoring,1004
0001077688,2021,1,0.15827167470105735,Routine Monitoring,0.17315816867233627,HOOKER FURNISHINGS CORP,Industrial / Manufacturing,0.0250045484255709,0.0512843103489703,0.302838805101466,0.0991166139893831,2022,Routine Monitoring,428
0001078075,2021,0,0.05138031697424644,Routine Monitoring,0.05689251433834751,NETSCOUT SYSTEMS INC,Technology / Software / Electronics,0.056843643163954,0.0926572654974209,0.3550601948409073,0.0292235366578368,2022,Routine Monitoring,978
0001078207,2021,1,0.8017700034651487,High Review Priority,0.8183383736681675,"NAUTILUS, INC.",Industrial / Manufacturing,-0.0429423917874117,-0.2119632536738365,0.4776258179560254,0.0669140002895614,2022,High Review Priority,48
0001078271,2021,0,0.04582278866467247,Routine Monitoring,0.05147615392460269,EXTREME NETWORKS INC,Technology / Software / Electronics,0.0340552674907719,0.1430907847099227,,0.0647655795928141,2022,Routine Monitoring,1028
0001081316,2021,0,0.036659283490679734,Routine Monitoring,0.040659867302763546,BERKSHIRE HATHAWAY ENERGY CO,Energy / Capital-intensive,0.2118091451292246,0.0658160754174081,0.6169386287055617,0.2003627338678886,2022,Routine Monitoring,1144
0001082554,2021,0,0.03632274074227516,Routine Monitoring,0.04028813399555734,UNITED THERAPEUTICS CORP,Industrial / Manufacturing,0.3298131118362504,0.1157261418815654,0.2341219941575903,0.1363176700600012,2022,Routine Monitoring,1151
0001084765,2021,0,0.12210905776891762,Routine Monitoring,0.13413624928034001,"RESOURCES CONNECTION, INC.",Technology / Software / Electronics,0.0364613449062454,0.0767184486904679,0.3670415869576908,-0.1049785811676355,2022,Routine Monitoring,530
0001084869,2021,0,0.02743601653312094,Routine Monitoring,0.030461903651113703,1 800 FLOWERS COM INC,Consumer / Retail,0.070249664859618,0.1609486207123943,0.5271849827107243,0.4246725880197659,2022,Routine Monitoring,1297
0001085869,2021,0,0.04150045125702235,Routine Monitoring,0.046004116559341904,PERFICIENT INC,Technology / Software / Electronics,0.139196112621497,0.0962142465430582,0.586702274715264,0.2432379891298133,2022,Routine Monitoring,1079
0001086222,2021,0,0.012677452493281859,Routine Monitoring,0.014099231132214172,AKAMAI TECHNOLOGIES INC,Technology / Software / Electronics,0.2262633756911935,0.1725788712729949,0.4433964849060774,0.0822582062311667,2022,Routine Monitoring,1544
0001086600,2021,0,0.039644176451570104,Routine Monitoring,0.043955635192196744,ALLIANCE RESOURCE PARTNERS LP,Energy / Capital-intensive,0.1396218795701335,0.196906927182753,0.4322193232768641,0.1820960162755274,2022,Routine Monitoring,1108
0001088856,2021,0,0.00828686176331252,Routine Monitoring,0.009220833530215062,CORCEPT THERAPEUTICS INC,Industrial / Manufacturing,0.3401215373601692,0.396199699827259,0.1131547399918821,0.0342042647948139,2022,Routine Monitoring,1600
0001089063,2021,0,0.0165297328391141,Routine Monitoring,0.018639680122316853,"DICK'S SPORTING GOODS, INC.",Consumer / Retail,0.1654959812477752,0.1788243684024953,,0.282694452087376,2022,Routine Monitoring,1490
0001089819,2021,0,0.0893922730925958,Routine Monitoring,0.09855878651403763,CLECO CORPORATE HOLDINGS LLC,Energy / Capital-intensive,0.1975320875018399,0.02247871943176,0.6364123747172006,0.1653930925290325,2022,Routine Monitoring,665
0001090872,2021,0,0.01908832668670639,Routine Monitoring,0.02121363801205,"AGILENT TECHNOLOGIES, INC.",Industrial / Manufacturing,0.2131666402911853,0.1387202241943017,0.4965903783278841,0.1835549728413561,2022,Routine Monitoring,1443
0001091883,2021,0,0.18677611363711127,Routine Monitoring,0.20606397689905606,CIRCOR INTERNATIONAL INC,Industrial / Manufacturing,-0.0386506860058497,0.0102501917986692,,-0.0188860050357507,2022,Routine Monitoring,355
0001092699,2021,0,0.030814326570459447,Routine Monitoring,0.0341997017364589,SPS COMMERCE INC,Technology / Software / Electronics,0.1429754254093169,0.1833136855642482,0.2136686769094871,0.2323705338579151,2022,Routine Monitoring,1241
0001092796,2021,0,0.004639923794938426,Routine Monitoring,0.005165007678354854,"SMITH & WESSON BRANDS, INC.",Industrial / Manufacturing,0.30176879611403,0.7064123587551636,0.4032456069607606,0.561336399416265,2022,Routine Monitoring,1648
0001093557,2021,0,0.05289681504920119,Routine Monitoring,0.058561662139574526,DEXCOM INC,Industrial / Manufacturing,0.1085562589340412,0.0909819886503824,0.5370713052060202,0.2708257642601339,2022,Routine Monitoring,965
0001093691,2021,1,0.7138628628534706,High Review Priority,0.7108829945310359,PLUG POWER INC,Technology / Software / Electronics,-0.8705702489538999,-0.0601968781575226,0.2259433324885262,,2022,High Review Priority,73
0001094285,2021,0,0.02142628247568974,Routine Monitoring,0.023805586461437704,TELEDYNE TECHNOLOGIES INC,Industrial / Manufacturing,0.1352967947467654,0.0571436491271837,0.4718058529621698,0.4951396539433608,2022,Routine Monitoring,1400
0001095315,2021,1,0.7104014727719806,High Review Priority,0.7320544301944296,PFSWEB INC,Technology / Software / Electronics,-0.0389575264513058,-0.1306445387881127,0.3574338522235087,-0.190370943489876,2022,High Review Priority,75
0001095565,2021,0,0.07842241444322626,Routine Monitoring,0.08772796022030827,HEALTHSTREAM INC,Technology / Software / Electronics,0.0313775748698931,0.0870770185289048,,0.0485487652455212,2022,Routine Monitoring,742
0001096056,2021,0,0.07454331130461826,Routine Monitoring,0.08232483149985019,LUXFER HOLDINGS PLC,Industrial / Manufacturing,0.0967655707030205,0.0707700650759219,0.4330260303687636,0.1517857142857142,2022,Routine Monitoring,778
0001096752,2021,0,0.06177050512098556,Routine Monitoring,0.06873577684133572,EDGEWELL PERSONAL CARE CO,Industrial / Manufacturing,0.1144061706510803,0.0623197082675665,0.5688510314047788,0.0705749602502949,2022,Routine Monitoring,880
0001097149,2021,0,0.006644173751723245,Routine Monitoring,0.007394386597092976,ALIGN TECHNOLOGY INC,Industrial / Manufacturing,0.2470282731499191,0.1973278852124918,0.3903320537654133,0.5989799109282947,2022,Routine Monitoring,1630
0001097864,2021,0,0.009535966577628601,Routine Monitoring,0.010609212804319833,ON SEMICONDUCTOR CORP,Technology / Software / Electronics,0.1910442446363393,0.1851236235196343,0.5216704757947226,0.2825499524262607,2022,Routine Monitoring,1581
0001099590,2021,0,0.027129963549129,Routine Monitoring,0.030123141898048017,MERCADOLIBRE INC,Technology / Software / Electronics,0.0623394402558969,0.0955378581346811,0.8483648112424338,0.7791547176079316,2022,Routine Monitoring,1303
0001099800,2021,0,0.008934245008170581,Routine Monitoring,0.009940448833119972,EDWARDS LIFESCIENCES CORP,Industrial / Manufacturing,0.3230387004300047,0.203714158022252,0.3136334768188554,0.1929188609990197,2022,Routine Monitoring,1592
0001101302,2021,0,0.028062796109464983,Routine Monitoring,0.031597589863927834,ENTEGRIS INC,Industrial / Manufacturing,0.2400146505296244,0.1254596014406484,,0.2364206564467628,2022,Routine Monitoring,1289
0001101396,2021,0,0.0903533433075247,Routine Monitoring,0.0996076272936101,"DELTA APPAREL, INC",Consumer / Retail,0.0748963938179736,0.0586408097852116,0.6219237004015769,0.1462201635020406,2022,Routine Monitoring,662
0001101680,2021,1,0.3471188574473792,Medium Review Priority,0.37191935566464157,DZS INC.,Technology / Software / Electronics,-0.0920943673152373,-0.0555986773677755,0.4880738003943058,0.1648682810005322,2022,Medium Review Priority,193
0001102993,2021,1,0.26293780935785954,Routine Monitoring,0.2843432704674059,LIVEPERSON INC,Technology / Software / Electronics,-0.1985971756128307,0.0027362605506566,0.705527971037942,0.2809557580055644,2022,Medium Review Priority,266
0001103982,2021,0,0.026789775089694184,Routine Monitoring,0.02974656891566526,"MONDELEZ INTERNATIONAL, INC.",Industrial / Manufacturing,0.1620125348189415,0.0617212186251714,0.5778483276694688,0.080471013129679,2022,Routine Monitoring,1307
0001104485,2021,0,0.11809037138808665,Routine Monitoring,0.13052281987315348,"NORTHERN OIL & GAS, INC.",Energy / Capital-intensive,0.1568910382190344,0.2603426696767805,0.858730183745648,-0.100162981474439,2022,Routine Monitoring,547
0001104506,2021,1,0.9410579984010662,High Review Priority,0.9441123052361736,INSMED INC,Industrial / Manufacturing,-1.9903003804500663,-0.2921589567578174,0.6699112510735757,0.1462658062318673,2022,High Review Priority,11
0001104657,2021,0,0.06826094282907609,Routine Monitoring,0.07646077389739298,MATERION CORP,Industrial / Manufacturing,0.0510451171818112,0.0561382139362318,,0.28426200018023,2022,Routine Monitoring,827
0001107843,2021,0,0.011952030967114252,Routine Monitoring,0.013293548846815587,"QUALYS, INC.",Technology / Software / Electronics,0.2132513887132392,0.2462878686503985,0.4638644960033589,0.1328207007325814,2022,Routine Monitoring,1558
0001108426,2021,0,0.06282571111392869,Routine Monitoring,0.06947586724646994,PNM RESOURCES INC,Energy / Capital-intensive,0.1731320155988657,0.0632145228649047,0.7421844180463916,0.1686533001709769,2022,Routine Monitoring,870
0001108524,2021,0,0.026734441369462847,Routine Monitoring,0.02968531428416595,"SALESFORCE.COM, INC.",Technology / Software / Electronics,0.0206854899592329,0.0630192523816025,0.3894379733008434,0.2465650291737249,2022,Routine Monitoring,1310
0001109354,2021,0,0.04840221329121114,Routine Monitoring,0.05435568526421632,BRUKER CORP,Industrial / Manufacturing,0.1709334546507299,0.0773698630136986,,0.2165534591194968,2022,Routine Monitoring,1001
0001109357,2021,0,0.08535487177775772,Routine Monitoring,0.09415018483637559,EXELON CORP,Energy / Capital-intensive,0.0749167744242991,0.0226444031786366,0.7384090276890228,0.1001240957656104,2022,Routine Monitoring,685
0001110611,2021,1,0.28800858997040474,Medium Review Priority,0.29560137499793526,ON24 INC.,Technology / Software / Electronics,-0.1158570425267541,0.0107994147628769,0.2609820412121817,,2022,Medium Review Priority,244
0001110803,2021,0,0.05016041564802904,Routine Monitoring,0.05631734789387945,"ILLUMINA, INC.",Industrial / Manufacturing,-0.0271763146266018,0.0358152066767431,,0.3973448595245445,2022,Routine Monitoring,985
0001111711,2021,0,0.05957585455417659,Routine Monitoring,0.06680719715518439,NISOURCE INC.,Energy / Capital-intensive,0.2128167734026589,0.050416237182751,,0.0576991862648663,2022,Routine Monitoring,895
0001111928,2021,0,0.02480180858008327,Routine Monitoring,0.0275454002408579,IPG PHOTONICS CORP,Technology / Software / Electronics,0.2518263214818668,0.1229128161133434,0.1335163726052975,0.2166492882627482,2022,Routine Monitoring,1342
0001113232,2021,0,0.026959109132519903,Routine Monitoring,0.029934017546848102,AXCELIS TECHNOLOGIES INC,Technology / Software / Electronics,0.1922095684361168,0.1993919600658488,0.2844790505018321,0.395878287255563,2022,Routine Monitoring,1305
0001114483,2021,0,0.04260130477784216,Routine Monitoring,0.047218550436338456,INTEGER HOLDINGS CORP,Technology / Software / Electronics,0.1111402292562561,0.0606711679701341,0.4753740490238032,0.1375360755401782,2022,Routine Monitoring,1064
0001114995,2021,0,0.22715166866681363,Routine Monitoring,0.24661860508260555,IMPINJ INC,Technology / Software / Electronics,-0.1957557953153986,0.0204888808602477,1.0351020641002482,0.3697012013849399,2022,Routine Monitoring,294
0001115128,2021,1,0.15839695864409054,Routine Monitoring,0.17329281038212319,QUOTIENT TECHNOLOGY INC.,Technology / Software / Electronics,-0.0509114198821079,0.0409296909422798,0.6306697299678983,0.1695653831576162,2022,Routine Monitoring,427
0001116132,2021,0,0.023055465335764927,Routine Monitoring,0.025610948801812274,"TAPESTRY, INC.",Industrial / Manufacturing,0.1684562240050119,0.1579142011834319,0.6111734109562894,0.158201314145201,2022,Routine Monitoring,1369
0001116463,2021,1,0.38419612630773836,Medium Review Priority,0.40998218089082605,ORASURE TECHNOLOGIES INC,Industrial / Manufacturing,-0.0434964951171289,-0.07675220720623,0.1745309008872209,0.360777074440517,2022,High Review Priority,178
0001116942,2021,0,0.06202020515013141,Routine Monitoring,0.06952630907167598,TTM TECHNOLOGIES INC,Technology / Software / Electronics,0.0560273753301849,0.0583801871198827,,0.0681216459999942,2022,Routine Monitoring,878
0001117297,2021,0,0.07680395452302138,Routine Monitoring,0.08479983802712096,"QUINSTREET, INC",Technology / Software / Electronics,0.0240731425252425,0.1125991346228713,0.3434078951759118,0.1797695064027131,2022,Routine Monitoring,753
0001118417,2021,0,0.182929199548369,Routine Monitoring,0.19958498240845363,"MODEL N, INC.",Technology / Software / Electronics,-0.0745121352322365,0.0538497484812666,0.6604689518678358,0.2011039638386649,2022,Routine Monitoring,367
0001120370,2021,0,0.6943649621705031,High Review Priority,0.7196821694833573,"BROADWIND, INC.",Industrial / Manufacturing,-0.0864859668037824,-0.1086516387540555,,-0.2663882395615025,2022,High Review Priority,80
0001121142,2021,0,0.052249150156946235,Routine Monitoring,0.0578488737513712,MAXAR TECHNOLOGIES INC.,Technology / Software / Electronics,0.0994350282485875,0.0624722098710538,0.674744330813695,0.0272780034822983,2022,Routine Monitoring,971
0001121484,2021,0,0.3089862251766342,Medium Review Priority,0.33390680303421066,"OIL STATES INTERNATIONAL, INC",Technology / Software / Electronics,-0.113043281032729,0.0066258468815968,0.3591275323555742,-0.1017341221643224,2022,Medium Review Priority,220
0001121788,2021,0,0.021874550452619868,Routine Monitoring,0.02464964038200023,GARMIN LTD,Industrial / Manufacturing,0.2445655500577487,0.1288988999452156,,0.1901846689404436,2022,Routine Monitoring,1389
0001122904,2021,1,0.24820086391201088,Routine Monitoring,0.26884420568419465,"NETGEAR, INC.",Technology / Software / Electronics,0.0570144160510516,-0.004245589602895,0.353922140392812,-0.0694143253436498,2022,Routine Monitoring,276
0001122976,2021,0,0.04873540984884498,Routine Monitoring,0.05472750800604946,AVIENT CORP,Industrial / Manufacturing,0.079106831576326,0.0467862002721524,,0.4863205946762901,2022,Routine Monitoring,998
0001123360,2021,0,0.03163052189115019,Routine Monitoring,0.03510231956617853,GLOBAL PAYMENTS INC,Technology / Software / Electronics,0.1594220955488902,0.0614143689470823,0.4286753319306595,0.1482044054885811,2022,Routine Monitoring,1227
0001123494,2021,0,0.19116126845576378,Routine Monitoring,0.20837543319935975,HARVARD BIOSCIENCE INC,Industrial / Manufacturing,0.017375361636278,0.0077736165180111,0.4862698960232592,0.1645837414299706,2022,Routine Monitoring,346
0001124198,2021,0,0.2257583467626292,Routine Monitoring,0.24906967571434574,FLUOR CORP,Industrial / Manufacturing,-0.0048034243035255,0.0034798792180244,,-0.2063760249320977,2022,Routine Monitoring,297
0001124524,2021,1,0.2290248498821249,Routine Monitoring,0.23557714475958189,"CRYOPORT, INC.",Industrial / Manufacturing,-0.0800914612233163,0.0073011851172987,0.4233195863320664,,2022,Routine Monitoring,292
0001124610,2021,0,0.011160995220954999,Routine Monitoring,0.0124148414116309,"VMWARE, INC.",Technology / Software / Electronics,0.1857443000544704,0.1519389036127772,1.0305481936113825,0.0921220362029404,2022,Routine Monitoring,1569
0001124796,2021,1,0.38609709765412453,Medium Review Priority,0.4119253934576819,"NLIGHT, INC.",Technology / Software / Electronics,-0.1118543306212196,-0.0199214170623471,0.1913317880830152,0.212564354613558,2022,High Review Priority,177
0001124941,2021,0,0.10856316309726705,Routine Monitoring,0.119437665195019,BEACON ROOFING SUPPLY INC,Consumer / Retail,0.068774465522433,0.0140426681069403,0.6143667296786389,-0.043477008597474,2022,Routine Monitoring,581
0001128928,2021,0,0.05867903446271125,Routine Monitoring,0.06580913822842226,FLOWERS FOODS INC,Industrial / Manufacturing,0.0680987917382763,0.1059258669547012,,-0.0130410477140905,2022,Routine Monitoring,905
0001129155,2021,0,0.1622086841214153,Routine Monitoring,0.17738744168623677,MARINE PRODUCTS CORP,Industrial / Manufacturing,0.1221150684196044,0.0034402029493906,0.2583238608562115,0.2426310851662669,2022,Routine Monitoring,418
0001130310,2021,0,0.06715495833101552,Routine Monitoring,0.07523266063240344,CENTERPOINT ENERGY INC,Energy / Capital-intensive,0.1631944444444444,0.0005838796146394,,0.1259099487732542,2022,Routine Monitoring,835
0001130464,2021,0,0.1101538818781359,Routine Monitoring,0.1227232573298875,BLACK HILLS CORP /SD/,Energy / Capital-intensive,0.210060325216433,-0.0070702732488412,,0.1485973878879702,2022,Routine Monitoring,573
0001130713,2021,1,0.22641692080748288,Routine Monitoring,0.24584091915935524,"OVERSTOCK.COM, INC",Consumer / Retail,0.0402953658442791,0.0759114268184913,0.3016794156661657,0.0810512110246244,2022,Routine Monitoring,296
0001131554,2021,0,0.240632629437853,Routine Monitoring,0.260864922992414,SYNCHRONOSS TECHNOLOGIES INC,Technology / Software / Electronics,-0.0677690073588368,0.0109709939787102,0.6099073954926852,-0.0379024239722974,2022,Routine Monitoring,280
0001132105,2021,0,0.2994230554094716,Medium Review Priority,0.32249912737000913,"SPORTSMAN'S WAREHOUSE HOLDINGS, INC.",Consumer / Retail,0.060169102141199,-0.0257274432803025,0.6262477976542415,0.0374061402415126,2022,Medium Review Priority,233
0001133062,2021,0,0.21978074609870782,Routine Monitoring,0.22614614692504204,JANEL CORP,Technology / Software / Electronics,0.0269842028698461,-0.0017338946206135,0.843699320244298,,2022,Routine Monitoring,306
0001133421,2021,0,0.03394365888582785,Routine Monitoring,0.0376594750275659,NORTHROP GRUMMAN CORP /DE/,Industrial / Manufacturing,0.1584377716096111,0.083773691256253,0.6964231193780972,-0.0307617054811272,2022,Routine Monitoring,1194
0001136294,2021,1,0.29281066627123603,Medium Review Priority,0.31560670706833177,WILLIAMS INDUSTRIAL SERVICES GROUP INC.,Industrial / Manufacturing,0.0225515337141657,-0.0387168427305834,0.6861240970805245,0.1334133677258215,2022,Medium Review Priority,236
0001136352,2021,0,0.034237676616297424,Routine Monitoring,0.0363257646599626,CRESTWOOD EQUITY PARTNERS LP,Energy / Capital-intensive,0.0487415189319325,0.0959803855410846,0.6549024900465619,1.026793239586568,2022,Routine Monitoring,1187
0001136869,2021,0,0.03677358717778211,Routine Monitoring,0.04078611669533397,"ZIMMER BIOMET HOLDINGS, INC.",Industrial / Manufacturing,0.0995508026849748,0.063914326154056,0.4600023874081274,0.1155527083778205,2022,Routine Monitoring,1141
0001136893,2021,0,0.027784343793070432,Routine Monitoring,0.030847429044886496,"FIDELITY NATIONAL INFORMATION SERVICES, INC.",Technology / Software / Electronics,0.0760250774663111,0.0580000241164341,0.426848826132568,0.1055608667941363,2022,Routine Monitoring,1293
0001137091,2021,0,0.47529936707777304,High Review Priority,0.5022133086465346,"POWER SOLUTIONS INTERNATIONAL, INC.",Technology / Software / Electronics,-0.0911113302867913,-0.2045598227179258,1.1398259121974592,0.0924626292084791,2022,High Review Priority,136
0001137789,2021,0,0.01361297206437604,Routine Monitoring,0.015138060736774267,SEAGATE TECHNOLOGY HOLDINGS PLC,Technology / Software / Electronics,0.1396872951970789,0.1874351585014409,0.9272622478386168,0.0163669235893044,2022,Routine Monitoring,1535
0001138639,2021,1,0.17591580023885592,Routine Monitoring,0.1943501762272431,INFINERA CORP,Technology / Software / Electronics,-0.0613799418329292,0.0177215062272243,,0.0513493695761864,2022,Routine Monitoring,388
0001138723,2021,0,0.10706075840249772,Routine Monitoring,0.11780465611020098,ACCURAY INC,Industrial / Manufacturing,0.0561080423630229,0.0802169557048769,0.8566126082591471,0.0348916767643003,2022,Routine Monitoring,587
0001140859,2021,0,0.031665228473347594,Routine Monitoring,0.03563714740049851,AMERISOURCEBERGEN CORP,Consumer / Retail,0.011001494129299,0.0465065936863122,,0.1268861911886534,2022,Routine Monitoring,1226
0001141103,2021,0,0.10591771608239202,Routine Monitoring,0.11187103182089585,CROSS COUNTRY HEALTHCARE INC,Technology / Software / Electronics,0.0830846234042604,-0.1168353554609727,0.5939897026373857,1.0045647087517349,2022,Routine Monitoring,590
0001141391,2021,0,0.0015727348093081005,Routine Monitoring,0.0016639174875975337,MASTERCARD INC,Technology / Software / Electronics,0.5338911247617031,0.2512145265337545,0.8032334280177335,0.234167701457421,2022,Routine Monitoring,1685
0001142750,2021,0,0.01736046186372589,Routine Monitoring,0.01929717585051287,AMN HEALTHCARE SERVICES INC,Technology / Software / Electronics,0.1199723409889226,0.0974984562116487,0.6289713037364467,0.6644574080278596,2022,Routine Monitoring,1476
0001144215,2021,0,0.03527664291795393,Routine Monitoring,0.03913247004786831,ACUITY BRANDS INC,Technology / Software / Electronics,0.1235481074833863,0.1143184806019412,0.4281278845346983,0.0404954453897723,2022,Routine Monitoring,1164
0001144980,2021,0,0.015471193899620575,Routine Monitoring,0.017448420587097047,ASBURY AUTOMOTIVE GROUP INC,Consumer / Retail,0.0804862925277249,0.1454152400469847,,0.3794133318376846,2022,Routine Monitoring,1506
0001145197,2021,0,0.2102332509853704,Routine Monitoring,0.22867929263762032,INSULET CORP,Industrial / Manufacturing,0.1146705496905715,-0.0332389691526747,0.7284752049980476,0.2149491375497567,2022,Routine Monitoring,313
0001145986,2021,1,0.66179666022325,High Review Priority,0.6854747607711773,ASPEN AEROGELS INC,Consumer / Retail,-0.3338129614707865,-0.1018179433081539,0.2981405161953278,0.2129087590876905,2022,High Review Priority,88
0001156174,2021,0,0.0037704276317759317,Routine Monitoring,0.004258758728562958,LAKE AREA CORN PROCESSORS LLC,Industrial / Manufacturing,0.1787086951131393,0.4009366641042676,,0.984262975382797,2022,Routine Monitoring,1662
0001156388,2021,1,0.040530919850104666,Routine Monitoring,0.04493430318920935,BIG 5 SPORTING GOODS CORP,Consumer / Retail,0.1170723519994491,0.153229710605303,0.6454566796604032,0.1158342393287821,2022,Routine Monitoring,1094
0001157762,2021,0,0.12803661127720636,Routine Monitoring,0.1405541651835595,CHINA AUTOMOTIVE SYSTEMS INC,Industrial / Manufacturing,0.0110804770348177,0.0394426601856683,0.5292147184142016,0.1924091792853106,2022,Routine Monitoring,513
0001158114,2021,1,0.46702355821278385,High Review Priority,0.4939100001074045,"APPLIED OPTOELECTRONICS, INC.",Technology / Software / Electronics,-0.2683147023373431,-0.0256216732422506,0.4398394574648098,-0.098276810031412,2022,High Review Priority,140
0001158172,2021,0,0.2711861778911283,Routine Monitoring,0.2929961990419619,"COMSCORE, INC.",Technology / Software / Electronics,-0.0786484402459858,0.0148551412715494,0.380441434027558,0.0308311519059869,2022,Medium Review Priority,257
0001158449,2021,0,0.035485760365205656,Routine Monitoring,0.039363511931161874,ADVANCE AUTO PARTS INC,Consumer / Retail,0.0762609418867394,0.0912123123361261,0.7434609329723642,0.0882287431796398,2022,Routine Monitoring,1162
0001158895,2021,0,0.055406911213651,Routine Monitoring,0.06132316544578915,LEMAITRE VASCULAR INC,Industrial / Manufacturing,0.235876547686888,0.1198830609080539,0.1320038797549197,0.193698498832769,2022,Routine Monitoring,941
0001159036,2021,0,0.007429395096293251,Routine Monitoring,0.007971648747367388,"HALOZYME THERAPEUTICS, INC.",Industrial / Manufacturing,0.6223680945613679,0.2711265278256909,,0.6566514944281261,2022,Routine Monitoring,1610
0001159167,2021,1,0.23419108765448046,Routine Monitoring,0.2540629838783062,IROBOT CORP,Technology / Software / Electronics,-0.0007028812379911,-0.0269919091815549,0.3948788825670428,0.0940981131020211,2022,Routine Monitoring,288
0001160791,2021,0,0.12661733975432923,Routine Monitoring,0.1307366237121518,GOLD RESOURCE CORP,Energy / Capital-intensive,0.1409230326847503,0.1612100369851966,0.4403555769783372,,2022,Routine Monitoring,518
0001162461,2021,1,0.16995940000443474,Routine Monitoring,0.1857026715778105,CUTERA INC,Industrial / Manufacturing,0.0079128291607212,0.0044061036130049,0.7981790483529735,0.5659893149516193,2022,Routine Monitoring,405
0001163302,2021,0,0.002807262002839616,Routine Monitoring,0.0029680597412946493,UNITED STATES STEEL CORP,Industrial / Manufacturing,0.2439457459926017,0.2295689268073641,0.4890547822182308,1.0814084796222154,2022,Routine Monitoring,1673
0001163609,2021,0,0.07184866673194995,Routine Monitoring,0.08044226390850093,SOUTH DAKOTA SOYBEAN PROCESSORS LLC,Industrial / Manufacturing,0.0489436778981907,0.0734500092367638,,0.4219602799840631,2022,Routine Monitoring,799
0001164863,2021,0,0.07625720298432406,Routine Monitoring,0.08420135700207605,"ENPRO INDUSTRIES, INC",Industrial / Manufacturing,0.082588894727623,0.0478146676543875,0.5566368105596337,0.0631284916201118,2022,Routine Monitoring,760
0001166388,2021,0,0.12481158857473162,Routine Monitoring,0.13706340790838456,VERINT SYSTEMS INC,Technology / Software / Electronics,0.0535649147121413,0.0531950082694331,0.4109114164766073,-0.3134132314782465,2022,Routine Monitoring,520
0001169445,2021,0,0.051536982298943886,Routine Monitoring,0.057064976012346336,COMPUTER PROGRAMS & SYSTEMS INC,Technology / Software / Electronics,0.0880415067580328,0.1245441502543367,0.4194026346680579,0.0610273433955415,2022,Routine Monitoring,975
0001169561,2021,0,0.03227243491735057,Routine Monitoring,0.036317662031535324,COMMVAULT SYSTEMS INC,Technology / Software / Electronics,0.0540105068796282,0.2171110675423978,,0.0637467655970098,2022,Routine Monitoring,1215
0001171759,2021,0,0.07409563122874416,Routine Monitoring,0.0818345508545994,RED ROBIN GOURMET BURGERS INC,Consumer / Retail,-0.0315787752629341,0.0509064605090646,0.917142986314287,0.3376976338615081,2022,Routine Monitoring,783
0001173489,2021,0,0.09800827279881845,Routine Monitoring,0.10492655572747928,CEVA INC,Technology / Software / Electronics,0.028588659071276,0.078512987625472,,0.2230727827283056,2022,Routine Monitoring,626
0001173514,2021,0,0.30498281319855736,Medium Review Priority,0.3282865827684239,"HYSTER-YALE MATERIALS HANDLING, INC.",Technology / Software / Electronics,-0.0495171830802744,-0.1286736713872392,0.8056443835338307,0.0937377760392588,2022,Medium Review Priority,223
0001175454,2021,0,0.009272512264081595,Routine Monitoring,0.010465965562111924,FLEETCOR TECHNOLOGIES INC,Technology / Software / Electronics,0.4384868597498144,0.0893020505640839,,0.1862318977083163,2022,Routine Monitoring,1587
0001176334,2021,0,0.047447625552998425,Routine Monitoring,0.052561291989374564,MARTIN MIDSTREAM PARTNERS L.P.,Consumer / Retail,0.0649115908212653,0.0616164908486689,1.0828422673709734,0.3128639483918576,2022,Routine Monitoring,1011
0001177394,2021,0,0.044810548214205846,Routine Monitoring,0.04965481911649375,TD SYNNEX CORP,Consumer / Retail,0.0197132494610248,0.0292697129150976,0.714238906571803,0.2811934220102698,2022,Routine Monitoring,1037
0001177609,2021,0,0.021454339182245395,Routine Monitoring,0.023836682863054695,"FIVE BELOW, INC",Consumer / Retail,0.1333682540863951,0.1138401505315123,0.6110746200259681,0.451659083947757,2022,Routine Monitoring,1398
0001178670,2021,1,0.9652631895975273,High Review Priority,0.9688982719634024,"ALNYLAM PHARMACEUTICALS, INC.",Industrial / Manufacturing,-0.8393496524286173,-0.1761294143996767,0.8385523140533977,0.7130604865953947,2022,High Review Priority,3
0001178879,2021,1,0.9539699030498535,High Review Priority,0.958476001049529,"AMICUS THERAPEUTICS, INC.",Industrial / Manufacturing,-0.6756940762125467,-0.2237123538900059,0.6604182778354729,0.1710632230169499,2022,High Review Priority,6
0001180145,2021,1,0.30916606699232224,Medium Review Priority,0.3326364977708121,CARDIOVASCULAR SYSTEMS INC,Industrial / Manufacturing,-0.0460781625883779,-0.0025073248488939,0.2314708977300768,0.0948149400748272,2022,Medium Review Priority,219
0001180262,2021,0,0.02447404052823472,Routine Monitoring,0.02718238492317505,HERBALIFE NUTRITION LTD.,Consumer / Retail,0.1265078927414351,0.1632385275551457,1.49347471451876,0.0470966112093542,2022,Routine Monitoring,1347
0001185348,2021,0,0.04022360910136781,Routine Monitoring,0.04459515720616741,PRA GROUP INC,Technology / Software / Electronics,0.3422333198263809,0.0194503604128308,0.696572774350855,0.0284565436534529,2022,Routine Monitoring,1102
0001192448,2021,1,0.20381849046902395,Routine Monitoring,0.221859806629942,GLAUKOS CORP,Industrial / Manufacturing,-0.1118053406165075,0.0235381986056942,0.4406476910501877,0.3069537115652185,2022,Routine Monitoring,326
0001193311,2021,0,0.05693059704264152,Routine Monitoring,0.06299869693059144,ONCOR ELECTRIC DELIVERY CO LLC,Energy / Capital-intensive,0.2523089840470193,0.0541246368295628,0.5890706101263343,0.0560851252493903,2022,Routine Monitoring,919
0001195734,2021,0,0.18075159503232016,Routine Monitoring,0.19725697278114585,POTBELLY CORP,Consumer / Retail,-0.0591708503046951,-0.0192428436602866,1.009544418864542,0.3047606949989871,2022,Routine Monitoring,375
0001206264,2021,0,0.01483148554330708,Routine Monitoring,0.01649080446470597,"TEMPUR SEALY INTERNATIONAL, INC.",Industrial / Manufacturing,0.1850206862983694,0.1672526252486469,0.9317666651246704,0.3410209687508498,2022,Routine Monitoring,1518
0001210677,2021,0,0.06792714200944888,Routine Monitoring,0.07029070770185061,FIRST ADVANTAGE CORP,Technology / Software / Electronics,0.08960192055258,0.0788076419724358,0.3998466008085526,,2022,Routine Monitoring,830
0001210708,2021,0,0.17839704865581038,Routine Monitoring,0.1875695572424023,"HUDSON GLOBAL, INC.",Technology / Software / Electronics,0.0259681928052621,0.0409359589823977,0.3580222722967898,0.6679185395473544,2022,Routine Monitoring,379
0001219601,2021,0,0.04840984594827255,Routine Monitoring,0.054364203104023213,CROWN HOLDINGS INC,Industrial / Manufacturing,0.119624363700193,0.065305238851205,,-0.0156371490280777,2022,Routine Monitoring,1000
0001223389,2021,1,0.04242493239779822,Routine Monitoring,0.047024001232295276,CONNS INC,Consumer / Retail,0.1060941579126444,0.1005445531574849,0.6495691566550734,0.1471878212874948,2022,Routine Monitoring,1067
0001232524,2021,0,0.04191967125537064,Routine Monitoring,0.047115268915028305,JAZZ PHARMACEUTICALS PLC,Industrial / Manufacturing,0.0550306731414972,0.0633002562316041,,0.3091391105054353,2022,Routine Monitoring,1073
0001235468,2021,0,0.020354030900063682,Routine Monitoring,0.022617017542840692,LIQUIDITY SERVICES INC,Technology / Software / Electronics,0.1054940958564211,0.255959088490312,0.4717226969668514,0.2505147130232106,2022,Routine Monitoring,1419
0001237831,2021,0,0.03220138718011312,Routine Monitoring,0.03573353144662309,GLOBUS MEDICAL INC,Industrial / Manufacturing,0.1794725405019507,0.1411532328562896,0.1102943242681234,0.2142598239383961,2022,Routine Monitoring,1216
0001254699,2021,1,0.041713285433726086,Routine Monitoring,0.04623893346824941,QVC INC,Consumer / Retail,0.1327285538136339,0.0722139856683963,0.520323696565357,-0.0102859135285913,2022,Routine Monitoring,1076
0001257640,2021,0,0.05282621504472211,Routine Monitoring,0.059289935443863864,KRONOS WORLDWIDE INC,Industrial / Manufacturing,0.0964731360214499,0.1025934022257551,,0.1834268977300464,2022,Routine Monitoring,966
0001260221,2021,0,0.031121268547215555,Routine Monitoring,0.034539163733783296,TRANSDIGM GROUP INC,Industrial / Manufacturing,0.3524385160483534,0.0472689619466735,1.1506601087237898,-0.0597687634724671,2022,Routine Monitoring,1238
0001261333,2021,0,0.02425778870601688,Routine Monitoring,0.026942863199722795,"DOCUSIGN, INC.",Technology / Software / Electronics,-0.0293677003701097,0.199297200410032,0.8915882444373177,0.4502029184190188,2022,Routine Monitoring,1353
0001262039,2021,0,0.005874218174220789,Routine Monitoring,0.006538065319420943,"FORTINET, INC.",Technology / Software / Electronics,0.1946023577284423,0.2533662212160632,0.8651146289131794,0.2882362010484118,2022,Routine Monitoring,1639
0001262823,2021,0,0.009490148464676702,Routine Monitoring,0.010558292961719345,WESTLAKE CORP,Industrial / Manufacturing,0.2377313635591781,0.1296928327645051,0.5380031420987053,0.5695628997867803,2022,Routine Monitoring,1582
0001262976,2021,0,0.04115555558617025,Routine Monitoring,0.045623574060018914,CIMPRESS PLC,Industrial / Manufacturing,0.0476410340083154,0.1215217608446834,1.17331104083486,0.0447960350743423,2022,Routine Monitoring,1086
0001267565,2021,0,0.07970299047807283,Routine Monitoring,0.08797192611281025,"COLLEGIUM PHARMACEUTICAL, INC",Industrial / Manufacturing,0.0636693297889246,0.1496321941055692,0.7067840717145636,-0.1069235136251032,2022,Routine Monitoring,731
0001270073,2021,1,0.6796223619468481,High Review Priority,0.702724332476856,"INTERCEPT PHARMACEUTICALS, INC.",Industrial / Manufacturing,-0.1531716684825074,-0.079007937035006,1.3490587697311125,0.1623908663532571,2022,High Review Priority,82
0001273931,2021,0,0.06869402196587317,Routine Monitoring,0.075915026881698,MONEYGRAM INTERNATIONAL INC,Technology / Software / Electronics,0.0574166406980367,0.0082877247849882,1.041326929520831,0.0545514295103515,2022,Routine Monitoring,824
0001274494,2021,1,0.059202159960679276,Routine Monitoring,0.06549556533432294,"FIRST SOLAR, INC.",Technology / Software / Electronics,0.2007100007970234,0.0320430454455817,0.1961484787852187,0.0782069477290128,2022,Routine Monitoring,902
0001275014,2021,0,0.03745539772064722,Routine Monitoring,0.0415391143176965,"ULTRA CLEAN HOLDINGS, INC.",Technology / Software / Electronics,0.0883612485725161,0.1044731904808926,0.5592475560383134,0.5026455026455026,2022,Routine Monitoring,1131
0001275158,2021,0,0.0555172624109017,Routine Monitoring,0.06144453327742938,NOODLES & CO,Consumer / Retail,0.0122423982220426,0.1059131550200756,0.8897876465402874,0.2070264571769697,2022,Routine Monitoring,938
0001275187,2021,1,0.31208290727626925,Medium Review Priority,0.33566717953467856,ANGIODYNAMICS INC,Industrial / Manufacturing,-0.1212432562454898,0.0429130197813471,0.2172653080126389,0.1016554548999268,2022,Medium Review Priority,217
0001276187,2021,0,0.015274030563737708,Routine Monitoring,0.0164587707939194,ENERGY TRANSFER LP,Energy / Capital-intensive,0.1304122105700342,0.1053386559459434,,0.7306823432766854,2022,Routine Monitoring,1510
0001278027,2021,0,0.09994850284698503,Routine Monitoring,0.11006664013852978,"B&G FOODS, INC.",Industrial / Manufacturing,0.0953569191504592,0.0245205423992665,0.7596334900073004,0.0448979094053638,2022,Routine Monitoring,618
0001280058,2021,0,0.05406567874945215,Routine Monitoring,0.05984779232007445,BLACKBAUD INC,Technology / Software / Electronics,0.0268458835449587,0.0719005847658025,0.7586970326256715,0.0159008956230652,2022,Routine Monitoring,948
0001280263,2021,0,0.10599807787718611,Routine Monitoring,0.11664926350131638,AMBARELLA INC,Technology / Software / Electronics,-0.0893248879031869,0.0589997642746884,0.1678501091180071,0.4882102336427643,2022,Routine Monitoring,589
0001280452,2021,0,0.013734848583383781,Routine Monitoring,0.015273379905718431,MONOLITHIC POWER SYSTEMS INC,Technology / Software / Electronics,0.2172689472908549,0.2017940188860687,0.2155597244336544,0.4302743080719804,2022,Routine Monitoring,1531
0001282637,2021,0,0.05152133557424633,Routine Monitoring,0.057047751924602645,NEWMARKET CORP,Industrial / Manufacturing,0.1094100020796991,0.0646238561371087,0.7021113680389113,0.1716513396033976,2022,Routine Monitoring,976
0001282648,2021,0,0.11756394725711614,Routine Monitoring,0.12639277877357136,BATTALION OIL CORP,Energy / Capital-intensive,0.3624550761732789,0.1757053504395708,,0.9233051676118932,2022,Routine Monitoring,550
0001285785,2021,0,0.022599417191350408,Routine Monitoring,0.024338312363340643,MOSAIC CO,Industrial / Manufacturing,0.199758848948808,0.0992448857345119,,0.4233848209452067,2022,Routine Monitoring,1373
0001286139,2021,0,0.15137785060370682,Routine Monitoring,0.15615864759060494,"LEGALZOOM.COM, INC.",Technology / Software / Electronics,-0.1479376782360715,0.1256383188520121,0.541660963075531,,2022,Routine Monitoring,444
0001286681,2021,0,0.0039471504036867515,Routine Monitoring,0.004458267516345068,DOMINOS PIZZA INC,Consumer / Retail,0.1791005727533539,0.391314594429052,3.517942165884284,0.0582798268135,2022,Routine Monitoring,1657
0001287213,2021,0,0.062402651343904346,Routine Monitoring,0.06995158960463449,"DOUGLAS DYNAMICS, INC",Technology / Software / Electronics,0.0944403300009419,0.1057424241365576,,0.1276652907192275,2022,Routine Monitoring,874
0001288403,2021,0,0.0369738729463635,Routine Monitoring,0.03977379157981324,W&T OFFSHORE INC,Energy / Capital-intensive,0.3398899661296392,0.1120241500427,,0.6097959230773669,2022,Routine Monitoring,1140
0001288469,2021,0,0.021511897282776454,Routine Monitoring,0.023900476252988963,MAXLINEAR INC,Technology / Software / Electronics,0.0731119971133956,0.1601633307438041,0.5342674678974546,0.8646165032720707,2022,Routine Monitoring,1396
0001288847,2021,0,0.11981340645162751,Routine Monitoring,0.13164839427806066,"FIVE9, INC.",Technology / Software / Electronics,-0.0922749843747693,0.0238779420960952,0.8230157040325514,0.4016550626799231,2022,Routine Monitoring,541
0001289308,2021,0,0.10877090589131146,Routine Monitoring,0.11966342372876257,ENERSYS,Technology / Software / Electronics,0.0614332448003898,-0.0175518365935654,0.6003702250627969,0.1273994839371752,2022,Routine Monitoring,580
0001289460,2021,0,0.012661411472733176,Routine Monitoring,0.014081416766040149,"TEXAS ROADHOUSE, INC.",Consumer / Retail,0.0857957947381396,0.1866381204736396,0.5726494773785487,0.4444405061792076,2022,Routine Monitoring,1546
0001290677,2021,0,0.06790686088816056,Routine Monitoring,0.07505178893575165,"TURNING POINT BRANDS, INC.",Industrial / Manufacturing,0.2027539390891887,0.1134001595850787,0.7777179333732296,0.0996270158055445,2022,Routine Monitoring,831
0001290900,2021,0,0.17588905864660273,Routine Monitoring,0.19205450410865219,"COMMERCIAL VEHICLE GROUP, INC.",Industrial / Manufacturing,0.0510314148735356,-0.0587599198728365,0.7505323098801835,0.3537402169990484,2022,Routine Monitoring,390
0001294133,2021,1,0.18758955269533728,Routine Monitoring,0.20456342735579258,INOGEN INC,Industrial / Manufacturing,0.0258098395823498,0.0482785952569186,0.2436830073971477,0.1605124365046177,2022,Routine Monitoring,353
0001295947,2021,0,0.027134807923178517,Routine Monitoring,0.03012850418754717,PRESTIGE CONSUMER HEALTHCARE INC.,Industrial / Manufacturing,0.3035658421143675,0.0708102937847227,0.570212993174836,0.1520588531480391,2022,Routine Monitoring,1302
0001296445,2021,0,0.08169962496548258,Routine Monitoring,0.09015541259064577,"ORMAT TECHNOLOGIES, INC.",Energy / Capital-intensive,0.2554080629301868,0.0584818868431006,0.5463316581097857,-0.059911362147724,2022,Routine Monitoring,713
0001297184,2021,0,0.045133602725082184,Routine Monitoring,0.050010969106897576,"AMPHASTAR PHARMACEUTICALS, INC.",Industrial / Manufacturing,0.1596439209809762,0.1459266837321992,0.3365558300535047,0.2513162934548343,2022,Routine Monitoring,1034
0001297989,2021,0,0.027281457071875827,Routine Monitoring,0.030290828911527262,"EXLSERVICE HOLDINGS, INC.",Technology / Software / Electronics,0.1388951013683592,0.143726264786765,0.4596976858751707,0.1709653455532671,2022,Routine Monitoring,1300
0001299130,2021,1,0.7525946599891219,High Review Priority,0.7498768210330232,"PACIFIC BIOSCIENCES OF CALIFORNIA, INC.",Industrial / Manufacturing,-1.6123681165860873,-0.0553969416583207,0.6058800081715222,,2022,High Review Priority,67
0001300699,2021,1,0.9709768799280595,High Review Priority,0.9727007973301515,"ATHENEX, INC.",Industrial / Manufacturing,-1.5343024271723484,-0.5170014357931262,0.8711824354640902,-0.1676697301078322,2022,High Review Priority,2
0001301787,2021,0,0.034601086460334995,Routine Monitoring,0.03838601161487235,BLUELINX HOLDINGS INC.,Consumer / Retail,0.1024219707480025,0.1100782266401711,0.724279557388721,0.3809251070600208,2022,Routine Monitoring,1183
0001302028,2021,0,0.10164511692709124,Routine Monitoring,0.11191365225468455,"MANITEX INTERNATIONAL, INC.",Technology / Software / Electronics,-0.0209039467899536,0.0414740648032262,0.6505910165484634,0.2629344827997946,2022,Routine Monitoring,609
0001305168,2021,0,0.07369930052979329,Routine Monitoring,0.08140046459048347,"ARC DOCUMENT SOLUTIONS, INC.",Technology / Software / Electronics,0.055578822077235,0.1104170074598995,0.5092824360569014,-0.0596233767579723,2022,Routine Monitoring,786
0001306830,2021,0,0.008462040086189114,Routine Monitoring,0.009552184298267232,CELANESE CORP,Industrial / Manufacturing,0.2279489281949162,0.1467223382045929,,0.5096374889478337,2022,Routine Monitoring,1598
0001307954,2021,0,0.022298458785370047,Routine Monitoring,0.02477216274425322,HUNTSMAN CORP,Industrial / Manufacturing,0.0940494498994439,0.1013628620102214,0.5145868824531517,0.4046194749086076,2022,Routine Monitoring,1381
0001309108,2021,0,0.041037746811437015,Routine Monitoring,0.04549358230287648,WEX INC.,Technology / Software / Electronics,0.1848107203186958,0.0145920743025885,0.7969424734748654,0.1863444943133045,2022,Routine Monitoring,1091
0001309402,2021,0,0.08976763759270416,Routine Monitoring,0.09896845851750222,GREEN PLAINS INC.,Industrial / Manufacturing,0.0090224563945262,0.0019659637319973,0.4897481427291521,0.4696366777060474,2022,Routine Monitoring,664
0001313275,2021,0,0.12215428770797844,Routine Monitoring,0.13418525322799146,BRIGHTCOVE INC,Technology / Software / Electronics,0.035879920224735,0.0903736349021564,0.5553153352920525,0.0696214397551595,2022,Routine Monitoring,529
0001314727,2021,0,0.02340712260561312,Routine Monitoring,0.026000546638303142,SONOS INC,Technology / Software / Electronics,0.0902662249001598,0.2223613545438899,0.5003161211235647,0.2943585598735758,2022,Routine Monitoring,1362
0001315098,2021,0,0.08826814166295534,Routine Monitoring,0.09127017788125326,ROBLOX CORP,Technology / Software / Electronics,-0.2579735835233883,0.1445225580165399,0.8699900188484136,,2022,Routine Monitoring,674
0001315257,2021,0,0.07580515841894081,Routine Monitoring,0.08370648766767008,KOPPERS HOLDINGS INC.,Industrial / Manufacturing,0.0932324556177767,0.0619772549491545,0.7528130453095854,0.0056916901324066,2022,Routine Monitoring,766
0001316835,2021,0,0.0045841252962594645,Routine Monitoring,0.004723937813369892,"BUILDERS FIRSTSOURCE, INC.",Consumer / Retail,0.1200081070256063,0.1627303699349554,0.5517708365319274,1.3243543484808864,2022,Routine Monitoring,1649
0001317630,2021,0,0.02593915128868457,Routine Monitoring,0.02740425444872267,ITC HOLDINGS CORP.,Energy / Capital-intensive,0.5552260934025204,0.0685889034512887,0.7838357361293141,0.0392912172573189,2022,Routine Monitoring,1324
0001317945,2021,0,0.016338204320437616,Routine Monitoring,0.018162984319102522,"OMEGA FLEX, INC.",Industrial / Manufacturing,0.2696848728184538,0.282843164820334,0.3191137603329022,0.2288838897500851,2022,Routine Monitoring,1492
0001318008,2021,1,0.03152149787595369,Routine Monitoring,0.03498176125181459,ZUMIEZ INC,Consumer / Retail,0.1333004467562657,0.1565523449789562,0.4567152197417205,0.1950382172548987,2022,Routine Monitoring,1230
0001318220,2021,0,0.05344899506093448,Routine Monitoring,0.0591692820835586,"WASTE CONNECTIONS, INC.",Energy / Capital-intensive,0.1690073139911639,0.1155263795921665,0.5242461797761675,0.1295211706227885,2022,Routine Monitoring,956
0001318484,2021,0,0.03188281776686978,Routine Monitoring,0.03538129589813181,CITI TRENDS INC,Consumer / Retail,0.0801910054003902,0.1567828701017878,0.7549854965455408,0.265929523269679,2022,Routine Monitoring,1222
0001318605,2021,0,0.0069967001610161525,Routine Monitoring,0.007786405772113664,"TESLA, INC.",Industrial / Manufacturing,0.1211935417944001,0.1850445027442017,0.4916708245481321,0.7067161339421613,2022,Routine Monitoring,1622
0001319947,2021,0,0.03407346514614331,Routine Monitoring,0.03780293514320381,DESIGNER BRANDS INC.,Consumer / Retail,0.0642001161865654,0.0850918826943256,0.7952997914261349,0.4304183210506556,2022,Routine Monitoring,1191
0001320461,2021,1,0.27324852435163016,Medium Review Priority,0.29515723694736196,COOPER-STANDARD HOLDINGS INC.,Industrial / Manufacturing,-0.0897317001052703,-0.0518797948163322,0.8511740212073426,-0.0190482685516235,2022,Medium Review Priority,254
0001320695,2021,1,0.08281354068191289,Routine Monitoring,0.09137314540069338,"TREEHOUSE FOODS, INC.",Industrial / Manufacturing,0.0049218966632775,0.0623967735740349,0.6455924716727482,-0.0050808101708164,2022,Routine Monitoring,705
0001320854,2021,0,0.5058140777675,High Review Priority,0.5227795819268939,"FREIGHTCAR AMERICA, INC.",Industrial / Manufacturing,-0.1121004678650578,-0.2760684527369134,1.0082526013634732,0.8723431722408181,2022,High Review Priority,128
0001321655,2021,0,0.2911445698653697,Medium Review Priority,0.30535888758835217,PALANTIR TECHNOLOGIES INC.,Technology / Software / Electronics,-0.2665859864101761,0.1028040462516743,0.2945141572618516,0.4111165920636823,2022,Medium Review Priority,240
0001321732,2021,0,0.15037600294888423,Routine Monitoring,0.16466513769812471,PENUMBRA INC,Industrial / Manufacturing,-0.0100335745528966,0.0076367289531846,0.2333317259393209,0.3340006994853786,2022,Routine Monitoring,448
0001323468,2021,0,0.02996158485666446,Routine Monitoring,0.03179746899205651,GLOBAL PARTNERS LP,Consumer / Retail,0.0107348298952384,0.0177375744613966,0.8135866330644805,0.5920350163472188,2022,Routine Monitoring,1261
0001323885,2021,1,0.158867410275239,Routine Monitoring,0.17379836755176373,"ATRICURE, INC.",Industrial / Manufacturing,0.2012364715360023,-0.0223951426268299,0.2138037288400031,0.3282703322987832,2022,Routine Monitoring,426
0001324272,2021,0,0.018822035991052883,Routine Monitoring,0.020027443011446378,"RUTHS HOSPITALITY GROUP, INC.",Consumer / Retail,0.1158502340820697,0.1518548301332701,0.747730787959976,0.5450084249031497,2022,Routine Monitoring,1450
0001324404,2021,0,0.003258058575281649,Routine Monitoring,0.003680274775635336,"CF INDUSTRIES HOLDINGS, INC.",Industrial / Manufacturing,0.2644539614561028,0.2321616161616161,,0.5853540252182348,2022,Routine Monitoring,1668
0001324948,2021,0,0.02128661052572061,Routine Monitoring,0.023650779349230135,RBC BEARINGS INC,Technology / Software / Electronics,0.1379339234752692,0.0372089749963728,0.5104968261761578,0.5483772972688938,2022,Routine Monitoring,1403
0001325702,2021,1,0.05389518281219109,Routine Monitoring,0.05966021252013902,MAGNACHIP SEMICONDUCTOR CORP,Technology / Software / Electronics,0.1758787929907428,0.1503339307192275,0.2242630051366049,-0.0647439449847059,2022,Routine Monitoring,950
0001326380,2021,0,0.34503274726484723,Medium Review Priority,0.3697686139569345,GAMESTOP CORP.,Consumer / Retail,-0.0613073352521336,-0.1241105363929928,0.5420512673963364,0.180930488427836,2022,Medium Review Priority,195
0001326732,2021,1,0.11552252214834373,Routine Monitoring,0.11933017146678693,XENCOR INC,Industrial / Manufacturing,0.1590885133636968,-0.0201059160521634,0.1249172344433561,1.2422530849104274,2022,Routine Monitoring,556
0001326801,2021,0,0.0008693059016722847,Routine Monitoring,0.0009680972182054794,"META PLATFORMS, INC.",Technology / Software / Electronics,0.3964504066005817,0.347515166850416,0.247657949116497,0.3718257430349561,2022,Routine Monitoring,1690
0001327318,2021,1,0.3740825473897276,Medium Review Priority,0.3996303168460727,"TRUECAR, INC.",Technology / Software / Electronics,-0.1444898100113078,0.0366136146722728,0.1493125596512498,-0.1685816605544751,2022,High Review Priority,182
0001327567,2021,0,0.02895839803523818,Routine Monitoring,0.03260221788253928,PALO ALTO NETWORKS INC,Technology / Software / Electronics,-0.0714503888536453,0.1467544133729104,,0.2487090717051989,2022,Routine Monitoring,1274
0001327688,2021,0,0.17476754514302542,Routine Monitoring,0.19085378648299817,OOMA INC,Technology / Software / Electronics,-0.0100369233969525,0.0609136591214886,0.5326810247773517,0.1381675910196689,2022,Routine Monitoring,394
0001327811,2021,0,0.026753782285957817,Routine Monitoring,0.02970672483714741,"WORKDAY, INC.",Technology / Software / Electronics,-0.0226609413329731,0.1572322916453342,0.5680259236910398,0.1900886429723418,2022,Routine Monitoring,1309
0001328581,2021,0,0.00858468220699448,Routine Monitoring,0.009690471694572553,BOISE CASCADE CO,Consumer / Retail,0.1226077959291763,0.2592605261521239,,0.4477343439203132,2022,Routine Monitoring,1595
0001333274,2021,0,0.0416407594534987,Routine Monitoring,0.04615891786068541,MERCER INTERNATIONAL INC.,Industrial / Manufacturing,0.1921985520627975,0.0774972439980401,0.7048253851597801,0.2670959989881529,2022,Routine Monitoring,1077
0001333835,2021,1,0.1701418446679321,Routine Monitoring,0.18589823109630174,CASA SYSTEMS INC,Technology / Software / Electronics,0.0454868248925434,0.071682308990478,0.8252234338296633,0.0205443920599319,2022,Routine Monitoring,404
0001334036,2021,0,0.0020120539583946308,Routine Monitoring,0.0022404204171370666,"CROCS, INC.",Industrial / Manufacturing,0.2952620713265578,0.3670809310658172,0.9908858380343132,0.6691903249104767,2022,Routine Monitoring,1681
0001334978,2021,0,0.07525669147997553,Routine Monitoring,0.08422092402639136,"CLEAR CHANNEL OUTDOOR HOLDINGS, INC.",Technology / Software / Electronics,-0.0072267502202025,-0.025190801522072,1.602709197628768,0.2084052263335432,2022,Routine Monitoring,767
0001336047,2021,0,0.0486422629368911,Routine Monitoring,0.054623566159081545,"BOARDWALK PIPELINE PARTNERS, LP",Energy / Capital-intensive,0.348556077904634,0.0674389695008251,,0.032752774352651,2022,Routine Monitoring,999
0001336917,2021,0,0.0365925372028635,Routine Monitoring,0.04058614394933402,"UNDER ARMOUR, INC.",Industrial / Manufacturing,0.0855622255855845,0.1331950019593717,0.5814810125263553,0.2701427838093873,2022,Routine Monitoring,1146
0001336920,2021,0,0.0355538241252713,Routine Monitoring,0.03943870931750382,"LEIDOS HOLDINGS, INC.",Technology / Software / Electronics,0.0838611050447696,0.0777467762612171,0.6724228942010406,0.1171017321297878,2022,Routine Monitoring,1160
0001337013,2021,0,0.06226278194988925,Routine Monitoring,0.06444287983321079,"INFUSYSTEM HOLDINGS, INC",Industrial / Manufacturing,0.0275439042019104,0.1876908572951038,0.5053388805771319,,2022,Routine Monitoring,875
0001337298,2021,0,0.07196985837454974,Routine Monitoring,0.07950581663802662,FUTUREFUEL CORP.,Industrial / Manufacturing,0.0401324264280335,0.1280283449016931,0.1608979757790491,0.5715312584044401,2022,Routine Monitoring,797
0001337619,2021,0,0.0472714875143259,Routine Monitoring,0.052367214297085976,"ENVESTNET, INC.",Technology / Software / Electronics,0.0341680734452182,0.1118057346525181,0.5718589565684536,0.1886208589202889,2022,Routine Monitoring,1013
0001338065,2021,0,0.05703377746381761,Routine Monitoring,0.06311213912007783,"DCP MIDSTREAM, LP",Energy / Capital-intensive,0.0154104791258055,0.0482810164424514,0.5608370702541106,0.6989844493811488,2022,Routine Monitoring,918
0001339605,2021,0,0.03576441248998394,Routine Monitoring,0.03967136168173249,"H&E EQUIPMENT SERVICES, INC.",Technology / Software / Electronics,0.124501668710017,0.124767417771277,0.8541746076684482,-0.0909427603667716,2022,Routine Monitoring,1157
0001340122,2021,0,0.07877395571394188,Routine Monitoring,0.086955613927582,"CALUMET SPECIALTY PRODUCTS PARTNERS, L.P.",Industrial / Manufacturing,-0.0271918678526048,-0.020677663424033,1.1809765496498896,0.3878846662551802,2022,Routine Monitoring,739
0001340476,2021,1,0.8387224262004701,High Review Priority,0.8527694104254111,DIRTT ENVIRONMENTAL SOLUTIONS LTD,Technology / Software / Electronics,-0.4196540486337428,-0.1564889515089827,0.660216908428141,-0.1394345420303544,2022,High Review Priority,40
0001341439,2021,0,0.00894362968982842,Routine Monitoring,0.010095184257929345,ORACLE CORP,Technology / Software / Electronics,0.3758245015934188,0.1211758334795243,,0.0361165147947168,2022,Routine Monitoring,1591
0001341766,2021,0,0.46998640197652003,High Review Priority,0.4775114296866114,"CELSIUS HOLDINGS, INC.",Industrial / Manufacturing,-0.013012682448939,-0.3075817066379301,0.3088138222257453,1.4040519491423638,2022,High Review Priority,138
0001345126,2021,0,0.07719119279066457,Routine Monitoring,0.08522366920174562,COMPASS DIVERSIFIED HOLDINGS,Industrial / Manufacturing,0.075748180453806,0.0426335472786769,0.5914683927320283,0.1799838155459177,2022,Routine Monitoring,749
0001347178,2021,0,0.07707854275985596,Routine Monitoring,0.08510037788344477,VANDA PHARMACEUTICALS INC.,Industrial / Manufacturing,0.1569327308863266,0.1081422450959258,0.149655098081483,0.0826617452693336,2022,Routine Monitoring,751
0001349436,2021,0,0.02202881002818427,Routine Monitoring,0.022390112845198817,SANDRIDGE ENERGY INC,Energy / Capital-intensive,0.6755426866095854,0.312429160810627,0.3048635353855918,0.4688456721402727,2022,Routine Monitoring,1386
0001350593,2021,0,0.05113748607563433,Routine Monitoring,0.056625187056382496,"MUELLER WATER PRODUCTS, INC.",Industrial / Manufacturing,0.1185418541854185,0.103227931488801,0.5422266139657445,0.1523700860906545,2022,Routine Monitoring,981
0001350653,2021,1,0.6608702512906521,High Review Priority,0.6877141610503957,"ALPHATEC HOLDINGS, INC.",Industrial / Manufacturing,-0.5265241846619411,-0.1283657283503451,,0.6789335984150324,2022,High Review Priority,89
0001352010,2021,0,0.02118044770106212,Routine Monitoring,0.023533109202853418,"EPAM SYSTEMS, INC.",Technology / Software / Electronics,0.1443042097375725,0.1624439753669008,0.2916048270520179,0.4131134004492611,2022,Routine Monitoring,1407
0001352081,2021,0,0.01833762633519496,Routine Monitoring,0.020673492227138816,CARDINAL ETHANOL LLC,Industrial / Manufacturing,0.067943390679742,0.2115859513946146,,0.650884847876803,2022,Routine Monitoring,1457
0001353283,2021,0,0.21780855289672402,Routine Monitoring,0.23672003561199043,SPLUNK INC,Technology / Software / Electronics,-0.4289353486451551,0.0221120297019017,0.9615306840503378,0.1992832103921036,2022,Routine Monitoring,307
0001354327,2021,0,0.08119317683063972,Routine Monitoring,0.0896016623056477,"PGT INNOVATIONS, INC.",Industrial / Manufacturing,0.0864908425917635,0.0435975380149389,0.6125180575239112,0.3159260883210346,2022,Routine Monitoring,718
0001355096,2021,1,0.04570833099946677,Routine Monitoring,0.05064451133102725,"QURATE RETAIL, INC.",Consumer / Retail,0.0773996012532042,0.0753892547233675,0.8135269862760786,-0.0093813923961345,2022,Routine Monitoring,1030
0001356576,2021,0,0.08299651060481163,Routine Monitoring,0.09157313891229685,"SUPERNUS PHARMACEUTICALS, INC.",Industrial / Manufacturing,0.1483834246043724,0.0752608409426742,0.5170055743947258,0.1141013495465961,2022,Routine Monitoring,703
0001357615,2021,0,0.06003624844760901,Routine Monitoring,0.06641206138119148,"KBR, INC.",Industrial / Manufacturing,0.0314756778852704,0.0448459428940151,0.7256009033715115,0.2725853996878793,2022,Routine Monitoring,889
0001357971,2021,0,0.23893730990310322,Routine Monitoring,0.2590756930958771,ENERGY SERVICES OF AMERICA CORP,Industrial / Manufacturing,-0.0072887435552837,0.0113855260901579,0.5063941165483216,0.0274457936125207,2022,Routine Monitoring,283
0001358190,2021,1,0.12820575090565503,Routine Monitoring,0.1407371718649855,"IT TECH PACKAGING, INC.",Industrial / Manufacturing,0.0090710678627752,-0.0100857803741584,0.1067558425707239,0.5937835339967046,2022,Routine Monitoring,511
0001359687,2021,0,0.03512103017312657,Routine Monitoring,0.03690104407658,"RED TRAIL ENERGY, LLC",Industrial / Manufacturing,0.0985002587781892,0.222963649285732,,,2022,Routine Monitoring,1168
0001359841,2021,0,0.04370385454084303,Routine Monitoring,0.048434552211089985,HANESBRANDS INC.,Consumer / Retail,0.1172915527168575,0.0881587558736301,0.9006576599151855,0.0205406378716603,2022,Routine Monitoring,1055
0001361113,2021,0,0.2849814168736633,Medium Review Priority,0.3105380773832146,VARONIS SYSTEMS INC,Technology / Software / Electronics,-0.2529746189770694,0.0064752010983846,,0.3329301750322013,2022,Medium Review Priority,247
0001361538,2021,0,0.12472929898619199,Routine Monitoring,0.136974304802819,PRIMORIS SERVICES CORP,Industrial / Manufacturing,0.0486474849269448,0.0313553860750112,0.6107244565877687,0.0017571259548554,2022,Routine Monitoring,521
0001364885,2021,1,0.12886488521374748,Routine Monitoring,0.14322567454951787,"SPIRIT AEROSYSTEMS HOLDINGS, INC.",Industrial / Manufacturing,-0.1161649380217556,-0.0081682240574877,,0.1610079887218045,2022,Routine Monitoring,509
0001365135,2021,0,0.01805919778850926,Routine Monitoring,0.020072269704406086,WESTERN UNION CO,Technology / Software / Electronics,0.221483789540112,0.1184677282257607,0.959698532328441,0.0487693898655636,2022,Routine Monitoring,1461
0001365916,2021,1,0.6657087298611254,High Review Priority,0.689241550564454,"AMYRIS, INC.",Industrial / Manufacturing,-0.5196523285851786,-0.1900171644496792,0.7074205332087042,0.9742573799938776,2022,High Review Priority,85
0001366561,2021,0,0.3445226523269623,Medium Review Priority,0.36924256588523435,SMARTSHEET INC,Technology / Software / Electronics,-0.3086894007610306,-0.0035020821034829,0.4966464971201557,0.4288285998137546,2022,Medium Review Priority,196
0001367644,2021,1,0.05664615858429127,Routine Monitoring,0.06268595605609134,EMERGENT BIOSOLUTIONS INC.,Industrial / Manufacturing,0.1966865621687956,0.1085163906725245,0.4528556944913822,0.1525652565256525,2022,Routine Monitoring,923
0001368265,2021,0,0.5956840151089726,High Review Priority,0.6213424053407126,CLEAN ENERGY FUELS CORP.,Energy / Capital-intensive,-0.3717953732896271,0.043150448765503,0.210704546166947,-0.1236716896792858,2022,High Review Priority,109
0001368458,2021,0,0.030052820485825252,Routine Monitoring,0.03335741326681416,"SALLY BEAUTY HOLDINGS, INC.",Consumer / Retail,0.1079853739241604,0.1341209329247818,0.9013951583558472,0.1026275278644863,2022,Routine Monitoring,1258
0001368622,2021,1,0.08238459196090901,Routine Monitoring,0.0921132945736916,AEROVIRONMENT INC,Industrial / Manufacturing,0.1096775990600437,0.093188852488676,,0.0751873148632165,2022,Routine Monitoring,709
0001369568,2021,0,0.023248889984339296,Routine Monitoring,0.025825246027841194,"CATALYST PHARMACEUTICALS, INC.",Industrial / Manufacturing,0.3719653774328459,0.2538900196813968,0.1301873938129762,0.1827469955502769,2022,Routine Monitoring,1365
0001370637,2021,0,0.03174312780572165,Routine Monitoring,0.03522683560236675,ETSY INC,Technology / Software / Electronics,0.1999610152186625,0.1700374418453529,0.8359471988295868,0.3497219847881203,2022,Routine Monitoring,1224
0001370946,2021,0,0.020021042497046507,Routine Monitoring,0.022566414258600224,OWENS CORNING,Industrial / Manufacturing,0.1692162861849847,0.1500748876684972,,0.2045357902197022,2022,Routine Monitoring,1425
0001371451,2021,0,0.030289015921071107,Routine Monitoring,0.03183221170818099,HIGHWATER ETHANOL LLC,Industrial / Manufacturing,0.0775629039503234,0.259550208456797,,,2022,Routine Monitoring,1252
0001372020,2021,1,0.10882741278629354,Routine Monitoring,0.11972482915579223,GREAT LAKES DREDGE & DOCK CORP,Industrial / Manufacturing,0.1148937752444746,0.0491214529854561,0.6000711658163521,-0.010158110471496,2022,Routine Monitoring,579
0001372612,2021,0,0.04446112252666479,Routine Monitoring,0.04926956702093408,BOX INC,Technology / Software / Electronics,-0.0315966932469588,0.1686900012859112,0.9333387930681484,0.13436174215395,2022,Routine Monitoring,1042
0001373715,2021,0,0.01267043676143616,Routine Monitoring,0.014091439814475365,"SERVICENOW, INC.",Technology / Software / Electronics,0.0435888738127544,0.2029079459159103,0.6578070012965364,0.3045737079719719,2022,Routine Monitoring,1545
0001374535,2021,0,0.05956582600104956,Routine Monitoring,0.0667960377917358,ALTRA INDUSTRIAL MOTION CORP.,Technology / Software / Electronics,0.0512685545846931,0.0525347407156345,,0.1006952491309385,2022,Routine Monitoring,896
0001375365,2021,0,0.07600254483100956,Routine Monitoring,0.08392257983033224,"SUPER MICRO COMPUTER, INC.",Technology / Software / Electronics,0.0348418039805229,0.0548425398445291,0.510965385706461,0.0653257392833965,2022,Routine Monitoring,764
0001376139,2021,0,0.020280791127646,Routine Monitoring,0.021845268776815786,CVR ENERGY INC,Industrial / Manufacturing,0.012013256006628,0.1013824884792626,,0.8427480916030534,2022,Routine Monitoring,1421
0001376339,2021,1,0.3871382970419614,Medium Review Priority,0.41298938800224183,"MIMEDX GROUP, INC.",Industrial / Manufacturing,-0.0194690949867563,-0.0105465361918596,0.5073884286086767,0.0418194123286899,2022,High Review Priority,176
0001376986,2021,0,0.0426745180988062,Routine Monitoring,0.04795898958131564,TENNESSEE VALLEY AUTHORITY,Energy / Capital-intensive,0.2708749880986384,0.0620710690864724,,0.0247829056493316,2022,Routine Monitoring,1062
0001377630,2021,0,0.6468134958467525,High Review Priority,0.6551612997002062,"NATIONAL CINEMEDIA, INC.",Technology / Software / Electronics,-0.5986038394415357,-0.1164668460973819,1.4691705407389284,,2022,High Review Priority,95
0001377789,2021,0,0.10717690999556466,Routine Monitoring,0.11793092445690181,"AVIAT NETWORKS, INC.",Technology / Software / Electronics,0.080789782875185,0.0581146502806959,0.3840646659029137,0.1519807913108337,2022,Routine Monitoring,585
0001378453,2021,0,0.03796842961500005,Routine Monitoring,0.04210563462118744,TRAVELCENTERS OF AMERICA INC. /MD/,Consumer / Retail,0.0167715164722052,0.0440247843737254,0.7996714266292072,0.5139884404514452,2022,Routine Monitoring,1128
0001378950,2021,0,0.30312768240092164,Medium Review Priority,0.32635626252046246,"CARPARTS.COM, INC.",Consumer / Retail,-0.015642812993613,-0.0296937145188156,0.5939082843253901,0.3121446143587063,2022,Medium Review Priority,226
0001378992,2021,0,0.03775820864802654,Routine Monitoring,0.04187350409959078,"BERRY GLOBAL GROUP, INC.",Industrial / Manufacturing,0.0932851985559566,0.0883570070461917,0.8221675427804496,0.1828507985310445,2022,Routine Monitoring,1130
0001383312,2021,0,0.03132979103293535,Routine Monitoring,0.03476976537514155,"BROADRIDGE FINANCIAL SOLUTIONS, INC.",Technology / Software / Electronics,0.1359112481726976,0.0788319909357373,0.7771866302125668,0.1026054316626186,2022,Routine Monitoring,1234
0001383650,2021,0,0.0191595279207908,Routine Monitoring,0.021597785078247198,"CHENIERE ENERGY PARTNERS, L.P.",Energy / Capital-intensive,0.2710409158363366,0.1183490029961772,,0.5297551483703584,2022,Routine Monitoring,1441
0001384195,2021,0,0.05979157118246308,Routine Monitoring,0.061681585596162436,"RING ENERGY, INC.",Energy / Capital-intensive,0.4877938758111916,0.1063077291100684,0.5605919950614167,0.7368345615291352,2022,Routine Monitoring,892
0001384905,2021,0,0.10473853052076336,Routine Monitoring,0.1152794711942433,"RINGCENTRAL, INC.",Technology / Software / Electronics,-0.1892367098624615,0.0589952303939568,0.7912338665681287,0.3473109186191607,2022,Routine Monitoring,598
0001385157,2021,0,0.016008004291880356,Routine Monitoring,0.017796572164719988,TE CONNECTIVITY LTD.,Consumer / Retail,0.1631039335254305,0.12468549063461,0.4992079023390178,0.2260105159382188,2022,Routine Monitoring,1496
0001387467,2021,0,0.0306445832995109,Routine Monitoring,0.03401196428830741,ALPHA & OMEGA SEMICONDUCTOR LTD,Technology / Software / Electronics,0.0975427080447311,0.1401565253931914,0.437905316180641,0.4129689896302286,2022,Routine Monitoring,1243
0001388658,2021,1,0.6293266226189252,High Review Priority,0.6540897942561102,"IRHYTHM TECHNOLOGIES, INC.",Industrial / Manufacturing,-0.3095887864942306,-0.081545768920895,0.39625286467502,0.2174449212945852,2022,High Review Priority,98
0001389170,2021,0,0.018475473768226485,Routine Monitoring,0.0199035169022857,TARGA RESOURCES CORP.,Energy / Capital-intensive,0.0510212509882122,0.151424889204508,,1.051959371935644,2022,Routine Monitoring,1455
0001391127,2021,1,0.4002335164700921,High Review Priority,0.42635072125995016,"LIMELIGHT NETWORKS, INC.",Technology / Software / Electronics,-0.2177549051141846,4.500146254753279e-05,0.5449098524273468,-0.0545800498709784,2022,High Review Priority,168
0001392972,2021,1,0.48809880898732755,High Review Priority,0.515026114015303,"PROS HOLDINGS, INC.",Technology / Software / Electronics,-0.2956889385617067,-0.0375240402602313,0.9927520258532648,-0.0039655500269387,2022,High Review Priority,132
0001393052,2021,0,0.01365223469133048,Routine Monitoring,0.015181654334175386,VEEVA SYSTEMS INC,Technology / Software / Electronics,0.2731263680065183,0.2003065664168281,0.2370853656459577,0.2632695115383643,2022,Routine Monitoring,1533
0001393584,2021,1,0.8552915268930292,High Review Priority,0.8627222096946778,AMERICAN WELL CORP,Technology / Software / Electronics,-0.7086779883618354,-0.0978928453849537,0.1279266804810504,0.0306770228120605,2022,High Review Priority,34
0001393883,2021,0,0.10497037426162534,Routine Monitoring,0.11553163675160122,"DHI GROUP, INC.",Technology / Software / Electronics,-0.0146118112140647,0.1289884374802552,0.4748485860509617,-0.124015546691214,2022,Routine Monitoring,594
0001395942,2021,0,0.04337521597795128,Routine Monitoring,0.04874203847153663,"KAR AUCTION SERVICES, INC.",Consumer / Retail,0.0935334872979214,0.0557083535565981,,0.0292087580564062,2022,Routine Monitoring,1058
0001396009,2021,0,0.06929067957366933,Routine Monitoring,0.07656924754718007,VULCAN MATERIALS CO,Energy / Capital-intensive,0.1820539605921977,0.0739552424246853,0.5199961995527166,0.1431745753296494,2022,Routine Monitoring,818
0001396033,2021,1,0.11098101752344297,Routine Monitoring,0.1220645469190382,"LL FLOORING HOLDINGS, INC.",Consumer / Retail,0.0457207222843178,0.0638232556297161,0.550875403537264,0.0497785373443795,2022,Routine Monitoring,569
0001396814,2021,0,0.05669615076259384,Routine Monitoring,0.0627409240514237,"PACIRA BIOSCIENCES, INC.",Industrial / Manufacturing,0.1660545156066204,0.0605762007716277,0.6480560174582348,0.2604137815462461,2022,Routine Monitoring,922
0001397047,2021,1,0.48233358084673195,High Review Priority,0.4976674959015238,"FLEXSHOPPER, INC.",Technology / Software / Electronics,0.0587180856371666,-0.13271734622257,0.8096541958610224,0.2286560525722833,2022,High Review Priority,134
0001397187,2021,0,0.005167435201640264,Routine Monitoring,0.005751870730840085,LULULEMON ATHLETICA INC.,Industrial / Manufacturing,0.2131111749368708,0.2810549687828656,0.4456129091520488,0.4213514274245158,2022,Routine Monitoring,1644
0001397702,2021,1,0.9122054687435445,High Review Priority,0.9151038649602552,SILK ROAD MEDICAL INC,Industrial / Manufacturing,-0.467780241438778,-0.2485873902633679,0.4940782122905028,,2022,High Review Priority,19
0001399520,2021,0,0.02383235862601912,Routine Monitoring,0.026471620169841514,"ONE GROUP HOSPITALITY, INC.",Consumer / Retail,0.0699370079876469,0.1347314377705745,0.7366589074771032,0.9527415934565284,2022,Routine Monitoring,1360
0001401257,2021,0,0.2334497841898496,Routine Monitoring,0.2532795822372353,"FORUM ENERGY TECHNOLOGIES, INC.",Technology / Software / Electronics,-0.0822318082015569,-0.0199346421747525,0.5840881749345411,0.0557918809856461,2022,Routine Monitoring,289
0001401667,2021,0,0.11722403409344803,Routine Monitoring,0.1288406875625475,"PUMA BIOTECHNOLOGY, INC.",Industrial / Manufacturing,0.0050956923623866,0.0911357768607807,1.0107950658693206,0.1245835369374972,2022,Routine Monitoring,552
0001401708,2021,1,0.8846331945518806,High Review Priority,0.8951811747895292,NANOSTRING TECHNOLOGIES INC,Industrial / Manufacturing,-0.7459489264913671,-0.1888479418371113,0.6309301098479397,0.2367025810631116,2022,High Review Priority,24
0001402057,2021,0,0.04526818104247261,Routine Monitoring,0.050856768805449024,CDW CORP,Consumer / Retail,0.0681530008453085,0.0594420958528418,,0.1274292676323269,2022,Routine Monitoring,1032
0001402436,2021,0,0.018726927674172583,Routine Monitoring,0.02081285428592637,SS&C TECHNOLOGIES HOLDINGS INC,Technology / Software / Electronics,0.2459512967729162,0.0824438931517913,0.6409623261985807,0.0820711669058891,2022,Routine Monitoring,1451
0001402829,2021,0,0.2821238653089017,Medium Review Priority,0.3044460867272208,ORION GROUP HOLDINGS INC,Industrial / Manufacturing,-0.0154932153784754,0.0001961620469083,0.5789680170575693,-0.1529448884556766,2022,Medium Review Priority,248
0001403161,2021,0,0.0030759434553533226,Routine Monitoring,0.0032539938453241763,VISA INC.,Technology / Software / Electronics,0.6556316116988177,0.1836879945956379,0.5465523065045358,0.1034056577863224,2022,Routine Monitoring,1670
0001403431,2021,0,0.06950485898476527,Routine Monitoring,0.0768040686108044,"HERITAGE-CRYSTAL CLEAN, INC.",Energy / Capital-intensive,0.1610547722447965,0.1728093018312126,0.3507698381365969,0.2694487758374779,2022,Routine Monitoring,814
0001403568,2021,0,0.006658934500322163,Routine Monitoring,0.007410801590402873,"ULTA BEAUTY, INC.",Consumer / Retail,0.150331211535683,0.2223301294880193,0.6777391135339988,0.4029510628575998,2022,Routine Monitoring,1629
0001404655,2021,0,0.04478500213858093,Routine Monitoring,0.04962665484934505,HUBSPOT INC,Technology / Software / Electronics,-0.0421317517748708,0.1097673682923083,0.5982263637007358,0.4729554962141544,2022,Routine Monitoring,1038
0001408075,2021,0,0.0573106171259057,Routine Monitoring,0.0642857997336202,GRAPHIC PACKAGING HOLDING CO,Industrial / Manufacturing,0.0568753493571827,0.0582385005259634,,0.0908702876568241,2022,Routine Monitoring,916
0001408198,2021,0,0.0062990012209879764,Routine Monitoring,0.006662370876747667,MSCI INC.,Technology / Software / Electronics,0.524933644687856,0.1699871956050653,1.0296850946927771,0.2053533405293177,2022,Routine Monitoring,1633
0001408710,2021,0,0.07040018097055024,Routine Monitoring,0.07778555481537815,FABRINET,Technology / Software / Electronics,0.0802155000399074,0.0734257685991527,0.3116113758738511,0.1446636570278638,2022,Routine Monitoring,807
0001409171,2021,0,0.034831216355196794,Routine Monitoring,0.03918419020244936,TITAN MACHINERY INC.,Consumer / Retail,0.0526792943070472,0.16786895497572,,0.2130664062776799,2022,Routine Monitoring,1175
0001410384,2021,0,0.1944901852847621,Routine Monitoring,0.21192557706723816,"Q2 HOLDINGS, INC.",Technology / Software / Electronics,-0.1563903593198588,0.0223277944037919,0.58824731326419,0.2382837038269303,2022,Routine Monitoring,337
0001411207,2021,0,0.012231505005012952,Routine Monitoring,0.013603959663050025,ALLISON TRANSMISSION HOLDINGS INC,Industrial / Manufacturing,0.2785179017485429,0.1424725151447161,0.857751851020866,0.1542527630946659,2022,Routine Monitoring,1557
0001411688,2021,0,0.08328390730438516,Routine Monitoring,0.0918872584557029,"CONTAINER STORE GROUP, INC.",Consumer / Retail,0.1146621162780282,0.0475877542738379,0.6425315449445005,0.1050724784059597,2022,Routine Monitoring,700
0001412408,2021,1,0.8471787481689668,High Review Priority,0.8606116070341702,"PHREESIA, INC.",Technology / Software / Electronics,-0.547837342250027,-0.151089233855637,0.1561167781651687,0.4342030038270883,2022,High Review Priority,37
0001413329,2021,0,0.0017343698951039752,Routine Monitoring,0.0019312804332346205,PHILIP MORRIS INTERNATIONAL INC.,Industrial / Manufacturing,0.4131507721700366,0.2898280455316057,1.198789053039477,0.0944796821635185,2022,Routine Monitoring,1684
0001413447,2021,0,0.010454601491996725,Routine Monitoring,0.011798388127160012,NXP SEMICONDUCTORS N.V.,Technology / Software / Electronics,0.2334809726114074,0.1474789110429447,,0.2846028797027404,2022,Routine Monitoring,1577
0001413898,2021,1,0.5086124641283679,High Review Priority,0.5354876251566686,DALLASNEWS CORP,Industrial / Manufacturing,-0.0644538588104214,-0.0546220081174373,0.5962428403444221,0.0004860692551473,2022,High Review Priority,127
0001418100,2021,1,0.10081986271475672,Routine Monitoring,0.11101533060635597,AVAYA HOLDINGS CORP.,Technology / Software / Electronics,0.0605449041372351,0.0050125313283208,0.912781954887218,0.0348068221371389,2022,Routine Monitoring,616
0001418135,2021,0,0.022783472135636803,Routine Monitoring,0.025309588728745374,KEURIG DR PEPPER INC.,Industrial / Manufacturing,0.2281794528108491,0.0568006640578679,0.5064627060358117,0.0916681012222413,2022,Routine Monitoring,1371
0001418819,2021,0,0.043054778919297994,Routine Monitoring,0.047718723666935386,IRIDIUM COMMUNICATIONS INC.,Technology / Software / Electronics,0.0753685923515053,0.0952195913285829,0.5950864485136578,0.0532377849269589,2022,Routine Monitoring,1060
0001419612,2021,0,0.03899437324774795,Routine Monitoring,0.04384399623012178,"SOLAREDGE TECHNOLOGIES, INC.",Technology / Software / Electronics,0.1054751726824399,0.0740403034515189,,0.3457849844203029,2022,Routine Monitoring,1113
0001420800,2021,1,0.04136696902182698,Routine Monitoring,0.045856841740261334,COLFAX CORP,Technology / Software / Electronics,0.0665860987057841,0.041818505298376,0.4525843638748635,0.2551588869107379,2022,Routine Monitoring,1083
0001421517,2021,0,0.17399817807465826,Routine Monitoring,0.18299488861131585,"ENERGY RECOVERY, INC.",Technology / Software / Electronics,0.1331132583923621,0.0632972998268519,0.1633721746455145,-0.126754408081623,2022,Routine Monitoring,395
0001422930,2021,0,0.024481856140501017,Routine Monitoring,0.025374871871745416,"PUBMATIC, INC.",Technology / Software / Electronics,0.2590873834329332,0.1611751769762729,0.5325827176649128,,2022,Routine Monitoring,1346
0001423221,2021,0,0.05306038294366699,Routine Monitoring,0.058741660473319926,QUANEX BUILDING PRODUCTS CORP,Industrial / Manufacturing,0.0763606550955137,0.1095573402776712,0.4147936145920318,0.2590218337124357,2022,Routine Monitoring,962
0001423774,2021,1,0.26549271288332826,Routine Monitoring,0.2870251700273927,ZUORA INC,Technology / Software / Electronics,-0.2773736942590659,0.0423476834099335,0.61335699328275,0.1352825617182895,2022,Medium Review Priority,265
0001423902,2021,0,0.02031236049179315,Routine Monitoring,0.02257082090893473,"WESTERN MIDSTREAM PARTNERS, LP",Energy / Capital-intensive,0.4644417836369608,0.1567319806771513,0.7253846974726248,0.0377130858056287,2022,Routine Monitoring,1420
0001424844,2021,0,0.08672927046682738,Routine Monitoring,0.0969168429632075,"SOUTHWEST IOWA RENEWABLE ENERGY, LLC",Industrial / Manufacturing,0.031675582854501,0.040722130592101,,0.5246659349290583,2022,Routine Monitoring,677
0001424929,2021,0,0.06306563543151525,Routine Monitoring,0.06973929791785988,FOX FACTORY HOLDING CORP,Industrial / Manufacturing,0.1515814463336679,0.0430749824012076,0.4101307027839409,0.4587144631319382,2022,Routine Monitoring,869
0001425292,2021,0,0.014333511957631469,Routine Monitoring,0.01616772996574968,"CVR PARTNERS, LP",Industrial / Manufacturing,0.2525043138977921,0.1674492350881676,,0.5218643646432521,2022,Routine Monitoring,1522
0001428336,2021,0,0.13028094832424078,Routine Monitoring,0.14298194120038787,"HEALTHEQUITY, INC.",Technology / Software / Electronics,-0.0320372847482539,0.0453782978479625,0.4037611253187053,0.0313344329784479,2022,Routine Monitoring,507
0001431695,2021,0,0.34436888463552945,Medium Review Priority,0.35494711817969354,OLO INC.,Technology / Software / Electronics,-0.1872958063306732,0.021502204065217,0.0716069831559673,,2022,Medium Review Priority,197
0001432133,2021,1,0.6539820748974295,High Review Priority,0.6622489191542853,KALTURA INC,Technology / Software / Electronics,-0.1980111019537499,-0.0990178823339737,0.6181071506943792,,2022,High Review Priority,92
0001433195,2021,0,0.12273772546594164,Routine Monitoring,0.13481732873974606,APPFOLIO INC,Technology / Software / Electronics,-0.0330522859448479,0.0867390329324513,0.2711553685263114,0.1590486879789456,2022,Routine Monitoring,526
0001433270,2021,0,0.05783520775568834,Routine Monitoring,0.06399318526819257,ANTERO RESOURCES CORP,Energy / Capital-intensive,0.0051651371856972,0.1194626456334992,0.5634814681767992,0.3229754340222339,2022,Routine Monitoring,913
0001433660,2021,0,0.03650802102227192,Routine Monitoring,0.041061635532214605,JOHN BEAN TECHNOLOGIES CORP,Technology / Software / Electronics,0.0856928758764652,0.1053983375361912,,0.0813172820928347,2022,Routine Monitoring,1147
0001436208,2021,0,0.02834883707690155,Routine Monitoring,0.03147214033080669,LEGACY HOUSING CORP,Industrial / Manufacturing,0.2982982881619385,0.1644434868695574,0.1561989489100464,0.117601457640162,2022,Routine Monitoring,1281
0001437352,2021,0,0.19811221982825833,Routine Monitoring,0.21578533117785298,"EVERBRIDGE, INC.",Technology / Software / Electronics,-0.2069548601781056,0.0150052568770431,0.6871640923181983,0.3588243755094213,2022,Routine Monitoring,332
0001438133,2021,0,0.06270569984708534,Routine Monitoring,0.06934409263444578,TANDEM DIABETES CARE INC,Industrial / Manufacturing,0.0322325444401599,0.1230299943544458,0.5214956409913637,0.4088948138644428,2022,Routine Monitoring,872
0001438533,2021,1,0.6986368069874508,High Review Priority,0.720823714585295,"TRAVERE THERAPEUTICS, INC.",Industrial / Manufacturing,-0.7110862015912788,-0.0190463191752088,0.610997729944517,0.1470797343700365,2022,High Review Priority,77
0001439095,2021,0,0.10345187250699864,Routine Monitoring,0.11535563756177221,MRC GLOBAL INC.,Consumer / Retail,0.0026256564141035,0.0335128665469778,,0.04140625,2022,Routine Monitoring,603
0001439288,2021,0,0.018896868504834092,Routine Monitoring,0.01959025379552536,ZURN WATER SOLUTIONS CORP,Technology / Software / Electronics,0.1174662421780656,0.2074788902291918,0.8827131854876125,,2022,Routine Monitoring,1446
0001441236,2021,0,0.11959269805755383,Routine Monitoring,0.13140913949944708,CLEARWATER PAPER CORP,Industrial / Manufacturing,0.0067697168001805,0.0570380450860895,0.6971776817939767,-0.0513753612330086,2022,Routine Monitoring,542
0001441683,2021,1,0.52973831000395,High Review Priority,0.5564656320764024,APPIAN CORP,Technology / Software / Electronics,-0.2272307513154723,-0.1068701079642193,0.5363564107595551,0.2123825815157614,2022,High Review Priority,122
0001441816,2021,1,0.2137907316700779,Routine Monitoring,0.23245703659936334,"MONGODB, INC.",Technology / Software / Electronics,-0.3311626927540279,0.0028494587661272,0.7278317823242113,0.4800331989566042,2022,Routine Monitoring,309
0001442145,2021,0,0.010663789559575624,Routine Monitoring,0.011862448855090062,"VERISK ANALYTICS, INC.",Technology / Software / Electronics,0.3336557059961315,0.1480129608995786,0.6359549698390133,0.0768512533218415,2022,Routine Monitoring,1576
0001442236,2021,0,0.42634249500504684,High Review Priority,0.43535225830215113,QUEST RESOURCE HOLDING CORP,Energy / Capital-intensive,0.0296910697442827,0.0146068793597336,0.5808631503510124,,2022,High Review Priority,155
0001443669,2021,0,0.09596773710641507,Routine Monitoring,0.10573022692312169,PROTO LABS INC,Industrial / Manufacturing,0.082651434752857,0.0594907073365626,0.1077869267334495,0.1236271135717492,2022,Routine Monitoring,640
0001444380,2021,0,0.5316942204462172,High Review Priority,0.5584030462911292,NEVRO CORP,Industrial / Manufacturing,-0.2867215466328944,-0.0728943301122281,0.4715530925394748,0.0686566422131871,2022,High Review Priority,121
0001445305,2021,0,0.1218114041967447,Routine Monitoring,0.13381374693958945,WORKIVA INC,Technology / Software / Electronics,-0.0662215053520872,0.0633535809568114,0.9072409721401344,0.2607865890771743,2022,Routine Monitoring,533
0001446847,2021,0,0.014088376256697,Routine Monitoring,0.015109254490731115,IRONWOOD PHARMACEUTICALS INC,Industrial / Manufacturing,0.5613469872121774,0.2323974844865727,,0.0622042857546281,2022,Routine Monitoring,1526
0001447669,2021,1,0.1682936729802245,Routine Monitoring,0.18391683708673753,TWILIO INC,Technology / Software / Electronics,-0.3221801094291407,-0.0044767904969443,0.1513341669616985,0.613053532344634,2022,Routine Monitoring,409
0001448056,2021,0,0.26964329677357357,Routine Monitoring,0.29137884165582634,"NEW RELIC, INC.",Technology / Software / Electronics,-0.2909572118377485,0.002538408843525,0.7587741110315718,0.1765496189608895,2022,Medium Review Priority,261
0001451505,2021,0,0.24498146096806633,Routine Monitoring,0.268296993340503,TRANSOCEAN LTD.,Energy / Capital-intensive,-0.0438184663536776,0.0278032977128765,,-0.1890862944162437,2022,Routine Monitoring,277
0001451809,2021,0,0.055401157401050574,Routine Monitoring,0.05931238247306206,SITIME CORP,Technology / Software / Electronics,0.1500996307264816,0.087108841079962,0.0674010518881347,0.8837425531182204,2022,Routine Monitoring,943
0001454938,2021,0,0.13713578904854082,Routine Monitoring,0.14154181568787547,OUTBRAIN INC.,Technology / Software / Electronics,0.0340242017270068,0.0713189008531329,0.6773737576800815,,2022,Routine Monitoring,482
0001455684,2021,1,0.27251444862978985,Routine Monitoring,0.29438814552455944,"TPI COMPOSITES, INC",Technology / Software / Electronics,-0.0563886405442048,-0.0253299341769036,0.6299239556177875,0.0373897470686537,2022,Medium Review Priority,255
0001459200,2021,0,0.10401877752348235,Routine Monitoring,0.11449654588444554,"ALARM.COM HOLDINGS, INC.",Technology / Software / Electronics,0.082209009985727,0.0837303117251007,0.4918446609822121,0.2119180651226613,2022,Routine Monitoring,602
0001459417,2021,0,0.24948283582750613,Routine Monitoring,0.2701944812758811,"2U, INC.",Technology / Software / Electronics,-0.1770552891986947,-0.0085699139784334,0.6068503361299115,0.2209705719446428,2022,Routine Monitoring,275
0001460329,2021,0,0.1771437195071627,Routine Monitoring,0.19339741638195773,"FLUENT, INC.",Technology / Software / Electronics,-0.0141685649202733,0.03904683483038,0.3292832404095769,0.0596390951309704,2022,Routine Monitoring,386
0001462418,2021,1,0.6857374484854097,High Review Priority,0.7050295467169257,ALTISOURCE PORTFOLIO SOLUTIONS S.A.,Technology / Software / Electronics,0.1623284562321731,-0.2343022714578291,,-0.5118192735817829,2022,High Review Priority,81
0001463101,2021,0,0.008220180278681394,Routine Monitoring,0.009146706015770816,"ENPHASE ENERGY, INC.",Technology / Software / Electronics,0.1561681242850289,0.1693047897901941,0.7931144601722924,0.7846131000419667,2022,Routine Monitoring,1602
0001465872,2021,0,0.8790331195010794,High Review Priority,0.887531733317254,VANTAGE DRILLING INTERNATIONAL,Energy / Capital-intensive,-0.4357341244792324,-0.1006457018504591,,0.2487584934811053,2022,High Review Priority,25
0001466258,2021,0,0.024442969939934316,Routine Monitoring,0.02714797168934199,TRANE TECHNOLOGIES PLC,Industrial / Manufacturing,0.1431269630174584,0.0879467103733153,0.6526484235705822,0.1350253318024521,2022,Routine Monitoring,1349
0001466593,2021,0,0.08427668190822937,Routine Monitoring,0.09032273117776463,OTTER TAIL CORP,Energy / Capital-intensive,0.2086387198331612,0.0839409328343309,,0.3446068843408714,2022,Routine Monitoring,688
0001467373,2021,0,0.0074112072669149905,Routine Monitoring,0.008367117597611608,ACCENTURE PLC,Technology / Software / Electronics,0.1508216478415884,0.2078742967450572,,0.1400127357931577,2022,Routine Monitoring,1611
0001467623,2021,0,0.014208257944887802,Routine Monitoring,0.01579896950165302,"DROPBOX, INC.",Technology / Software / Electronics,0.1271606654617915,0.2360819072881959,1.0950732701452464,0.1274883745232249,2022,Routine Monitoring,1525
0001467858,2021,0,0.03335222442623847,Routine Monitoring,0.03700577627174677,GENERAL MOTORS CO,Industrial / Manufacturing,0.0734150105508487,0.0620632728283166,0.731057788965258,0.036894313589419,2022,Routine Monitoring,1203
0001468327,2021,1,0.8304719177760651,High Review Priority,0.8355822691846072,"RENT THE RUNWAY, INC.",Consumer / Retail,-0.6192818494835219,-0.0945251396648044,0.8411173184357542,,2022,High Review Priority,42
0001468666,2021,1,0.22348420327958216,Routine Monitoring,0.24273555312586653,SECUREWORKS CORP,Technology / Software / Electronics,-0.0978561846289521,0.0169522597948753,0.3436081361123547,-0.0460221662145253,2022,Routine Monitoring,301
0001469367,2021,1,0.12528145769992483,Routine Monitoring,0.13757215034216372,SUNRUN INC.,Technology / Software / Electronics,-0.4137925679864145,-0.0495767461420841,0.5405890172643116,0.7457923575484906,2022,Routine Monitoring,519
0001474432,2021,0,0.03570866393951824,Routine Monitoring,0.03960977326225625,"PURE STORAGE, INC.",Technology / Software / Electronics,-0.0451191463137275,0.1308088660947943,0.7594066305937361,0.2949027389606449,2022,Routine Monitoring,1158
0001474735,2021,0,0.01854191513975428,Routine Monitoring,0.020607666641362796,GENERAC HOLDINGS INC.,Technology / Software / Electronics,0.1929624016371685,0.0842916244685082,0.5341862486623012,0.5037759536455819,2022,Routine Monitoring,1453
0001474903,2021,0,0.17268774417540583,Routine Monitoring,0.18862630945529618,"BGSF, INC.",Technology / Software / Electronics,0.0607888825963919,0.0449340872035211,0.4835111227654401,-0.139852387383134,2022,Routine Monitoring,398
0001475115,2021,0,0.23561249973091558,Routine Monitoring,0.24806440509875394,"EVENTBRITE, INC.",Technology / Software / Electronics,-0.3621896608847136,0.087578185909703,0.8118443901056064,0.7653151708393864,2022,Routine Monitoring,286
0001476840,2021,0,0.304043287487915,Medium Review Priority,0.31187363044459426,"EXPENSIFY, INC.",Technology / Software / Electronics,-0.0717751251443973,0.0299432900503785,0.5818255254812704,,2022,Medium Review Priority,224
0001477294,2021,0,0.035589798558775684,Routine Monitoring,0.03947845369080817,SENSATA TECHNOLOGIES HOLDING PLC,Industrial / Manufacturing,0.1657346643613939,0.0643331848113821,0.6407223042743441,0.2545421591566528,2022,Routine Monitoring,1159
0001477333,2021,0,0.14464035671614658,Routine Monitoring,0.1584861404953006,"CLOUDFLARE, INC.",Technology / Software / Electronics,-0.1945139284549972,0.0272538216604814,0.6560819638198013,0.5228217019015959,2022,Routine Monitoring,468
0001477720,2021,1,0.7689764440470742,High Review Priority,0.779697715925967,"ASANA, INC.",Technology / Software / Electronics,-0.7007348647198873,-0.1185019129180309,0.7116974407207564,0.6670939719123892,2022,High Review Priority,62
0001478320,2021,1,0.8992609121623613,High Review Priority,0.8979357531369272,ADAPTIVE BIOTECHNOLOGIES CORP,Industrial / Manufacturing,-1.353897786762038,-0.2087271915992306,0.3457454643123256,,2022,High Review Priority,21
0001481582,2021,0,0.03382133531939082,Routine Monitoring,0.03752428082105425,RYERSON HOLDING CORP,Consumer / Retail,0.0960654062340316,0.0147954007439972,0.7697835644234021,0.6371372526394739,2022,Routine Monitoring,1197
0001481646,2021,1,0.3950721603834867,Medium Review Priority,0.4098281781802321,"ACCOLADE, INC.",Technology / Software / Electronics,-0.4055370442647433,-0.0485014340399944,0.3342865077333922,0.819820613061905,2022,High Review Priority,170
0001481792,2021,0,0.0678499100912544,Routine Monitoring,0.07498932805604473,"QUAD/GRAPHICS, INC.",Industrial / Manufacturing,0.0313471152546953,0.0722222222222222,0.9276190476190476,0.0105133806663024,2022,Routine Monitoring,832
0001482981,2021,0,0.4233253430014724,High Review Priority,0.43231939693672944,"VITA COCO COMPANY, INC.",Industrial / Manufacturing,0.0647909294279774,-0.0818597962366571,0.3762887119969212,,2022,High Review Priority,156
0001483510,2021,1,0.04109734764020379,Routine Monitoring,0.04375217630668902,"EXPRESS, INC.",Consumer / Retail,0.0004165116109963,0.0709672604160215,0.9989614547256191,0.5477790816419419,2022,Routine Monitoring,1089
0001484612,2021,1,0.951003743989961,High Review Priority,0.9503216280019865,"OUTSET MEDICAL, INC.",Industrial / Manufacturing,-1.2720902126664198,-0.281066059068234,0.1928585607512126,,2022,High Review Priority,7
0001484778,2021,1,0.6181698984110732,High Review Priority,0.6268040941031573,THREDUP INC.,Consumer / Retail,-0.2477679989832878,-0.0970523188462028,0.4298249017531996,,2022,High Review Priority,102
0001486159,2021,0,0.002608106051784108,Routine Monitoring,0.0025537845703906157,OASIS PETROLEUM INC.,Energy / Capital-intensive,0.5123303243316459,0.3020153053386313,0.5964126316123335,12.175382562648542,2022,Routine Monitoring,1675
0001486957,2021,0,0.024345520086809496,Routine Monitoring,0.027425297306071145,"BWX TECHNOLOGIES, INC.",Technology / Software / Electronics,0.1628229524960053,0.1543252124827095,,0.0002627717427134,2022,Routine Monitoring,1350
0001487952,2021,0,0.0777394184809625,Routine Monitoring,0.08582363735796278,"VISHAY PRECISION GROUP, INC.",Technology / Software / Electronics,0.0860974021684768,0.072608353955171,0.4001978830411635,0.1782982224660134,2022,Routine Monitoring,744
0001488139,2021,0,0.22298286175590482,Routine Monitoring,0.24488379158656212,"AMERESCO, INC.",Industrial / Manufacturing,0.0785014687047841,-0.0774426347108374,,0.1776871473202392,2022,Routine Monitoring,302
0001489096,2021,0,0.05809640054865021,Routine Monitoring,0.06428029104943919,"THERMON GROUP HOLDINGS, INC.",Technology / Software / Electronics,0.1079780922980032,0.0451631852658131,0.3729803084491313,0.2878293582831548,2022,Routine Monitoring,912
0001489393,2021,0,0.0032270584635359987,Routine Monitoring,0.003645272009829952,LYONDELLBASELL INDUSTRIES N.V.,Industrial / Manufacturing,0.1466874580382474,0.2094333460345109,,0.6637120311317695,2022,Routine Monitoring,1669
0001490281,2021,1,0.49927696343626776,High Review Priority,0.5261870586679193,"GROUPON, INC.",Technology / Software / Electronics,-0.0048133197119659,-0.1070559064359809,0.8183785725821565,-0.3174325342939498,2022,High Review Priority,130
0001490978,2021,1,0.8434973583886646,High Review Priority,0.8514284619240088,"SCHRODINGER, INC.",Industrial / Manufacturing,-0.807961951990488,-0.0934173356581144,0.2635894602286622,0.2760164669966234,2022,High Review Priority,39
0001492426,2021,0,0.032172350688586496,Routine Monitoring,0.03620550197649479,HORIZON THERAPEUTICS PUBLIC LTD CO,Industrial / Manufacturing,0.1683378739837776,0.1193020799914447,,0.4662640785046916,2022,Routine Monitoring,1217
0001493594,2021,0,0.07649953648240634,Routine Monitoring,0.08446662736534581,"MACOM TECHNOLOGY SOLUTIONS HOLDINGS, INC.",Technology / Software / Electronics,0.1334640479799644,0.1308580472514537,0.5840602392110357,0.1450521378696203,2022,Routine Monitoring,755
0001493761,2021,1,0.32473415527415855,Medium Review Priority,0.3487897439630741,TURTLE BEACH CORP,Technology / Software / Electronics,0.0557684643814452,-0.0014186243248519,0.3866987700917551,0.0173871749797969,2022,Medium Review Priority,206
0001494259,2021,0,0.022474385731112018,Routine Monitoring,0.024967107950948968,"CARGURUS, INC.",Technology / Software / Electronics,0.1558463399739114,0.1055117467855479,0.2704294022804415,0.7252176530643701,2022,Routine Monitoring,1375
0001494319,2021,0,0.055424635231489945,Routine Monitoring,0.06134265910050649,UNIVAR SOLUTIONS INC.,Consumer / Retail,0.0507367206753709,0.042831007111452,0.6617634040544129,0.1537205081669692,2022,Routine Monitoring,940
0001495320,2021,1,0.10541711974067033,Routine Monitoring,0.11601750378144768,"VERA BRADLEY, INC.",Industrial / Manufacturing,0.0497934140434043,0.0770192408017838,0.3074741182426296,0.1541433184132299,2022,Routine Monitoring,592
0001496963,2021,0,0.11244893718156344,Routine Monitoring,0.11616858611232903,"SQUARESPACE, INC.",Technology / Software / Electronics,-0.3072223540185552,0.1369097180920661,1.014984175403452,,2022,Routine Monitoring,565
0001499200,2021,0,0.01987921847021757,Routine Monitoring,0.022406971727823837,"SABINE PASS LIQUEFACTION, LLC",Energy / Capital-intensive,0.2291483757682177,0.1215639512991088,,0.5557452620795629,2022,Routine Monitoring,1428
0001499717,2021,1,0.5760508873180542,High Review Priority,0.6021230139786858,"STAFFING 360 SOLUTIONS, INC.",Technology / Software / Electronics,-0.0369115639379076,-0.1985886823178179,0.6834712986836748,-0.033037202912085,2022,High Review Priority,114
0001500435,2021,0,0.02422695838349009,Routine Monitoring,0.02690871440553437,"GOPRO, INC.",Industrial / Manufacturing,0.0975088796331703,0.1818849270445812,0.5111324182719135,0.3017731311489195,2022,Routine Monitoring,1354
0001501585,2021,0,0.05642542192985127,Routine Monitoring,0.062443241633804374,"HUNTINGTON INGALLS INDUSTRIES, INC.",Industrial / Manufacturing,0.0538639227215455,0.071515949938835,0.7357673849628306,0.0174126695865826,2022,Routine Monitoring,929
0001503274,2021,1,0.8325545593933772,High Review Priority,0.837614406160884,QUANTERIX CORP,Industrial / Manufacturing,-0.529921487752813,-0.0955222749722348,0.120781134415495,,2022,High Review Priority,41
0001503802,2021,1,0.9299583367519499,High Review Priority,0.9342554805601297,KARYOPHARM THERAPEUTICS INC.,Industrial / Manufacturing,-0.4683608252827437,-0.3508491508491508,1.2609619888308412,0.9412406901975297,2022,High Review Priority,15
0001504461,2021,0,0.0912204478664677,Routine Monitoring,0.1018767230954478,NGL ENERGY PARTNERS LP,Energy / Capital-intensive,0.0104484006182753,0.0339100990141417,,0.5205433379573803,2022,Routine Monitoring,659
0001504776,2021,0,0.6677664099436054,High Review Priority,0.6758671515341103,WARBY PARKER INC.,Industrial / Manufacturing,-0.2656463226565187,-0.0726070360334599,0.3509574579140625,,2022,High Review Priority,84
0001505155,2021,0,0.18319502137813204,Routine Monitoring,0.19986908692807523,"UPLAND SOFTWARE, INC.",Technology / Software / Electronics,-0.1148184202161475,0.0405614344703194,0.6926279413065217,0.0350883205724901,2022,Routine Monitoring,366
0001505952,2021,1,0.42212379493761304,High Review Priority,0.4498064802293644,"DOMO, INC.",Technology / Software / Electronics,-0.3429588193564143,0.001549538204907,1.515059957725,0.2273337139594633,2022,High Review Priority,158
0001506293,2021,0,0.05782019272023102,Routine Monitoring,0.06397668007293429,"PINTEREST, INC.",Technology / Software / Electronics,0.126525827696917,0.2128516656215951,0.1409277521048909,0.5230643165955555,2022,Routine Monitoring,914
0001506307,2021,0,0.03001391260049332,Routine Monitoring,0.03331437403499184,"KINDER MORGAN, INC.",Energy / Capital-intensive,0.1755568934376881,0.0810611224721654,0.5466797318791183,0.4196581196581197,2022,Routine Monitoring,1259
0001507079,2021,0,0.033334075693968505,Routine Monitoring,0.03698571551425983,"FLOOR & DECOR HOLDINGS, INC.",Consumer / Retail,0.0987297923159614,0.0807736896208347,0.6453210460785457,0.4154299551321054,2022,Routine Monitoring,1204
0001507605,2021,1,0.4670816261623001,High Review Priority,0.4762375942386117,"MARATHON DIGITAL HOLDINGS, INC.",Technology / Software / Electronics,-0.5655031108153146,-0.0125797549851845,0.5283783799525117,,2022,High Review Priority,139
0001510295,2021,0,0.015815077681851582,Routine Monitoring,0.01679915188473229,MARATHON PETROLEUM CORP,Industrial / Manufacturing,0.0358384104414792,0.0510700104248415,0.6066554999824301,0.71947147422577,2022,Routine Monitoring,1501
0001511737,2021,0,0.0018676214177165856,Routine Monitoring,0.0020796290626868314,UBIQUITI INC.,Technology / Software / Electronics,0.3912303605617003,0.6869049422829789,0.996970768306986,0.4776909303230829,2022,Routine Monitoring,1683
0001512673,2021,0,0.04726663087720251,Routine Monitoring,0.052361862902038855,"BLOCK, INC.",Technology / Software / Electronics,0.0091223683913264,0.0608821174910044,0.7620533422798204,0.8595480868912053,2022,Routine Monitoring,1014
0001512762,2021,1,0.9635112166196691,High Review Priority,0.9673234302229369,"COHERUS BIOSCIENCES, INC.",Industrial / Manufacturing,-0.8080146745837556,-0.0551010254160692,0.8561444002508339,-0.3137147348599481,2022,High Review Priority,4
0001514416,2021,0,0.128765086172524,Routine Monitoring,0.14134231527195346,BANDWIDTH INC.,Technology / Software / Electronics,-0.0045568712607479,0.038293295693541,0.6127828263442258,0.430744390332048,2022,Routine Monitoring,510
0001514705,2021,0,0.0342574088585287,Routine Monitoring,0.03800622000808092,"SUNCOKE ENERGY, INC.",Industrial / Manufacturing,0.0971840659340659,0.144298625727374,0.6685650612851306,0.0922730682670667,2022,Routine Monitoring,1186
0001515673,2021,1,0.9850474455575731,High Review Priority,0.9851951720456739,ULTRAGENYX PHARMACEUTICAL INC.,Industrial / Manufacturing,-1.08631326727489,-0.2224748209566887,0.3940076077396369,0.2965575766520312,2022,High Review Priority,1
0001516513,2021,0,0.03151239456416005,Routine Monitoring,0.03265327657951062,"DOXIMITY, INC.",Technology / Software / Electronics,0.3304807479595282,0.1276785254958607,0.1137461076080564,,2022,Routine Monitoring,1232
0001517022,2021,1,0.9624323767145649,High Review Priority,0.9644209632213436,"AKEBIA THERAPEUTICS, INC.",Industrial / Manufacturing,-1.2422534156139675,-0.4813338407382742,0.8545219294072876,-0.276759440175817,2022,High Review Priority,5
0001517175,2021,0,0.08564954784734138,Routine Monitoring,0.09447208921805864,"CHEFS' WAREHOUSE, INC.",Consumer / Retail,0.0061927289995113,-0.0185314701595742,0.6738567417430701,0.5704464880882236,2022,Routine Monitoring,679
0001517228,2021,0,0.07860110797720934,Routine Monitoring,0.08676650465907386,"COMMSCOPE HOLDING COMPANY, INC.",Technology / Software / Electronics,0.0056599159164754,0.0092235755496059,0.9321618462234624,0.0178759824085159,2022,Routine Monitoring,741
0001517375,2021,0,0.22943139399807566,Routine Monitoring,0.24045992854828055,"SPROUT SOCIAL, INC.",Technology / Software / Electronics,-0.1495217157549012,0.0559729824680696,0.4514519279079168,0.4130155172284109,2022,Routine Monitoring,291
0001517413,2021,1,0.5258888788221829,High Review Priority,0.5526502274368619,"FASTLY, INC.",Technology / Software / Electronics,-0.6181271695876726,-0.0178238274772813,0.5303642393308075,0.2181563151055097,2022,High Review Priority,123
0001519061,2021,0,0.02043344010676013,Routine Monitoring,0.023030009832521833,TRINSEO PLC,Industrial / Manufacturing,0.0955774210253754,0.0960697763252833,,0.5903475539449843,2022,Routine Monitoring,1417
0001519751,2021,0,0.031216698534458572,Routine Monitoring,0.03464469956470589,"FORTUNE BRANDS HOME & SECURITY, INC.",Industrial / Manufacturing,0.1424223821527932,0.0867795670472014,0.6138202162243895,0.2570973515261974,2022,Routine Monitoring,1235
0001520006,2021,0,0.007775223151488725,Routine Monitoring,0.008380794050789111,MATADOR RESOURCES CO,Energy / Capital-intensive,0.4769002171401838,0.2471415268292809,,0.9289303419685752,2022,Routine Monitoring,1607
0001520262,2021,0,0.11372509037006633,Routine Monitoring,0.12504412092299538,ALKERMES PLC.,Industrial / Manufacturing,-0.0249516294341815,0.0502424321456726,0.4504357653604572,0.1299583347773683,2022,Routine Monitoring,562
0001521036,2021,0,0.14446679647912306,Routine Monitoring,0.15829904083776497,"LANTHEUS HOLDINGS, INC.",Industrial / Manufacturing,-0.1430476378619405,0.0624183823733711,0.4623204412214164,0.2527857163902065,2022,Routine Monitoring,471
0001521332,2021,0,0.041121490414161736,Routine Monitoring,0.04558598645595917,APTIV PLC,Industrial / Manufacturing,0.0761301062876168,0.0678624979174765,0.5245737768645526,0.1953160875554875,2022,Routine Monitoring,1087
0001522540,2021,1,0.35314775470891974,Medium Review Priority,0.36158569067982266,"MARQETA, INC.",Technology / Software / Electronics,-0.3132518006477497,0.0311258111712444,0.1403819320380817,,2022,Medium Review Priority,190
0001522727,2021,0,0.19010335825529395,Routine Monitoring,0.208326361992204,"USA COMPRESSION PARTNERS, LP",Energy / Capital-intensive,0.2226714824269535,0.0958912621808185,0.7910327354362153,-0.0524769988153061,2022,Routine Monitoring,350
0001524025,2021,1,0.02875199124913752,Routine Monitoring,0.03191825251020454,"TILLY'S, INC.",Consumer / Retail,0.1129246842182613,0.1255925344130517,0.6539123613622992,0.4599127847341289,2022,Routine Monitoring,1277
0001524472,2021,0,0.0438206184096287,Routine Monitoring,0.04856331327070373,XYLEM INC.,Technology / Software / Electronics,0.1126082771896054,0.0650072498791686,0.610198163363944,0.0654224774405249,2022,Routine Monitoring,1054
0001524741,2021,0,0.11214867172644437,Routine Monitoring,0.12333263575365128,"U.S. SILICA HOLDINGS, INC.",Energy / Capital-intensive,0.0253062156268938,0.0762961794918003,0.7233361867003064,0.3049989064707377,2022,Routine Monitoring,567
0001524931,2021,0,0.059005719890480805,Routine Monitoring,0.06527969194080044,"CHUY'S HOLDINGS, INC.",Consumer / Retail,0.0867714084652695,0.1004998748294045,0.4694502991981006,0.2352844038984023,2022,Routine Monitoring,903
0001525769,2021,0,0.017649660517590295,Routine Monitoring,0.018561219567978328,"DAVE & BUSTER'S ENTERTAINMENT, INC.",Consumer / Retail,0.1435375474672866,0.1206962260048853,,1.98744593504875,2022,Routine Monitoring,1470
0001526520,2021,0,0.0965448585856183,Routine Monitoring,0.1020314742436696,"TRIPADVISOR, INC.",Technology / Software / Electronics,-0.1452328159645232,0.0471821756225425,0.6553079947575361,0.4933774834437086,2022,Routine Monitoring,638
0001527508,2021,0,0.07693124008341777,Routine Monitoring,0.08140365122837098,PACTIV EVERGREEN INC.,Industrial / Manufacturing,0.0218870700754092,0.0371741917105825,0.8165503489531406,0.1595222862017487,2022,Routine Monitoring,752
0001528129,2021,0,0.017066823696910854,Routine Monitoring,0.017348186762291898,"LAREDO PETROLEUM, INC.",Energy / Capital-intensive,0.5167117981457239,0.1946337208208716,0.7986616631868029,1.058611147207882,2022,Routine Monitoring,1481
0001528356,2021,0,0.08363161447849168,Routine Monitoring,0.09226726909085775,GENIE ENERGY LTD.,Energy / Capital-intensive,0.0909780740944394,0.2919573791209988,0.5171856274377356,-0.0410928206858733,2022,Routine Monitoring,695
0001528396,2021,1,0.1579043601647733,Routine Monitoring,0.17276339677771294,"GUIDEWIRE SOFTWARE, INC.",Technology / Software / Electronics,-0.1420539321670409,0.0480596249965006,0.3346265577590235,0.0012932654548589,2022,Routine Monitoring,429
0001528849,2021,0,0.024297779307677445,Routine Monitoring,0.02698715789865004,RH,Consumer / Retail,0.2466681032877339,0.1195050239420121,0.7887765839360199,0.3195203582358652,2022,Routine Monitoring,1351
0001529274,2021,1,0.6469297590426776,High Review Priority,0.6552762794804362,"ALKAMI TECHNOLOGY, INC.",Technology / Software / Electronics,-0.2820470691842086,-0.0663421227463288,0.2105312593067742,,2022,High Review Priority,94
0001529628,2021,0,0.5212520870617894,High Review Priority,0.5480502338016381,"SMART SAND, INC.",Energy / Capital-intensive,-0.5012712399722065,0.0867282143420521,0.3552199219825731,0.0352133398724865,2022,High Review Priority,125
0001530721,2021,0,0.019379991467760375,Routine Monitoring,0.021537064000625415,CAPRI HOLDINGS LTD,Industrial / Manufacturing,0.1597099398655818,0.0941176470588235,0.6580213903743316,0.3926108374384236,2022,Routine Monitoring,1437
0001530804,2021,0,0.021995226815423978,Routine Monitoring,0.02443613216730508,TRONOX HOLDINGS PLC,Industrial / Manufacturing,0.1615341545352743,0.1236011357942208,0.6589276766327042,0.2951414068165336,2022,Routine Monitoring,1388
0001530950,2021,0,0.05004836046455445,Routine Monitoring,0.05542601159958933,"POST HOLDINGS, INC.",Industrial / Manufacturing,0.1053045754573048,0.0473793164554922,0.7535824466157056,0.0926527102672538,2022,Routine Monitoring,987
0001530979,2021,1,0.6640192037199439,High Review Priority,0.6721664564972456,"HONEST COMPANY, INC.",Consumer / Retail,-0.1155727955460568,-0.139964856546477,0.3429641558784579,,2022,High Review Priority,87
0001531048,2021,1,0.104715021376938,Routine Monitoring,0.11060910021109356,"INARI MEDICAL, INC.",Industrial / Manufacturing,0.0391502758282066,0.0818059844258559,0.2321773629237791,0.983131667501969,2022,Routine Monitoring,599
0001531152,2021,0,0.028947111100196456,Routine Monitoring,0.03258955838339238,"BJ'S WHOLESALE CLUB HOLDINGS, INC.",Consumer / Retail,0.0370379681126555,0.1467049833706539,,0.0801868850824987,2022,Routine Monitoring,1275
0001531978,2021,1,0.35143852305906287,Medium Review Priority,0.35985833944327883,"PARAGON 28, INC.",Industrial / Manufacturing,-0.0730686811696414,-0.0141422754695261,0.1805666290050949,,2022,Medium Review Priority,191
0001532286,2021,0,0.7864978138447714,High Review Priority,0.8050620820710503,"NINE ENERGY SERVICE, INC.",Energy / Capital-intensive,-0.1431376084299938,-0.1059083416969547,1.1028974379803622,0.1240723047376395,2022,High Review Priority,53
0001533924,2021,0,0.17793503168390473,Routine Monitoring,0.1880887903806232,AMPLIFY ENERGY CORP.,Energy / Capital-intensive,-0.0746800965834198,0.1383629971434849,1.1424763788178425,0.6963946493588729,2022,Routine Monitoring,380
0001534504,2021,0,0.02400434591588063,Routine Monitoring,0.02548479259594447,PBF ENERGY INC.,Industrial / Manufacturing,0.02191286224838,0.0410002233408352,0.782431666294432,0.8029624435197376,2022,Routine Monitoring,1357
0001534675,2021,0,0.014301290094748688,Routine Monitoring,0.015902249217869924,TECNOGLASS INC.,Industrial / Manufacturing,0.2354841631691778,0.1982088129244053,0.5863534399548315,0.3250320732523746,2022,Routine Monitoring,1524
0001535527,2021,0,0.052672955851216056,Routine Monitoring,0.05831530543240586,"CROWDSTRIKE HOLDINGS, INC.",Technology / Software / Electronics,-0.0982010121287357,0.1588511547015087,0.7132300329898924,0.6600307854873644,2022,Routine Monitoring,968
0001538849,2021,0,0.01940195544540297,Routine Monitoring,0.0206108870689993,CROSSAMERICA PARTNERS LP,Consumer / Retail,0.0100939887278344,0.0751632494634458,0.9554711205518752,0.8523088531265217,2022,Routine Monitoring,1436
0001539838,2021,0,0.013056328476664773,Routine Monitoring,0.012870246651524581,"DIAMONDBACK ENERGY, INC.",Energy / Capital-intensive,0.5886420479623363,0.1722421172154773,0.4215652022010656,1.4162815499466763,2022,Routine Monitoring,1543
0001543151,2021,0,0.07114230737155233,Routine Monitoring,0.07859895184057955,"UBER TECHNOLOGIES, INC",Technology / Software / Electronics,-0.2196505299341163,-0.0114767627791819,0.6041419507917677,0.5670167878624652,2022,Routine Monitoring,803
0001544522,2021,1,0.5420562634281002,High Review Priority,0.5511619191772439,FRESHWORKS INC.,Technology / Software / Electronics,-0.5519403162076643,0.007728558981179,0.1650735224694701,,2022,High Review Priority,119
0001546417,2021,0,0.021519525464027366,Routine Monitoring,0.023908930735275707,"BLOOMIN' BRANDS, INC.",Consumer / Retail,0.0749464205793491,0.1221681519219275,0.9323522563869214,0.3002068088265768,2022,Routine Monitoring,1395
0001547459,2021,0,0.09693616897855155,Routine Monitoring,0.10678553747809087,"NATURAL GROCERS BY VITAMIN COTTAGE, INC.",Consumer / Retail,0.0268371109485787,0.0822496218013399,0.7821163554319402,0.0180104586812648,2022,Routine Monitoring,635
0001549346,2021,0,0.015855964614164355,Routine Monitoring,0.017627849476755872,"SHUTTERSTOCK, INC.",Technology / Software / Electronics,0.1397774803953893,0.2540442169282972,0.4499512744948398,0.1600888574231347,2022,Routine Monitoring,1499
0001550695,2021,1,0.3714098122449899,Medium Review Priority,0.39689079185478254,PERFORMANT FINANCIAL CORP,Technology / Software / Electronics,-0.010579373437412,0.0075091199737672,0.3243185637578391,-0.2022868209597466,2022,Medium Review Priority,183
0001551152,2021,0,0.009634178023313416,Routine Monitoring,0.010873669961011093,ABBVIE INC.,Industrial / Manufacturing,0.31894941011086,0.1554436323185171,,0.2269015806479783,2022,Routine Monitoring,1580
0001552033,2021,0,0.026097084900910335,Routine Monitoring,0.028979702902256203,TRANSUNION,Technology / Software / Electronics,0.218802783595703,0.06397309062129,0.6829283735654926,0.0896709121696237,2022,Routine Monitoring,1322
0001552275,2021,0,0.013168012451576824,Routine Monitoring,0.013989717481861593,SUNOCO LP,Industrial / Manufacturing,0.0425664923846328,0.0933791917454858,0.8605331040412726,0.6429505135387488,2022,Routine Monitoring,1539
0001552800,2021,0,0.06068705180203288,Routine Monitoring,0.06712704384698331,"TILE SHOP HOLDINGS, INC.",Consumer / Retail,0.0555975182087941,0.1164785566296315,0.641317298493359,0.1404153733037589,2022,Routine Monitoring,886
0001556739,2021,0,0.03296449956689032,Routine Monitoring,0.03547198399569507,"THRYV HOLDINGS, INC.",Technology / Software / Electronics,0.1706628991666831,0.1311578144439608,,0.0035576667402776,2022,Routine Monitoring,1208
0001559720,2021,0,0.026408297258215904,Routine Monitoring,0.027369611547201383,"AIRBNB, INC.",Technology / Software / Electronics,0.0716512343618569,0.1597328776346659,0.6516232951968249,,2022,Routine Monitoring,1313
0001559865,2021,0,0.012372827163943053,Routine Monitoring,0.013760918177511771,"EVERTEC, INC.",Technology / Software / Electronics,0.3331897808733867,0.1995359709842097,0.5891980474441715,0.1551309470649526,2022,Routine Monitoring,1554
0001560327,2021,0,0.13535759603249875,Routine Monitoring,0.14846902037517787,"RAPID7, INC.",Technology / Software / Electronics,-0.2242512196397486,0.0416022703511004,1.0972175390486656,0.3011475481547367,2022,Routine Monitoring,485
0001561550,2021,0,0.03497909584468756,Routine Monitoring,0.0388037084665098,"DATADOG, INC.",Technology / Software / Electronics,-0.0186200407471344,0.1203569061413965,0.5626656485189395,0.7047919849668416,2022,Routine Monitoring,1171
0001561680,2021,0,0.04155604524308382,Routine Monitoring,0.046065453702486533,"TRI POINTE HOMES, INC.",Industrial / Manufacturing,0.1519347803431992,0.0967507898002478,0.4355380246818487,0.2213770075084797,2022,Routine Monitoring,1078
0001562088,2021,0,0.39146309892678177,Medium Review Priority,0.4002500501093953,"DUOLINGO, INC.",Technology / Software / Electronics,-0.2392890753353644,0.0138663956897737,0.2241834779702742,,2022,High Review Priority,173
0001563190,2021,1,0.21237888389481252,Routine Monitoring,0.2185899689937783,"COMPASS, INC.",Technology / Software / Electronics,-0.0767793178632611,-0.0158835943574364,0.5292680217705209,,2022,Routine Monitoring,312
0001564408,2021,0,0.13114509167857644,Routine Monitoring,0.1439163888936934,SNAP INC,Technology / Software / Electronics,-0.1705272807118109,0.0388625408787806,0.4970788075749578,0.6424660080921525,2022,Routine Monitoring,505
0001566011,2021,0,0.028123373584928325,Routine Monitoring,0.02985008809166038,PBF HOLDING CO LLC,Industrial / Manufacturing,0.0148518491287405,0.025891085600907,0.7862280328798186,0.8080425390495181,2022,Routine Monitoring,1288
0001567683,2021,0,0.07520907773666947,Routine Monitoring,0.08305385970795703,"CLEARWAY ENERGY, INC.",Energy / Capital-intensive,0.2076205287713841,0.0547100600952158,0.7424490751580426,0.0725604670558799,2022,Routine Monitoring,769
0001567892,2021,1,0.10064685087314271,Routine Monitoring,0.11082697927210358,MALLINCKRODT PLC,Industrial / Manufacturing,-0.0918598333936979,0.0510749974765317,0.9648508910646793,-0.0020782506551006,2022,Routine Monitoring,617
0001568100,2021,0,0.3772149466093085,Medium Review Priority,0.4028389596472215,"PAGERDUTY, INC.",Technology / Software / Electronics,-0.3614514776329443,-0.007466073448009,0.6689495168938356,0.3176684335724586,2022,High Review Priority,181
0001569345,2021,0,0.3875569134838972,Medium Review Priority,0.3963132868106601,"SPRINKLR, INC.",Technology / Software / Electronics,-0.2020130220920644,-0.0357829934590227,0.4393225990874369,,2022,Medium Review Priority,175
0001571123,2021,0,0.04487432229853434,Routine Monitoring,0.050416853888920005,SCIENCE APPLICATIONS INTERNATIONAL CORP,Technology / Software / Electronics,0.0624830944008655,0.0901496693351897,,0.0479024943310657,2022,Routine Monitoring,1036
0001571996,2021,0,0.01688493883022635,Routine Monitoring,0.018769617289090056,DELL TECHNOLOGIES INC.,Technology / Software / Electronics,0.0460389141970611,0.1111446595136679,1.017037795869952,0.0740044999150959,2022,Routine Monitoring,1485
0001573221,2021,1,0.7261946370760728,High Review Priority,0.7470871518367629,"THEREALREAL, INC.",Consumer / Retail,-0.4595075391496968,-0.1882934363343506,0.9031345371312308,0.55923840386199,2022,High Review Priority,71
0001573516,2021,0,0.007265816495931835,Routine Monitoring,0.008085649478968166,MURPHY USA INC.,Consumer / Retail,0.0347916246651882,0.1821550318660145,0.800602737018922,0.5411965235300906,2022,Routine Monitoring,1615
0001575051,2021,0,0.0980190603083654,Routine Monitoring,0.10796530340550549,SISECAM RESOURCES LP,Energy / Capital-intensive,0.1046102573597482,0.0997607215166574,0.3655438983986747,0.3771035186129525,2022,Routine Monitoring,625
0001575515,2021,0,0.053605189995707715,Routine Monitoring,0.0593411455233531,"SPROUTS FARMERS MARKET, INC.",Consumer / Retail,0.0547677335365726,0.124798032236159,0.6716256459290859,-0.0570263940888816,2022,Routine Monitoring,955
0001575828,2021,0,0.19073540667115993,Routine Monitoring,0.19614346425528728,EXPRO GROUP HOLDINGS N.V.,Energy / Capital-intensive,-0.1544851906481528,0.0087046636594311,0.3003642759395634,1.115396635908576,2022,Routine Monitoring,348
0001576427,2021,0,0.04985163089576823,Routine Monitoring,0.0552093721405122,CRITEO S.A.,Technology / Software / Electronics,0.0673740759060168,0.111370237110372,0.3958835263922855,0.0876273812286592,2022,Routine Monitoring,990
0001576914,2021,0,0.06966364861251159,Routine Monitoring,0.07697815434367233,MIX TELEMATICS LTD,Technology / Software / Electronics,0.1008346476474939,0.1074581565625796,0.2982874929384007,0.1292417293173831,2022,Routine Monitoring,812
0001576942,2021,0,0.20417640947202823,Routine Monitoring,0.22224056397194417,"STITCH FIX, INC.",Consumer / Retail,-0.0301538411751436,-0.0191357127946197,0.4374051607216758,0.2275617751132916,2022,Routine Monitoring,324
0001577526,2021,1,0.4005275669961736,High Review Priority,0.409381106142861,"C3.AI, INC.",Technology / Software / Electronics,-0.3288886948263534,-0.0313863116466091,0.1130836614494052,,2022,High Review Priority,167
0001579157,2021,1,0.10993035172417655,Routine Monitoring,0.12247773141437276,VINCE HOLDING CORP.,Consumer / Retail,0.0014968250574092,-0.0006553449160357,,0.4676081320780461,2022,Routine Monitoring,574
0001579214,2021,0,0.28741093746398244,Medium Review Priority,0.3113755131979952,"EMERALD HOLDING, INC.",Technology / Software / Electronics,-0.4336769759450172,0.0847138554216867,0.7039721385542169,0.142072213500785,2022,Medium Review Priority,245
0001579241,2021,0,0.019498680595775586,Routine Monitoring,0.0216686718022222,ALLEGION PLC,Technology / Software / Electronics,0.1849061867894259,0.1601442150114716,0.7501147164863979,0.054229934924078,2022,Routine Monitoring,1433
0001579684,2021,0,0.22561030691983808,Routine Monitoring,0.244987021467988,"GANNETT CO., INC.",Industrial / Manufacturing,0.0340006789101154,0.0450671465229455,0.8127291095089971,-0.058017071530712,2022,Routine Monitoring,298
0001579733,2021,0,0.15548914185478452,Routine Monitoring,0.16371851624878833,"VITAL FARMS, INC.",Industrial / Manufacturing,0.0001993093165606,0.0859472891724842,0.2010192585104926,0.2175704685458279,2022,Routine Monitoring,437
0001580560,2021,0,0.254073827696102,Routine Monitoring,0.261100063536788,FLYWIRE CORP,Technology / Software / Electronics,-0.0659063679163207,0.0267736717486266,0.2463784197735389,,2022,Routine Monitoring,273
0001580670,2021,1,0.09178322639416715,Routine Monitoring,0.10116767565229276,"LGI HOMES, INC.",Industrial / Manufacturing,0.1795643425944109,0.0092267200710925,0.4064931448021038,0.2881083005444842,2022,Routine Monitoring,656
0001580808,2021,0,0.06202952451283457,Routine Monitoring,0.06860157271847224,"A10 NETWORKS, INC.",Technology / Software / Electronics,0.1335295670327385,0.1274457178472849,0.468593306791152,0.1087009537660679,2022,Routine Monitoring,877
0001580864,2021,1,0.47570211526409767,High Review Priority,0.4832352199985631,"VROOM, INC.",Consumer / Retail,-0.112621319586528,-0.2402822435829724,0.6133119256364212,1.3453303380717392,2022,High Review Priority,135
0001580905,2021,0,0.06664700947168213,Routine Monitoring,0.07366985718494105,"INSTALLED BUILDING PRODUCTS, INC.",Industrial / Manufacturing,0.095435958651868,0.0836643072050481,0.7478590033159892,0.1907937516067082,2022,Routine Monitoring,844
0001581280,2021,1,0.9482780620321086,High Review Priority,0.947560092076479,TWIST BIOSCIENCE CORP,Industrial / Manufacturing,-1.154103662729629,-0.1598696476412803,0.1727339669589814,,2022,High Review Priority,10
0001582961,2021,0,0.12333638482873388,Routine Monitoring,0.12736449423258323,"DIGITALOCEAN HOLDINGS, INC.",Technology / Software / Electronics,-0.0261013017983437,0.0633575996135164,0.7247984883352887,,2022,Routine Monitoring,525
0001582982,2021,0,0.10712997165700212,Routine Monitoring,0.11314280211474949,"CARECLOUD, INC.",Technology / Software / Electronics,0.0252795507131139,0.0946694308758377,0.3047043621492672,0.3279713095260745,2022,Routine Monitoring,586
0001583708,2021,1,0.7859140420077018,High Review Priority,0.7834569126555758,"SENTINELONE, INC.",Technology / Software / Electronics,-1.304850121338483,-0.0468068207470346,0.1916544126108312,,2022,High Review Priority,54
0001584509,2021,0,0.0647403888668327,Routine Monitoring,0.07255024388060902,ARAMARK,Consumer / Retail,0.0158270960605458,0.0457061424730547,,-0.0571799856877387,2022,Routine Monitoring,858
0001585364,2021,0,0.13185442513648682,Routine Monitoring,0.14468329651729386,PERRIGO CO PLC,Industrial / Manufacturing,0.0991615724744485,0.0149917991118102,0.505865313600046,-0.1826081804356842,2022,Routine Monitoring,501
0001585521,2021,0,0.02169403921839287,Routine Monitoring,0.023035362732660093,"ZOOM VIDEO COMMUNICATIONS, INC.",Technology / Software / Electronics,0.259421044210247,0.2125809030953272,0.234568323039766,0.5463202392123614,2022,Routine Monitoring,1392
0001587732,2021,0,0.36464298939448786,Medium Review Priority,0.39341288750229453,"ONE GAS, INC.",Energy / Capital-intensive,0.1715462316923007,-0.1827701818112571,,0.1818825199246145,2022,Medium Review Priority,186
0001589526,2021,1,0.5964703729546983,High Review Priority,0.6255233658532466,BLUE BIRD CORP,Industrial / Manufacturing,0.0095351574207413,-0.152353800348295,,-0.2220442869312721,2022,High Review Priority,108
0001590714,2021,0,0.040426049521595515,Routine Monitoring,0.04481857168449325,ELEMENT SOLUTIONS INC,Industrial / Manufacturing,0.1249687473956163,0.0634438735793243,0.5133115366651098,0.2945999892107676,2022,Routine Monitoring,1096
0001590877,2021,1,0.03383336256138538,Routine Monitoring,0.03505523194242334,REGENXBIO INC.,Industrial / Manufacturing,0.3401318600947811,0.1964935937028684,0.3138564903259168,2.0429975350495253,2022,Routine Monitoring,1196
0001590955,2021,0,0.021426979363626596,Routine Monitoring,0.023806358853393435,"PAYCOM SOFTWARE, INC.",Technology / Software / Electronics,0.2402285499903365,0.0993305123097092,0.7220299551031135,0.2544346912532653,2022,Routine Monitoring,1399
0001590976,2021,0,0.016983148175905072,Routine Monitoring,0.018878578153173984,"MALIBU BOATS, INC.",Industrial / Manufacturing,0.1616541556261906,0.1767862528002757,0.4868575521282095,0.418505028606948,2022,Routine Monitoring,1482
0001591698,2021,0,0.0595936169863127,Routine Monitoring,0.06592571964637584,PAYLOCITY HOLDING CORP,Technology / Software / Electronics,0.0913161335185572,0.0517001844808344,0.8025040529880305,0.1323608792704456,2022,Routine Monitoring,894
0001592000,2021,0,0.036406207698048934,Routine Monitoring,0.03916488701567099,"ENLINK MIDSTREAM, LLC",Energy / Capital-intensive,0.0625944151124007,0.1010585628064881,,0.7170630232677591,2022,Routine Monitoring,1148
0001592016,2021,0,0.10661539948405868,Routine Monitoring,0.11260299110820027,"AGROFRESH SOLUTIONS, INC.",Industrial / Manufacturing,0.0128201266348974,0.0709864830553591,0.4709362483994528,0.0529424078455751,2022,Routine Monitoring,588
0001592057,2021,1,0.14515370062186722,Routine Monitoring,0.1590394877804961,ENVIVA INC.,Industrial / Manufacturing,-0.0933609042333619,0.0173531440165434,0.8593329927495145,0.1903816683979389,2022,Routine Monitoring,467
0001592058,2021,1,0.1090487550239902,Routine Monitoring,0.11996535184440446,PARTY CITY HOLDCO INC.,Consumer / Retail,0.0389818798190745,0.0191507798960138,0.9694996128175818,0.1731084082153142,2022,Routine Monitoring,577
0001593548,2021,0,0.03211015141546072,Routine Monitoring,0.03407306374878942,"PLAYAGS, INC.",Industrial / Manufacturing,0.0758694781590783,0.106892500249041,0.9432718668251432,0.5550006885938912,2022,Routine Monitoring,1218
0001595974,2021,0,0.034771270377988314,Routine Monitoring,0.037638543814778644,"MAGNITE, INC.",Technology / Software / Electronics,-0.1730737618298382,0.0466668288719507,0.6753103650651107,1.1135100258090134,2022,Routine Monitoring,1177
0001596532,2021,0,0.008220735925696762,Routine Monitoring,0.009147323714100736,"ARISTA NETWORKS, INC.",Technology / Software / Electronics,0.3136795772916012,0.1771503317941507,0.3061907297134553,0.2720697886353986,2022,Routine Monitoring,1601
0001596783,2021,0,0.04237225061097072,Routine Monitoring,0.046965888587544746,"CATALENT, INC.",Industrial / Manufacturing,0.2071035517758879,0.0475197541703248,0.5309482001755926,0.2920531299486151,2022,Routine Monitoring,1068
0001596961,2021,1,0.05743842619489729,Routine Monitoring,0.05909455659464925,"RUMBLEON, INC.",Technology / Software / Electronics,-0.0094497250756574,-0.0313082279817348,0.5800093213420786,1.2535509282230124,2022,Routine Monitoring,915
0001597033,2021,1,0.37798305378833413,Medium Review Priority,0.40117901963426267,SABRE CORP,Technology / Software / Electronics,-0.394041595736807,-0.0783647967524233,,0.2659283412038078,2022,High Review Priority,180
0001597672,2021,0,0.10164044251624803,Routine Monitoring,0.11336212899369219,RAYONIER ADVANCED MATERIALS INC.,Industrial / Manufacturing,-0.0074206533585116,0.0953872027432041,,-0.1905464319664339,2022,Routine Monitoring,610
0001599489,2021,0,0.056600027602297834,Routine Monitoring,0.06263523301824293,VERITIV CORP,Consumer / Retail,0.0306546967374644,0.0634432414698162,0.739255249343832,0.0795669440242057,2022,Routine Monitoring,925
0001599617,2021,0,0.1492805676892733,Routine Monitoring,0.16348564057018672,NOW INC.,Technology / Software / Electronics,0.0055147058823529,0.0271739130434782,0.3550724637681159,0.0080296479308215,2022,Routine Monitoring,451
0001600033,2021,0,0.13230686176295708,Routine Monitoring,0.14517239218726233,"E.L.F. BEAUTY, INC.",Industrial / Manufacturing,0.0759138605908378,0.0394495301557521,0.3683607206974074,0.2327653956178681,2022,Routine Monitoring,498
0001600438,2021,0,0.08277208914753052,Routine Monitoring,0.09132783605447879,GMS INC.,Consumer / Retail,0.0578839786190407,0.0617191205113897,0.6688825386549689,0.0177446937300291,2022,Routine Monitoring,707
0001601046,2021,0,0.016951837377816588,Routine Monitoring,0.018843839853283362,"KEYSIGHT TECHNOLOGIES, INC.",Industrial / Manufacturing,0.2185792349726776,0.1699010409973011,0.5136871867369233,0.1705756929637527,2022,Routine Monitoring,1483
0001602065,2021,0,0.02001600930071104,Routine Monitoring,0.020214667405252913,VIPER ENERGY PARTNERS LP,Energy / Capital-intensive,0.7161018543641826,0.1012234259420089,0.2640696949691515,1.0146233830488458,2022,Routine Monitoring,1426
0001603145,2021,0,0.06656483782334882,Routine Monitoring,0.07357970939961933,"NEXTERA ENERGY PARTNERS, LP",Energy / Capital-intensive,0.2382892057026476,0.0356766441821247,0.4119413996627318,0.0708833151581243,2022,Routine Monitoring,846
0001603756,2021,0,0.6972666093555039,High Review Priority,0.710061004835965,"AXONICS, INC.",Industrial / Manufacturing,-0.3982916412446614,-0.0863334823750558,0.1195503198313699,0.6164432689290358,2022,High Review Priority,78
0001603923,2021,0,0.08548741413120561,Routine Monitoring,0.09429497685738719,WEATHERFORD INTERNATIONAL PLC,Technology / Software / Electronics,0.0318244170096021,0.0674486803519061,0.8961038961038961,-0.010854816824966,2022,Routine Monitoring,681
0001604028,2021,0,0.035032850794385624,Routine Monitoring,0.03886310427985341,"ADVANCED DRAINAGE SYSTEMS, INC.",Industrial / Manufacturing,0.1487436423808776,0.1037407944423604,0.5829638027321741,0.3966829401143847,2022,Routine Monitoring,1169
0001604643,2021,0,0.052634084327549756,Routine Monitoring,0.05827252610880209,EVOQUA WATER TECHNOLOGIES CORP.,Technology / Software / Electronics,0.067819607505724,0.0956208789062604,0.6884681878183372,0.0244659506833369,2022,Routine Monitoring,969
0001604665,2021,0,0.004424321760844598,Routine Monitoring,0.004925127447104167,WESTLAKE CHEMICAL PARTNERS LP,Industrial / Manufacturing,0.3380543240444562,0.2758422041496645,0.3430814386188136,0.2567453215678565,2022,Routine Monitoring,1651
0001604778,2021,0,0.02050869645048617,Routine Monitoring,0.022788478992382292,"QORVO, INC.",Technology / Software / Electronics,0.2639140076207876,0.1397300491991553,0.3936377224775578,0.1570009466274933,2022,Routine Monitoring,1416
0001604868,2021,1,0.1223688324065022,Routine Monitoring,0.125647545131156,GROWGENERATION CORP.,Consumer / Retail,0.0355086167923898,0.0112313808132573,0.191682377682665,1.184924642107395,2022,Routine Monitoring,528
0001606163,2021,0,0.462686386303172,High Review Priority,0.48955248484351005,"LIMBACH HOLDINGS, INC.",Industrial / Manufacturing,0.0285305831944872,-0.0905865905080893,0.671648374652352,-0.1370235247945738,2022,High Review Priority,143
0001606268,2021,0,0.4467336289785719,High Review Priority,0.47348969799297796,"VIA RENEWABLES, INC.",Energy / Capital-intensive,0.0112050014613009,0.0357524853916391,0.6125857080129251,-0.2908774712105102,2022,High Review Priority,148
0001606366,2021,0,0.0712349280224505,Routine Monitoring,0.07870045781798587,"EL POLLO LOCO HOLDINGS, INC.",Consumer / Retail,0.0909735167696313,0.0848813755934478,0.4939229633781155,0.0663620340446904,2022,Routine Monitoring,802
0001606498,2021,0,0.1273303087680103,Routine Monitoring,0.13978988085901425,"AVANOS MEDICAL, INC.",Industrial / Manufacturing,0.0119527262959978,0.0547472720431456,0.2073874325849743,0.0416899832120873,2022,Routine Monitoring,516
0001606745,2021,0,0.18205007704226112,Routine Monitoring,0.1923837040409393,"LIBERTY TRIPADVISOR HOLDINGS, INC.",Technology / Software / Electronics,-0.2050997782705099,0.0221663619744058,0.5139396709323584,0.4933774834437086,2022,Routine Monitoring,370
0001606757,2021,0,0.03880357222065759,Routine Monitoring,0.04363054314055516,"KIMBALL ELECTRONICS, INC.",Technology / Software / Electronics,0.0508613128741367,0.159809891396345,,0.0760126608637707,2022,Routine Monitoring,1115
0001609151,2021,1,0.806713071000549,High Review Priority,0.8123778170075261,"WEAVE COMMUNICATIONS, INC.",Technology / Software / Electronics,-0.4348887987503344,-0.108664693175454,0.4010134144064858,,2022,High Review Priority,47
0001609253,2021,0,0.03114219330770173,Routine Monitoring,0.032727390601815065,CALIFORNIA RESOURCES CORP,Energy / Capital-intensive,0.1551085230280571,0.1716068642745709,,11.427631578947368,2022,Routine Monitoring,1236
0001609550,2021,0,0.601523145080866,High Review Priority,0.6161362893790339,"INSPIRE MEDICAL SYSTEMS, INC.",Industrial / Manufacturing,-0.1707413215421133,-0.0681805858670751,0.2237871250220276,1.0228113814232844,2022,High Review Priority,105
0001609711,2021,0,0.030626281577331108,Routine Monitoring,0.034472519861734566,GODADDY INC.,Technology / Software / Electronics,0.1001388998086851,0.1118091976648555,,0.150450749238701,2022,Routine Monitoring,1244
0001609804,2021,0,0.029281288910737252,Routine Monitoring,0.03296435868928551,ORION ENGINEERED CARBONS S.A.,Industrial / Manufacturing,0.1477243341091285,0.0890251379521765,,0.3611608058198687,2022,Routine Monitoring,1271
0001610250,2021,0,0.02678701751230466,Routine Monitoring,0.02974351628556999,"BOOT BARN HOLDINGS, INC.",Consumer / Retail,0.1735843833318998,0.0740622825258052,0.5002096086610466,0.6656642316486681,2022,Routine Monitoring,1308
0001611052,2021,0,0.4343019454416727,High Review Priority,0.44334991678836677,"PROCORE TECHNOLOGIES, INC.",Technology / Software / Electronics,-0.5553910970997686,0.0217252819466041,0.2965521687722584,,2022,High Review Priority,152
0001611647,2021,1,0.18193924131920453,Routine Monitoring,0.1995840588300273,"FRESHPET, INC.",Industrial / Manufacturing,-0.0579638956588772,0.0008248237528843,0.0824262821738631,0.3346999592208037,2022,Routine Monitoring,371
0001613103,2021,0,0.02526444345929449,Routine Monitoring,0.028057739652566346,MEDTRONIC PLC,Industrial / Manufacturing,0.1488860112228973,0.0670369455217386,0.445634541215904,0.0416421678829592,2022,Routine Monitoring,1333
0001614178,2021,0,0.31432535896003705,Medium Review Priority,0.3379958317256659,"YEXT, INC.",Technology / Software / Electronics,-0.2303233421322812,0.0352212917214085,0.6584587360055454,0.1012685353055453,2022,Medium Review Priority,216
0001615063,2021,0,0.1835270697621901,Routine Monitoring,0.20022394928868892,"INSPIRED ENTERTAINMENT, INC.",Technology / Software / Electronics,-0.0028721876495931,0.0186915887850467,1.2351522460054265,0.0455455455455455,2022,Routine Monitoring,364
0001615165,2021,0,0.5319944930740863,High Review Priority,0.541130852133651,"VERITONE, INC.",Technology / Software / Electronics,-0.5832270933610858,0.0143317906615526,0.8403592259168859,,2022,High Review Priority,120
0001616318,2021,0,0.029731615633743498,Routine Monitoring,0.03300209062688857,VISTA OUTDOOR INC.,Industrial / Manufacturing,0.212250391756478,0.1328398577581764,0.5307576451224251,0.3680480354721274,2022,Routine Monitoring,1267
0001616533,2021,0,0.033183109335418265,Routine Monitoring,0.03681884118363182,"SMART GLOBAL HOLDINGS, INC.",Technology / Software / Electronics,0.0367700057689412,0.1140319958833966,0.7628461672310637,0.337466822645154,2022,Routine Monitoring,1206
0001616707,2021,1,0.11235579175977306,Routine Monitoring,0.12355753628077322,WAYFAIR INC.,Consumer / Retail,-0.0068573096002334,0.0897155361050328,1.3542669584245075,-0.0309049967352781,2022,Routine Monitoring,566
0001616862,2021,0,0.035013353219135075,Routine Monitoring,0.0388415607782461,AXALTA COATING SYSTEMS LTD.,Industrial / Manufacturing,0.1047054028350165,0.0773984370670066,0.786800975447542,0.1815603595890411,2022,Routine Monitoring,1170
0001617553,2021,0,0.01814573337080669,Routine Monitoring,0.01881208563671385,"ZIPRECRUITER, INC.",Technology / Software / Electronics,-0.0113230815728721,0.3615883838953989,0.4105449062889626,,2022,Routine Monitoring,1459
0001617640,2021,1,0.13998183923386354,Routine Monitoring,0.14365522352694376,"ZILLOW GROUP, INC.",Technology / Software / Electronics,-0.0402182248615996,-0.2970134788107171,0.5005998810335681,1.439467791199338,2022,Routine Monitoring,479
0001618673,2021,0,0.08347737944860283,Routine Monitoring,0.09209870865194275,PERFORMANCE FOOD GROUP CO,Consumer / Retail,0.0066022125800604,0.0082338096027123,0.731559962782161,0.2117729597429671,2022,Routine Monitoring,698
0001618732,2021,0,0.43293166883293877,High Review Priority,0.45954771264155037,"NUTANIX, INC.",Technology / Software / Electronics,-0.4738949083596536,-0.0438244457948554,1.444365654209711,0.0662867577897379,2022,High Review Priority,154
0001618755,2021,0,0.013286694321335916,Routine Monitoring,0.014775777002240836,RESTAURANT BRANDS INTERNATIONAL LIMITED PARTNERSHIP,Consumer / Retail,0.3274089562641575,0.0742493332186182,0.8342510539447647,0.1551932367149757,2022,Routine Monitoring,1537
0001618756,2021,0,0.013286694321335916,Routine Monitoring,0.014775777002240836,RESTAURANT BRANDS INTERNATIONAL INC.,Consumer / Retail,0.3274089562641575,0.0742493332186182,0.8342510539447647,0.1551932367149757,2022,Routine Monitoring,1538
0001618921,2021,0,0.035964877491763685,Routine Monitoring,0.03989281971329312,"WALGREENS BOOTS ALLIANCE, INC.",Consumer / Retail,0.0176742711815801,0.0683397920895614,0.7030202374361814,-0.0503665694403634,2022,Routine Monitoring,1155
0001620179,2021,1,0.30037955139450423,Medium Review Priority,0.32668617859439875,"EXELA TECHNOLOGIES, INC.",Technology / Software / Electronics,0.0183343819592904,-0.107552098651621,1.64296741730897,-0.0974467762474836,2022,Medium Review Priority,232
0001620533,2021,0,0.0764905426647802,Routine Monitoring,0.08445678254196344,SHAKE SHACK INC.,Consumer / Retail,-0.0214260710670326,0.0400680584808962,0.7011464286449365,0.4150692241047915,2022,Routine Monitoring,756
0001621434,2021,0,0.01915474589241386,Routine Monitoring,0.02024461447086508,"BLACK STONE MINERALS, L.P.",Energy / Capital-intensive,0.5214190280020041,0.2058463636720593,0.1476792200788351,0.0481661614408126,2022,Routine Monitoring,1442
0001621563,2021,0,0.1320795353013158,Routine Monitoring,0.14492665261496146,"SUMMIT MATERIALS, INC.",Energy / Capital-intensive,0.1050206480641117,0.0853782325361955,0.5699084127030932,0.0331059473489474,2022,Routine Monitoring,499
0001623925,2021,0,0.08821110487544556,Routine Monitoring,0.09341215162397037,ANTERO MIDSTREAM CORP,Energy / Capital-intensive,0.6182651563902106,0.1280216219297218,0.5875365101846122,-0.0027944342242142,2022,Routine Monitoring,675
0001624794,2021,0,0.04052682968065377,Routine Monitoring,0.04492978946192305,"CSW INDUSTRIALS, INC.",Industrial / Manufacturing,0.1554510843104232,0.0694110673525156,0.5133308551679794,0.4943404778091864,2022,Routine Monitoring,1095
0001625278,2021,0,0.316260752934922,Medium Review Priority,0.3242591441344008,"NERDWALLET, INC.",Technology / Software / Electronics,-0.1027397260273972,0.0197747871463883,0.292502059873661,,2022,Medium Review Priority,213
0001625641,2021,1,0.6537185417186797,High Review Priority,0.6645917910721547,"CS DISCO, INC.",Technology / Software / Electronics,-0.2084011124521173,-0.0753024519747669,0.0651493905727537,,2022,High Review Priority,93
0001626450,2021,1,0.5823071635963867,High Review Priority,0.5971530616303741,"BIGCOMMERCE HOLDINGS, INC.",Technology / Software / Electronics,-0.3454231197834936,-0.0725524790263925,0.7510387786699312,0.4429210857922923,2022,High Review Priority,112
0001627014,2021,0,0.02489393085653711,Routine Monitoring,0.027647424231461028,"BLACK KNIGHT, INC.",Technology / Software / Electronics,0.2053958785249457,0.0708403533357476,0.4836637326993024,0.1911182882519175,2022,Routine Monitoring,1341
0001627475,2021,0,0.17728999209323285,Routine Monitoring,0.19355395315810778,"UPWORK, INC",Technology / Software / Electronics,-0.1078307945353691,0.0100234861862559,0.7599423159285184,0.3457155245324226,2022,Routine Monitoring,384
0001630805,2021,1,0.28077676055904455,Medium Review Priority,0.30303738934718355,"BABCOCK & WILCOX ENTERPRISES, INC.",Industrial / Manufacturing,0.0287836121007018,-0.1217565547787334,0.9358105259700088,0.2773111172717752,2022,Medium Review Priority,251
0001633917,2021,0,0.01643680116941827,Routine Monitoring,0.018272388685639532,"PAYPAL HOLDINGS, INC.",Technology / Software / Electronics,0.1679870718536912,0.0836378507446934,0.7133754600741395,0.1825766756781952,2022,Routine Monitoring,1491
0001633931,2021,0,0.03147153987239085,Routine Monitoring,0.0349265168983437,TOPBUILD CORP,Industrial / Manufacturing,0.1366582649854125,0.0946394647918413,0.6157279624659213,0.2826189332157975,2022,Routine Monitoring,1233
0001633978,2021,0,0.01534904164491753,Routine Monitoring,0.01706526076749752,LUMENTUM HOLDINGS INC.,Technology / Software / Electronics,0.3023869635070002,0.2079907647257574,0.44453204189661,0.0382461575122126,2022,Routine Monitoring,1508
0001634117,2021,0,0.22037956484841206,Routine Monitoring,0.23944594274879508,"BARNES & NOBLE EDUCATION, INC.",Consumer / Retail,-0.1228657707355515,0.0316654757525389,0.7101032532178757,-0.2253694228667527,2022,Routine Monitoring,305
0001634997,2021,0,0.07076965639147646,Routine Monitoring,0.07819053009420154,"AVANGRID, INC.",Energy / Capital-intensive,0.1283338112991109,0.0395149858242203,0.4947093965168084,0.1034810126582279,2022,Routine Monitoring,805
0001635282,2021,0,0.039264513799612516,Routine Monitoring,0.043536554568933836,"RIMINI STREET, INC.",Technology / Software / Electronics,0.0715033517613439,0.1711001835087486,1.2054531234824746,0.1458167574514963,2022,Routine Monitoring,1110
0001636222,2021,0,0.022210696112623957,Routine Monitoring,0.025027339625535928,WINGSTOP INC.,Consumer / Retail,0.2610813374772568,0.1961372856667054,2.2420596862798603,0.1354080004501408,2022,Routine Monitoring,1383
0001636422,2021,1,0.5800465442777517,High Review Priority,0.6060409960460217,"HEALTH CATALYST, INC.",Technology / Software / Electronics,-0.5937766093764208,-0.0277888609006653,0.3725507633734569,0.2810823691387116,2022,High Review Priority,113
0001636651,2021,1,0.010164715327152126,Routine Monitoring,0.010103904429113877,OVID THERAPEUTICS INC.,Industrial / Manufacturing,0.5620320904977375,0.6096883556723145,0.0760664087184832,,2022,Routine Monitoring,1579
0001637459,2021,0,0.03229637316006944,Routine Monitoring,0.03583855053873079,KRAFT HEINZ CO,Industrial / Manufacturing,0.1328622993625681,0.0574340964087628,0.4705013170010921,-0.0054611418751193,2022,Routine Monitoring,1214
0001637757,2021,0,0.0746721095428284,Routine Monitoring,0.08246587681463109,CLEARWAY ENERGY LLC,Energy / Capital-intensive,0.2091757387247278,0.0551187293599622,0.7470514231797453,0.0725604670558799,2022,Routine Monitoring,775
0001637873,2021,1,0.19497545623439524,Routine Monitoring,0.2008073364772817,ACV AUCTIONS INC.,Technology / Software / Electronics,-0.2142787395204151,0.0867685358508993,0.4342628387726865,,2022,Routine Monitoring,336
0001637880,2021,0,0.15041991439958702,Routine Monitoring,0.16672308098120453,"TRI-STATE GENERATION & TRANSMISSION ASSOCIATION, INC.",Energy / Capital-intensive,0.1112920393403488,0.034537368747144,,0.0358693924032846,2022,Routine Monitoring,447
0001638290,2021,0,0.011697027962469278,Routine Monitoring,0.01301030072260873,"MASTERCRAFT BOAT HOLDINGS, INC.",Industrial / Manufacturing,0.1444500654231202,0.2479128987918686,0.6101135788179122,0.4482156480928077,2022,Routine Monitoring,1562
0001639300,2021,0,0.15593326073141967,Routine Monitoring,0.17064440076666784,"OLLIE'S BARGAIN OUTLET HOLDINGS, INC.",Consumer / Retail,0.1167099735024914,0.0228342152712846,0.34705999273897,-0.0308631976298373,2022,Routine Monitoring,436
0001639691,2021,0,0.11773986264323781,Routine Monitoring,0.12940014065895405,LIVANOVA PLC,Industrial / Manufacturing,-0.0007572208834565,0.0465907691720533,0.4117792717784267,0.1082418776311466,2022,Routine Monitoring,549
0001639825,2021,1,0.16160994320094538,Routine Monitoring,0.1657415095277744,"PELOTON INTERACTIVE, INC.",Industrial / Manufacturing,-0.0466955094733701,-0.0534376672017121,0.6089486356340289,1.202639794074155,2022,Routine Monitoring,421
0001640147,2021,0,0.28718021486415146,Medium Review Priority,0.29990428944446806,SNOWFLAKE INC.,Technology / Software / Electronics,-0.5864185735245755,0.0165690231345844,0.240710630768495,1.0595035208234456,2022,Medium Review Priority,246
0001640428,2021,1,0.20890853958870859,Routine Monitoring,0.22727179792183963,"EVERQUOTE, INC.",Technology / Software / Electronics,-0.0523852191677717,0.0500602338326126,0.4072364160521423,0.2063210687881014,2022,Routine Monitoring,314
0001641614,2021,0,0.079360241608715,Routine Monitoring,0.08208659317518188,CPI CARD GROUP INC.,Industrial / Manufacturing,0.1585203628715154,0.0754419333184157,1.4513313940478854,,2022,Routine Monitoring,734
0001642545,2021,0,0.2265777538557365,Routine Monitoring,0.23308120395801724,"SHOCKWAVE MEDICAL, INC.",Industrial / Manufacturing,-0.0036728428900339,0.043496624064892,0.300426403457513,,2022,Routine Monitoring,295
0001643269,2021,1,0.5734442068140874,High Review Priority,0.5883824433923367,"SUMO LOGIC, INC.",Technology / Software / Electronics,-0.5008776458440888,-0.0506384823236139,0.3041896198667732,0.194870630733775,2022,High Review Priority,115
0001643953,2021,1,0.3930007276537863,Medium Review Priority,0.4189756624837852,"PURPLE INNOVATION, INC.",Industrial / Manufacturing,-0.0321524812489758,-0.0481003004031316,0.7719099724500755,0.1199066727733391,2022,High Review Priority,171
0001644406,2021,0,0.056331768182800473,Routine Monitoring,0.06234025953992033,"HOSTESS BRANDS, INC.",Industrial / Manufacturing,0.1757720422123295,0.0585720669611007,0.5040866211946937,0.123377817823765,2022,Routine Monitoring,931
0001645070,2021,0,0.09722976126203967,Routine Monitoring,0.10050298813336293,STERLING CHECK CORP.,Technology / Software / Electronics,0.0005733123118818,0.0499942066330044,0.4828789608958658,,2022,Routine Monitoring,631
0001645113,2021,0,0.194187094069246,Routine Monitoring,0.21160245242496675,NOVOCURE LTD,Industrial / Manufacturing,-0.0828606192912186,0.0726251541252923,0.6397579629572749,0.0822568704158457,2022,Routine Monitoring,338
0001645590,2021,0,0.025500334240963103,Routine Monitoring,0.028721898116457083,HEWLETT PACKARD ENTERPRISE CO,Consumer / Retail,0.0407428735963144,0.1017521967451775,,0.0297235193832925,2022,Routine Monitoring,1330
0001646972,2021,0,0.02902598254578251,Routine Monitoring,0.03267802033077997,"ALBERTSONS COMPANIES, INC.",Consumer / Retail,0.0338990359870352,0.1249297727838424,,0.0315194058292103,2022,Routine Monitoring,1273
0001647088,2021,0,0.020570428490526062,Routine Monitoring,0.022856913140093933,WILLSCOT MOBILE MINI HOLDINGS CORP.,Technology / Software / Electronics,0.1901280122349658,0.0935122096286908,0.6541562723701455,0.3855181717477853,2022,Routine Monitoring,1415
0001649744,2021,0,0.041118182196891714,Routine Monitoring,0.045582336144519474,DULUTH HOLDINGS INC.,Consumer / Retail,0.0631262668483675,0.1784133449713897,0.5679992241295704,0.0936170812310284,2022,Routine Monitoring,1088
0001650164,2021,1,0.2919519840087287,Medium Review Priority,0.29960498275471725,"TOAST, INC.",Technology / Software / Electronics,-0.133724340175953,0.0011527377521613,0.3711815561959654,,2022,Medium Review Priority,238
0001650729,2021,0,0.047863537970421886,Routine Monitoring,0.05073898067248358,"SITEONE LANDSCAPE SUPPLY, INC.",Consumer / Retail,0.090255200391288,0.0996172203582061,0.5001653986106517,0.2851543723423924,2022,Routine Monitoring,1009
0001651308,2021,1,0.8616872497452248,High Review Priority,0.8599448110071994,"BEIGENE, LTD.",Industrial / Manufacturing,-1.2231197764483548,-0.1502117349986681,0.2779292359924862,2.8082939969048866,2022,High Review Priority,32
0001651561,2021,0,0.19409896063882628,Routine Monitoring,0.21150848954610035,"TABULA RASA HEALTHCARE, INC.",Technology / Software / Electronics,-0.2092646259735555,0.0309400141765014,0.8883580487687669,0.1145317089418913,2022,Routine Monitoring,339
0001651562,2021,1,0.46490430072018857,High Review Priority,0.4740555545183941,"COURSERA, INC.",Technology / Software / Electronics,-0.3444918815180827,0.0018208173864074,0.2267126216224671,,2022,High Review Priority,142
0001652044,2021,0,0.002084231099446335,Routine Monitoring,0.0023207705537628544,ALPHABET INC.,Technology / Software / Electronics,0.3055228868524319,0.2551076076911943,0.2995897213222441,0.4115007642704915,2022,Routine Monitoring,1680
0001652535,2021,0,0.1485298015763701,Routine Monitoring,0.1626770949732321,"ICHOR HOLDINGS, LTD.",Technology / Software / Electronics,0.0738560893850674,0.0149597012761589,0.5095241733569993,0.199818208865107,2022,Routine Monitoring,456
0001653247,2021,1,0.5983467769807945,High Review Priority,0.6239428640104415,WAITR HOLDINGS INC.,Technology / Software / Electronics,-0.0415710725929503,-0.0090348774830475,0.4809518847425967,-0.1083258290591597,2022,High Review Priority,106
0001653482,2021,1,0.644358022598518,High Review Priority,0.6527327039033022,GITLAB INC.,Technology / Software / Electronics,-0.5104115130237915,-0.0456407051980964,0.2676917974268809,,2022,High Review Priority,96
0001653558,2021,0,0.07743286294189988,Routine Monitoring,0.08548815773211108,"PRIORITY TECHNOLOGY HOLDINGS, INC.",Technology / Software / Electronics,0.0642706073594729,0.0069359484356577,0.8920656359518382,0.2734294236067487,2022,Routine Monitoring,745
0001653909,2021,1,0.6595305548009406,High Review Priority,0.6677321882400247,"ALLBIRDS, INC.",Industrial / Manufacturing,-0.1184840272171606,-0.1041092973594934,0.1871817602967882,,2022,High Review Priority,90
0001655210,2021,1,0.8543566420946563,High Review Priority,0.8689227583018729,"BEYOND MEAT, INC.",Industrial / Manufacturing,-0.376442866365397,-0.218479207248954,,0.142372506360854,2022,High Review Priority,35
0001657573,2021,1,0.6651615296695272,High Review Priority,0.6732947109468055,"XOMETRY, INC.",Technology / Software / Electronics,-0.2687875567931995,-0.1364363511916368,0.1534125502899006,,2022,High Review Priority,86
0001657788,2021,0,0.052897175592422185,Routine Monitoring,0.05476849463023824,"KIMBELL ROYALTY PARTNERS, LP",Energy / Capital-intensive,0.3636073698396793,0.1520273979322161,0.4200209367170007,,2022,Routine Monitoring,964
0001658566,2021,0,0.042604883277345164,Routine Monitoring,0.04546319046336827,"CENTENNIAL RESOURCE DEVELOPMENT, INC.",Energy / Capital-intensive,0.3598610339724942,0.1381537688384095,0.2770003842722771,0.7742809101809611,2022,Routine Monitoring,1063
0001659166,2021,0,0.02499759845895932,Routine Monitoring,0.028157484775856313,FORTIVE CORP,Industrial / Manufacturing,0.1546805716786876,0.0583705323251647,,0.1338468841705506,2022,Routine Monitoring,1340
0001660134,2021,0,0.22760078669521666,Routine Monitoring,0.24709390679978696,"OKTA, INC.",Technology / Software / Electronics,-0.5899880095462163,0.011310281298696,0.3567182054152348,0.556336662580917,2022,Routine Monitoring,293
0001660280,2021,0,0.10334043940051899,Routine Monitoring,0.11375855442187144,"TENABLE HOLDINGS, INC.",Technology / Software / Electronics,-0.0771866279821854,0.0774852080245415,0.8275867039178616,0.2292235036493033,2022,Routine Monitoring,604
0001661181,2021,0,0.05833518989344966,Routine Monitoring,0.06454275590191465,ORGANOGENESIS HOLDINGS INC.,Industrial / Manufacturing,0.1557880523609203,0.1398234440812256,0.453964837713391,0.3835701068288906,2022,Routine Monitoring,910
0001662991,2021,0,0.8777546654361377,High Review Priority,0.8816428321190996,SEZZLE INC.,Technology / Software / Electronics,-0.5981958886009854,-0.3228777770325395,0.830835125038464,,2022,High Review Priority,27
0001664703,2021,1,0.22098707123442968,Routine Monitoring,0.24008982225857214,BLOOM ENERGY CORP,Technology / Software / Electronics,-0.117779085268511,-0.035165750931141,0.8800258001554269,0.224022250005351,2022,Routine Monitoring,304
0001665918,2021,0,0.04277519604341505,Routine Monitoring,0.04741035521830343,US FOODS HOLDING CORP.,Consumer / Retail,0.0143792179604571,0.033463780848175,0.6590527913105982,0.2884859077998689,2022,Routine Monitoring,1061
0001665988,2021,1,0.13704972203698393,Routine Monitoring,0.14145343675419716,BIOVENTUS INC.,Industrial / Manufacturing,0.0279903828748334,0.0187549658933876,0.5645602849260357,,2022,Routine Monitoring,483
0001666071,2021,1,0.3148398567117849,Medium Review Priority,0.33852994516063334,"CARDLYTICS, INC.",Technology / Software / Electronics,-0.4589728806960272,-0.0304819524021658,0.4534723535504515,0.4292532585664448,2022,Medium Review Priority,215
0001666134,2021,0,0.12200255932792567,Routine Monitoring,0.1340208625922642,"BLACKLINE, INC.",Technology / Software / Electronics,-0.0907057922603862,0.0440657842469484,0.8053811170689786,0.2102963293597204,2022,Routine Monitoring,531
0001666138,2021,0,0.003536824311955733,Routine Monitoring,0.003937568133582041,ATKORE INC.,Technology / Software / Electronics,0.2728641324802409,0.2592200620877164,0.6087342693698337,0.6585358393267102,2022,Routine Monitoring,1665
0001668673,2021,0,0.13286406031769288,Routine Monitoring,0.14759501113770496,"PETIQ, INC.",Consumer / Retail,0.0170204004598253,0.028998751810363,,0.1954705525664348,2022,Routine Monitoring,492
0001669779,2021,0,0.05673607799946803,Routine Monitoring,0.06278482487630235,"CAMPING WORLD HOLDINGS, INC.",Consumer / Retail,0.1156454221541582,0.0352175852843711,0.9465131951604976,0.2693727140517803,2022,Routine Monitoring,920
0001669811,2021,0,0.017899480096065408,Routine Monitoring,0.01989510888845365,"DONNELLEY FINANCIAL SOLUTIONS, INC.",Technology / Software / Electronics,0.2207792207792207,0.2037812747650854,0.5731914411864598,0.1104527669088877,2022,Routine Monitoring,1464
0001670592,2021,0,0.041397943851264045,Routine Monitoring,0.04589101756402545,"YETI HOLDINGS, INC.",Industrial / Manufacturing,0.194854814601673,0.1336417467191553,0.5276906209981357,0.2924446813792167,2022,Routine Monitoring,1082
0001671933,2021,0,0.028243688582988914,Routine Monitoring,0.03135578105533512,"TRADE DESK, INC.",Technology / Software / Electronics,0.1043213059783512,0.1058085057612639,0.573060989450262,0.4311241302675852,2022,Routine Monitoring,1283
0001672013,2021,0,0.022957999459949977,Routine Monitoring,0.02550296175718026,ACUSHNET HOLDINGS CORP.,Industrial / Manufacturing,0.1209592491375417,0.1566040294420879,0.4597933230832431,0.3323231001216373,2022,Routine Monitoring,1370
0001673358,2021,0,0.0284152046829152,Routine Monitoring,0.031545582527436576,"YUM CHINA HOLDINGS, INC.",Consumer / Retail,0.1406678169085557,0.0855327837858277,0.4008923844815851,0.1924240590584534,2022,Routine Monitoring,1279
0001674101,2021,0,0.06644819775340717,Routine Monitoring,0.07078784997610503,VERTIV HOLDINGS CO,Technology / Software / Electronics,0.0519997599087653,0.0303908006225142,0.7957086863796184,0.1435729648103234,2022,Routine Monitoring,848
0001674335,2021,0,0.0750135614759314,Routine Monitoring,0.08283977665695255,"JELD-WEN HOLDING, INC.",Industrial / Manufacturing,0.0560437444032224,0.0469862151550644,0.7747279715171514,0.1265540313862458,2022,Routine Monitoring,771
0001674862,2021,0,0.07024082736836576,Routine Monitoring,0.07865841350596922,ASHLAND GLOBAL HOLDINGS INC,Consumer / Retail,0.0857413548081477,0.0704779189352692,,-0.0924333619948409,2022,Routine Monitoring,808
0001676238,2021,1,0.5905133482481768,High Review Priority,0.5993676216461715,"BRAZE, INC.",Technology / Software / Electronics,-0.3285693280399941,-0.0531292494544188,0.2423130840420135,,2022,High Review Priority,110
0001679273,2021,0,0.04408391813319044,Routine Monitoring,0.04953388799632959,"LAMB WESTON HOLDINGS, INC.",Industrial / Manufacturing,0.1293415783595303,0.1314201548914334,,-0.0320377597299862,2022,Routine Monitoring,1047
0001680062,2021,0,0.14717751376212318,Routine Monitoring,0.16122039147549644,"ACM RESEARCH, INC.",Technology / Software / Electronics,0.1489965389931126,-0.0381047331300092,0.2285865808004151,0.6584367657574828,2022,Routine Monitoring,461
0001680247,2021,0,0.11253618866295921,Routine Monitoring,0.12375341106951379,PROPETRO HOLDING CORP.,Energy / Capital-intensive,-0.0785533450579407,0.1457866110836798,0.2213777142878681,0.1080569464998884,2022,Routine Monitoring,564
0001680873,2021,0,0.12773707963811248,Routine Monitoring,0.14023005916338394,HF FOODS GROUP INC.,Consumer / Retail,0.0369966017638702,0.0293309612594774,0.5058363738093563,0.4058579974642358,2022,Routine Monitoring,515
0001681622,2021,0,0.06764307237984969,Routine Monitoring,0.07476247170247238,VAREX IMAGING CORP,Technology / Software / Electronics,0.0905757242390905,0.0806971677559912,0.5673202614379085,0.1080861438439659,2022,Routine Monitoring,833
0001682852,2021,0,0.003641419333281023,Routine Monitoring,0.0035890330195289585,"MODERNA, INC.",Industrial / Manufacturing,0.7198310865681339,0.5521099355466375,0.426608293810045,21.991181174889064,2022,Routine Monitoring,1663
0001683606,2021,0,0.10497438456116648,Routine Monitoring,0.11620794489065704,CARS.COM INC.,Technology / Software / Electronics,0.0775041166746568,0.1370158011526948,0.6356908474441648,0.1391407900961272,2022,Routine Monitoring,593
0001683695,2021,0,0.020840044117175913,Routine Monitoring,0.023487043988355324,"INTERNATIONAL MONEY EXPRESS, INC.",Technology / Software / Electronics,0.147759393387717,0.2293384546714591,,0.2855387182293838,2022,Routine Monitoring,1412
0001687187,2021,0,0.0468798656436862,Routine Monitoring,0.050123961083009635,"RAMACO RESOURCES, INC.",Energy / Capital-intensive,0.1394983662321714,0.1621113991605705,0.3585020347503138,0.6777314033685582,2022,Routine Monitoring,1020
0001687221,2021,0,0.05213037719955288,Routine Monitoring,0.057718146698728955,"REV GROUP, INC.",Industrial / Manufacturing,0.035198252688172,0.1278365501090204,0.5810385205523702,0.0453108535300315,2022,Routine Monitoring,972
0001687932,2021,0,0.026928370338204076,Routine Monitoring,0.02989999099047176,"J.JILL, INC.",Industrial / Manufacturing,0.1003407347156385,0.165982441036718,1.098825049961381,0.3713729993204133,2022,Routine Monitoring,1306
0001688476,2021,0,0.3891008355531203,Medium Review Priority,0.41499423649510714,NEXTIER OILFIELD SOLUTIONS INC.,Energy / Capital-intensive,-0.0739468653776306,-0.0348433466133271,0.6247090213168256,0.18365498872841,2022,High Review Priority,174
0001688757,2021,1,0.8068785788399607,High Review Priority,0.8125396013986981,ESTABLISHMENT LABS HOLDINGS INC.,Industrial / Manufacturing,-0.1984496613567831,-0.1973209870349533,0.6363551663095127,,2022,High Review Priority,46
0001689923,2021,1,0.20781026631751684,Routine Monitoring,0.22610457760943972,"ALTERYX, INC.",Technology / Software / Electronics,-0.2541617316534081,0.0394820740044308,0.7482296547826827,0.0824274996567793,2022,Routine Monitoring,317
0001691303,2021,0,0.02626045113477433,Routine Monitoring,0.029160573853660693,"WARRIOR MET COAL, INC.",Energy / Capital-intensive,0.230125866678751,0.2400903968075639,0.4044690280294302,0.353219084802322,2022,Routine Monitoring,1317
0001692427,2021,1,0.4336848806505432,High Review Priority,0.46193949527826583,"NCS MULTISTAGE HOLDINGS, INC.",Energy / Capital-intensive,-0.0432060218392938,0.0813841559810293,0.2224345687686632,0.1077334380287351,2022,High Review Priority,153
0001692787,2021,0,0.1353568656040942,Routine Monitoring,0.14846823134280593,ALTUS MIDSTREAM CO,Energy / Capital-intensive,0.4084997229433995,0.1215994943960293,0.4752143888396041,0.0822591621801911,2022,Routine Monitoring,486
0001692819,2021,0,0.2674489394032295,Routine Monitoring,0.2890776116320812,VISTRA CORP.,Energy / Capital-intensive,-0.1254450608594849,-0.0069399993262136,0.7206481824613415,0.0554050511229573,2022,Medium Review Priority,263
0001693256,2021,0,0.4667947332775197,High Review Priority,0.49368020390017586,"SELECT ENERGY SERVICES, INC.",Energy / Capital-intensive,-0.0857157803876435,-0.0170997019549733,0.2683857578257868,0.2636154055907651,2022,High Review Priority,141
0001693317,2021,0,0.034211082562547936,Routine Monitoring,0.03735215060184376,"CHENIERE CORPUS CHRISTI HOLDINGS, LLC",Energy / Capital-intensive,0.0478080773213669,0.1034582970066841,,1.291024120205615,2022,Routine Monitoring,1189
0001694028,2021,0,0.08332908269852313,Routine Monitoring,0.08566387630608521,LIBERTY OILFIELD SERVICES INC.,Energy / Capital-intensive,-0.0733468189423429,0.0663839150078896,0.3970387031646624,1.5583094409015654,2022,Routine Monitoring,699
0001694426,2021,0,0.044406000187190084,Routine Monitoring,0.04989370985033087,"DELEK US HOLDINGS, INC.",Industrial / Manufacturing,-0.0122462012358896,0.0552021403091557,,0.458297953929168,2022,Routine Monitoring,1044
0001695295,2021,1,0.28089591472182435,Medium Review Priority,0.28837713564710793,"HYDROFARM HOLDINGS GROUP, INC.",Consumer / Retail,-0.0056297192440866,-0.0505665127989928,0.287309170797606,,2022,Medium Review Priority,249
0001696558,2021,0,0.16852086615454934,Routine Monitoring,0.17373223313758945,"JERASH HOLDINGS (US), INC.",Industrial / Manufacturing,0.0731649762489461,0.1050690612125632,0.1876279612482256,,2022,Routine Monitoring,408
0001697500,2021,0,0.12166354800160302,Routine Monitoring,0.12837481506049125,"SOLARIS OILFIELD INFRASTRUCTURE, INC.",Technology / Software / Electronics,-0.0024310724987279,0.0405516181998557,0.2667180341831949,0.5458844779366065,2022,Routine Monitoring,534
0001698113,2021,1,0.07823293133730075,Routine Monitoring,0.08277423062209406,"PARTS ID, INC.",Technology / Software / Electronics,-0.0203633847361054,0.164084620739746,1.2608812209383975,0.1193430482689232,2022,Routine Monitoring,743
0001698990,2021,0,0.006984661069875043,Routine Monitoring,0.007204288010839457,MAGNOLIA OIL & GAS CORP,Energy / Capital-intensive,0.5588106284502913,0.451398661050115,,1.017472207982698,2022,Routine Monitoring,1623
0001699039,2021,0,0.48265542140225653,High Review Priority,0.49798972536646324,"RANGER ENERGY SERVICES, INC.",Energy / Capital-intensive,-0.1381780962128966,-0.1002289493767489,0.3673365555838209,0.560702875399361,2022,High Review Priority,133
0001699136,2021,0,0.04394039953530713,Routine Monitoring,0.04869539806614071,"CACTUS, INC.",Technology / Software / Electronics,0.1719764973585749,0.0649225417940326,0.3941082072910705,0.2582667271047663,2022,Routine Monitoring,1048
0001699150,2021,0,0.12807064268389506,Routine Monitoring,0.13670954930124654,INGERSOLL RAND INC.,Technology / Software / Electronics,0.1097934942939212,0.0414266389521264,0.4014187205120591,0.0493258930389801,2022,Routine Monitoring,512
0001699838,2021,1,0.7713901139129953,High Review Priority,0.7688153242379068,"CONFLUENT, INC.",Technology / Software / Electronics,-0.8756161953674484,-0.0448451357369973,0.6370553316239309,,2022,High Review Priority,59
0001701114,2021,1,0.7313888575945828,High Review Priority,0.7520203730705537,"BLUE APRON HOLDINGS, INC.",Consumer / Retail,-0.1511914910805588,-0.2113108853460851,0.6545061414033301,0.0212089238571626,2022,High Review Priority,69
0001701605,2021,0,0.0804751082458454,Routine Monitoring,0.0905390748789143,BAKER HUGHES CO,Technology / Software / Electronics,0.0638962052482684,0.0672368868245156,,-0.0098043950736537,2022,Routine Monitoring,725
0001701732,2021,0,0.10491169285482098,Routine Monitoring,0.11546781298151636,ALTAIR ENGINEERING INC.,Technology / Software / Electronics,0.0231858077827197,0.0529737164470997,0.4721961702950721,0.1324860987272329,2022,Routine Monitoring,595
0001701758,2021,0,0.07479307502541538,Routine Monitoring,0.08259834084633973,LOVESAC CO,Consumer / Retail,0.077153735456277,0.0915498453895403,0.5795618159260884,0.5534155240535297,2022,Routine Monitoring,774
0001702744,2021,0,0.08362820507914234,Routine Monitoring,0.09226354308850843,SIMPLY GOOD FOODS CO,Industrial / Manufacturing,0.1727056034478472,0.0643640511700273,0.4207220776360394,0.2314015583346904,2022,Routine Monitoring,697
0001703056,2021,0,0.03167771877751019,Routine Monitoring,0.03515450876779975,ADT INC.,Technology / Software / Electronics,0.0028787790570048,0.097649385880523,0.8077038295226612,-0.0014442723668888,2022,Routine Monitoring,1225
0001703956,2021,0,0.08059469909216792,Routine Monitoring,0.08894720537014007,"CONCRETE PUMPING HOLDINGS, INC.",Industrial / Manufacturing,0.1204719323133042,0.0956709328657125,0.6372048721717245,0.0378145323216156,2022,Routine Monitoring,723
0001704292,2021,1,0.932729195227832,High Review Priority,0.9318109067538776,ZAI LAB LTD,Industrial / Manufacturing,-4.851044958146239,-0.3411465903415994,0.1428610471342074,,2022,High Review Priority,13
0001704596,2021,0,0.05316211246735806,Routine Monitoring,0.05885360539706563,"EVO PAYMENTS, INC.",Technology / Software / Electronics,0.1437123095973985,0.0590840003764147,0.7944324834534343,0.1310495762933812,2022,Routine Monitoring,960
0001704711,2021,1,0.03036113500238293,Routine Monitoring,0.03417524848302635,"FUNKO, INC.",Industrial / Manufacturing,0.092748129055575,0.0902963608381576,,0.577371091600936,2022,Routine Monitoring,1249
0001704715,2021,0,0.05552346396635983,Routine Monitoring,0.05883064981977675,"ALPHA METALLURGICAL RESOURCES, INC.",Energy / Capital-intensive,0.1581254820493884,0.0941712170670157,0.7056007605053959,0.5948359927043534,2022,Routine Monitoring,937
0001704720,2021,1,0.1577348483937435,Routine Monitoring,0.1725812027972863,"CANNAE HOLDINGS, INC.",Consumer / Retail,-0.1798706548100242,-0.0452745783628136,0.1410170711641299,0.2672016390643674,2022,Routine Monitoring,431
0001705012,2021,1,0.11457834346814033,Routine Monitoring,0.11835903690073205,"FAT BRANDS, INC",Consumer / Retail,0.0069313010489481,0.0005369943434496,0.966300061730728,,2022,Routine Monitoring,559
0001705110,2021,0,0.1619945698147618,Routine Monitoring,0.17928750753615952,ANGI INC.,Technology / Software / Electronics,-0.0453965082073621,0.0030888380466842,,0.1481771888890781,2022,Routine Monitoring,420
0001707753,2021,0,0.29659681412138383,Medium Review Priority,0.31955442363782827,ELASTIC N.V.,Technology / Software / Electronics,-0.212786098023136,0.023166511161439,0.5367406789344535,0.4229666526355176,2022,Medium Review Priority,235
0001707925,2021,0,0.013486742059350658,Routine Monitoring,0.014997903954605851,LINDE PLC,Industrial / Manufacturing,0.1618549670379631,0.119171619386067,0.4431591201519514,0.1303087031531036,2022,Routine Monitoring,1536
0001708035,2021,0,0.13703411580819605,Routine Monitoring,0.14634128017875125,ECOVYST INC.,Industrial / Manufacturing,0.0893437674349354,0.0672725361546256,0.6164407040320129,-0.4480572314588802,2022,Routine Monitoring,484
0001708055,2021,1,0.3039276116272845,Medium Review Priority,0.3271887098803454,RIBBON COMMUNICATIONS INC.,Technology / Software / Electronics,-0.1394106445653447,0.01423274719029,0.6088509850215583,0.0013771117392258,2022,Medium Review Priority,225
0001709164,2021,0,0.09730478580073837,Routine Monitoring,0.10718716274103797,HAMILTON BEACH BRANDS HOLDING CO,Technology / Software / Electronics,0.0479029274264346,0.0466844791165582,0.7326067178382448,0.090574494834466,2022,Routine Monitoring,629
0001709682,2021,0,0.0224401687995567,Routine Monitoring,0.023442575708978272,"CUSTOM TRUCK ONE SOURCE, INC.",Technology / Software / Electronics,-0.0359566946606874,0.0517653178406761,,2.8553143136497114,2022,Routine Monitoring,1379
0001710155,2021,0,0.042335484864522065,Routine Monitoring,0.047580059785704336,"NATIONAL VISION HOLDINGS, INC.",Industrial / Manufacturing,0.084123537827148,0.112920943826477,,0.2148461232883114,2022,Routine Monitoring,1069
0001711269,2021,0,0.048242564697145794,Routine Monitoring,0.05417751787867383,"EVERGY, INC.",Energy / Capital-intensive,0.2425224193173071,0.0473939797689381,,0.137033418813856,2022,Routine Monitoring,1002
0001712463,2021,1,0.15202823982833039,Routine Monitoring,0.1664436178725853,RANPAK HOLDINGS CORP.,Industrial / Manufacturing,0.0317791091430059,0.0447502884456898,0.475688149002802,0.2873910127431254,2022,Routine Monitoring,442
0001713683,2021,0,0.09053343151223261,Routine Monitoring,0.0998041369562251,"ZSCALER, INC.",Technology / Software / Electronics,-0.3087386718169663,0.0894920383357599,0.7657300949535154,0.5607428310404874,2022,Routine Monitoring,660
0001713952,2021,0,0.09867158103843293,Routine Monitoring,0.10563120279367821,"VIVINT SMART HOME, INC.",Technology / Software / Electronics,-0.1042579769472241,0.0295997886293503,1.6246706308236418,0.1734376115425189,2022,Routine Monitoring,622
0001718227,2021,0,0.09834257391603522,Routine Monitoring,0.10831770251996027,"CONSTRUCTION PARTNERS, INC.",Industrial / Manufacturing,0.033051181513035,0.0601274453894026,0.4930710867570851,0.1591744211058205,2022,Routine Monitoring,623
0001718512,2021,0,0.034280478582314845,Routine Monitoring,0.03803171484894419,GATES INDUSTRIAL CORP PLC,Technology / Software / Electronics,0.1393334100851945,0.0507633081109783,0.5378468073808576,0.2439670605084138,2022,Routine Monitoring,1185
0001719489,2021,0,0.1407751446198136,Routine Monitoring,0.15431768130394308,"KALEYRA, INC.",Technology / Software / Electronics,-0.1231759287963277,-0.0266053634379159,0.7381784289635458,0.8168055480158514,2022,Routine Monitoring,475
0001720592,2021,0,0.15687770841610624,Routine Monitoring,0.17165982924583006,REPAY HOLDINGS CORP,Technology / Software / Electronics,-0.2462668848655847,0.0316342437873011,0.4584086883415478,0.4142400385180358,2022,Routine Monitoring,432
0001720635,2021,0,0.030072065740925677,Routine Monitoring,0.03337870189579058,NVENT ELECTRIC PLC,Technology / Software / Electronics,0.1443541835905767,0.0798639339352188,0.4659834838047152,0.2318623036125287,2022,Routine Monitoring,1257
0001720671,2021,1,0.7908576811557245,High Review Priority,0.7884420178623889,"HASHICORP, INC.",Technology / Software / Electronics,-0.901938778373222,-0.0346220764623462,0.2102538993333025,,2022,High Review Priority,52
0001721386,2021,0,0.16108437308374007,Routine Monitoring,0.16611171527803203,LANDSEA HOMES CORP,Industrial / Manufacturing,0.0581371713586578,0.0263924381713675,0.5089765897493035,,2022,Routine Monitoring,425
0001721741,2021,0,0.11936124294857159,Routine Monitoring,0.12596372249430743,"LAZYDAYS HOLDINGS, INC.",Consumer / Retail,0.1004770664783878,0.0039691861664336,0.6259869250338047,0.5114831540429072,2022,Routine Monitoring,544
0001721947,2021,0,0.14012336361706018,Routine Monitoring,0.14768170731395286,JAMF HOLDING CORP.,Technology / Software / Electronics,-0.207981702457504,0.0440179138352629,0.5012050634279461,0.3597574327057609,2022,Routine Monitoring,477
0001722482,2021,0,0.036085071977502964,Routine Monitoring,0.040025596342737245,"AVANTOR, INC.",Industrial / Manufacturing,0.1316256210990915,0.0686181389056788,0.6979967187634919,0.1552333583583582,2022,Routine Monitoring,1153
0001723128,2021,0,0.09991239312864195,Routine Monitoring,0.11145951785937933,"AMNEAL PHARMACEUTICALS, INC.",Industrial / Manufacturing,0.0729418069427402,0.0613808690284247,,0.0507627766404703,2022,Routine Monitoring,619
0001724521,2021,1,0.4087639891720496,High Review Priority,0.41767274204052435,"ARCUS BIOSCIENCES, INC.",Industrial / Manufacturing,0.1416833384698157,-0.1609217424734499,0.4714171385352579,,2022,High Review Priority,164
0001724965,2021,0,0.029674406409532395,Routine Monitoring,0.030828362744345684,TALOS ENERGY INC.,Energy / Capital-intensive,0.3010076012020505,0.1486864860859869,0.7250799204139056,1.1184164388598197,2022,Routine Monitoring,1268
0001725057,2021,0,0.0687304943127238,Routine Monitoring,0.07595502045828356,CERIDIAN HCM HOLDING INC.,Technology / Software / Electronics,-0.0346611989845733,0.0068097457508861,0.6891658061455165,0.2156676557863501,2022,Routine Monitoring,822
0001725134,2021,1,0.08367414333967675,Routine Monitoring,0.08850097061737683,"DIGITAL MEDIA SOLUTIONS, INC.",Technology / Software / Electronics,0.0195870868239335,0.0761868843550656,1.1939162418741966,0.2856460451366356,2022,Routine Monitoring,692
0001728688,2021,0,0.029474199563581063,Routine Monitoring,0.031281182406191724,"I3 VERTICALS, INC.",Technology / Software / Electronics,-5.354178936660063e-05,0.0717612764651733,0.5557057379564283,0.4928264084084883,2022,Routine Monitoring,1269
0001730168,2021,0,0.005825183395461534,Routine Monitoring,0.006483525246041221,BROADCOM INC.,Technology / Software / Electronics,0.3103460837887067,0.182135768161969,0.6693264522958846,0.1491125251172136,2022,Routine Monitoring,1640
0001730346,2021,1,0.30052260274080883,Medium Review Priority,0.3236442677385023,"CHARAH SOLUTIONS, INC.",Energy / Capital-intensive,0.0359390080451812,-0.0295431362919092,0.8363038241012243,0.2618245351304131,2022,Medium Review Priority,230
0001731348,2021,1,0.1834957188748991,Routine Monitoring,0.18906487268990946,"TILRAY, INC.",Industrial / Manufacturing,-0.257600592494421,-0.0074214628100353,0.2589137382948941,1.4376668788780038,2022,Routine Monitoring,365
0001732845,2021,0,0.037976395830724714,Routine Monitoring,0.04270504173056105,WESTROCK CO,Industrial / Manufacturing,0.0683448824022063,0.0779338422043938,,0.0664038500921564,2022,Routine Monitoring,1127
0001733998,2021,0,0.1009245246127827,Routine Monitoring,0.11257399389283901,NORTHWEST NATURAL HOLDING CO,Energy / Capital-intensive,0.1895827522082752,0.0394510756767448,,0.1120891222328639,2022,Routine Monitoring,615
0001734722,2021,1,0.5900219869159237,High Review Priority,0.5988796679122453,"UIPATH, INC.",Technology / Software / Electronics,-0.5614400416025965,-0.021366012944858,0.2528846041711209,,2022,High Review Priority,111
0001736946,2021,1,0.4534269353466354,High Review Priority,0.4802359200036539,"ARLO TECHNOLOGIES, INC.",Technology / Software / Electronics,-0.1382047493088383,-0.0667558778669889,0.6758122535900314,0.2183455876176663,2022,High Review Priority,146
0001738177,2021,1,0.05121868580631024,Routine Monitoring,0.056714579716943735,CAMBIUM NETWORKS CORP,Technology / Software / Electronics,0.1084369994104581,0.1289889265848072,0.5172085694111974,0.2061165198467278,2022,Routine Monitoring,980
0001739445,2021,0,0.09266118201569716,Routine Monitoring,0.102125304580265,"ARCOSA, INC.",Industrial / Manufacturing,0.0526910233745826,0.0522254634421755,0.3873153288792698,0.0520768753874767,2022,Routine Monitoring,652
0001739566,2021,0,0.06934216858805292,Routine Monitoring,0.07131555261370927,"UTZ BRANDS, INC.",Industrial / Manufacturing,0.0089488300713213,0.0178132682655302,0.4718371665465298,3.794267407299128,2022,Routine Monitoring,816
0001739936,2021,0,0.19816948296142528,Routine Monitoring,0.21584632759990346,MOMENTIVE GLOBAL INC.,Technology / Software / Electronics,-0.2536628014403339,0.0614592243628208,0.6228695085985675,0.1815074146055748,2022,Routine Monitoring,331
0001739942,2021,0,0.17114998964722652,Routine Monitoring,0.18697870202735525,SOLARWINDS CORP,Technology / Software / Electronics,-0.045741074708613,0.0246429195219575,0.522571918482127,-0.2949341716041642,2022,Routine Monitoring,402
0001740332,2021,0,0.05959918530413698,Routine Monitoring,0.06683315854702536,"RESIDEO TECHNOLOGIES, INC.",Consumer / Retail,0.0956209373930892,0.053818554587391,,0.1528298166042201,2022,Routine Monitoring,893
0001741231,2021,1,0.7415955292231746,High Review Priority,0.7543969367355392,"TATTOOED CHEF, INC.",Industrial / Manufacturing,-0.1733448905964484,-0.1919865569365384,0.1867433130864031,0.4373164884303531,2022,High Review Priority,68
0001742924,2021,0,0.06468983625228451,Routine Monitoring,0.07152225285294936,LIVENT CORP.,Industrial / Manufacturing,0.0706470028544243,0.0219542619542619,0.3385446985446985,0.4587092297015962,2022,Routine Monitoring,859
0001743725,2021,0,0.1705594201095292,Routine Monitoring,0.17941694796722985,"GRID DYNAMICS HOLDINGS, INC.",Technology / Software / Electronics,0.0002366527830367,0.0700104004767859,0.1155660469229001,0.8985828922656651,2022,Routine Monitoring,403
0001743745,2021,1,0.6223299093488391,High Review Priority,0.647298539681737,"GREENLANE HOLDINGS, INC.",Consumer / Retail,-0.3174876550644345,-0.1306034769283517,0.3129970226745548,0.2006883387320686,2022,High Review Priority,101
0001743759,2021,1,0.10892076396380186,Routine Monitoring,0.11502115732811191,"CORSAIR GAMING, INC.",Technology / Software / Electronics,0.0724210371521905,0.0150979964049541,0.5751594890369045,0.1184779780153162,2022,Routine Monitoring,578
0001745041,2021,0,0.01950892585351915,Routine Monitoring,0.021990650769790912,"IAA, INC.",Consumer / Retail,0.242679873734625,0.0986272707098246,,0.3267383926637301,2022,Routine Monitoring,1432
0001746618,2021,0,0.039417869129291516,Routine Monitoring,0.04370583615064052,"REVOLVE GROUP, INC.",Consumer / Retail,0.118120014808333,0.12970714780824,0.3401219367502545,0.5351615175433007,2022,Routine Monitoring,1109
0001747009,2021,0,0.04036795854497667,Routine Monitoring,0.04401214737190653,EQUITRANS MIDSTREAM CORP,Energy / Capital-intensive,0.4810517851814337,0.1070225489718484,0.7534450886403186,-0.1282663445468536,2022,Routine Monitoring,1097
0001748790,2021,0,0.049246752921909345,Routine Monitoring,0.05454321747768318,AMCOR PLC,Industrial / Manufacturing,0.1027136303553378,0.0850011636025133,0.7195136141494065,0.0315620613595348,2022,Routine Monitoring,996
0001749704,2021,0,0.04805557474187188,Routine Monitoring,0.050456859768013985,"AGILITI, INC. DE",Technology / Software / Electronics,0.1003475531679326,0.0836002189409348,,,2022,Routine Monitoring,1006
0001749723,2021,0,0.10909611565363136,Routine Monitoring,0.1167625105083037,NEW FORTRESS ENERGY INC.,Energy / Capital-intensive,0.1805837573045259,0.0123275065251293,0.7100187130298414,1.928838702535149,2022,Routine Monitoring,576
0001751008,2021,0,0.07228742446467576,Routine Monitoring,0.07479053473485422,APPLOVIN CORP,Technology / Software / Electronics,0.0537094214894969,0.058707935762647,0.6530764025252211,,2022,Routine Monitoring,796
0001752474,2021,0,0.12791687225050005,Routine Monitoring,0.14042460505696563,KLDISCOVERY INC.,Technology / Software / Electronics,-0.0164598395516682,0.015868850604333,0.8776657594861126,0.1068296810513045,2022,Routine Monitoring,514
0001753706,2021,1,0.093939308995334,Routine Monitoring,0.0965400809174557,"WHOLE EARTH BRANDS, INC.",Industrial / Manufacturing,0.0461887593046583,0.0102777106350784,0.6597895681562229,2.356524516199174,2022,Routine Monitoring,648
0001754170,2021,0,0.04123939767428784,Routine Monitoring,0.04373516888391219,AERSALE CORP,Consumer / Retail,0.1664390180855782,0.1622183246664,0.1612480384011815,0.6293665946187439,2022,Routine Monitoring,1085
0001754195,2021,0,0.0806468678888926,Routine Monitoring,0.08341341560487095,TRULIEVE CANNABIS CORP.,Industrial / Manufacturing,0.2098776088705595,0.0037814377085976,0.3704328394615805,,2022,Routine Monitoring,722
0001754820,2021,1,0.7986837898985392,High Review Priority,0.7965345724719631,"DESKTOP METAL, INC.",Technology / Software / Electronics,-1.7921767134011817,-0.1116581064614906,0.100998418546503,,2022,High Review Priority,49
0001756390,2021,1,0.32790841934807247,Medium Review Priority,0.33605660259874953,"ASCEND WELLNESS HOLDINGS, INC",Industrial / Manufacturing,-0.0517598779713641,-0.057694115305293,0.7560572047838371,,2022,Medium Review Priority,204
0001757073,2021,0,0.053998413305937146,Routine Monitoring,0.06059638581697263,ENVISTA HOLDINGS CORP,Industrial / Manufacturing,0.1220455179560763,0.0550028900854856,,0.09943032427695,2022,Routine Monitoring,949
0001757715,2021,1,0.6745343960982719,High Review Priority,0.6977280283572986,"ATERIAN, INC.",Technology / Software / Electronics,-0.1375364758018622,-0.1338425232005612,0.2849188378990337,0.3342038943695342,2022,High Review Priority,83
0001757898,2021,0,0.028315296314888844,Routine Monitoring,0.031435023802241537,STERIS PLC,Industrial / Manufacturing,0.0928270575939616,0.0599470709480746,0.4270947479400966,0.4754741644379325,2022,Routine Monitoring,1282
0001758021,2021,0,0.17533151970678668,Routine Monitoring,0.18070772717014197,KARAT PACKAGING INC.,Industrial / Manufacturing,0.0635425703649202,0.0418065597618485,0.3640383624198575,,2022,Routine Monitoring,392
0001758766,2021,1,0.7739928978499656,High Review Priority,0.7803554957857751,"STEM, INC.",Technology / Software / Electronics,-0.652220678176351,-0.0849668157371437,0.4396625357643288,,2022,High Review Priority,57
0001759509,2021,1,0.20794346613996517,Routine Monitoring,0.22624615458857852,"LYFT, INC.",Technology / Software / Electronics,-0.3373824892319134,-0.0213078072278253,0.7079949994595596,0.3567677838998155,2022,Routine Monitoring,315
0001759824,2021,0,0.10124079644949859,Routine Monitoring,0.10696268549340109,ALTA EQUIPMENT GROUP INC.,Consumer / Retail,0.0148416886543535,0.0312436393242418,0.8629147160594342,0.3882783882783882,2022,Routine Monitoring,611
0001760689,2021,1,0.7597917988773818,High Review Priority,0.7571275083736028,"MICROVAST HOLDINGS, INC.",Technology / Software / Electronics,-1.276938463967995,-0.0452520921017069,0.3100530397642498,,2022,High Review Priority,65
0001760717,2021,0,0.030166606899063014,Routine Monitoring,0.0334832796561835,SCIPLAY CORP,Technology / Software / Electronics,0.2172908760930539,0.2403169014084507,0.2297535211267605,0.0410511851597388,2022,Routine Monitoring,1254
0001760965,2021,0,0.018857394994810043,Routine Monitoring,0.02095754352899185,"KONTOOR BRANDS, INC.",Industrial / Manufacturing,0.1142926496698595,0.1851647462792494,0.90336876656856,0.1802221238140773,2022,Routine Monitoring,1447
0001762322,2021,1,0.6965479627836018,High Review Priority,0.7028897930521179,"SHIFT TECHNOLOGIES, INC.",Consumer / Retail,-0.2776913305562054,-0.5770383332421939,0.7941925958331055,2.254013427482398,2022,High Review Priority,79
0001762359,2021,1,0.7116121998273587,High Review Priority,0.7253488743747163,"ACREAGE HOLDINGS, INC.",Consumer / Retail,-0.2492388501474645,-0.0824532957922982,0.5844378304590978,0.6487755903793269,2022,High Review Priority,74
0001764046,2021,0,0.039181249188063656,Routine Monitoring,0.04344464030106102,CLARIVATE PLC,Technology / Software / Electronics,-0.0463425212079105,0.0160415863287575,0.4091125497380738,0.4966695825595053,2022,Routine Monitoring,1111
0001766368,2021,0,0.09411294901011077,Routine Monitoring,0.10370840229092118,"MAYVILLE ENGINEERING COMPANY, INC.",Industrial / Manufacturing,-0.0162501703948323,0.038097572159284,0.477509598838389,0.2718634474813062,2022,Routine Monitoring,647
0001766502,2021,0,0.07229807307381654,Routine Monitoring,0.07986544105082852,"CHEWY, INC.",Consumer / Retail,-0.0081183042239409,0.0919046858980166,0.9929367137025166,0.2441148269921178,2022,Routine Monitoring,795
0001767258,2021,0,0.040130876426331265,Routine Monitoring,0.04449281344162914,"XPEL, INC.",Industrial / Manufacturing,0.1547293948069589,0.1134535838156754,0.4754380997832636,0.631360563228132,2022,Routine Monitoring,1105
0001768267,2021,1,0.06582444256020295,Routine Monitoring,0.06969991385299187,CERENCE INC.,Technology / Software / Electronics,0.1565000439069998,0.0436112908974936,0.3950119831532342,0.1745387476262414,2022,Routine Monitoring,855
0001770787,2021,1,0.5486596105383057,High Review Priority,0.5767758615677019,"10X GENOMICS, INC.",Industrial / Manufacturing,-0.1065322432669371,-0.0209780669123088,0.1975391283693192,0.6412856162893807,2022,High Review Priority,118
0001771515,2021,0,0.10292980351498018,Routine Monitoring,0.11331175234354281,GROCERY OUTLET HOLDING CORP.,Consumer / Retail,0.0289308743849002,0.0620220630097744,0.621968321317488,-0.01756437740857,2022,Routine Monitoring,605
0001772016,2021,0,0.007732020516483024,Routine Monitoring,0.008217335593770459,"BELLRING BRANDS, INC.",Industrial / Manufacturing,0.134712533076738,0.3246231155778894,1.0940416367552046,0.2618638065364767,2022,Routine Monitoring,1608
0001772695,2021,1,0.23858301641305962,Routine Monitoring,0.258701689031081,SUNNOVA ENERGY INTERNATIONAL INC.,Energy / Capital-intensive,-0.2270508620404381,-0.0380125554255142,0.7053880703472999,0.5032458649421714,2022,Routine Monitoring,284
0001772921,2021,0,0.02062808629495393,Routine Monitoring,0.021904978574205036,ONEWATER MARINE INC.,Consumer / Retail,0.1212150079058399,0.221232171453788,0.6463668482710577,0.2006275843866389,2022,Routine Monitoring,1414
0001773383,2021,0,0.056021694304934457,Routine Monitoring,0.061999285308553184,"DYNATRACE, INC.",Technology / Software / Electronics,0.0874790869820161,0.0987352979368908,0.4867033144323203,0.3211558061090902,2022,Routine Monitoring,935
0001774170,2021,0,0.2906543295628955,Medium Review Priority,0.3034668004373465,"POWERFLEET, INC.",Technology / Software / Electronics,-0.0631893382352941,-0.0218343650893777,0.36980949853611,0.1110543783507786,2022,Medium Review Priority,241
0001774675,2021,1,0.13364912626602773,Routine Monitoring,0.13969976746926838,SKILLSOFT CORP.,Technology / Software / Electronics,-0.1011515964783497,0.012702367472146,,,2022,Routine Monitoring,488
0001775625,2021,1,0.7960994742357194,High Review Priority,0.8130312729259684,"SMILEDIRECTCLUB, INC.",Industrial / Manufacturing,-0.4066491951989536,-0.1781103456261216,1.1690927534553803,-0.0291863333231827,2022,High Review Priority,50
0001776661,2021,0,0.07586681677276978,Routine Monitoring,0.08028272945382234,ADVANTAGE SOLUTIONS INC.,Technology / Software / Electronics,0.0638614573252962,0.0215212217821254,0.5589040337750167,0.1415315474902168,2022,Routine Monitoring,765
0001777393,2021,1,0.9317771412610582,High Review Priority,0.930846820198232,"CHARGEPOINT HOLDINGS, INC.",Industrial / Manufacturing,-1.1013833680489282,-0.1836412558987822,0.3608880507818113,,2022,High Review Priority,14
0001777921,2021,1,0.4347381173539616,High Review Priority,0.4437880469672265,"AVEPOINT, INC.",Technology / Software / Electronics,-0.2787310652444648,0.0129393061650777,0.3425777773204574,,2022,High Review Priority,151
0001779474,2021,1,0.14064743912940447,Routine Monitoring,0.14514731230728298,"WM TECHNOLOGY, INC.",Technology / Software / Electronics,-0.0423410269951228,0.0632408036281576,0.6386631027758911,,2022,Routine Monitoring,476
0001780201,2021,0,0.029971341858224324,Routine Monitoring,0.0310582204470519,"LULU'S FASHION LOUNGE HOLDINGS, INC.",Consumer / Retail,0.0594688851913477,0.2363943186612291,0.6086872451132049,,2022,Routine Monitoring,1260
0001781335,2021,0,0.0161482487092283,Routine Monitoring,0.017152692769425024,OTIS WORLDWIDE CORP,Technology / Software / Electronics,0.1474332074416002,0.1425197491652414,1.2430165322909033,0.1208842897460018,2022,Routine Monitoring,1495
0001782170,2021,1,0.4082732636154807,High Review Priority,0.41717886790976244,"REMITLY GLOBAL, INC.",Technology / Software / Electronics,-0.0866148428386083,-0.0293943714198036,0.2322908142389525,,2022,High Review Priority,165
0001782754,2021,0,0.059794914293243656,Routine Monitoring,0.06333946133684822,AZEK CO INC.,Industrial / Manufacturing,0.1205531250053012,0.0949244778168727,0.3476817711032921,0.311050542724621,2022,Routine Monitoring,891
0001783180,2021,0,0.02636421071097957,Routine Monitoring,0.027986026616724915,CARRIER GLOBAL CORP,Technology / Software / Electronics,0.1283170814534517,0.0854730246064496,0.7289469662234449,0.1808547204399633,2022,Routine Monitoring,1314
0001784535,2021,1,0.4472963686364302,High Review Priority,0.45639664670691305,"PORCH GROUP, INC.",Technology / Software / Electronics,-0.433215716639038,-0.0334797597490052,0.7910511414232725,,2022,High Review Priority,147
0001785424,2021,1,0.3240933440030942,Medium Review Priority,0.3321935835601135,"KATAPULT HOLDINGS, INC.",Technology / Software / Electronics,0.0054666081626324,0.0130354714074216,0.7544625124878132,,2022,Medium Review Priority,207
0001786352,2021,1,0.18504156420543993,Routine Monitoring,0.19447484305186646,"BILL.COM HOLDINGS, INC.",Technology / Software / Electronics,-0.4783203575850419,0.0007744791447659,0.5762243781508761,0.5118337563451776,2022,Routine Monitoring,358
0001786842,2021,0,0.03627173441132542,Routine Monitoring,0.03902063665088711,VONTIER CORP,Industrial / Manufacturing,0.1946701441134182,0.1106027863350039,,0.1057827405161575,2022,Routine Monitoring,1152
0001789832,2021,0,0.015581929812350345,Routine Monitoring,0.016471925868709075,HESS MIDSTREAM LP,Energy / Capital-intensive,0.6040870576507725,0.2282246958916685,0.7839396373651595,0.1024819122630278,2022,Routine Monitoring,1505
0001789940,2021,0,0.09671232936827379,Routine Monitoring,0.09997006592254752,"FIRST WATCH RESTAURANT GROUP, INC.",Consumer / Retail,0.0369981021069772,0.0601489898435119,0.5181767035973244,,2022,Routine Monitoring,636
0001790982,2021,0,0.19399581622415615,Routine Monitoring,0.20377143798367314,ARCONIC CORP,Industrial / Manufacturing,-0.038912579957356,-0.061854103343465,0.7630699088145897,0.3222907488986783,2022,Routine Monitoring,340
0001792044,2021,0,0.03407805344656436,Routine Monitoring,0.03615677085781088,VIATRIS INC,Industrial / Manufacturing,-0.0019008962166574,0.055009955728008,0.626337459064818,0.497262682069312,2022,Routine Monitoring,1190
0001792580,2021,0,0.030419035368887612,Routine Monitoring,0.033977124639956745,OVINTIV INC.,Energy / Capital-intensive,0.1754446754446754,0.2226254002134471,0.6389896833866952,0.4223755544603254,2022,Routine Monitoring,1247
0001792781,2021,0,0.023111523181621466,Routine Monitoring,0.02395578126171141,TORRID HOLDINGS INC.,Consumer / Retail,0.0354881239667999,0.2095415565400924,1.4465316395304415,,2022,Routine Monitoring,1368
0001792789,2021,0,0.05951038833528628,Routine Monitoring,0.06303919998828018,"DOORDASH, INC.",Technology / Software / Electronics,-0.0924713584288052,0.1016301953297106,0.3145836393009252,0.6936936936936937,2022,Routine Monitoring,897
0001792849,2021,0,0.030412570342999656,Routine Monitoring,0.03196185362365579,"HIGHPEAK ENERGY, INC.",Energy / Capital-intensive,0.462680125747306,0.1795142619908176,,,2022,Routine Monitoring,1248
0001793229,2021,0,0.034856107839713504,Routine Monitoring,0.036980468542357946,MULTIPLAN CORP,Technology / Software / Electronics,0.345489718164427,0.0492295576119284,0.7147744631135661,0.1917744675360406,2022,Routine Monitoring,1174
0001794515,2021,0,0.028889716825770708,Routine Monitoring,0.03066199870463378,ZOOMINFO TECHNOLOGIES INC.,Technology / Software / Electronics,0.1516327623126338,0.0436895328984809,0.7084591924586672,0.5690886182276353,2022,Routine Monitoring,1276
0001794669,2021,0,0.1445796074919552,Routine Monitoring,0.15233573941327602,"SHIFT4 PAYMENTS, INC.",Technology / Software / Electronics,-0.0359780621572212,0.0124647827200546,0.8293776146162384,0.7831529534489503,2022,Routine Monitoring,469
0001796209,2021,0,0.12104609573276912,Routine Monitoring,0.12772825563187998,API GROUP CORP,Industrial / Manufacturing,0.0345177664974619,0.0352781546811397,0.5497189377786392,0.0984109283523835,2022,Routine Monitoring,537
0001799208,2021,0,0.040139055749569476,Routine Monitoring,0.042571192082680336,"DUN & BRADSTREET HOLDINGS, INC.",Technology / Software / Electronics,0.0672330993719985,0.050384107550114,0.6253651022286241,0.245958230251424,2022,Routine Monitoring,1104
0001799332,2021,1,0.41921650647352576,High Review Priority,0.4281880824741366,GAN LTD,Technology / Software / Electronics,-0.2513872892890796,-0.0191751945115173,0.1413245946878233,,2022,High Review Priority,160
0001800227,2021,1,0.10402010464373089,Routine Monitoring,0.11131038620504663,IAC/INTERACTIVECORP,Technology / Software / Electronics,-0.0370488700617656,0.0096664403305028,,0.2139154327503436,2022,Routine Monitoring,601
0001800347,2021,0,0.14600258224969342,Routine Monitoring,0.15064375341681055,"E2OPEN PARENT HOLDINGS, INC.",Technology / Software / Electronics,-0.2773280446281496,0.0094634031732758,0.3554342788904912,,2022,Routine Monitoring,464
0001800667,2021,0,0.2421218940699109,Routine Monitoring,0.2535597179267224,JFROG LTD,Technology / Software / Electronics,-0.3307915987284875,0.0327285438132237,0.2509559803314378,0.370331571933407,2022,Routine Monitoring,278
0001801368,2021,0,0.14558426829494642,Routine Monitoring,0.14378454325659754,MP MATERIALS CORP. / DE,Energy / Capital-intensive,0.498099122764737,0.0539624462735742,0.4661850295237359,1.4715359988087262,2022,Routine Monitoring,466
0001801661,2021,1,0.8651685413605935,High Review Priority,0.8721678491072857,SKILLZ INC.,Technology / Software / Electronics,-0.747540283632179,-0.1761337472197101,0.3902182680321658,0.6691176151054907,2022,High Review Priority,31
0001802665,2021,0,0.020679837299965215,Routine Monitoring,0.021959861172513685,"HARMONY BIOSCIENCES HOLDINGS, INC.",Industrial / Manufacturing,0.2865636458878994,0.2273816857118467,0.5697081277122944,0.912083234215172,2022,Routine Monitoring,1413
0001802768,2021,0,0.012506075196369648,Routine Monitoring,0.012631158203419098,ROYALTY PHARMA PLC,Industrial / Manufacturing,0.6249129162602759,0.1151833494948722,0.4148992927269078,0.078738079857592,2022,Routine Monitoring,1550
0001803599,2021,0,0.03821562513366498,Routine Monitoring,0.03958927210901523,CONCENTRIX CORP,Technology / Software / Electronics,0.1024513089726804,0.101890726536536,0.4807640823586552,,2022,Routine Monitoring,1120
0001803914,2021,1,0.3674100565596664,Medium Review Priority,0.37599068849142764,"PLBY GROUP, INC.",Consumer / Retail,-0.2792210425571605,-0.0392791586977647,0.54855693831669,,2022,Medium Review Priority,185
0001804591,2021,1,0.9287748041572894,High Review Priority,0.9278067138244269,23ANDME HOLDING CO.,Industrial / Manufacturing,-0.9347537450394088,-0.1448074245617446,0.2052066371082262,,2022,High Review Priority,16
0001805651,2021,0,0.3509032811058948,Medium Review Priority,0.3509032811058948,"MARKETWISE, INC.",Technology / Software / Electronics,-1.7618771884781577,0.1509462607400238,1.9613525194874204,,2022,Medium Review Priority,192
0001806837,2021,0,0.06953019197405377,Routine Monitoring,0.07360665145406761,"VERTEX, INC.",Technology / Software / Electronics,-0.0069134386720181,0.1372247678702251,0.656697109997359,0.1358093229952091,2022,Routine Monitoring,813
0001808665,2021,0,0.33981408347491326,Medium Review Priority,0.35521384232807274,"ASSERTIO HOLDINGS, INC.",Industrial / Manufacturing,0.0848901940295818,0.0169133386618159,0.6863728651618297,0.0445918607386497,2022,Medium Review Priority,199
0001808834,2021,0,0.030275421361851525,Routine Monitoring,0.03212989875507388,"PROG HOLDINGS, INC.",Technology / Software / Electronics,0.1245470365059449,0.1516629145724925,0.5810677405610322,0.0778094619042539,2022,Routine Monitoring,1253
0001808997,2021,1,0.12030264655635836,Routine Monitoring,0.12424571771518719,"AMERICAN OUTDOOR BRANDS, INC.",Industrial / Manufacturing,0.0849154459732477,0.0976373061246018,0.1797968136012401,,2022,Routine Monitoring,540
0001809104,2021,0,0.06691843079168998,Routine Monitoring,0.06924950547384257,"ALIGHT, INC. / DELAWARE",Technology / Software / Electronics,0.0418275418275418,0.0051874772479068,0.5515107389879869,,2022,Routine Monitoring,840
0001809519,2021,0,0.14966361750528562,Routine Monitoring,0.15764222499280311,"GOODRX HOLDINGS, INC.",Technology / Software / Electronics,0.0179843954581553,0.111206904595288,0.4826654225954436,0.3535936081351007,2022,Routine Monitoring,450
0001809987,2021,0,0.1531483115388684,Routine Monitoring,0.15797461429074877,"MIRION TECHNOLOGIES, INC.",Industrial / Manufacturing,-0.1486048020765736,-0.0039127645926876,0.4278383579217447,,2022,Routine Monitoring,439
0001810019,2021,0,0.055824543364869444,Routine Monitoring,0.059148539543424666,"RACKSPACE TECHNOLOGY, INC.",Technology / Software / Electronics,-0.0008307027745472,0.0585902318011598,0.7902570828132159,0.1117062539248643,2022,Routine Monitoring,936
0001810806,2021,1,0.33322333422500366,Medium Review Priority,0.3469943699334556,UNITY SOFTWARE INC.,Technology / Software / Electronics,-0.4787506100712635,-0.0230202509797895,0.5054286555846246,0.4376764688748067,2022,Medium Review Priority,201
0001814974,2021,0,0.11333485275871044,Routine Monitoring,0.11964927304506852,"BBX CAPITAL, INC.",Consumer / Retail,0.0926156819102223,0.0709246186873658,0.3923521856924562,0.8103031247654839,2022,Routine Monitoring,563
0001817358,2021,0,0.02658916403685567,Routine Monitoring,0.028224416978965553,"ACADEMY SPORTS & OUTDOORS, INC.",Consumer / Retail,0.1340513570686985,0.1468427067747887,0.6800512111390771,0.1905168939292871,2022,Routine Monitoring,1311
0001818093,2021,1,0.396973015250944,High Review Priority,0.40580117009083105,BEAUTY HEALTH CO,Industrial / Manufacturing,-0.1408726344363018,-0.0232694948991061,0.7519728324278023,,2022,High Review Priority,169
0001818201,2021,0,0.13518792314686268,Routine Monitoring,0.13954148776523906,CCC INTELLIGENT SOLUTIONS HOLDINGS INC.,Technology / Software / Electronics,-0.2101954414431168,0.0393309582687521,0.4173029035133617,,2022,Routine Monitoring,487
0001819394,2021,1,0.7811691587805982,High Review Priority,0.7786729074191048,"MATTERPORT, INC./DE",Technology / Software / Electronics,-1.3291596956122835,-0.0539617562321323,0.6271246537704261,,2022,High Review Priority,56
0001819574,2021,0,0.7616946427883949,High Review Priority,0.7682998194362308,"BARK, INC.",Consumer / Retail,-0.1856127046191807,-0.3970363612487645,0.4999297333784883,,2022,High Review Priority,64
0001819810,2021,1,0.817100872362262,High Review Priority,0.8225281533374943,REDWIRE CORP,Industrial / Manufacturing,-0.5100762349110834,-0.1427207017222145,0.590374241660172,,2022,High Review Priority,45
0001819928,2021,0,0.08889532161638693,Routine Monitoring,0.09193704239244856,"DOUBLEVERIFY HOLDINGS, INC.",Technology / Software / Electronics,0.080194505636516,0.0927477656204816,0.1043808857714801,,2022,Routine Monitoring,669
0001819974,2021,1,0.717937251436367,High Review Priority,0.7253178914611245,"SKYWATER TECHNOLOGY, INC",Technology / Software / Electronics,-0.3506582825702495,-0.2112307377142467,0.7726576074173552,,2022,High Review Priority,72
0001820721,2021,0,0.6128349514789512,High Review Priority,0.6272902976920994,"ARRAY TECHNOLOGIES, INC.",Industrial / Manufacturing,-0.0289938803587876,-0.2302640730932064,0.8527908211786919,-0.0221666578812873,2022,High Review Priority,103
0001821393,2021,0,0.07647734312688961,Routine Monitoring,0.08092568028106688,"AARON'S COMPANY, INC.",Technology / Software / Electronics,0.0789751742613399,0.0943893038407232,0.5017113438541837,0.0637407279532935,2022,Routine Monitoring,757
0001821806,2021,0,0.034690382413181085,Routine Monitoring,0.03594205110902842,"LESLIE'S, INC.",Consumer / Retail,0.1556946557382176,0.1624463134861289,1.2084306149411137,,2022,Routine Monitoring,1178
0001822250,2021,1,0.7697576672860437,High Review Priority,0.78045303532666,CONTEXTLOGIC INC.,Consumer / Retail,-0.1760191846522781,-0.7412314886983632,0.3624318004676539,-0.179456906729634,2022,High Review Priority,61
0001822492,2021,0,0.20789865129835017,Routine Monitoring,0.21401431326921452,HILLMAN SOLUTIONS CORP.,Industrial / Manufacturing,0.0072329864576108,-0.0430188667466274,0.5512563394438067,,2022,Routine Monitoring,316
0001822928,2021,0,0.11955362967139323,Routine Monitoring,0.12347559672596282,HOLLEY INC.,Industrial / Manufacturing,0.1118905039640786,0.0180905171257677,0.7447839833167932,,2022,Routine Monitoring,543
0001823239,2021,0,0.01314163684382754,Routine Monitoring,0.012954355142746054,"MARAVAI LIFESCIENCES HOLDINGS, INC.",Industrial / Manufacturing,0.6939655172413793,0.1921360638406569,0.7157025370697438,,2022,Routine Monitoring,1540
0001823794,2021,0,0.07936462972801973,Routine Monitoring,0.0820911186024849,ARKO CORP.,Consumer / Retail,0.0191552347602218,0.0541047318826418,0.8797950565463799,,2022,Routine Monitoring,733
0001823878,2021,0,0.18248839228223715,Routine Monitoring,0.1885460934990064,"PLAYSTUDIOS, INC.",Technology / Software / Electronics,-0.0104029309127093,0.101169499826785,0.0937063229444159,,2022,Routine Monitoring,368
0001826470,2021,0,0.06615112728827345,Routine Monitoring,0.06845743428840494,"PETCO HEALTH & WELLNESS COMPANY, INC.",Consumer / Retail,0.0458178359122522,0.0551274626839486,0.6528409537728951,,2022,Routine Monitoring,852
0001826600,2021,0,0.18607923504659954,Routine Monitoring,0.1917083892636148,"MONTAUK RENEWABLES, INC.",Energy / Capital-intensive,0.0225144639397273,0.1496753700083775,0.3636798380340686,,2022,Routine Monitoring,357
0001826889,2021,1,0.7547550704580079,High Review Priority,0.7614923643137522,"BEACHBODY COMPANY, INC.",Consumer / Retail,-0.340319008292842,-0.3375861809376235,0.3955806979793353,,2022,High Review Priority,66
0001827090,2021,0,0.09646079803805752,Routine Monitoring,0.0997109970902691,"CERTARA, INC.",Technology / Software / Electronics,0.0474617621564186,0.0399462867046364,0.3108233613145204,,2022,Routine Monitoring,639
0001828016,2021,0,0.016321925301443007,Routine Monitoring,0.017336981928666825,PLAYTIKA HOLDING CORP.,Technology / Software / Electronics,0.2176538908246225,0.1968037669889059,1.1347340634252487,0.0891840607210625,2022,Routine Monitoring,1494
0001828161,2021,1,0.8668412842631215,High Review Priority,0.8710255609812394,"FTC SOLAR, INC.",Technology / Software / Electronics,-0.4687330191294704,-0.5466792856555016,0.4121224590568677,,2022,High Review Priority,29
0001828791,2021,1,0.18731078205910298,Routine Monitoring,0.19296835943974325,VIANT TECHNOLOGY INC.,Technology / Software / Electronics,-0.1909408504999397,0.0736641388118654,0.27383323353832,,2022,Routine Monitoring,354
0001828962,2021,0,0.31763145508237983,Medium Review Priority,0.32564800159016866,"CRICUT, INC.",Technology / Software / Electronics,0.1472982873574042,-0.1042971428571428,0.3302101863354037,,2022,Medium Review Priority,212
0001829864,2021,0,0.27927287883565327,Medium Review Priority,0.2867281086418364,"TASKUS, INC.",Technology / Software / Electronics,-0.0713576783580451,-0.0435654495078653,0.4944866519644052,,2022,Medium Review Priority,252
0001830043,2021,0,0.13930519371441516,Routine Monitoring,0.14376930757927625,BUMBLE INC.,Technology / Software / Electronics,-0.1759044484497035,0.0277653595775222,0.3447039318611586,,2022,Routine Monitoring,480
0001830210,2021,1,0.9133428374588681,High Review Priority,0.9162071343653614,"BENSON HILL, INC.",Industrial / Manufacturing,-0.8360391815884575,-0.2201358392363389,0.5299151051510852,,2022,High Review Priority,18
0001830214,2021,1,0.9064986938784064,High Review Priority,0.9052587126476561,"GINKGO BIOWORKS HOLDINGS, INC.",Industrial / Manufacturing,-5.826167724009597,-0.1225587762374516,0.2431740375376027,,2022,High Review Priority,20
0001831651,2021,0,0.12153087957059876,Routine Monitoring,0.1255084640737846,"SHOALS TECHNOLOGIES GROUP, INC.",Technology / Software / Electronics,0.1699341500478397,-0.0095752015646765,1.0175838504364303,,2022,Routine Monitoring,536
0001831840,2021,1,0.19340457739373704,Routine Monitoring,0.19920109795896818,"SEMRUSH HOLDINGS, INC.",Technology / Software / Electronics,-0.0132605677629374,0.0791838013290055,0.2483787332457993,,2022,Routine Monitoring,343
0001831915,2021,1,0.30049522181165295,Medium Review Priority,0.3082746632802614,"CYTEK BIOSCIENCES, INC.",Industrial / Manufacturing,0.0715670183665494,0.0099934168636211,0.1250148390369195,,2022,Medium Review Priority,231
0001833197,2021,0,0.16491000663737232,Routine Monitoring,0.17003254518907712,"LATHAM GROUP, INC.",Industrial / Manufacturing,-0.0573854479931985,0.0424049350332228,0.5548740501684744,,2022,Routine Monitoring,417
0001833756,2021,0,0.08174005251998313,Routine Monitoring,0.08567303197872367,"LEONARDO DRS, INC.",Industrial / Manufacturing,0.081972907259465,0.0579993483219289,,,2022,Routine Monitoring,712
0001834045,2021,0,0.1658681707208479,Routine Monitoring,0.17101437731654978,"VINTAGE WINE ESTATES, INC.",Industrial / Manufacturing,0.0415870110808092,0.0120928368334548,0.5131970765220619,,2022,Routine Monitoring,414
0001834488,2021,0,0.08538872518726855,Routine Monitoring,0.08830231590519261,"N-ABLE, INC.",Technology / Software / Electronics,0.0962026924053848,0.0429487950637444,0.4142695976788838,,2022,Routine Monitoring,684
0001834494,2021,0,0.056199536060983976,Routine Monitoring,0.05818050456156937,"MERIDIANLINK, INC.",Technology / Software / Electronics,0.1406737996682556,0.0875676118269644,0.4577621642802904,,2022,Routine Monitoring,933
0001834622,2021,0,0.04450310420020765,Routine Monitoring,0.04609192162936476,"HAYWARD HOLDINGS, INC.",Technology / Software / Electronics,0.2268336146395262,0.0635853307234922,0.5401958052288591,,2022,Routine Monitoring,1041
0001835256,2021,0,0.06670980002072219,Routine Monitoring,0.06903414483138932,"DUCKHORN PORTFOLIO, INC.",Industrial / Manufacturing,0.2498150695308856,0.0543242975969409,0.3219284314230968,,2022,Routine Monitoring,842
0001835591,2021,0,0.14451913836560032,Routine Monitoring,0.1491213876037394,VIZIO HOLDING CORP.,Technology / Software / Electronics,-0.0139359698681732,0.0447745244710408,0.6467193844838641,,2022,Routine Monitoring,470
0001835632,2021,0,0.06663423663008139,Routine Monitoring,0.06895614313999206,"MARVELL TECHNOLOGY, INC.",Technology / Software / Electronics,-0.0779108382225371,0.0370610581937876,0.2897741543708088,,2022,Routine Monitoring,845
0001835681,2021,0,0.06921193382498395,Routine Monitoring,0.07161676965784237,"POWERSCHOOL HOLDINGS, INC.",Technology / Software / Electronics,0.0102327613059839,0.040234971807994,0.5155715354929117,,2022,Routine Monitoring,819
0001836176,2021,0,0.11750758722500253,Routine Monitoring,0.12137168642059457,FATHOM DIGITAL MANUFACTURING CORP,Industrial / Manufacturing,0.0625288417166589,0.0046112869595639,0.1951098524362636,,2022,Routine Monitoring,551
0001836833,2021,1,0.8258717279170207,High Review Priority,0.8237703692896621,PLANET LABS PBC,Technology / Software / Electronics,-0.9759315290871816,-0.0513865268473329,0.2108441141847071,,2022,High Review Priority,44
0001836981,2021,1,0.6273357196692565,High Review Priority,0.6358847344320036,"BIGBEAR.AI HOLDINGS, INC.",Technology / Software / Electronics,-0.5390374919287255,-0.0516067431558846,0.6807696923213382,,2022,High Review Priority,99
0001837014,2021,1,0.8653823027724039,High Review Priority,0.8696055290349816,"SMARTRENT, INC.",Technology / Software / Electronics,-0.6476314433688549,-0.1214042847556336,0.2245727406185794,,2022,High Review Priority,30
0001837686,2021,1,0.28086230354925984,Medium Review Priority,0.29133645340539716,"VIMEO, INC.",Technology / Software / Electronics,-0.1557810242086612,0.0245687683738321,,,2022,Medium Review Priority,250
0001838672,2021,0,0.38258666721694057,Medium Review Priority,0.39130249254500554,"ADTHEORENT HOLDING COMPANY, INC.",Technology / Software / Electronics,0.0059202370513712,-0.0295632709256258,0.4760609154171076,,2022,Medium Review Priority,179
0001839439,2021,0,0.1933171129806941,Routine Monitoring,0.19911165925595073,"PAYCOR HCM, INC.",Technology / Software / Electronics,-0.2532279598726674,0.0053571615050177,0.4395383681269527,,2022,Routine Monitoring,344
0001839839,2021,0,0.07453806440071975,Routine Monitoring,0.07711263008794565,"JANUS INTERNATIONAL GROUP, INC.",Industrial / Manufacturing,0.1231753649270146,0.0666923944877103,0.760885452967107,,2022,Routine Monitoring,779
0001841156,2021,0,0.18949484094080293,Routine Monitoring,0.19520254110272933,"PAYMENTUS HOLDINGS, INC.",Technology / Software / Electronics,0.0262259685885053,0.0412164705185836,0.1835531629671291,,2022,Routine Monitoring,351
0001841804,2021,0,0.10829759241661203,Routine Monitoring,0.1118972334042584,"INSTRUCTURE HOLDINGS, INC.",Technology / Software / Electronics,-0.1158177525711649,0.049275418013649,0.4027576387840932,,2022,Routine Monitoring,582
0001842022,2021,0,0.038065231407349874,Routine Monitoring,0.03901381327149522,"DT MIDSTREAM, INC.",Energy / Capital-intensive,0.4785714285714286,0.0700465344109723,0.5075924565270634,,2022,Routine Monitoring,1124
0001842718,2021,0,0.1270341749480518,Routine Monitoring,0.1311649833411616,INTEGRAL AD SCIENCE HOLDING CORP.,Technology / Software / Electronics,-0.1020360851032261,0.056301829864803,0.3207925017064514,,2022,Routine Monitoring,517
0001845022,2021,1,0.8284533990028841,High Review Priority,0.8336124068353212,"COUCHBASE, INC.",Technology / Software / Electronics,-0.4553754998300173,-0.1502265648148817,0.3379573754616213,,2022,High Review Priority,43
0001845815,2021,0,0.0922622239110074,Routine Monitoring,0.0953858888308443,PAYONEER GLOBAL INC.,Technology / Software / Electronics,-0.0638124388734334,0.0039409287951055,0.9040959275034496,,2022,Routine Monitoring,653
0001846069,2021,1,0.7104006314552415,High Review Priority,0.7179009906656503,"NEXTDOOR HOLDINGS, INC.",Technology / Software / Electronics,-0.493275129164347,-0.061027085322217,0.1132038862687867,,2022,High Review Priority,76
0001846576,2021,0,0.07496348245671622,Routine Monitoring,0.07755151087588558,"FIGS, INC.",Industrial / Manufacturing,0.0261754899413953,0.2131091800828225,0.2122783888423774,,2022,Routine Monitoring,773
0001851003,2021,0,0.2899371106580237,Medium Review Priority,0.2975594893271337,ZETA GLOBAL HOLDINGS CORP.,Technology / Software / Electronics,-0.5419733908163844,0.1114923287981574,0.7722225718349213,,2022,Medium Review Priority,243
0001853145,2021,0,0.1315612218165688,Routine Monitoring,0.13581633498056706,EVERCOMMERCE INC.,Technology / Software / Electronics,-0.055478139874607,0.0225337311595174,0.4074401832902181,,2022,Routine Monitoring,502
0001854139,2021,1,0.9268626686615741,High Review Priority,0.9293146762252154,ZEVIA PBC,Industrial / Manufacturing,-0.6327331152476623,-0.1424559775347419,0.1634811549446769,,2022,High Review Priority,17
0001855747,2021,1,0.8604654862476754,High Review Priority,0.8648188674663645,"BLEND LABS, INC.",Technology / Software / Electronics,-0.8411352054414807,-0.11461177938419,0.2713697071244043,,2022,High Review Priority,33
0001856314,2021,0,0.26981380768309154,Routine Monitoring,0.2771136147135396,"CLEAR SECURE, INC.",Technology / Software / Electronics,-0.4525758703382121,0.0857668409720086,0.3362436173485081,,2022,Medium Review Priority,259
0001856430,2021,0,0.1713376408111922,Routine Monitoring,0.17661761159822553,SNAP ONE HOLDINGS CORP.,Technology / Software / Electronics,0.0012470077270828,-0.0197451150072611,0.5142273242788635,,2022,Routine Monitoring,400
0001856437,2021,0,0.016682162163522512,Routine Monitoring,0.017295715541591483,VICTORIA'S SECRET & CO.,Consumer / Retail,0.1282240235814296,0.195902394106814,0.9408379373848988,,2022,Routine Monitoring,1487
0001856525,2021,0,0.1145518989376606,Routine Monitoring,0.11833183640668882,"CORE & MAIN, INC.",Consumer / Retail,0.0849320543565147,-0.0069914298601714,0.5870545782589084,,2022,Routine Monitoring,560
0001856608,2021,0,0.12098201974163547,Routine Monitoring,0.12494419556815177,"SOVOS BRANDS, INC.",Industrial / Manufacturing,0.0507226225204606,0.0398520796209625,0.5674729674318785,,2022,Routine Monitoring,538
0001857154,2021,0,0.08049930866481145,Routine Monitoring,0.08326125287527195,"KRISPY KREME, INC.",Consumer / Retail,0.0296895891406401,0.0449006662101057,0.5753427227181016,,2022,Routine Monitoring,724
0001857853,2021,1,0.21363791419030642,Routine Monitoring,0.21987554098908635,"TRAEGER, INC.",Technology / Software / Electronics,-0.0740925090223984,-0.024069790283686,0.4839054921830547,,2022,Routine Monitoring,310
0001858257,2021,1,0.3677285961838475,Medium Review Priority,0.3763122419558954,"AVIDXCHANGE HOLDINGS, INC.",Technology / Software / Electronics,-0.4377216606483662,-0.0302991259332931,0.680953958936647,,2022,Medium Review Priority,184
0001859285,2021,0,0.09181348215539413,Routine Monitoring,0.09492354303539914,HIRERIGHT HOLDINGS CORP,Technology / Software / Electronics,0.0777063677306946,0.0311557841710188,0.7074890960661836,,2022,Routine Monitoring,655
0001860543,2021,0,0.06712720114381163,Routine Monitoring,0.0694650068418322,"CADRE HOLDINGS, INC.",Industrial / Manufacturing,0.1210401415438767,0.1285904886528371,0.715711554991084,,2022,Routine Monitoring,836
0001861795,2021,0,0.16219966239623407,Routine Monitoring,0.16725487249191454,DEFINITIVE HEALTHCARE CORP.,Technology / Software / Electronics,-0.150348471899563,0.0119150014083255,0.2895696951022407,,2022,Routine Monitoring,419
0001865107,2021,1,0.14807536037894442,Routine Monitoring,0.15277063460297857,A.K.A. BRANDS HOLDING CORP.,Consumer / Retail,0.0291413416436762,0.0348450089118785,0.3442921816802016,,2022,Routine Monitoring,458
0001865187,2021,0,0.1878748694034292,Routine Monitoring,0.19354542697574778,"ARIS WATER SOLUTIONS, INC.",Energy / Capital-intensive,0.083498000008724,0.0521987799693439,0.4652145704286793,,2022,Routine Monitoring,352
0001866175,2021,0,0.09440425803247673,Routine Monitoring,0.09759264754436463,CRESCENT ENERGY CO,Energy / Capital-intensive,0.3275196567042005,0.0452057620589351,0.4145071742651715,,2022,Routine Monitoring,645
0001866368,2021,0,0.2691391351009864,Routine Monitoring,0.27642759903780995,"CLEARWATER ANALYTICS HOLDINGS, INC.",Technology / Software / Electronics,0.1129306171683424,0.0097515645191735,0.2395405903791145,,2022,Medium Review Priority,262
0001866550,2021,0,0.09314733345408938,Routine Monitoring,0.09629778595773099,"THOUGHTWORKS HOLDING, INC.",Technology / Software / Electronics,0.0178672735514442,0.0797116194454738,0.5226284405215106,,2022,Routine Monitoring,650
0001866581,2021,0,0.09170668107087553,Routine Monitoring,0.09481350189273328,DUTCH BROS INC.,Consumer / Retail,-0.2275104644529963,0.1451598338450424,0.6203973270724219,,2022,Routine Monitoring,657
0001866633,2021,0,0.0021062822833016726,Routine Monitoring,0.0021062822833016726,"CONSENSUS CLOUD SOLUTIONS, INC.",Technology / Software / Electronics,0.4966086700088469,0.415191929098882,1.5910765939603275,,2022,Routine Monitoring,1679
0001866757,2021,0,0.05627618878122784,Routine Monitoring,0.058259692415032795,"BRILLIANT EARTH GROUP, INC.",Industrial / Manufacturing,0.1055527645460547,0.2116281099154461,0.6195397072534458,,2022,Routine Monitoring,932
0001868726,2021,0,0.01949535675219231,Routine Monitoring,0.01921929149834501,"OLAPLEX HOLDINGS, INC.",Industrial / Manufacturing,0.5584450962205343,0.1281890411696323,0.6640024301118543,,2022,Routine Monitoring,1434
0001868778,2021,0,0.06610240890538396,Routine Monitoring,0.06840714179954599,INFORMATICA INC.,Technology / Software / Electronics,0.0414845694935442,0.0458626029152493,0.602171806822063,,2022,Routine Monitoring,854
0001868912,2021,0,0.8772002363581215,High Review Priority,0.8763751942600697,"ENFUSION, INC.",Technology / Software / Electronics,-2.4698657117278424,-0.0029975962671442,0.0814818306075317,,2022,High Review Priority,28
0001870600,2021,0,0.1488340880414069,Routine Monitoring,0.15544884069885595,"SOLO BRANDS, INC.",Industrial / Manufacturing,0.1705724554576597,-0.0122305249838852,,,2022,Routine Monitoring,453
0001871509,2021,0,0.10477553564454047,Routine Monitoring,0.10827232361318387,PORTILLO'S INC.,Consumer / Retail,0.056102229732761,0.0428923150185129,0.5764131284058293,,2022,Routine Monitoring,597
0001874944,2021,1,0.17126538009562414,Routine Monitoring,0.17654359849543722,"VACASA, INC.",Technology / Software / Electronics,-0.1410481655864971,0.0386490399594357,0.3780048994752307,,2022,Routine Monitoring,401
0001875444,2021,0,0.022461608627725782,Routine Monitoring,0.023282691330699747,"ARHAUS, INC.",Consumer / Retail,0.041848512150499,0.2493274230670872,0.8810587332708208,,2022,Routine Monitoring,1377
0001876588,2021,0,0.17556432492736218,Routine Monitoring,0.1809461046067695,ZIMVIE INC.,Industrial / Manufacturing,-0.0990538143110585,0.0352000875896425,0.205452455247167,,2022,Routine Monitoring,391
0001891101,2021,1,0.5010484929664778,High Review Priority,0.5102328047047461,BRC INC.,Industrial / Manufacturing,-0.0496737465733737,-0.0883190556027652,0.9449943731195884,,2022,High Review Priority,129
0001902733,2021,1,0.2784951727715931,Medium Review Priority,0.28593787821368843,"NCINO, INC.",Technology / Software / Electronics,-0.260555383126723,-0.0147800100536965,0.1771748805162742,,2022,Medium Review Priority,253
0000001800,2022,0,0.013631222180390316,Routine Monitoring,0.015376972224151311,ABBOTT LABORATORIES,Industrial / Manufacturing,0.1915561358898586,0.1287111421585749,,0.0134184561810795,2023,Routine Monitoring,1412
0000002098,2022,0,0.17030682589450133,Routine Monitoring,0.18607506497978096,ACME UNITED CORP,Industrial / Manufacturing,0.0323428839339171,0.0175921033381875,0.519214476488161,0.0652147684620232,2023,Routine Monitoring,331
0000002178,2022,0,0.09113303588271512,Routine Monitoring,0.10045835919926419,"ADAMS RESOURCES & ENERGY, INC.",Consumer / Retail,0.0017140309666083,0.0358627547447801,0.7574519925343413,0.6625075794833508,2023,Routine Monitoring,565
0000002488,2022,0,0.02382461600948764,Routine Monitoring,0.02684031018647721,ADVANCED MICRO DEVICES INC,Technology / Software / Electronics,0.0535570526672598,0.0527522935779816,,0.4361080686381891,2023,Routine Monitoring,1244
0000002969,2022,0,0.011688596524003435,Routine Monitoring,0.013000935105116006,"AIR PRODUCTS & CHEMICALS, INC.",Industrial / Manufacturing,0.1841777833776952,0.1165978979575325,0.4960982031876319,0.2301269010946429,2023,Routine Monitoring,1450
0000003197,2022,0,0.048400912928996766,Routine Monitoring,0.05361153744381857,CECO ENVIRONMENTAL CORP,Technology / Software / Electronics,0.0524363090857896,0.0587433453333623,0.5677849742729152,0.3038409329302154,2023,Routine Monitoring,877
0000003570,2022,0,0.00493362286126458,Routine Monitoring,0.005453544951032147,CHENIERE ENERGY INC,Energy / Capital-intensive,0.136382673208089,0.2550041196142102,,1.1071608673726678,2023,Routine Monitoring,1571
0000004127,2022,0,0.012501900732290282,Routine Monitoring,0.013904268473302674,SKYWORKS SOLUTIONS INC,Technology / Software / Electronics,0.2783702488378452,0.1605400166783114,0.3836913160089251,0.0736724667749701,2023,Routine Monitoring,1430
0000004281,2022,0,0.022962550149752507,Routine Monitoring,0.025508003734376648,HOWMET AEROSPACE INC.,Industrial / Manufacturing,0.1622814762493378,0.0714773281326182,0.6488542174549,0.1389782783588093,2023,Routine Monitoring,1252
0000004904,2022,0,0.03241256035078068,Routine Monitoring,0.03596700719364395,AMERICAN ELECTRIC POWER CO INC,Energy / Capital-intensive,0.1773313984571908,0.0565746650775547,0.7414308854020674,0.1695747975226298,2023,Routine Monitoring,1092
0000005981,2022,0,0.06703775225338664,Routine Monitoring,0.07409850522251839,AMERICAN VANGUARD CORP,Industrial / Manufacturing,0.066683070462505,0.0786231280453468,0.4906066668227059,0.0947129681506702,2023,Routine Monitoring,701
0000006176,2022,1,0.16431864248384498,Routine Monitoring,0.1796525021415546,AMPCO PITTSBURGH CORP,Technology / Software / Electronics,0.0071196266424732,-0.0541157657317204,0.7744592998046836,0.1312449263597355,2023,Routine Monitoring,343
0000006281,2022,0,0.0046460242838292165,Routine Monitoring,0.0052471619470171186,ANALOG DEVICES INC,Technology / Software / Electronics,0.2729076765990345,0.0889700381791308,,0.6416348035591941,2023,Routine Monitoring,1576
0000006845,2022,0,0.04106004323588647,Routine Monitoring,0.04615422969382738,"APOGEE ENTERPRISES, INC.",Industrial / Manufacturing,0.0873105776652395,0.1121913116625608,,0.0964392831838001,2023,Routine Monitoring,976
0000006951,2022,0,0.005014416995288164,Routine Monitoring,0.005581643306021286,APPLIED MATERIALS INC /DE,Technology / Software / Electronics,0.3020360674810937,0.2020130210282122,0.5437401781037192,0.1180245414733556,2023,Routine Monitoring,1570
0000006955,2022,0,0.06278104019211976,Routine Monitoring,0.06942681815754795,ENERPAC TOOL GROUP CORP,Technology / Software / Electronics,0.0536743093327824,0.0683153046564691,0.5792870045635088,0.0805111035448113,2023,Routine Monitoring,732
0000007332,2022,1,0.017823025201032357,Routine Monitoring,0.018722185805588504,SOUTHWESTERN ENERGY CO,Energy / Capital-intensive,0.4902013064924677,0.2440043323533962,,1.2501874906254686,2023,Routine Monitoring,1340
0000007431,2022,0,0.027764531598066723,Routine Monitoring,0.031262964357011404,ARMSTRONG WORLD INDUSTRIES INC,Industrial / Manufacturing,0.2260157327061876,0.1081081081081081,,0.114314115308151,2023,Routine Monitoring,1164
0000007536,2022,0,0.06026549607117017,Routine Monitoring,0.06757453271275035,"ARROW ELECTRONICS, INC",Consumer / Retail,0.0557178775739592,-0.0015198604689332,,0.07678749942933,2023,Routine Monitoring,752
0000008063,2022,1,0.1838851295389675,Routine Monitoring,0.2006065807767787,ASTRONICS CORP,Industrial / Manufacturing,-0.0561681379862178,-0.0460334519723396,0.6099058421445424,0.2022575453801685,2023,Routine Monitoring,311
0000008146,2022,0,0.14599137829722325,Routine Monitoring,0.15994230670825796,"ASTRONOVA, INC.",Technology / Software / Electronics,0.0381892553691581,-0.021090893417716,0.3939457067532523,0.2132022471910113,2023,Routine Monitoring,397
0000008858,2022,0,0.0618454149526559,Routine Monitoring,0.06839937915588398,AVNET INC,Consumer / Retail,0.0386254073719284,-0.0211107786932744,0.5964049588527042,0.2444897610040073,2023,Routine Monitoring,740
0000008947,2022,0,0.03044982824130067,Routine Monitoring,0.0337965546981931,AZZ INC,Industrial / Manufacturing,0.131181302596081,0.041157265047295,0.6158145091625894,0.4663806244627015,2023,Routine Monitoring,1116
0000009092,2022,0,0.033874705835252254,Routine Monitoring,0.038112861720691435,BADGER METER INC,Industrial / Manufacturing,0.1543492559692203,0.1367240032700602,,0.1194977018911396,2023,Routine Monitoring,1067
0000009326,2022,0,0.03538099963387754,Routine Monitoring,0.03924776917127198,BALCHEM CORP,Industrial / Manufacturing,0.1540667134995405,0.0852785328763345,0.4224210101248867,0.1793878273841929,2023,Routine Monitoring,1045
0000009389,2022,0,0.043848305874253424,Routine Monitoring,0.04859384505275257,BALL CORP,Industrial / Manufacturing,0.0790931005277216,0.0151187904967602,0.8228439399266664,0.1113605097386141,2023,Routine Monitoring,937
0000009984,2022,0,0.08508839218295607,Routine Monitoring,0.09510329183668423,BARNES GROUP INC,Industrial / Manufacturing,0.045265431883525,0.0313038326573394,,0.002400611353573,2023,Routine Monitoring,594
0000010329,2022,1,0.2015005651037565,Routine Monitoring,0.21426775665800793,BASSETT FURNITURE INDUSTRIES INC,Industrial / Manufacturing,,-0.0073103553521892,,-0.0019176460432364,2023,Routine Monitoring,283
0000010456,2022,0,0.05392809418308122,Routine Monitoring,0.05969642220640821,BAXTER INTERNATIONAL INC,Industrial / Manufacturing,-0.1285648117514722,0.0428111853501608,0.7916003818008273,0.1821808510638298,2023,Routine Monitoring,815
0000010795,2022,0,0.032961037977518745,Routine Monitoring,0.037089270794602565,BECTON DICKINSON & CO,Industrial / Manufacturing,0.1209326974032856,0.0466807722824649,,-0.0680561043065981,2023,Routine Monitoring,1079
0000012040,2022,0,0.11843360544846182,Routine Monitoring,0.13015245238768364,FLANIGANS ENTERPRISES INC,Consumer / Retail,0.0438178230845116,0.0712038619043744,0.5027526916714127,0.1516674313764046,2023,Routine Monitoring,477
0000012208,2022,0,0.05529433589802358,Routine Monitoring,0.0611993483363575,"BIO-RAD LABORATORIES, INC.",Industrial / Manufacturing,0.1722245239448742,0.0144017042045033,0.2878469960670038,-0.0411613850257224,2023,Routine Monitoring,798
0000012927,2022,0,0.046780480923201875,Routine Monitoring,0.05182615785977719,BOEING CO,Industrial / Manufacturing,-0.0532518616382416,0.0256163384390955,1.1155944566010212,0.0693895899560093,2023,Routine Monitoring,895
0000014177,2022,0,0.20701427916245663,Routine Monitoring,0.22525844213954396,BRIDGFORD FOODS CORP,Industrial / Manufacturing,0.2428412398739366,-0.0444008437861501,0.2836607163109306,0.1059268810048663,2023,Routine Monitoring,277
0000014693,2022,0,0.010712548111381547,Routine Monitoring,0.011916622078513045,BROWN FORMAN CORP,Industrial / Manufacturing,0.3061276379354182,0.1468696061509493,0.57053193158638,0.1363767697197342,2023,Routine Monitoring,1469
0000014707,2022,0,0.08066493395653881,Routine Monitoring,0.09021052811392966,CALERES INC,Industrial / Manufacturing,0.0722092436402889,0.0685439255267709,,0.0685965313990042,2023,Routine Monitoring,617
0000014930,2022,0,0.026332011863206505,Routine Monitoring,0.02965544763848856,BRUNSWICK CORP,Technology / Software / Electronics,0.1391327324506033,0.0927182699761125,,0.1652355376141767,2023,Routine Monitoring,1186
0000016040,2022,0,0.06303628090546869,Routine Monitoring,0.0706560939197029,CABOT CORP,Industrial / Manufacturing,0.0900254570701226,0.0283687943262411,,0.2675271340569081,2023,Routine Monitoring,728
0000016058,2022,0,0.02216615582250501,Routine Monitoring,0.024625552283972958,CACI INTERNATIONAL INC /DE/,Technology / Software / Electronics,0.0800154185522714,0.1124612353609231,0.5393959149736983,0.026270425792938,2023,Routine Monitoring,1274
0000016732,2022,0,0.020737559191002057,Routine Monitoring,0.023042184029792797,CAMPBELL SOUP CO,Industrial / Manufacturing,0.1358327493576267,0.0993104608139926,0.7197275479313825,0.010146295422369,2023,Routine Monitoring,1297
0000016918,2022,0,0.009396085336669522,Routine Monitoring,0.010453754483455627,"CONSTELLATION BRANDS, INC.",Industrial / Manufacturing,0.3007532319150287,0.1117860053604083,0.6458602806713081,0.0716383053499154,2023,Routine Monitoring,1493
0000017843,2022,0,0.07068339623467317,Routine Monitoring,0.07809598492932289,CARPENTER TECHNOLOGY CORP,Industrial / Manufacturing,-0.0135598758372814,0.0020461753572281,0.5462606145346656,0.2444429384657089,2023,Routine Monitoring,675
0000018230,2022,0,0.011885272658297816,Routine Monitoring,0.013219397715116828,CATERPILLAR INC,Technology / Software / Electronics,0.1330035169199185,0.094773196002099,0.8060725138205826,0.1658982558709854,2023,Routine Monitoring,1444
0000018498,2022,0,0.33975730599824805,Medium Review Priority,0.36432534475293976,GENESCO INC,Consumer / Retail,0.0390965948925064,-0.1132113818347104,0.5832496810685884,-0.0153570231255397,2023,Medium Review Priority,181
0000019745,2022,0,0.06288583872854114,Routine Monitoring,0.07048883443216851,CHESAPEAKE UTILITIES CORP,Energy / Capital-intensive,0.2099781990409928,0.0717288243943554,,0.1942845914156583,2023,Routine Monitoring,729
0000021344,2022,0,0.00890499784167942,Routine Monitoring,0.010051628739662324,COCA COLA CO,Industrial / Manufacturing,0.2536740768300623,0.1187758050084624,,0.112508084335791,2023,Routine Monitoring,1497
0000021535,2022,0,0.09021165690940636,Routine Monitoring,0.10076315270688463,COHU INC,Industrial / Manufacturing,0.1544794069699486,0.0919502303216355,,-0.0839019672818508,2023,Routine Monitoring,571
0000021665,2022,0,0.01089112069111348,Routine Monitoring,0.01211502014502847,COLGATE PALMOLIVE CO,Industrial / Manufacturing,0.1610174208270718,0.1624817239844892,0.9487635878202276,0.0313414844153607,2023,Routine Monitoring,1466
0000023194,2022,0,0.0038185641455683443,Routine Monitoring,0.004039426813679555,COMSTOCK RESOURCES INC,Energy / Capital-intensive,0.6288437585186781,0.298263425153949,0.5998925232537005,0.9603383529742318,2023,Routine Monitoring,1587
0000023197,2022,1,0.16408682831316126,Routine Monitoring,0.17940369960788274,COMTECH TELECOMMUNICATIONS CORP /DE/,Technology / Software / Electronics,-0.0694144237710261,0.0020496830022056,0.4131265928151272,-0.1640997429924616,2023,Routine Monitoring,345
0000024545,2022,0,0.03939827786268665,Routine Monitoring,0.043684210620135784,MOLSON COORS BEVERAGE CO,Industrial / Manufacturing,0.0122974819441733,0.0580633439383337,0.500732556835973,0.0287231222740744,2023,Routine Monitoring,998
0000024741,2022,0,0.02760700229196389,Routine Monitoring,0.030651152915341526,CORNING INC /NY,Industrial / Manufacturing,0.101346113186271,0.0886470727821282,0.5838841994643886,0.0075983525067462,2023,Routine Monitoring,1168
0000025445,2022,0,0.11226676348638476,Routine Monitoring,0.1250433550847351,"CRANE HOLDINGS, CO.",Industrial / Manufacturing,0.1094847254733473,-0.0345314564256753,,0.0612893081761005,2023,Routine Monitoring,496
0000026058,2022,0,0.02523008203571633,Routine Monitoring,0.02801968835742272,CTS CORP,Technology / Software / Electronics,0.1584782975417001,0.1619226519632271,0.3236702841866325,0.1441614271092264,2023,Routine Monitoring,1211
0000026172,2022,0,0.021265328492494472,Routine Monitoring,0.023627190716850037,CUMMINS INC,Technology / Software / Electronics,0.1043314098454085,0.0647546123634443,0.6625301165054952,0.1687273635568877,2023,Routine Monitoring,1287
0000026324,2022,0,0.031092842363535128,Routine Monitoring,0.03450772683308237,CURTISS WRIGHT CORP,Technology / Software / Electronics,0.1655998670329777,0.0662477228300418,0.5522927668586988,0.0203892285940834,2023,Routine Monitoring,1109
0000026780,2022,0,0.03997580883205621,Routine Monitoring,0.044321669379643214,DANA INC,Industrial / Manufacturing,0.0084679007483261,0.0871257886964693,0.7586253188347429,0.1353828954723308,2023,Routine Monitoring,989
0000027419,2022,0,0.024695460005559573,Routine Monitoring,0.02781824341758852,TARGET CORP,Consumer / Retail,0.0352639296187683,0.0753351457766944,,0.029385406348757,2023,Routine Monitoring,1224
0000027996,2022,0,0.048828591550613094,Routine Monitoring,0.05483148617052778,DELUXE CORP,Industrial / Manufacturing,0.0757127984235995,0.0622557305006955,,0.1067220453793571,2023,Routine Monitoring,873
0000028823,2022,0,0.32512721734359,Medium Review Priority,0.3525091585337223,"DIEBOLD NIXDORF, INC",Technology / Software / Electronics,-0.0611725951397116,-0.126557911908646,,-0.1138225955136741,2023,Medium Review Priority,192
0000029002,2022,0,0.020282871663094913,Routine Monitoring,0.02253812874962883,DIODES INC /DEL/,Technology / Software / Electronics,0.2040373291745393,0.1715242501896594,0.3082591010316775,0.1082551039740478,2023,Routine Monitoring,1300
0000029332,2022,0,0.4391203898518851,High Review Priority,0.4658043766327974,DIXIE GROUP INC,Industrial / Manufacturing,-0.092749612939355,-0.0862101248608004,0.8447173139652913,-0.1104097618440601,2023,High Review Priority,139
0000029534,2022,0,0.022355820182944037,Routine Monitoring,0.025190393434662152,DOLLAR GENERAL CORP,Consumer / Retail,0.0879459386601558,0.0682367691471211,,0.1059136892096301,2023,Routine Monitoring,1268
0000029644,2022,0,0.025203040082886728,Routine Monitoring,0.027989742319453587,DONALDSON CO INC,Technology / Software / Electronics,0.1341256880179036,0.0972195515902011,0.5642041302926586,0.1586250394197415,2023,Routine Monitoring,1213
0000029905,2022,0,0.02409174260842353,Routine Monitoring,0.027140309300549496,DOVER CORP,Technology / Software / Electronics,0.1621198558359998,0.0739432473801954,,0.076008706626377,2023,Routine Monitoring,1237
0000029989,2022,0,0.032915646909845206,Routine Monitoring,0.03703841242657029,OMNICOM GROUP INC.,Technology / Software / Electronics,0.1457964462422405,0.0343116378113137,,-2.099458339743787e-05,2023,Routine Monitoring,1080
0000030305,2022,0,0.08210764159514472,Routine Monitoring,0.09060149191009087,DUCOMMUN INC /DE/,Industrial / Manufacturing,0.0558399072609562,0.031991980468054,0.4851131564572308,0.1040016237664875,2023,Routine Monitoring,603
0000030625,2022,0,0.07363700594330706,Routine Monitoring,0.08242550542644823,FLOWSERVE CORP,Technology / Software / Electronics,0.0545539290535307,-0.0083517129465536,,0.0209146413785703,2023,Routine Monitoring,651
0000030697,2022,0,0.03395469962828262,Routine Monitoring,0.0376716772703681,WENDY'S CO,Consumer / Retail,0.1686056583019367,0.0472609096648618,0.9153135355780616,0.1046427038932038,2023,Routine Monitoring,1065
0000031107,2022,0,0.11293124024095058,Routine Monitoring,0.12418232998084132,EASTERN CO,Industrial / Manufacturing,0.0507271251099841,0.0280217995177503,0.5158564293646747,0.1328165992971774,2023,Routine Monitoring,495
0000031235,2022,0,0.19748468728906224,Routine Monitoring,0.21511683552082544,EASTMAN KODAK CO,Industrial / Manufacturing,-0.0215767634854771,-0.0507658643326039,0.4555798687089715,0.0478260869565216,2023,Routine Monitoring,289
0000031462,2022,0,0.021217408519310827,Routine Monitoring,0.023574076641897163,ECOLAB INC.,Industrial / Manufacturing,0.110129829853818,0.0833197448787055,0.6618291768191835,0.1142455490022067,2023,Routine Monitoring,1289
0000031791,2022,0,0.058456363816397856,Routine Monitoring,0.06467593857033285,PERKINELMER INC,Industrial / Manufacturing,0.2242569196049787,0.0481116048253856,0.4774981059607476,-0.3464157204940273,2023,Routine Monitoring,766
0000033002,2022,0,0.062499231399997995,Routine Monitoring,0.06911737806398989,"ENNIS, INC.",Industrial / Manufacturing,0.1531897452047879,0.1187705511191234,0.1584496045298158,0.0795547155849545,2023,Routine Monitoring,735
0000033185,2022,0,0.021584252890528954,Routine Monitoring,0.02398066898711989,EQUIFAX INC,Technology / Software / Electronics,0.2061614150169849,0.0655617038595762,0.655928783588358,0.040272954365442,2023,Routine Monitoring,1282
0000033213,2022,0,0.007959902795407437,Routine Monitoring,0.008255353338494286,EQT CORP,Energy / Capital-intensive,0.3625113018157995,0.1528703710810525,0.5053654784757569,1.4464970536727857,2023,Routine Monitoring,1513
0000033488,2022,0,0.1387422651714017,Routine Monitoring,0.1521238632334045,ESCALADE INC,Industrial / Manufacturing,0.0838706387427212,0.0285352740711975,0.4694829236939187,0.0004623547568332,2023,Routine Monitoring,413
0000034067,2022,0,0.021261874303294986,Routine Monitoring,0.021899155634749087,DMC GLOBAL INC.,Industrial / Manufacturing,0.0458502398767134,0.0511230087669998,0.3536027067799194,1.5146031562962534,2023,Routine Monitoring,1288
0000034563,2022,1,0.1565389180427571,Routine Monitoring,0.17129560144115713,FARMER BROTHERS CO,Industrial / Manufacturing,-0.0311769357172847,-0.0327190769872397,0.7007806987725347,0.1793213522684429,2023,Routine Monitoring,362
0000037472,2022,0,0.15340053574950255,Routine Monitoring,0.16792026799785253,FLEXSTEEL INDUSTRIES INC,Industrial / Manufacturing,0.0121573008109766,0.0297423913731064,0.5104580246408252,0.1364660437438012,2023,Routine Monitoring,367
0000037785,2022,1,0.024617079070080553,Routine Monitoring,0.027730232882791382,FMC CORP,Industrial / Manufacturing,0.1972148975406304,0.0590799638359009,,0.1500634266233251,2023,Routine Monitoring,1226
0000037996,2022,0,0.032655802141334046,Routine Monitoring,0.036235924565222996,FORD MOTOR CO,Industrial / Manufacturing,0.0397071942400526,0.0267816666927201,0.8313024651795344,0.1592771066663731,2023,Routine Monitoring,1088
0000038725,2022,0,0.042630524886407874,Routine Monitoring,0.047909821237077606,FRANKLIN ELECTRIC CO INC,Technology / Software / Electronics,0.12584411396719,0.0600129500572836,,0.2297695661199916,2023,Routine Monitoring,950
0000039092,2022,0,0.007893743250167284,Routine Monitoring,0.008783800978282174,FRIEDMAN INDUSTRIES INC,Industrial / Manufacturing,0.0384883716682921,0.320572770329935,0.4208477161435338,0.9196188268111174,2023,Routine Monitoring,1515
0000039911,2022,0,0.0699690945588351,Routine Monitoring,0.07835686091999436,GAP INC,Consumer / Retail,-0.0044185450819672,0.0533110837871069,,-0.0632273545290942,2023,Routine Monitoring,680
0000040533,2022,0,0.018797272258020834,Routine Monitoring,0.02119042444548586,GENERAL DYNAMICS CORP,Industrial / Manufacturing,0.1068591874540056,0.0887661141804788,,0.0243832696456887,2023,Routine Monitoring,1325
0000040570,2022,0,0.11829117734557285,Routine Monitoring,0.12999800941419987,GEE GROUP INC.,Technology / Software / Electronics,0.0228632685692136,0.0771952423172792,0.1551683757967111,0.1090274046211714,2023,Routine Monitoring,478
0000040704,2022,0,0.013617975281035416,Routine Monitoring,0.015143615868418864,GENERAL MILLS INC,Industrial / Manufacturing,0.1830061918200581,0.1066609628145293,0.6530085139642523,0.0477630054614663,2023,Routine Monitoring,1413
0000041719,2022,0,0.13756383236697425,Routine Monitoring,0.15085167907610822,GLATFELTER CORP,Industrial / Manufacturing,-0.1099363921771631,-0.0247791456961561,0.8069606210690726,0.3748817638891706,2023,Routine Monitoring,418
0000042682,2022,0,0.04972418888636505,Routine Monitoring,0.0550690272979538,GORMAN RUPP CO,Technology / Software / Electronics,0.0771226827016642,0.0156788836314058,0.6205515392459012,0.3772269742754734,2023,Routine Monitoring,863
0000042888,2022,0,0.014407582691152226,Routine Monitoring,0.016251123038302766,GRACO INC,Technology / Software / Electronics,0.2671772284946124,0.1547394317110172,,0.0784425299153555,2023,Routine Monitoring,1398
0000043920,2022,0,0.025703724044651998,Routine Monitoring,0.028950219660823992,"GREIF, INC",Industrial / Manufacturing,0.097834475155524,0.1202032943929505,,0.1427980057954321,2023,Routine Monitoring,1199
0000045012,2022,0,0.044677008698053265,Routine Monitoring,0.04950759147054663,HALLIBURTON CO,Energy / Capital-intensive,0.1333694634675075,0.0964093743281014,0.6569769941947968,0.3270349787512259,2023,Routine Monitoring,924
0000045919,2022,0,0.018892208059964867,Routine Monitoring,0.020996150756617052,HARTE HANKS INC,Technology / Software / Electronics,0.0732361182481893,0.2399653287104947,0.843245766102147,0.0600320664350757,2023,Routine Monitoring,1323
0000046080,2022,1,0.06374097876834638,Routine Monitoring,0.07048073072050637,"HASBRO, INC.",Industrial / Manufacturing,0.0696125804634009,0.0401144590625974,0.6921330909325617,-0.087798268020684,2023,Routine Monitoring,724
0000046129,2022,0,0.09297319757554992,Routine Monitoring,0.1024655895513298,ALLIED MOTION TECHNOLOGIES INC,Industrial / Manufacturing,0.0629358950909365,0.0095113937863199,0.6337790453592863,0.2465131494166279,2023,Routine Monitoring,557
0000046250,2022,0,0.03522948331082487,Routine Monitoring,0.039080364587690625,HAWKINS INC,Consumer / Retail,0.0942681943496831,0.1310675912520003,0.407289999745993,0.2072930935870405,2023,Routine Monitoring,1048
0000046619,2022,0,0.01785096748346526,Routine Monitoring,0.01984129683377639,HEICO CORP,Industrial / Manufacturing,0.2249871169150151,0.1142367127205105,0.2733707956252429,0.1836540203528789,2023,Routine Monitoring,1338
0000046765,2022,0,0.06283082293547326,Routine Monitoring,0.06745166378029169,"HELMERICH & PAYNE, INC.",Energy / Capital-intensive,0.0219976842497901,0.0537048180807345,,0.6896422686300641,2023,Routine Monitoring,731
0000047111,2022,0,0.005523151782904161,Routine Monitoring,0.006147570151279028,HERSHEY CO,Industrial / Manufacturing,0.2169808242285897,0.212610765361016,0.6986393054228675,0.1613981282834431,2023,Routine Monitoring,1558
0000047217,2022,0,0.01710097096429026,Routine Monitoring,0.019282404639928093,HP INC,Technology / Software / Electronics,0.0742422558468158,0.1156607147484904,,-0.0079386331059901,2023,Routine Monitoring,1355
0000047307,2022,0,0.08218255016421808,Routine Monitoring,0.08809281797587062,CRAWFORD UNITED CORP,Industrial / Manufacturing,0.0667956391223956,0.0807887007935515,,0.2264995735930262,2023,Routine Monitoring,600
0000048287,2022,0,0.06362263781833849,Routine Monitoring,0.07130793529129809,HNI CORP,Industrial / Manufacturing,0.0657125920907782,0.0574054436196535,,0.0812082724472718,2023,Routine Monitoring,726
0000048465,2022,0,0.03085158267217411,Routine Monitoring,0.03472510208587247,HORMEL FOODS CORP /DE/,Industrial / Manufacturing,0.1053557620208549,0.0852922453349269,,0.0942033370427981,2023,Routine Monitoring,1113
0000048898,2022,0,0.015396007230316717,Routine Monitoring,0.01711738641522608,HUBBELL INC,Technology / Software / Electronics,0.1433133248448836,0.117758116462444,0.5612112686484285,0.1797286664600272,2023,Routine Monitoring,1385
0000049826,2022,0,0.008464381026920844,Routine Monitoring,0.009554823910632651,ILLINOIS TOOL WORKS INC,Technology / Software / Electronics,0.2378860155661561,0.1522500324212164,,0.1021791767554478,2023,Routine Monitoring,1504
0000050493,2022,0,0.022620122359813193,Routine Monitoring,0.025128593277671352,INGLES MARKETS INC,Consumer / Retail,0.0663749839317396,0.1478967039023527,0.4512792245830173,0.1385177556960715,2023,Routine Monitoring,1261
0000050725,2022,0,0.07229379620901952,Routine Monitoring,0.07986075506698784,GRIFFON CORP,Industrial / Manufacturing,-0.066374511670753,0.0210333913964765,0.8304369221942045,0.2544945755047287,2023,Routine Monitoring,662
0000050863,2022,0,0.024924220788185684,Routine Monitoring,0.0280750986971182,INTEL CORP,Technology / Software / Electronics,0.0370158911409268,0.0847487410970714,,-0.2020905041506377,2023,Routine Monitoring,1221
0000051253,2022,0,0.15756066901497762,Routine Monitoring,0.16790018367149748,INTERNATIONAL FLAVORS & FRAGRANCES INC,Industrial / Manufacturing,-0.1065916398713826,0.0112124721100347,,0.0672614962251201,2023,Routine Monitoring,357
0000051644,2022,0,0.03399502258201649,Routine Monitoring,0.03771624199146402,"INTERPUBLIC GROUP OF COMPANIES, INC.",Technology / Software / Electronics,0.1263932356009443,0.0323056513664101,0.801310692491377,0.0670950228011757,2023,Routine Monitoring,1064
0000052988,2022,0,0.04969762210896731,Routine Monitoring,0.055801086040704516,JACOBS SOLUTIONS INC.,Industrial / Manufacturing,0.0615064506887938,0.032380316005975,,0.0589097196322163,2023,Routine Monitoring,864
0000054381,2022,0,0.13765375541968347,Routine Monitoring,0.1528221608205976,KAMAN CORP,Industrial / Manufacturing,-0.0964342455458957,0.0140605847658334,,-0.0296646088184227,2023,Routine Monitoring,417
0000055067,2022,0,0.021851530878811948,Routine Monitoring,0.02462377397444602,KELLOGG CO,Industrial / Manufacturing,0.1067580803134182,0.0892625432525951,,0.0799661518933785,2023,Routine Monitoring,1277
0000055135,2022,0,0.12293562943077209,Routine Monitoring,0.13673937600639213,KELLY SERVICES INC,Technology / Software / Electronics,0.0029806259314456,-0.0286432915384037,,0.0113448886897367,2023,Routine Monitoring,464
0000055242,2022,0,0.03512768399119809,Routine Monitoring,0.03896788718934513,KENNAMETAL INC,Technology / Software / Electronics,0.1083949164602853,0.0705041025457699,0.4982572534781102,0.0928702032810173,2023,Routine Monitoring,1049
0000055529,2022,0,0.2768179492452671,Medium Review Priority,0.2988951499732658,KEWAUNEE SCIENTIFIC CORP /DE/,Industrial / Manufacturing,-0.0154436496281207,-0.0663871418588399,0.6953853148442828,0.1451355878184568,2023,Medium Review Priority,227
0000055785,2022,0,0.012645739955450793,Routine Monitoring,0.014267104877888216,KIMBERLY CLARK CORP,Industrial / Manufacturing,0.1328872366790582,0.1520868113522537,,0.0378086419753085,2023,Routine Monitoring,1428
0000056679,2022,0,0.009888926207184005,Routine Monitoring,0.011001455811591164,KORN FERRY,Technology / Software / Electronics,0.177825610801016,0.1447976156183234,0.5527295639890479,0.4524908980815914,2023,Routine Monitoring,1486
0000056873,2022,0,0.014890804736707189,Routine Monitoring,0.016556648646014797,KROGER CO,Consumer / Retail,0.0278298641557285,0.0906434516252544,0.7981984160570703,0.0752059642608493,2023,Routine Monitoring,1392
0000056978,2022,0,0.024243282089018103,Routine Monitoring,0.02573807633587358,KULICKE & SOFFA INDUSTRIES INC,Technology / Software / Electronics,0.3126268605099693,0.2456176794773256,0.2479851743580349,-0.0092536951525502,2023,Routine Monitoring,1232
0000057131,2022,0,0.04427568890807064,Routine Monitoring,0.04974813302421903,LA-Z-BOY INC,Industrial / Manufacturing,0.0877270175673823,0.0408904558744447,,0.3589846642110337,2023,Routine Monitoring,931
0000057515,2022,0,0.04628551486890821,Routine Monitoring,0.05199285801525734,LANCASTER COLONY CORP,Industrial / Manufacturing,0.0667571388519377,0.0933743834684246,,0.1426812817683174,2023,Routine Monitoring,903
0000058361,2022,1,0.14699121786311592,Routine Monitoring,0.16101967636122846,"LEE ENTERPRISES, INC",Industrial / Manufacturing,0.0318207252784681,0.0046086108042287,0.9768332970450592,-0.0172151478199809,2023,Routine Monitoring,393
0000059440,2022,0,0.00738569239296419,Routine Monitoring,0.008338339417061138,VECTOR GROUP LTD,Industrial / Manufacturing,0.2352587666003474,0.1995584371846078,1.8891536455897096,0.1804775948226427,2023,Routine Monitoring,1526
0000059527,2022,0,0.01986633550063945,Routine Monitoring,0.02207632146414913,LINCOLN ELECTRIC HOLDINGS INC,Technology / Software / Electronics,0.1628028844965092,0.1205409385684093,0.6748856957264571,0.1629566072389292,2023,Routine Monitoring,1308
0000060519,2022,0,0.006832353459762018,Routine Monitoring,0.007603651577031386,LOUISIANA-PACIFIC CORP,Industrial / Manufacturing,0.3243383497664764,0.4868085106382979,0.3897872340425531,-0.1535251482538985,2023,Routine Monitoring,1534
0000060667,2022,0,0.005600129936403633,Routine Monitoring,0.006233196501047297,LOWES COMPANIES INC,Consumer / Retail,0.1046682945424947,0.1965086483023702,1.3261187883225038,0.0084051948051948,2023,Routine Monitoring,1556
0000060714,2022,0,0.005926320837985833,Routine Monitoring,0.006691999191922756,"LSB INDUSTRIES, INC.",Industrial / Manufacturing,0.3419920573221354,0.2400676751730599,,0.6210855405679931,2023,Routine Monitoring,1548
0000061986,2022,0,0.07076328079719864,Routine Monitoring,0.0792381412783281,MANITOWOC CO INC,Technology / Software / Electronics,-0.0457564575645756,0.0476013618074899,,0.1815486571328914,2023,Routine Monitoring,674
0000062996,2022,0,0.015584456927469417,Routine Monitoring,0.01732653530274197,MASCO CORP /DE/,Industrial / Manufacturing,0.1494239631336405,0.1619433198380566,1.0466550992866783,0.0364179104477611,2023,Routine Monitoring,1382
0000063276,2022,0,0.04888600854824394,Routine Monitoring,0.05489555451983114,MATTEL INC /DE/,Industrial / Manufacturing,0.1242969466318851,0.0716844125956409,,-0.0042240919823788,2023,Routine Monitoring,872
0000063296,2022,0,0.07005194891682559,Routine Monitoring,0.07740383308870476,MATTHEWS INTERNATIONAL CORP,Industrial / Manufacturing,-0.0249301663694399,0.0673794104540594,0.7412983310237942,0.0546806460685924,2023,Routine Monitoring,679
0000063754,2022,0,0.03632711498354962,Routine Monitoring,0.040292965810747226,MCCORMICK & CO INC,Industrial / Manufacturing,0.1359892921817179,0.049638473435988,0.6419629863846582,0.0051599423859194,2023,Routine Monitoring,1034
0000063908,2022,0,0.00595428367078373,Routine Monitoring,0.0067235503763042204,MCDONALDS CORP,Consumer / Retail,0.4042255829803387,0.1464580574038972,,-0.0017353560494167,2023,Routine Monitoring,1547
0000064040,2022,0,0.005715474436015499,Routine Monitoring,0.0063614967016301675,S&P GLOBAL INC.,Technology / Software / Electronics,0.4421786960021465,0.0421306487116405,0.3567266606241098,0.3475955164517295,2023,Routine Monitoring,1553
0000064803,2022,0,0.019530403373579436,Routine Monitoring,0.021703846833347494,CVS HEALTH CORP,Consumer / Retail,0.0240210626203611,0.0708662797064943,0.6875917205125397,0.1039194005018639,2023,Routine Monitoring,1314
0000065270,2022,0,0.05159892021626933,Routine Monitoring,0.05713315735910814,METHODE ELECTRONICS INC,Technology / Software / Electronics,0.0959951873496046,0.0711251889712763,0.3421639910733569,0.0694852941176471,2023,Routine Monitoring,842
0000065984,2022,0,0.04830543171947212,Routine Monitoring,0.054247678177864286,ENTERGY CORP /DE/,Energy / Capital-intensive,0.1489930026633514,0.0441246108405039,,0.1721330922116657,2023,Routine Monitoring,878
0000066382,2022,0,0.04181777957741974,Routine Monitoring,0.04635421622346036,"MILLERKNOLL, INC.",Industrial / Manufacturing,0.0100861632032437,-0.0026362428001772,0.6601683650863979,0.6007464200235284,2023,Routine Monitoring,965
0000066570,2022,0,0.04588654944663888,Routine Monitoring,0.050840950754527436,MSA SAFETY INC,Industrial / Manufacturing,0.1565080863089375,0.0662417289867461,0.611379753098054,0.091253137092178,2023,Routine Monitoring,909
0000066740,2022,0,0.01400872809166004,Routine Monitoring,0.015577453914043098,3M CO,Industrial / Manufacturing,0.1910368401063426,0.1203530298137982,0.6820579054999462,-0.0318483948522132,2023,Routine Monitoring,1403
0000066756,2022,0,0.11044101903045174,Routine Monitoring,0.12147798847993554,ALLETE INC,Energy / Capital-intensive,0.0854396129114407,0.0323273343461493,0.5108829028865256,0.1067502818489289,2023,Routine Monitoring,502
0000067347,2022,0,0.05955194222066933,Routine Monitoring,0.06587992695270144,MODINE MANUFACTURING CO,Industrial / Manufacturing,0.0654510640149702,0.0686506162590203,0.6170892138706175,0.120872152577923,2023,Routine Monitoring,755
0000067716,2022,0,0.07178573492868302,Routine Monitoring,0.0803724568273892,MDU RESOURCES GROUP INC,Energy / Capital-intensive,0.0823005725376921,0.052797387706025,,0.2276345323746074,2023,Routine Monitoring,667
0000068505,2022,0,0.010842922185721736,Routine Monitoring,0.012236004598166554,"MOTOROLA SOLUTIONS, INC.",Technology / Software / Electronics,0.1822870939420544,0.142266271265803,,0.1151633826948965,2023,Routine Monitoring,1467
0000069488,2022,0,0.04769933929111414,Routine Monitoring,0.052838629337906,MYERS INDUSTRIES INC,Industrial / Manufacturing,0.0933147462000318,0.133830537710501,0.527440226745836,0.1813838344704406,2023,Routine Monitoring,888
0000069633,2022,0,0.08848129343321699,Routine Monitoring,0.09756440124989164,"NAPCO SECURITY TECHNOLOGIES, INC",Technology / Software / Electronics,0.1269212287507051,0.0560790437217316,0.2341226039198793,0.2592011224624018,2023,Routine Monitoring,578
0000069733,2022,0,0.006264992450602112,Routine Monitoring,0.006755734790176924,"NATHANS FAMOUS, INC.",Consumer / Retail,0.2633711817104408,0.3384576010919638,1.7603139396007508,0.1384289967096672,2023,Routine Monitoring,1540
0000069891,2022,0,0.008192751097457174,Routine Monitoring,0.00911621361168982,NATIONAL BEVERAGE CORP,Industrial / Manufacturing,0.1826481771297867,0.2845914100777248,0.4881659840445999,0.0613713731451861,2023,Routine Monitoring,1510
0000070145,2022,0,0.025648756923326525,Routine Monitoring,0.02888851579798074,NATIONAL FUEL GAS CO,Energy / Capital-intensive,0.3725978318845989,0.1028994478653317,,0.2544313029686245,2023,Routine Monitoring,1202
0000070866,2022,0,0.03669126537932583,Routine Monitoring,0.04069519189964008,NCR CORP,Technology / Software / Electronics,0.0623406425293217,0.0388459198748587,0.8475710437125228,0.0961430967020682,2023,Routine Monitoring,1031
0000071691,2022,0,0.05559461078343442,Routine Monitoring,0.062374760128707706,NEW YORK TIMES CO,Industrial / Manufacturing,0.0874951967252388,0.059471882015288,,0.1125098017858408,2023,Routine Monitoring,794
0000071829,2022,0,0.14975536000720785,Routine Monitoring,0.16399690314431353,NEWPARK RESOURCES INC,Technology / Software / Electronics,-0.0110765895776575,-0.035000524567232,0.4082489945794719,0.3266415195004399,2023,Routine Monitoring,382
0000072162,2022,0,0.08720355441949691,Routine Monitoring,0.09744089414881424,NL INDUSTRIES INC,Industrial / Manufacturing,0.0824377709201378,0.0441588083959289,,0.1828427369243332,2023,Routine Monitoring,582
0000072331,2022,0,0.013139697269840728,Routine Monitoring,0.01482344376420514,NORDSON CORP,Technology / Software / Electronics,0.2711523627965801,0.1343143016065177,,0.0965490352462461,2023,Routine Monitoring,1421
0000072573,2022,0,0.15380552881411044,Routine Monitoring,0.1683559715678788,MOVADO GROUP INC,Industrial / Manufacturing,0.1600669239710705,0.0689864860575977,0.3518588811801372,0.0266318766017699,2023,Routine Monitoring,366
0000072741,2022,0,0.03504787196207244,Routine Monitoring,0.039426815934035464,EVERSOURCE ENERGY,Energy / Capital-intensive,0.1788667833640483,0.0451108848432019,,0.2459931147303302,2023,Routine Monitoring,1050
0000073756,2022,0,0.19669842636914697,Routine Monitoring,0.21673785342046442,OCEANEERING INTERNATIONAL INC,Energy / Capital-intensive,0.0536585153362593,0.0594989474243767,,0.105286274090222,2023,Routine Monitoring,291
0000074046,2022,0,0.12133146485849493,Routine Monitoring,0.13329369584938658,OIL-DRI CORP OF AMERICA,Industrial / Manufacturing,0.0138300405348418,0.0394133271370252,0.3976667694933316,0.1429859565022082,2023,Routine Monitoring,470
0000074303,2022,0,0.011901929847085192,Routine Monitoring,0.013237899628230762,OLIN CORP,Industrial / Manufacturing,0.1897357138286299,0.2389174809179284,0.683797021456453,0.0522523735775368,2023,Routine Monitoring,1443
0000075252,2022,0,0.05006627386937293,Routine Monitoring,0.05544573744017491,OWENS & MINOR INC/VA/,Consumer / Retail,0.01435521660192,0.0603395699780349,0.8244421988224533,0.0173893226738228,2023,Routine Monitoring,860
0000075288,2022,0,0.05051572957841899,Routine Monitoring,0.056713670704255814,OXFORD INDUSTRIES INC,Industrial / Manufacturing,0.1549909034748159,0.1056731711626067,,0.2359285128261705,2023,Routine Monitoring,856
0000075677,2022,0,0.011258359535230864,Routine Monitoring,0.012704131203472269,PACKAGING CORP OF AMERICA,Industrial / Manufacturing,0.1675748997405048,0.1867862765186536,,0.0967232837017968,2023,Routine Monitoring,1460
0000076282,2022,0,0.1487264489334268,Routine Monitoring,0.16488169174772663,PARK OHIO HOLDINGS CORP,Industrial / Manufacturing,0.0223725634670775,-0.0185159404148684,,0.0381780250347705,2023,Routine Monitoring,385
0000076605,2022,0,0.029672604612721212,Routine Monitoring,0.03293680874999794,PATRICK INDUSTRIES INC,Industrial / Manufacturing,0.1016351924016033,0.1479756662333587,0.6567191535868657,0.1970970738276625,2023,Routine Monitoring,1132
0000077360,2022,0,0.03284917730275826,Routine Monitoring,0.03644970101728197,PENTAIR PLC,Technology / Software / Electronics,0.1444271920034936,0.0563474214811942,0.57997673516867,0.094825754356141,2023,Routine Monitoring,1084
0000077476,2022,0,0.011261521020571453,Routine Monitoring,0.012526517397817996,PEPSICO INC,Industrial / Manufacturing,0.1332530789887952,0.1172725004610194,0.8126308481673121,0.08704733623575,2023,Routine Monitoring,1459
0000077543,2022,0,0.09093330804847724,Routine Monitoring,0.10024044799764413,TUTOR PERINI CORP,Industrial / Manufacturing,-0.054016680054501,0.0455602271726688,0.682578145637052,-0.1833490239840752,2023,Routine Monitoring,566
0000078128,2022,0,0.04592168511208031,Routine Monitoring,0.051586592024570416,"ESSENTIAL UTILITIES, INC.",Energy / Capital-intensive,0.288976290541391,0.0381895740006095,,0.2182409868465888,2023,Routine Monitoring,908
0000078239,2022,0,0.10416943188424782,Routine Monitoring,0.11614506719487233,PVH CORP. /DE/,Industrial / Manufacturing,0.0521597482325303,0.0033309823848814,,-0.0142549728554731,2023,Routine Monitoring,521
0000078749,2022,0,0.05795561283128044,Routine Monitoring,0.06500388369970121,AGILYSYS INC,Technology / Software / Electronics,0.0650039128568904,0.1418020375582218,,0.2178422981381735,2023,Routine Monitoring,773
0000080035,2022,0,0.0667663916959576,Routine Monitoring,0.07480110322117475,PREFORMED LINE PRODUCTS CO,Industrial / Manufacturing,0.1088833806106863,0.0460052174310748,,0.2311559148617072,2023,Routine Monitoring,703
0000080172,2022,0,0.18912647481322678,Routine Monitoring,0.20620411884124532,NATIONAL PRESTO INDUSTRIES INC,Industrial / Manufacturing,0.0687979404458014,0.0212894594351785,0.1548997564629583,-0.0959983360363373,2023,Routine Monitoring,304
0000080420,2022,0,0.12899060091390765,Routine Monitoring,0.1415862776310006,POWELL INDUSTRIES INC,Technology / Software / Electronics,0.0135641084377616,-0.0072601240423203,0.3976123880173497,0.1318070635138208,2023,Routine Monitoring,443
0000080424,2022,0,0.007801558194389205,Routine Monitoring,0.008681312565859762,PROCTER & GAMBLE CO,Industrial / Manufacturing,0.2221432401760883,0.1426779741997133,0.6002491297522353,0.053456475472293,2023,Routine Monitoring,1516
0000081061,2022,0,0.008794585453365651,Routine Monitoring,0.00978521566184481,PUBLIX SUPER MARKETS INC,Consumer / Retail,0.0866186159950493,0.177279608335749,0.2961638805681708,0.1353082114242192,2023,Routine Monitoring,1499
0000081362,2022,0,0.10073763895654947,Routine Monitoring,0.11092581767885067,QUAKER CHEMICAL CORP,Industrial / Manufacturing,0.0269110947038591,0.0148120478221391,0.5468616986967071,0.1035835512770575,2023,Routine Monitoring,536
0000082020,2022,0,0.07281919386156109,Routine Monitoring,0.0804363776968696,UNITED STATES LIME & MINERALS INC,Energy / Capital-intensive,0.2319839085327122,0.1750078853202527,0.1269373416138259,0.2477873768196348,2023,Routine Monitoring,659
0000082811,2022,0,0.02706134748014961,Routine Monitoring,0.03047395367801461,REGAL REXNORD CORP,Technology / Software / Electronics,0.1323137660744744,0.0424777726923039,,0.3694197307298639,2023,Routine Monitoring,1174
0000084748,2022,0,0.054445658926202144,Routine Monitoring,0.061094750311937264,ROGERS CORP,Industrial / Manufacturing,0.1487194325201226,0.078641658982368,,0.0410393124133066,2023,Routine Monitoring,810
0000084839,2022,0,0.008436169168586867,Routine Monitoring,0.009386809366414143,ROLLINS INC,Technology / Software / Electronics,0.1830194341394075,0.2195682620587475,0.4028368145943409,0.1120005774862846,2023,Routine Monitoring,1505
0000088121,2022,1,0.03335746265418014,Routine Monitoring,0.03701156634789833,SEABOARD CORP /DE/,Consumer / Retail,0.0584363604020279,0.0855479625411288,0.3654770944064793,0.2182251598222992,2023,Routine Monitoring,1074
0000088205,2022,0,0.109002805562843,Routine Monitoring,0.12145876266857865,"SPX TECHNOLOGIES, INC.",Technology / Software / Electronics,0.0349099869943185,-0.0708477911854575,,0.1979499794997949,2023,Routine Monitoring,506
0000088941,2022,1,0.05144645254158886,Routine Monitoring,0.05775164140258483,SEMTECH CORP,Technology / Software / Electronics,0.1226635189740566,0.049311028678081,,0.0211579007043185,2023,Routine Monitoring,845
0000088948,2022,0,0.36389290426574333,Medium Review Priority,0.38917746572931255,SENECA FOODS CORP,Industrial / Manufacturing,0.0350720044098394,-0.1711049179115158,0.5308485130156362,0.0895645645645646,2023,High Review Priority,173
0000089439,2022,0,0.008523691135125827,Routine Monitoring,0.009484099521483394,MUELLER INDUSTRIES INC,Industrial / Manufacturing,0.2202533361958892,0.3228430801119694,0.1910610020785774,0.0565376743174212,2023,Routine Monitoring,1503
0000090896,2022,0,0.015839117058640342,Routine Monitoring,0.01786251141095602,SKYLINE CHAMPION CORP,Industrial / Manufacturing,0.198838699281812,0.2663458166637231,,0.1809196055325479,2023,Routine Monitoring,1377
0000091419,2022,0,0.027766296859226963,Routine Monitoring,0.03082745561329159,J M SMUCKER CO,Industrial / Manufacturing,0.12799259898236,0.0707754593584553,0.4929866085331672,-0.0004748397415872,2023,Routine Monitoring,1163
0000091440,2022,0,0.02611972143862651,Routine Monitoring,0.02900476534855234,SNAP-ON INC,Industrial / Manufacturing,0.2492927207021166,0.0968334098210188,0.354133203304268,0.0523284872981724,2023,Routine Monitoring,1189
0000091767,2022,0,0.025658831046296286,Routine Monitoring,0.028899824665985258,SONOCO PRODUCTS CO,Industrial / Manufacturing,0.0931509766428818,0.0721754332235918,,0.2969559809088304,2023,Routine Monitoring,1201
0000092122,2022,0,0.03149798001856029,Routine Monitoring,0.03495575490968005,SOUTHERN CO,Energy / Capital-intensive,0.1834079032753851,0.0467192029119807,0.7440007116857315,0.2667762730930645,2023,Routine Monitoring,1106
0000093389,2022,0,0.1374481809361432,Routine Monitoring,0.15072680878847594,"STANDARD MOTOR PRODUCTS, INC.",Industrial / Manufacturing,0.0759103815018789,-0.021939886639005,0.5051210068458056,0.0562042660392234,2023,Routine Monitoring,419
0000093676,2022,0,0.12762014248724407,Routine Monitoring,0.14010352226559736,STARRETT L S CO,Industrial / Manufacturing,0.0849622193054028,0.0265191376770197,0.4867103641119697,0.1550554533699988,2023,Routine Monitoring,451
0000094049,2022,0,0.05127223749879591,Routine Monitoring,0.05755737045284383,STEPAN CO,Industrial / Manufacturing,0.0747622842348563,0.0660713669235056,,0.1821441572469506,2023,Routine Monitoring,849
0000094845,2022,0,0.06552802200560946,Routine Monitoring,0.07244210949829136,LEVI STRAUSS & CO,Industrial / Manufacturing,0.1048049800603054,0.0377786611017257,0.6847030375302262,0.0702061924351693,2023,Routine Monitoring,714
0000095029,2022,0,0.0506779134454024,Routine Monitoring,0.0568945610725699,STURM RUGER & CO INC,Industrial / Manufacturing,0.1736299220263089,0.1593170270833376,,-0.1846001839241532,2023,Routine Monitoring,852
0000095552,2022,1,0.04729713236553564,Routine Monitoring,0.05312226730386837,SUPERIOR INDUSTRIES INTERNATIONAL INC,Industrial / Manufacturing,0.0597840602670159,0.1345724192252361,,0.1842585304206536,2023,Routine Monitoring,891
0000095953,2022,1,0.14859935012917144,Routine Monitoring,0.1627520017388933,ASCENT INDUSTRIES CO.,Industrial / Manufacturing,0.0492288969858528,0.0207290284452671,0.5009756804674346,0.2373123403492523,2023,Routine Monitoring,386
0000096021,2022,0,0.014891313719334246,Routine Monitoring,0.016795695687759404,SYSCO CORP,Consumer / Retail,0.0340787636881593,0.0811061896736022,,0.3379928274956902,2023,Routine Monitoring,1391
0000096271,2022,0,0.04797191701537731,Routine Monitoring,0.05387545902089244,TAMPA ELECTRIC CO,Energy / Capital-intensive,0.2439255285579047,0.0370209374773599,,0.1758812615955474,2023,Routine Monitoring,883
0000096943,2022,0,0.04206668034109167,Routine Monitoring,0.04662880403086601,TELEFLEX INC,Industrial / Manufacturing,0.1790460978538115,0.0494807856106389,0.4194671728591382,-0.0065924843116171,2023,Routine Monitoring,958
0000097134,2022,0,0.12445359232523807,Routine Monitoring,0.13667575784671468,TENNANT CO,Technology / Software / Electronics,0.0798388573521333,-0.0231315086167173,0.5649248917150493,0.0012834616795012,2023,Routine Monitoring,462
0000097210,2022,0,0.025220357271606472,Routine Monitoring,0.02800891925413051,"TERADYNE, INC",Industrial / Manufacturing,0.2636853040130965,0.1650618121746164,0.2998807283794483,-0.1479485838189237,2023,Routine Monitoring,1212
0000097216,2022,0,0.03786006250741638,Routine Monitoring,0.04198597470637192,TEREX CORP,Technology / Software / Electronics,0.0950720963397242,0.0837689618678041,0.6211795644783682,0.136590511474735,2023,Routine Monitoring,1013
0000097476,2022,0,0.0011535999594685252,Routine Monitoring,0.0012205121001335165,TEXAS INSTRUMENTS INC,Technology / Software / Electronics,0.5062911923307369,0.320505752196126,0.4642187672290219,0.0918011338857391,2023,Routine Monitoring,1612
0000097745,2022,0,0.013275275568575764,Routine Monitoring,0.014976131682560186,THERMO FISHER SCIENTIFIC INC.,Industrial / Manufacturing,0.1868640765891127,0.0942215451757004,,0.1454693835913392,2023,Routine Monitoring,1419
0000098362,2022,0,0.028546967572696976,Routine Monitoring,0.03214073089313109,TIMKEN CO,Technology / Software / Electronics,0.1349656414704116,0.0803478622410089,,0.088025357497157,2023,Routine Monitoring,1151
0000098677,2022,0,0.04809747019879551,Routine Monitoring,0.05401558644486939,TOOTSIE ROLL INDUSTRIES INC,Industrial / Manufacturing,0.1612224696857213,0.0707228947593148,,0.2035719792002466,2023,Routine Monitoring,881
0000099250,2022,0,0.011075184306577038,Routine Monitoring,0.011651216068560162,"TRANSCONTINENTAL GAS PIPE LINE COMPANY, LLC",Energy / Capital-intensive,0.471096734940111,0.0968094373358074,,16.3369189511323,2023,Routine Monitoring,1464
0000099302,2022,0,0.08141879655928821,Routine Monitoring,0.0898483626782549,TRANSCAT INC,Industrial / Manufacturing,0.0704691437270405,0.086595589249498,0.4910318826660672,0.124951819632219,2023,Routine Monitoring,609
0000099780,2022,0,0.027543691894968858,Routine Monitoring,0.030581080999212838,TRINITY INDUSTRIES INC,Industrial / Manufacturing,0.1689172103373286,-0.0014671664202285,0.85447543069358,0.304287598944591,2023,Routine Monitoring,1170
0000100122,2022,0,0.052616564172428465,Routine Monitoring,0.05905623150102449,TUCSON ELECTRIC POWER CO,Energy / Capital-intensive,0.1751347560564178,0.0761474852465275,,0.1353120019892175,2023,Routine Monitoring,828
0000100378,2022,0,0.16276191562031112,Routine Monitoring,0.17798144424271484,TWIN DISC INC,Technology / Software / Electronics,0.0454319036033477,-0.0300589824354574,0.5255801506565457,0.111318001107141,2023,Routine Monitoring,347
0000100493,2022,0,0.023381175160757096,Routine Monitoring,0.026342253758218467,"TYSON FOODS, INC.",Industrial / Manufacturing,0.0827671633947674,0.0729746611987724,,0.1324789049714128,2023,Routine Monitoring,1250
0000100591,2022,0,0.37216651504407583,Medium Review Priority,0.39766656632941827,ARGAN INC,Industrial / Manufacturing,0.0915721694796061,-0.0614132755313215,0.4261400200618198,-0.1066611696801932,2023,High Review Priority,167
0000100726,2022,1,0.12830935600392968,Routine Monitoring,0.14084926768539127,UNIFI INC,Industrial / Manufacturing,0.035058191277315,0.0006454703270496,0.3860405151532652,0.2219409459669978,2023,Routine Monitoring,448
0000101778,2022,0,0.008309213201445837,Routine Monitoring,0.008844973325805536,MARATHON OIL CORP,Energy / Capital-intensive,0.4916625186660029,0.2722166499498495,0.4284353059177532,0.4699103713188219,2023,Routine Monitoring,1508
0000101829,2022,0,0.03286221039436778,Routine Monitoring,0.036464108777245395,RAYTHEON TECHNOLOGIES CORP,Industrial / Manufacturing,0.0807168202284044,0.0451203545170712,0.5328457045019639,0.0417158476734795,2023,Routine Monitoring,1082
0000101984,2022,1,0.12806799508711775,Routine Monitoring,0.14058812254567596,UNIVERSAL ELECTRONICS INC,Technology / Software / Electronics,0.0268041882926056,0.0216715625700418,0.4676205909596698,-0.0978238104261621,2023,Routine Monitoring,449
0000102729,2022,0,0.0322283772149475,Routine Monitoring,0.03626828883330841,VALMONT INDUSTRIES INC,Industrial / Manufacturing,0.0997063460100109,0.0917248712115504,,0.2409415762906692,2023,Routine Monitoring,1095
0000103145,2022,0,0.04665026410959473,Routine Monitoring,0.05168265755034097,VEECO INSTRUMENTS INC,Technology / Software / Electronics,0.0933176710202325,0.0961572723574101,0.4878277726219948,0.1077704075422141,2023,Routine Monitoring,897
0000103379,2022,0,0.13670128870541864,Routine Monitoring,0.14992030204823642,V F CORP,Industrial / Manufacturing,0.0282190489107619,-0.0468743477711427,0.7919505738470309,-0.0193690338663585,2023,Routine Monitoring,423
0000103595,2022,0,0.06750652784175742,Routine Monitoring,0.07562309031710067,VILLAGE SUPER MARKET INC,Consumer / Retail,0.0188968523359552,0.086132481221226,,0.0151472913270256,2023,Routine Monitoring,698
0000103730,2022,0,0.02549469933114318,Routine Monitoring,0.028312713697735505,VISHAY INTERTECHNOLOGY INC,Technology / Software / Electronics,0.1759838234163025,0.1252797392833759,0.4696497590445909,0.0792825275953892,2023,Routine Monitoring,1206
0000104169,2022,0,0.0101410133213928,Routine Monitoring,0.011444958956023503,WALMART INC.,Consumer / Retail,0.0334179087142088,0.1185911010415424,,0.0672801935909657,2023,Routine Monitoring,1483
0000104918,2022,0,0.08529812536003199,Routine Monitoring,0.09408819254853043,AVISTA CORP,Energy / Capital-intensive,0.1112391657851944,0.0167454683950467,0.6852423035181028,0.1885219356524543,2023,Routine Monitoring,591
0000105016,2022,0,0.017037561668855266,Routine Monitoring,0.019211064823845745,WATSCO INC,Consumer / Retail,0.1143165624281722,0.1639704444738769,,0.1582996188651557,2023,Routine Monitoring,1358
0000105132,2022,0,0.11868106151108013,Routine Monitoring,0.13042077146885336,WD 40 CO,Industrial / Manufacturing,0.1683242743147912,0.0059959244292474,0.5656777075490163,0.0629183235711696,2023,Routine Monitoring,475
0000105418,2022,0,0.0349025908989836,Routine Monitoring,0.03871917410146339,WEIS MARKETS INC,Consumer / Retail,0.033444187887289,0.1112849960442028,0.3355108082586836,0.1116191891094084,2023,Routine Monitoring,1054
0000105634,2022,0,0.03533473836934587,Routine Monitoring,0.03919665748102282,"EMCOR GROUP, INC.",Industrial / Manufacturing,0.0509995377442642,0.0901300309687186,0.6426368427654673,0.1183955700867767,2023,Routine Monitoring,1046
0000105770,2022,0,0.016907226493136543,Routine Monitoring,0.018794345118457064,WEST PHARMACEUTICAL SERVICES INC,Industrial / Manufacturing,0.2542519657764384,0.2001769520017695,0.257658703826587,0.0195295945755049,2023,Routine Monitoring,1364
0000106040,2022,1,0.020287476101768523,Routine Monitoring,0.022543233376512917,WESTERN DIGITAL CORP,Technology / Software / Electronics,0.1272282232746235,0.0715945009330134,0.5345976617540653,0.1105661269353504,2023,Routine Monitoring,1299
0000106532,2022,0,0.2666140162728404,Medium Review Priority,0.2882017320712488,WEYCO GROUP INC,Consumer / Retail,0.1147590387135843,-0.091555936562366,0.3144785989835282,0.3142119480946492,2023,Medium Review Priority,237
0000106640,2022,0,0.05023859999149072,Routine Monitoring,0.05640455907746796,WHIRLPOOL CORP /DE/,Technology / Software / Electronics,-0.0535388359359156,0.0811726232188741,,-0.1028428473959517,2023,Routine Monitoring,859
0000107140,2022,0,0.03204971654697837,Routine Monitoring,0.035565835566719654,"JOHN WILEY & SONS, INC.",Industrial / Manufacturing,0.1052729619074687,0.1008717328609525,0.6602103998131895,0.0728441551150373,2023,Routine Monitoring,1101
0000107263,2022,0,0.031026943982021424,Routine Monitoring,0.034921687240849104,"WILLIAMS COMPANIES, INC.",Energy / Capital-intensive,0.2752393980848153,0.1009435715318068,,0.0318057777359555,2023,Routine Monitoring,1112
0000107687,2022,0,0.020780647528205312,Routine Monitoring,0.023089947989955933,WINNEBAGO INDUSTRIES INC,Industrial / Manufacturing,0.1176945900644044,0.1657752837907903,0.4773743232903966,0.3658234079838627,2023,Routine Monitoring,1296
0000107815,2022,0,0.052306390827184114,Routine Monitoring,0.05871044900532,WISCONSIN ELECTRIC POWER CO,Energy / Capital-intensive,0.230941208264747,0.0424095551324216,,0.1107381634602264,2023,Routine Monitoring,830
0000107833,2022,0,0.0682441729077019,Routine Monitoring,0.07644215476595877,WISCONSIN PUBLIC SERVICE CORP,Energy / Capital-intensive,0.1878781088953618,0.0429585022656808,,0.1737786836741404,2023,Routine Monitoring,691
0000108516,2022,0,0.03016888469674331,Routine Monitoring,0.03348579923993089,WORTHINGTON INDUSTRIES INC,Industrial / Manufacturing,0.0628108058820129,0.0192455551337446,0.5569717786574502,0.6529517135650837,2023,Routine Monitoring,1122
0000109177,2022,1,0.05919712427166458,Routine Monitoring,0.06549003159691016,"SPECTRUM BRANDS HOLDINGS, INC.",Technology / Software / Electronics,0.0074062250598563,-0.0093150495186647,0.7802652538264423,0.0448283913144991,2023,Routine Monitoring,759
0000109563,2022,0,0.03704751842719404,Routine Monitoring,0.04108866277939057,APPLIED INDUSTRIAL TECHNOLOGIES INC,Consumer / Retail,0.0939093221255231,0.0764783975131575,0.5313705359399948,0.1776178575545308,2023,Routine Monitoring,1024
0000110471,2022,1,0.273334652525588,Medium Review Priority,0.29828256642186396,WOLVERINE WORLD WIDE INC /DE/,Industrial / Manufacturing,-0.077622169249106,-0.0717695671360372,,0.1117644622965754,2023,Medium Review Priority,231
0000202058,2022,0,0.030442309061367533,Routine Monitoring,0.032816583750820624,"L3HARRIS TECHNOLOGIES, INC. /DE/",Industrial / Manufacturing,,0.0643717933420832,,-0.0422139889974177,2023,Routine Monitoring,1117
0000205402,2022,0,0.02878148701097778,Routine Monitoring,0.0319508895855881,GRAYBAR ELECTRIC CO INC,Consumer / Retail,0.0620633353584447,0.0941292576885119,0.593075671494492,0.2015557811412864,2023,Routine Monitoring,1146
0000275053,2022,0,0.2421470321672778,Routine Monitoring,0.262462646473339,NATURES SUNSHINE PRODUCTS INC,Industrial / Manufacturing,0.0385342845630584,0.0030899389845851,0.3600475241319882,-0.0499319948478216,2023,Medium Review Priority,251
0000275880,2022,0,0.03588052174113009,Routine Monitoring,0.03979963131340702,PARSONS CORP,Technology / Software / Electronics,0.0442560100989876,0.0565788389244575,0.5007469971239658,0.1460077672162503,2023,Routine Monitoring,1040
0000277135,2022,0,0.010454617612863407,Routine Monitoring,0.01179840629542332,"W.W. GRAINGER, INC.",Consumer / Retail,0.1454557394273706,0.1756721138639957,,0.1694056212563355,2023,Routine Monitoring,1478
0000277509,2022,0,0.054513757212861114,Routine Monitoring,0.06034073421700113,FEDERAL SIGNAL CORP /DE/,Industrial / Manufacturing,0.1120713688318929,0.0471035885324411,0.4352161647969559,0.1826574348829541,2023,Routine Monitoring,809
0000278166,2022,0,0.01931453773374672,Routine Monitoring,0.02177208368608151,CAVCO INDUSTRIES INC.,Industrial / Manufacturing,0.1384268448457632,0.1954876813394751,,0.3168438467561232,2023,Routine Monitoring,1318
0000310142,2022,0,0.07854867333641358,Routine Monitoring,0.08786777246271664,SENSIENT TECHNOLOGIES CORP,Industrial / Manufacturing,0.1369141686481716,0.0060909945125539,,0.0411334353428038,2023,Routine Monitoring,626
0000310354,2022,0,0.04143805088106174,Routine Monitoring,0.04657685762143422,STANDEX INTERNATIONAL CORP/DE/,Technology / Software / Electronics,0.1200725107739423,0.083168617748189,,0.1205473064404052,2023,Routine Monitoring,970
0000310764,2022,0,0.02276236083201345,Routine Monitoring,0.025286197277871757,STRYKER CORP,Industrial / Manufacturing,0.1539920862919399,0.0711419585728229,0.5495065611105087,0.0783843815758709,2023,Routine Monitoring,1254
0000313143,2022,0,0.0244603803199213,Routine Monitoring,0.02755427732585416,HAEMONETICS CORP,Industrial / Manufacturing,0.1335144524498143,0.1411280089930613,,0.17666603570695,2023,Routine Monitoring,1230
0000313616,2022,0,0.012726754418357935,Routine Monitoring,0.014358355501399208,DANAHER CORP /DE/,Industrial / Manufacturing,0.2760636776715071,0.1009958506224066,,0.068515940651207,2023,Routine Monitoring,1427
0000313927,2022,0,0.025504978274021796,Routine Monitoring,0.028324095783762993,CHURCH & DWIGHT CO INC /DE/,Industrial / Manufacturing,0.1112061909368256,0.1060678680981595,0.5818275498466258,0.0357411225217241,2023,Routine Monitoring,1205
0000314203,2022,1,0.9737751492256397,High Review Priority,0.9753001451636698,MCEWEN MINING INC.,Energy / Capital-intensive,-0.8643324850340074,-0.1108509435068533,0.3261562380016606,-0.191327147157264,2023,High Review Priority,4
0000314808,2022,0,0.15073985132931675,Routine Monitoring,0.16071715838203107,VALARIS LTD,Energy / Capital-intensive,0.0232137285491419,0.0445757438030975,,0.9191616766467066,2023,Routine Monitoring,376
0000315374,2022,0,0.2616329843002212,Medium Review Priority,0.28593311797569015,HURCO COMPANIES INC,Industrial / Manufacturing,0.0508225218687952,-0.0129507538279175,,0.0664087246752693,2023,Medium Review Priority,240
0000317540,2022,0,0.019277361682789554,Routine Monitoring,0.021423260656475072,"COCA-COLA CONSOLIDATED, INC.",Industrial / Manufacturing,0.1033787204136393,0.149480866251791,0.6993194583163164,0.114735900497491,2023,Routine Monitoring,1319
0000318154,2022,0,0.006035218673425396,Routine Monitoring,0.006814870131640996,AMGEN INC,Industrial / Manufacturing,0.363408426091251,0.1492759632069532,,0.0132414642595943,2023,Routine Monitoring,1545
0000320121,2022,1,0.3807052829070833,High Review Priority,0.4064116701397835,TELOS CORP,Technology / Software / Electronics,-0.2482859738020259,0.0695375257480086,0.2739840857298112,-0.1053734433843577,2023,High Review Priority,160
0000320193,2022,0,0.0009609811024950684,Routine Monitoring,0.0010701795875775494,APPLE INC,Technology / Software / Electronics,0.3028874439552859,0.3462771612025343,0.8563535598361469,0.0779378760418461,2023,Routine Monitoring,1615
0000350698,2022,0,0.015661783501167224,Routine Monitoring,0.01766293065495162,"AUTONATION, INC.",Consumer / Retail,0.0750231610153789,0.1658200542759724,,0.0441495124593716,2023,Routine Monitoring,1381
0000350868,2022,0,0.3009995828657937,Medium Review Priority,0.32414093984010256,"ITERIS, INC.",Technology / Software / Electronics,-0.0930138671724809,-0.0432581354992217,0.4373043276025547,0.1682987452460096,2023,Medium Review Priority,208
0000351817,2022,0,0.035656106090171315,Routine Monitoring,0.038179313623921955,"SILVERBOW RESOURCES, INC.",Energy / Capital-intensive,0.6182142762337076,0.1929901734016483,,0.8502455795677799,2023,Routine Monitoring,1042
0000351834,2022,0,0.05432513335677788,Routine Monitoring,0.060133230662065294,SUNOPTA INC.,Consumer / Retail,0.0030770481735643,0.0707774241340792,0.5942417614260409,0.150177695957786,2023,Routine Monitoring,813
0000352541,2022,0,0.05632877187024566,Routine Monitoring,0.06319246618955573,ALLIANT ENERGY CORP,Energy / Capital-intensive,0.2206896551724138,0.0241035560184496,,0.1460888525483783,2023,Routine Monitoring,784
0000352825,2022,0,0.2119783463969602,Routine Monitoring,0.23312271165589715,FOSTER L B CO,Consumer / Retail,-0.0144845094543283,-0.0289507541540061,,-0.031390911568864,2023,Routine Monitoring,272
0000354707,2022,0,0.05877120510801235,Routine Monitoring,0.06502196464923457,HAWAIIAN ELECTRIC INDUSTRIES INC,Energy / Capital-intensive,0.1018371265518167,0.0279089406913824,0.8626407219149995,0.3128026132665165,2023,Routine Monitoring,763
0000354950,2022,0,0.004767770572087671,Routine Monitoring,0.0053072452833498865,"HOME DEPOT, INC.",Consumer / Retail,0.1527226291747933,0.1911832036104389,0.9795670089606908,0.0413212752303895,2023,Routine Monitoring,1574
0000355811,2022,0,0.02113494116140436,Routine Monitoring,0.02348266919841707,GENTEX CORP,Industrial / Manufacturing,0.1928161625782873,0.1453232125937548,0.1123383213252288,0.1084746857337539,2023,Routine Monitoring,1291
0000355948,2022,0,0.15042412135998723,Routine Monitoring,0.16471694200917789,"RICHARDSON ELECTRONICS, LTD.",Consumer / Retail,0.071039978630576,0.0106273530605775,0.2445347821976543,0.2694914008941036,2023,Routine Monitoring,379
0000700841,2022,0,0.006022992726577517,Routine Monitoring,0.0067035395552776855,"RCM TECHNOLOGIES, INC.",Technology / Software / Electronics,0.1011591962905718,0.3215292619708062,0.6366468100586603,0.3963458001226241,2023,Routine Monitoring,1546
0000700923,2022,0,0.03106293637939223,Routine Monitoring,0.03447465318236442,MYR GROUP INC.,Industrial / Manufacturing,0.0381935834699997,0.1197290933032516,0.5995304741439088,0.2042409825284423,2023,Routine Monitoring,1110
0000701719,2022,0,0.07183284766881608,Routine Monitoring,0.07432147825252987,ENVELA CORP,Consumer / Retail,0.0763306446267043,0.1405762815432349,0.3922819003757568,,2023,Routine Monitoring,664
0000701985,2022,0,0.008571478773691276,Routine Monitoring,0.009675584130332262,"BATH & BODY WORKS, INC.",Consumer / Retail,0.182010582010582,0.2082271568984346,,-0.0408525754884546,2023,Routine Monitoring,1501
0000703351,2022,0,0.03222743373765981,Routine Monitoring,0.036267231520735785,"BRINKER INTERNATIONAL, INC",Consumer / Retail,0.0419284456244578,0.1015134438898728,,0.1397027982503444,2023,Routine Monitoring,1096
0000703604,2022,0,0.030467333459328123,Routine Monitoring,0.03137168570640639,"DISTRIBUTION SOLUTIONS GROUP, INC.",Consumer / Retail,0.0362907778381861,-0.0090728111812176,0.5368621515124095,1.7563587267465102,2023,Routine Monitoring,1115
0000704532,2022,0,0.051351255855441494,Routine Monitoring,0.05686052235492806,ONTO INNOVATION INC.,Industrial / Manufacturing,0.2354934375133682,0.0761634732010186,0.1105582988785216,0.2741593030286513,2023,Routine Monitoring,847
0000704562,2022,0,0.09283325641463905,Routine Monitoring,0.09597421035925222,"AVID BIOSERVICES, INC.",Industrial / Manufacturing,0.1289497228191342,0.022019667646094,0.5939773359110186,,2023,Routine Monitoring,558
0000707549,2022,0,0.00753185976537501,Routine Monitoring,0.008381458099483853,LAM RESEARCH CORP,Technology / Software / Electronics,0.3124055155386831,0.1802593821500716,0.6348859989560139,0.1778245813149734,2023,Routine Monitoring,1521
0000708821,2022,1,0.23773507104556196,Routine Monitoring,0.25780645033126104,PAR TECHNOLOGY CORP,Technology / Software / Electronics,-0.1631051588695737,-0.0503826366484258,0.5611037154708736,0.2577772592938248,2023,Routine Monitoring,254
0000709283,2022,1,0.16802758117086694,Routine Monitoring,0.18363149717759109,QUANTUM CORP /DE/,Technology / Software / Electronics,-0.0630087800907082,-0.0229058724965716,1.4066705045938117,0.1070872013024808,2023,Routine Monitoring,335
0000711377,2022,0,0.06844409976476608,Routine Monitoring,0.07564096703445874,NEOGEN CORP,Industrial / Manufacturing,0.111196052803803,0.0685225227584248,0.1063066946377837,0.1253044556727482,2023,Routine Monitoring,689
0000711404,2022,0,0.028655435853540315,Routine Monitoring,0.03181141238921392,"COOPER COMPANIES, INC.",Industrial / Manufacturing,0.1534276387377584,0.0602490363112692,0.3756950305856965,0.1320444824636442,2023,Routine Monitoring,1149
0000712034,2022,0,0.09908290607789474,Routine Monitoring,0.10912404009463193,ACCO BRANDS CORP,Industrial / Manufacturing,0.017868145409735,0.0277668443840125,0.7101298887179304,-0.0383646867130795,2023,Routine Monitoring,543
0000712515,2022,0,0.018751885719468092,Routine Monitoring,0.020840533277982253,ELECTRONIC ARTS INC.,Technology / Software / Electronics,0.1793697818475626,0.1151645738910766,0.4581321049112118,0.0622228579602346,2023,Routine Monitoring,1326
0000713425,2022,0,0.04945357842212135,Routine Monitoring,0.054771005529159957,AMERICAN SOFTWARE INC,Technology / Software / Electronics,0.1031414392448629,0.1504913527108668,0.3104156403142583,0.1449177796926612,2023,Routine Monitoring,867
0000715787,2022,0,0.08934154037911392,Routine Monitoring,0.09850341428350605,INTERFACE INC,Industrial / Manufacturing,0.0580914525482715,0.033999919463278,0.7145391680872449,0.0812405552158535,2023,Routine Monitoring,576
0000715957,2022,0,0.039629199554157044,Routine Monitoring,0.04393910402101063,"DOMINION ENERGY, INC",Energy / Capital-intensive,0.0929311750320251,0.0354939900041249,0.7325383958635112,0.2298768261243196,2023,Routine Monitoring,992
0000716314,2022,0,0.08540387586166814,Routine Monitoring,0.09032064922714594,GRAHAM CORP,Technology / Software / Electronics,0.0079558039180743,0.068233309467531,0.5246471620945674,0.2793166902796098,2023,Routine Monitoring,590
0000717423,2022,0,0.010475261550672044,Routine Monitoring,0.011652979030445928,MURPHY OIL CORP,Energy / Capital-intensive,0.4034697108472582,0.2114903629389292,0.5005415681438812,0.7103877255542059,2023,Routine Monitoring,1477
0000717605,2022,0,0.03632787300277533,Routine Monitoring,0.040293803123197476,HEXCEL CORP /DE/,Industrial / Manufacturing,0.1110477277048868,0.0610087054594156,0.4522257075388574,0.1909866384841851,2023,Routine Monitoring,1033
0000718937,2022,0,0.0828572782339767,Routine Monitoring,0.0914209530607432,STAAR SURGICAL CO,Industrial / Manufacturing,0.1540203452289277,0.0860813983195869,0.199340560812537,0.233950328022493,2023,Routine Monitoring,598
0000719413,2022,0,0.21277519540752507,Routine Monitoring,0.23137892733908763,HECLA MINING CO/DE/,Energy / Capital-intensive,0.0173013124126275,0.0307088206637669,0.3239321092166773,-0.1096854012456144,2023,Routine Monitoring,271
0000719733,2022,0,0.1474732525222526,Routine Monitoring,0.16153900309380315,KEY TRONIC CORP,Technology / Software / Electronics,0.0165377057811457,-0.0120587924496772,0.6931163881127388,0.0252883180579064,2023,Routine Monitoring,390
0000719955,2022,0,0.008785280576887477,Routine Monitoring,0.009774873011548942,WILLIAMS SONOMA INC,Consumer / Retail,0.1727403697562614,0.2257813398023939,0.6352036964917127,0.0519626880441468,2023,Routine Monitoring,1500
0000720500,2022,1,0.12773678933313687,Routine Monitoring,0.13188699312365637,AMTECH SYSTEMS INC,Technology / Software / Electronics,0.1626182994976387,0.0389713481210777,0.2633486602662992,,2023,Routine Monitoring,450
0000721371,2022,0,0.019831708702497824,Routine Monitoring,0.022353558608481053,CARDINAL HEALTH INC,Consumer / Retail,-0.0032862089499569,0.0711518300742969,,0.1163128512251718,2023,Routine Monitoring,1309
0000722313,2022,0,0.08075655902847277,Routine Monitoring,0.08912421374395339,NORTECH SYSTEMS INC,Technology / Software / Electronics,0.0289883166943775,0.0776819096922634,0.5962036238136325,0.1645856487913308,2023,Routine Monitoring,616
0000723125,2022,1,0.003128742727645719,Routine Monitoring,0.003483410048502924,MICRON TECHNOLOGY INC,Technology / Software / Electronics,0.3154301319981793,0.2290330854065144,0.2470618408943469,0.110196715394333,2023,Routine Monitoring,1593
0000723254,2022,0,0.008250317803963353,Routine Monitoring,0.009313442543495634,CINTAS CORP,Industrial / Manufacturing,0.2020979420734133,0.1887291868575137,,0.1037217165003359,2023,Routine Monitoring,1509
0000723603,2022,1,0.451739585107702,High Review Priority,0.47853615110674297,CULP INC,Industrial / Manufacturing,0.0022995600989014,-0.0982242922230419,0.3269937993838806,-0.0162851995195515,2023,High Review Priority,137
0000724004,2022,0,0.10800411917735062,Routine Monitoring,0.1188300878722311,MESA LABORATORIES INC /CO/,Industrial / Manufacturing,0.0151542815409895,0.0422811227018337,0.4054684572519914,0.1884883500149186,2023,Routine Monitoring,508
0000728391,2022,0,0.055651836051982644,Routine Monitoring,0.06159253764194192,"IPALCO ENTERPRISES, INC.",Energy / Capital-intensive,0.1301270126711283,0.061966852584281,0.8048888448357855,0.2563430313603509,2023,Routine Monitoring,793
0000729580,2022,0,0.05502010699467416,Routine Monitoring,0.06089772169060452,BEL FUSE INC /NJ,Technology / Software / Electronics,0.0995776733977038,0.071827729068311,0.5319145139937124,0.203753859288235,2023,Routine Monitoring,802
0000730272,2022,0,0.0591465427939961,Routine Monitoring,0.06543444707340601,REPLIGEN CORP,Industrial / Manufacturing,0.2802993252954328,0.0681609152606016,0.2431846214417952,0.1953696605988659,2023,Routine Monitoring,760
0000731802,2022,0,0.03860485959069551,Routine Monitoring,0.043408227969252214,ATMOS ENERGY CORP,Energy / Capital-intensive,0.2191946901012028,0.0440492265372636,,0.2330665680603612,2023,Routine Monitoring,1004
0000732834,2022,0,0.0048017618518115405,Routine Monitoring,0.005153226589303244,"CONTINENTAL RESOURCES, INC",Energy / Capital-intensive,0.5651092476145559,0.3371765489131085,,0.6564401559766391,2023,Routine Monitoring,1572
0000733269,2022,0,0.19755862888715908,Routine Monitoring,0.21766194653781598,"LIVERAMP HOLDINGS, INC.",Technology / Software / Electronics,-0.2108675574060943,0.0293689024416241,,0.1284878475079305,2023,Routine Monitoring,288
0000737758,2022,0,0.028486928852654265,Routine Monitoring,0.03207338347109838,TORO CO,Technology / Software / Electronics,0.1275096563153565,0.0835692258544577,,0.140185938724876,2023,Routine Monitoring,1153
0000738214,2022,1,0.44314991184264935,High Review Priority,0.47349777747346794,"AEMETIS, INC",Industrial / Manufacturing,-0.1341101620580633,-0.1104029664822271,,0.2102581281345983,2023,High Review Priority,138
0000742278,2022,0,0.03992235512880838,Routine Monitoring,0.04426267252757786,RPC INC,Energy / Capital-intensive,0.1797645343065948,0.1782849267457505,0.2402788984714967,0.8518999825419196,2023,Routine Monitoring,990
0000743238,2022,0,0.2324229206251341,Routine Monitoring,0.2521941910638742,"SHYFT GROUP, INC.",Industrial / Manufacturing,0.0462525945223937,-0.0324610107824373,0.5371183552950054,0.0356647361543549,2023,Routine Monitoring,257
0000746598,2022,0,0.04061875394766106,Routine Monitoring,0.045031231945085,BRADY CORP,Industrial / Manufacturing,0.1482356446928026,0.0866278270383491,0.3335210468269594,0.1374720668682918,2023,Routine Monitoring,982
0000746838,2022,0,0.10597466872495818,Routine Monitoring,0.11813047248011163,UNISYS CORP,Technology / Software / Electronics,0.0263649679276731,0.0061483346243222,,-0.0362636292834891,2023,Routine Monitoring,515
0000750004,2022,0,0.07109754732250423,Routine Monitoring,0.0785498970896535,"LIGHT & WONDER, INC.",Technology / Software / Electronics,0.1086783439490445,-0.0634048926610084,0.8067898152770844,0.1667440780306548,2023,Routine Monitoring,670
0000751365,2022,0,0.185696076344479,Routine Monitoring,0.2049005089010302,VIRCO MFG CORPORATION,Industrial / Manufacturing,0.0469047536613232,-0.0252321383371301,,0.2501569026337999,2023,Routine Monitoring,307
0000751978,2022,0,0.12259555961911858,Routine Monitoring,0.13466331899223472,VICOR CORP,Technology / Software / Electronics,0.0681594371039318,0.0427248226395555,0.1351552707109876,0.1105146870582474,2023,Routine Monitoring,466
0000752714,2022,0,0.015685177959401313,Routine Monitoring,0.017438315795831265,MCGRATH RENTCORP,Technology / Software / Electronics,0.2256211647767922,0.1138464637285372,0.5292632113940149,0.1896623559375065,2023,Routine Monitoring,1380
0000755001,2022,0,0.08615519641416512,Routine Monitoring,0.09628244503615306,UNITIL CORP,Energy / Capital-intensive,0.1429332386363636,0.0614310865191146,,0.1899429537291359,2023,Routine Monitoring,587
0000763532,2022,0,0.07899261819856698,Routine Monitoring,0.08835933680724221,LSI INDUSTRIES INC,Technology / Software / Electronics,0.0465833186851819,-0.0124180275170374,,0.4420237506812161,2023,Routine Monitoring,623
0000763744,2022,0,0.021456325837332813,Routine Monitoring,0.02383888474707607,LCI INDUSTRIES,Industrial / Manufacturing,0.1062056486637682,0.1855652386020933,0.5746703329194016,0.1642065179018386,2023,Routine Monitoring,1286
0000764065,2022,0,0.04413536884835738,Routine Monitoring,0.04679784697276214,CLEVELAND-CLIFFS INC.,Energy / Capital-intensive,0.0843446865892383,0.1291922154092242,0.571207677952546,0.1244864018783016,2023,Routine Monitoring,934
0000764180,2022,0,0.002381673186580353,Routine Monitoring,0.0026470700155944173,"ALTRIA GROUP, INC.",Industrial / Manufacturing,0.4749362448198916,0.2234128917031985,1.1061590084970505,-0.0352516049667473,2023,Routine Monitoring,1602
0000764478,2022,0,0.027643933123792225,Routine Monitoring,0.03112765655206733,BEST BUY CO INC,Consumer / Retail,0.0387705732429046,0.1154211225716636,,-0.1055427831765228,2023,Routine Monitoring,1167
0000764622,2022,0,0.04169235089962811,Routine Monitoring,0.046861152131712644,PINNACLE WEST CAPITAL CORP,Energy / Capital-intensive,0.1692520439322585,0.054632701393123,,0.1368487329234837,2023,Routine Monitoring,966
0000766829,2022,0,0.07172158795520227,Routine Monitoring,0.08030130065387539,SJW GROUP,Energy / Capital-intensive,0.2110172741010926,0.0457517761265685,,0.0819472673204506,2023,Routine Monitoring,668
0000768835,2022,1,0.1788302522786449,Routine Monitoring,0.1974968434145396,BIG LOTS INC,Consumer / Retail,-0.0478208242408238,-0.0390920339610791,,-0.1109279854349239,2023,Routine Monitoring,319
0000768899,2022,1,0.0452107379453025,Routine Monitoring,0.050096002631628916,"TRUEBLUE, INC.",Technology / Software / Electronics,0.0320226742803604,0.1182088035408786,0.5131340935130978,0.0370634820589781,2023,Routine Monitoring,920
0000769397,2022,0,0.006309325743797943,Routine Monitoring,0.007124133550129197,"AUTODESK, INC.",Technology / Software / Electronics,0.1976023976023976,0.2194320830684467,,0.1410268101404341,2023,Routine Monitoring,1538
0000769520,2022,0,0.02952641371054111,Routine Monitoring,0.03323926010680646,MIDDLEBY CORP,Technology / Software / Electronics,0.1585983917588863,0.0483721428170381,,0.2405755274406975,2023,Routine Monitoring,1136
0000771497,2022,0,0.04729970886114867,Routine Monitoring,0.0523983105076014,ABM INDUSTRIES INC /DE/,Technology / Software / Electronics,0.0446801424435733,0.0041898580788268,0.6473125346587525,0.2533474617088913,2023,Routine Monitoring,890
0000772406,2022,0,0.025200995522784216,Routine Monitoring,0.028385844235251274,"CIRRUS LOGIC, INC.",Technology / Software / Electronics,0.1312335418580251,0.1645220899956685,,0.065203260247213,2023,Routine Monitoring,1214
0000775158,2022,0,0.043366838838884335,Routine Monitoring,0.04873267762964591,OSHKOSH CORP,Industrial / Manufacturing,0.0449529099251388,0.0777979039979298,,0.0703992348752149,2023,Routine Monitoring,944
0000778164,2022,0,0.18343765884928823,Routine Monitoring,0.2001283978229968,"ALTO INGREDIENTS, INC.",Industrial / Manufacturing,-0.0459404277111545,0.0126463191036981,0.3558948906696549,0.1057453812095783,2023,Routine Monitoring,313
0000779152,2022,0,0.007046098894386224,Routine Monitoring,0.007841336028430543,HENRY JACK & ASSOCIATES INC,Technology / Software / Electronics,0.2442858142843319,0.2055051303895968,0.4373500344523702,0.1050258072772256,2023,Routine Monitoring,1531
0000779544,2022,0,0.05293561567810461,Routine Monitoring,0.05860436090453356,ARK RESTAURANTS CORP,Consumer / Retail,0.0537038448555593,0.0971059589374516,0.7130871362165567,0.3928414347463411,2023,Routine Monitoring,826
0000780571,2022,0,0.11960156581538091,Routine Monitoring,0.13141875265387826,"ITRON, INC.",Industrial / Manufacturing,-0.0041429879413933,0.0103024375146652,0.4989415822357382,-0.0938689081194122,2023,Routine Monitoring,472
0000783325,2022,0,0.04420237527832087,Routine Monitoring,0.049666228781858314,"WEC ENERGY GROUP, INC.",Energy / Capital-intensive,0.2004917998624627,0.049214154532493,,0.154088504088504,2023,Routine Monitoring,932
0000784199,2022,0,0.15490136143961636,Routine Monitoring,0.16953470307275473,"ARTIVION, INC.",Industrial / Manufacturing,0.0197616869934892,-0.006755392646546,0.6272551842034195,0.0500374787508868,2023,Routine Monitoring,363
0000784539,2022,0,0.04822892241545066,Routine Monitoring,0.0534220706645564,EACO CORP,Consumer / Retail,0.100942706161429,0.1217345236646358,0.3717971664005842,0.2294483993242617,2023,Routine Monitoring,879
0000784977,2022,0,0.05484707996558883,Routine Monitoring,0.0607073982033154,PORTLAND GENERAL ELECTRIC CO /OR/,Energy / Capital-intensive,0.1499811106913487,0.0644421072760302,0.734295821780285,0.1047579298831384,2023,Routine Monitoring,805
0000785557,2022,0,0.05836228029815947,Routine Monitoring,0.064572531373891,DLH HOLDINGS CORP.,Technology / Software / Electronics,0.0842112188838812,0.0073545073722575,0.4553049487610347,0.6057807179370485,2023,Routine Monitoring,767
0000785786,2022,0,0.06779884604833733,Routine Monitoring,0.07493332280054045,PLEXUS CORP,Technology / Software / Electronics,0.0467509303746056,-0.0077330563107368,0.6770827162949701,0.1313507665044457,2023,Routine Monitoring,696
0000785956,2022,0,0.08213732364114665,Routine Monitoring,0.09183974907183592,J&J SNACK FOODS CORP,Industrial / Manufacturing,0.0447606065522476,0.0214155531050169,,0.2062566236144469,2023,Routine Monitoring,601
0000787250,2022,0,0.09322435980973717,Routine Monitoring,0.10408791761708046,DPL INC,Energy / Capital-intensive,0.0567318757192174,0.035667107001321,,0.2918091273970566,2023,Routine Monitoring,556
0000787253,2022,0,0.16455632001239162,Routine Monitoring,0.1799075843523229,NATURAL ALTERNATIVES INTERNATIONAL INC,Industrial / Manufacturing,0.0800100604798614,0.0812723026239186,0.3937110881283261,-0.0423145866009411,2023,Routine Monitoring,342
0000788329,2022,0,0.3582466433218368,Medium Review Priority,0.38337533125456147,JOHNSON OUTDOORS INC,Industrial / Manufacturing,0.0892036779197019,-0.0913975094531651,0.2822595233928148,-0.0110370371355855,2023,High Review Priority,177
0000788784,2022,0,0.0752307475536795,Routine Monitoring,0.08419217113309312,PUBLIC SERVICE ENTERPRISE GROUP INC,Energy / Capital-intensive,0.1409183673469387,0.0308510201568208,,0.0080230405266406,2023,Routine Monitoring,642
0000788816,2022,0,0.05079328557178556,Routine Monitoring,0.057023235757268975,OGLETHORPE POWER CORP,Energy / Capital-intensive,0.0910978965202707,0.0331288581674133,,0.3273014581306941,2023,Routine Monitoring,851
0000788965,2022,0,0.06602402129794363,Routine Monitoring,0.07298635582460497,HALLADOR ENERGY CO,Energy / Capital-intensive,0.0840628634413562,0.0859069960701224,0.658991934077018,0.4616095871052144,2023,Routine Monitoring,711
0000789019,2022,0,0.0014298884090015365,Routine Monitoring,0.0015922849826290936,MICROSOFT CORP,Technology / Software / Electronics,0.4205527815604983,0.2440384826225194,0.5435204473193729,0.1795607062967017,2023,Routine Monitoring,1610
0000789460,2022,0,0.025013223443742995,Routine Monitoring,0.027779535751043496,WORLD FUEL SERVICES CORP,Consumer / Retail,0.0046271283181269,0.0169634764715968,0.7561668667172917,0.8841337715799216,2023,Routine Monitoring,1218
0000789933,2022,1,0.09801872137605772,Routine Monitoring,0.1079649341975531,NACCO INDUSTRIES INC,Energy / Capital-intensive,0.2895345421750048,0.1192366460589502,0.2483945697024321,0.2599637209011394,2023,Routine Monitoring,545
0000790051,2022,0,0.011469953452610374,Routine Monitoring,0.012942541822680738,CARLISLE COMPANIES INC,Industrial / Manufacturing,0.1935253872176459,0.1385904181667128,,0.3703719102758664,2023,Routine Monitoring,1455
0000792987,2022,0,0.1843245529362302,Routine Monitoring,0.20107611770792033,ASTEC INDUSTRIES INC,Technology / Software / Electronics,0.0058846606512357,-0.0728509463722397,0.3819992113564668,0.1615931461903026,2023,Routine Monitoring,310
0000793306,2022,0,0.056742313421460897,Routine Monitoring,0.06279168081631074,BLUE DOLPHIN ENERGY CO,Energy / Capital-intensive,0.0801695986084216,0.1939359267734553,0.8738081617086194,0.620583737783392,2023,Routine Monitoring,779
0000793952,2022,0,0.04929357175949141,Routine Monitoring,0.0553503037068681,"HARLEY-DAVIDSON, INC.",Industrial / Manufacturing,0.1579943459139932,0.0477234844780184,,0.0784853497961513,2023,Routine Monitoring,868
0000794170,2022,0,0.030176458363434695,Routine Monitoring,0.033494176834814475,"TOLL BROTHERS, INC.",Industrial / Manufacturing,0.146816941717423,0.0803026256449617,0.5099698796798429,0.1689574523731163,2023,Routine Monitoring,1121
0000794367,2022,0,0.04684215795539943,Routine Monitoring,0.052614352654639505,"MACY'S, INC.",Consumer / Retail,0.0707798052532526,0.0957547729159255,,-0.0007358953393294,2023,Routine Monitoring,894
0000794619,2022,0,0.09965592263429018,Routine Monitoring,0.11117706762024138,AMERICAN WOODMARK CORP,Industrial / Manufacturing,0.0194697784713001,0.0149740029990885,,0.0648916809154054,2023,Routine Monitoring,539
0000795403,2022,0,0.036056187274498074,Routine Monitoring,0.04055581714626806,WATTS WATER TECHNOLOGIES INC,Industrial / Manufacturing,0.1591310937105329,0.1160080791340825,,0.0941300022109219,2023,Routine Monitoring,1036
0000796343,2022,0,0.0018637974007507635,Routine Monitoring,0.0020753718556064953,ADOBE INC.,Technology / Software / Electronics,0.3463591957287288,0.2885330388367385,0.4827535431621572,0.1153626860943934,2023,Routine Monitoring,1607
0000796505,2022,0,0.05924447372605621,Routine Monitoring,0.06275856952920593,"CLEARFIELD, INC.",Technology / Software / Electronics,0.2355887966391394,0.0043687371251003,0.3558971404629726,0.9244945623719912,2023,Routine Monitoring,758
0000797721,2022,0,0.07092263241150776,Routine Monitoring,0.07835819443798732,VIASAT INC,Technology / Software / Electronics,-0.0610118779825034,0.0475866705423062,0.5005949934653561,-0.0830370547076644,2023,Routine Monitoring,671
0000798081,2022,0,0.2703700323936951,Medium Review Priority,0.29214072607887925,LAKELAND INDUSTRIES INC,Industrial / Manufacturing,0.1355481222441842,0.0907857634967647,0.1114615073192559,-0.2554339622641509,2023,Medium Review Priority,233
0000798354,2022,0,0.01203624850387799,Routine Monitoring,0.013387091039060127,FISERV INC,Technology / Software / Electronics,0.210858657044596,0.0550620610714328,0.6221726740511989,0.0931221496363861,2023,Routine Monitoring,1440
0000799288,2022,0,0.1838687101470626,Routine Monitoring,0.20058903527849006,"LANDS' END, INC.",Consumer / Retail,0.0158959361050874,-0.0336063089337133,0.6481516391473255,-0.049611272961902,2023,Routine Monitoring,312
0000800240,2022,0,0.04789075835274493,Routine Monitoring,0.053049523641323516,ODP CORP,Consumer / Retail,0.0286185372747615,0.0571221981200289,0.6898047722342733,0.003071470761961,2023,Routine Monitoring,884
0000802481,2022,0,0.03483803250040845,Routine Monitoring,0.0386478389687027,PILGRIMS PRIDE CORP,Industrial / Manufacturing,0.0673557136991032,0.0723724846633488,0.6917299902363596,0.1820962035554423,2023,Routine Monitoring,1056
0000804328,2022,0,0.003442657061016042,Routine Monitoring,0.0038327721970712334,QUALCOMM INC/DE,Technology / Software / Electronics,0.3588235294117647,0.1855796303097074,0.6324927571714204,0.3168086754453911,2023,Routine Monitoring,1591
0000805928,2022,1,0.46982108743507395,High Review Priority,0.4967184856439854,"AXOGEN, INC.",Industrial / Manufacturing,-0.2143609651907868,-0.082226555502669,0.4830822930901237,0.0881452284112502,2023,High Review Priority,131
0000807707,2022,1,0.3711441038408052,Medium Review Priority,0.39661835622964287,VOXX INTERNATIONAL CORP,Consumer / Retail,-0.0510791851899013,-0.0735545797389936,0.4054472895422282,-0.1602497169455277,2023,High Review Priority,169
0000807863,2022,0,0.05573550225872166,Routine Monitoring,0.06168455163652234,MITEK SYSTEMS INC,Technology / Software / Electronics,0.0787742370243777,0.073113953552898,0.5274354207707889,0.2015576349992069,2023,Routine Monitoring,792
0000807882,2022,0,0.029779236130476575,Routine Monitoring,0.033522775922375035,JACK IN THE BOX INC,Consumer / Retail,0.1691116919138768,0.0557336751404445,,0.2836596220937857,2023,Routine Monitoring,1129
0000810136,2022,0,0.009809522472928746,Routine Monitoring,0.01091321741604944,PHOTRONICS INC,Technology / Software / Electronics,0.2569477374904341,0.2091356786210984,0.1928372206136051,0.2422377934226325,2023,Routine Monitoring,1487
0000811156,2022,0,0.05885685480661076,Routine Monitoring,0.06600705044595342,CMS ENERGY CORP,Energy / Capital-intensive,0.1423918101442531,0.0272701176920868,,0.1728748806112703,2023,Routine Monitoring,762
0000811596,2022,0,0.2401773457659988,Routine Monitoring,0.2585549485520853,KAISER ALUMINUM CORP,Industrial / Manufacturing,0.0011668951836401,-0.0275690318070604,0.7242222998951415,0.3073607932875668,2023,Routine Monitoring,253
0000812074,2022,0,0.05225613023871204,Routine Monitoring,0.05901761870633796,"O-I GLASS, INC. /DE/",Industrial / Manufacturing,0.1174154025670945,0.0169959165655004,,0.0784961459808084,2023,Routine Monitoring,831
0000813298,2022,0,0.05805292744220078,Routine Monitoring,0.06511221521984487,"DESTINATION XL GROUP, INC.",Consumer / Retail,0.1073322121215452,0.1709764459580488,,0.0808223816435356,2023,Routine Monitoring,771
0000813672,2022,0,0.003975761693357379,Routine Monitoring,0.004490566983372037,CADENCE DESIGN SYSTEMS INC,Technology / Software / Electronics,0.301451715155439,0.2417513793365908,,0.1919100314432154,2023,Routine Monitoring,1584
0000814453,2022,1,0.11075690264338832,Routine Monitoring,0.12182111696307812,NEWELL BRANDS INC.,Industrial / Manufacturing,0.0329844592451633,-0.0205097270396621,0.7346554064243703,-0.106714515062801,2023,Routine Monitoring,500
0000814547,2022,0,0.0015463818838883467,Routine Monitoring,0.001747168416721324,FAIR ISAAC CORP,Technology / Software / Electronics,0.3938327270615057,0.353285706162268,1.5561221163994747,0.0461316667375597,2023,Routine Monitoring,1609
0000814586,2022,0,0.13291465758894555,Routine Monitoring,0.14582935709865383,"LIFEWAY FOODS, INC.",Industrial / Manufacturing,0.0165927328209764,0.0577834461369005,0.310569718401716,0.1889976063494729,2023,Routine Monitoring,432
0000815556,2022,0,0.007505150699107874,Routine Monitoring,0.008473074581455303,FASTENAL CO,Consumer / Retail,0.2082342492049394,0.2068768412258717,,0.1613235954682326,2023,Routine Monitoring,1523
0000816761,2022,0,0.01804536902767895,Routine Monitoring,0.02005693092796456,TERADATA CORP /DE/,Technology / Software / Electronics,0.0657381615598885,0.2072205736894164,0.8724035608308606,-0.063641105894627,2023,Routine Monitoring,1334
0000816956,2022,0,0.087122884983714,Routine Monitoring,0.09608124340333199,CONMED CORP,Industrial / Manufacturing,0.0670070551865568,0.0145217253541969,0.6755102733644616,0.0344704072192234,2023,Routine Monitoring,584
0000817720,2022,0,0.011974505373723916,Routine Monitoring,0.013318511818780429,SYNAPTICS INC,Technology / Software / Electronics,0.2014140369029143,0.1618907665931913,0.5569084356740492,0.2986712451478053,2023,Routine Monitoring,1441
0000818033,2022,1,0.8897793615697768,High Review Priority,0.888344964835402,"HERON THERAPEUTICS, INC. /DE/",Industrial / Manufacturing,-1.6221301731183595,-0.5854210582942487,0.9459177289590398,,2023,High Review Priority,31
0000818479,2022,0,0.13641345090473955,Routine Monitoring,0.14960945394511857,DENTSPLY SIRONA INC.,Industrial / Manufacturing,-0.2389087200407955,0.067643595446814,0.5012429674211697,-0.0773935544577746,2023,Routine Monitoring,425
0000818686,2022,0,0.06463014598594057,Routine Monitoring,0.07145673986254474,TEVA PHARMACEUTICAL INDUSTRIES LTD,Industrial / Manufacturing,-0.1406365159128978,0.0361314366222787,0.8025042039721856,-0.060020153671747,2023,Routine Monitoring,721
0000819793,2022,0,0.04150114323772143,Routine Monitoring,0.04600488003010613,ALBANY INTERNATIONAL CORP /DE/,Industrial / Manufacturing,0.1749195805918907,0.0780719194035031,0.4717367278528608,0.1136918341870776,2023,Routine Monitoring,968
0000820313,2022,0,0.01103636542301269,Routine Monitoring,0.012276384302347513,AMPHENOL CORP /DE/,Technology / Software / Electronics,0.2048482927988592,0.1418877477783142,0.5371259672978299,0.1605968941643758,2023,Routine Monitoring,1465
0000821002,2022,0,0.19148546250835696,Routine Monitoring,0.20872128759876885,G III APPAREL GROUP LTD /DE/,Industrial / Manufacturing,-0.0339235287263134,-0.0385631939183123,0.4895312462556292,0.1663414708202093,2023,Routine Monitoring,302
0000821189,2022,0,0.008351025135598402,Routine Monitoring,0.00942700353300641,EOG RESOURCES INC,Energy / Capital-intensive,0.3877519259201618,0.2681346837156462,,0.3787147301791653,2023,Routine Monitoring,1507
0000821483,2022,0,0.051888839519933304,Routine Monitoring,0.057452288238720714,"PAR PACIFIC HOLDINGS, INC.",Energy / Capital-intensive,0.0598082298237383,0.1379624202177192,0.8035335712742029,0.5544897346950344,2023,Routine Monitoring,838
0000822663,2022,0,0.051945079517178215,Routine Monitoring,0.058307622756632656,INTER PARFUMS INC,Industrial / Manufacturing,0.178808690538746,0.0879987039009829,,0.2355124864129816,2023,Routine Monitoring,836
0000822818,2022,0,0.05201222540964624,Routine Monitoring,0.05838248660725833,CLEAN HARBORS INC,Energy / Capital-intensive,0.1228557244070332,0.1021605110978387,,0.357644303107606,2023,Routine Monitoring,835
0000823277,2022,0,0.02268955172761172,Routine Monitoring,0.025565333443830596,CHS INC,Consumer / Retail,0.0236251651072385,0.1034017506793031,,0.2430197924559625,2023,Routine Monitoring,1259
0000823768,2022,0,0.024524437047091268,Routine Monitoring,0.027238202699894805,WASTE MANAGEMENT INC,Energy / Capital-intensive,0.1708295258401868,0.144610577995983,0.7811712946727453,0.0985444202777312,2023,Routine Monitoring,1229
0000824142,2022,0,0.016938002712870704,Routine Monitoring,0.019099051785635684,"AAON, INC.",Technology / Software / Electronics,0.1426223126324838,0.075338215979054,,0.6627871517650514,2023,Routine Monitoring,1362
0000825324,2022,0,0.1376829977145335,Routine Monitoring,0.152854054234666,GOOD TIMES RESTAURANTS INC.,Consumer / Retail,-0.0063531114327062,0.0612469324443209,,0.1149387267754713,2023,Routine Monitoring,416
0000825542,2022,0,0.24129518243058692,Routine Monitoring,0.26156399483796566,SCOTTS MIRACLE-GRO CO,Industrial / Manufacturing,-0.1105986085981498,-0.0300223422081549,0.9656255818283374,-0.203228426395939,2023,Medium Review Priority,252
0000827052,2022,0,0.04260961018342407,Routine Monitoring,0.047227711600143545,EDISON INTERNATIONAL,Energy / Capital-intensive,0.0861207897793263,0.041209108032957,0.775476992862726,0.1553170077155317,2023,Routine Monitoring,951
0000827054,2022,0,0.002988913366864952,Routine Monitoring,0.0033763688259741587,MICROCHIP TECHNOLOGY INC,Technology / Software / Electronics,0.3692511879791911,0.221193258523057,,0.2371827764664487,2023,Routine Monitoring,1597
0000827187,2022,1,0.08086239006697321,Routine Monitoring,0.08923994599502348,SLEEP NUMBER CORP,Industrial / Manufacturing,0.0321052340328723,0.0378830445648345,1.459335846429949,-0.0323357661895082,2023,Routine Monitoring,614
0000829224,2022,0,0.009660481299130405,Routine Monitoring,0.01074758924318497,STARBUCKS CORP,Consumer / Retail,0.1431862649339696,0.1571676722042718,1.3109077002258889,0.1097602940063178,2023,Routine Monitoring,1491
0000830524,2022,0,0.08815546698271626,Routine Monitoring,0.09720869390909777,CHASE CORP,Technology / Software / Electronics,0.1806331757047227,0.0569982667843945,0.3903839236077046,0.1101944527777021,2023,Routine Monitoring,579
0000831259,2022,0,0.05503930240433583,Routine Monitoring,0.06091883548963893,FREEPORT-MCMORAN INC,Energy / Capital-intensive,0.3089113257243195,0.10058129293641,0.5132209891765995,-0.0028452615451959,2023,Routine Monitoring,801
0000832101,2022,0,0.017396231943471382,Routine Monitoring,0.01933685787450175,IDEX CORP /DE/,Technology / Software / Electronics,0.2361482133316572,0.1011266532411691,0.4485386164480487,0.1508608217592593,2023,Routine Monitoring,1347
0000832988,2022,0,0.04498106468532683,Routine Monitoring,0.04984280747731359,SIGNET JEWELERS LTD,Consumer / Retail,0.0771349510972826,0.120521418645399,0.662799830825932,0.0020572450805009,2023,Routine Monitoring,922
0000833640,2022,0,0.015769631454196874,Routine Monitoring,0.017553041563810448,POWER INTEGRATIONS INC,Technology / Software / Electronics,0.2770718342348319,0.2563314192663695,0.1010360720679541,-0.0741372176254875,2023,Routine Monitoring,1378
0000834365,2022,1,0.7162259319901584,High Review Priority,0.7182699329683907,BIOLIFE SOLUTIONS INC,Industrial / Manufacturing,-0.899739736274334,-0.0188526283291391,0.1911049710258557,0.3575396958608883,2023,High Review Priority,71
0000835011,2022,0,0.05253606272869211,Routine Monitoring,0.05816464861358462,MGP INGREDIENTS INC,Consumer / Retail,0.1904051597861848,0.0767873902078291,0.3562105695767006,0.2483373755425071,2023,Routine Monitoring,829
0000836157,2022,0,0.0741607629666233,Routine Monitoring,0.08190588350970784,LINDSAY CORP,Technology / Software / Electronics,0.1227944982958002,0.0042890130626339,0.4464837269384636,0.3577881285167164,2023,Routine Monitoring,647
0000837465,2022,0,0.11449334057086472,Routine Monitoring,0.12748693898726923,TOPGOLF CALLAWAY BRANDS CORP.,Industrial / Manufacturing,0.0642690892709662,-0.0040859564164648,,0.2751771451695211,2023,Routine Monitoring,490
0000842023,2022,0,0.016945743350608604,Routine Monitoring,0.019107760823154216,BIO-TECHNE CORP,Industrial / Manufacturing,0.2682618200631513,0.1417427624569407,,0.1874983888845924,2023,Routine Monitoring,1361
0000842633,2022,0,0.08163699270775651,Routine Monitoring,0.09008693391867727,TRIMAS CORP,Industrial / Manufacturing,0.1120803774481517,0.0556091954022988,0.5005134099616858,0.0311745283569202,2023,Routine Monitoring,607
0000846475,2022,0,0.06097715205584047,Routine Monitoring,0.06458696607202882,ZYNEX INC,Industrial / Manufacturing,0.1450239304026756,0.1180258616248518,0.4302371507564439,0.2138586810538676,2023,Routine Monitoring,747
0000849146,2022,0,0.10123338719282494,Routine Monitoring,0.11146548909769943,LIFEVANTAGE CORP,Industrial / Manufacturing,0.0367076952897848,0.1125647045512403,0.5542669646140356,-0.0627710837901545,2023,Routine Monitoring,531
0000849399,2022,0,0.009931612007551452,Routine Monitoring,0.01104889028455404,GEN DIGITAL INC.,Technology / Software / Electronics,0.3675853804673457,0.0474697435254279,0.8620430174954536,0.1938483547925609,2023,Routine Monitoring,1484
0000850209,2022,0,0.07256455033975728,Routine Monitoring,0.08015740024916698,"FOOT LOCKER, INC.",Consumer / Retail,0.0663317730334513,0.021879347413684,0.5835335778424181,-0.0222147800848403,2023,Routine Monitoring,660
0000850460,2022,0,0.010275387173699885,Routine Monitoring,0.011596408370470433,ENCORE WIRE CORP,Industrial / Manufacturing,0.3032266189017267,0.3412453956245802,,0.1638564272823801,2023,Routine Monitoring,1480
0000851205,2022,0,0.03503642565622132,Routine Monitoring,0.038867054250010385,COGNEX CORP,Industrial / Manufacturing,0.2447385422775298,0.1243046973147987,0.2654284167628464,-0.0298988138054455,2023,Routine Monitoring,1051
0000851310,2022,0,0.1056155028947397,Routine Monitoring,0.11623324372469954,HARMONIC INC,Technology / Software / Electronics,0.072835411076282,0.0077124805286626,0.5429608826818475,0.2322946510788741,2023,Routine Monitoring,517
0000851968,2022,0,0.0554183063966223,Routine Monitoring,0.06133569837840187,MOHAWK INDUSTRIES INC,Industrial / Manufacturing,0.0208073313047171,0.0473889892320574,0.4321764376613973,0.0478948786106616,2023,Routine Monitoring,796
0000852772,2022,0,0.05652106141310394,Routine Monitoring,0.06254840500235952,DENNY'S CORP,Consumer / Retail,0.1328005012827844,0.0791676282019123,1.074480018461477,0.1463053840783175,2023,Routine Monitoring,782
0000854775,2022,0,0.04990314127974139,Routine Monitoring,0.05526609653171898,DIGI INTERNATIONAL INC,Technology / Software / Electronics,0.098448064910812,0.0441974715860849,0.4126760315963906,0.2578896549936493,2023,Routine Monitoring,861
0000855658,2022,0,0.004595624681461674,Routine Monitoring,0.005115721155312445,LATTICE SEMICONDUCTOR CORP,Technology / Software / Electronics,0.2837363482727498,0.2989884977457485,0.3900650170962536,0.2814310137058606,2023,Routine Monitoring,1577
0000856982,2022,0,0.06285068554350702,Routine Monitoring,0.069503289187448,MERIT MEDICAL SYSTEMS INC,Industrial / Manufacturing,0.0760768422762843,0.0686858986301402,0.3122473656312689,0.0709280568243249,2023,Routine Monitoring,730
0000857005,2022,0,0.02272974837704022,Routine Monitoring,0.02525006226214855,PTC INC.,Technology / Software / Electronics,0.2313925022254153,0.0928741433175999,0.5101551692798449,0.0698267280300184,2023,Routine Monitoring,1257
0000857949,2022,1,0.8167744798656953,High Review Priority,0.832350982743549,"CHINA GREEN AGRICULTURE, INC.",Industrial / Manufacturing,-0.4974630709016557,-0.1022381470597407,0.3092759177469494,-0.2720630844852101,2023,High Review Priority,54
0000858470,2022,0,0.0025606837479716796,Routine Monitoring,0.002626041856221288,COTERRA ENERGY INC.,Energy / Capital-intensive,0.5755165175118772,0.2707154907214448,0.3713406767887268,1.6242389098289358,2023,Routine Monitoring,1601
0000858655,2022,0,0.1922547937048384,Routine Monitoring,0.20954192013997106,HAYNES INTERNATIONAL INC,Industrial / Manufacturing,0.1129998103824768,-0.1257024015688879,0.4061506100791561,0.4525248696177526,2023,Routine Monitoring,299
0000858877,2022,0,0.005519252723088549,Routine Monitoring,0.006143233007375164,"CISCO SYSTEMS, INC.",Technology / Software / Electronics,0.2709428399635355,0.1406991340609774,0.5768919810216804,0.0349070617046047,2023,Routine Monitoring,1559
0000859737,2022,0,0.011569779100191233,Routine Monitoring,0.013055014488082268,HOLOGIC INC,Industrial / Manufacturing,0.3372953853746812,0.2343350383631713,,-0.1366226941036521,2023,Routine Monitoring,1452
0000860731,2022,0,0.03285960400601175,Routine Monitoring,0.03646122748287901,TYLER TECHNOLOGIES INC,Technology / Software / Electronics,0.1157975012485109,0.0813785076087747,0.4401204330658015,0.1619789648474174,2023,Routine Monitoring,1083
0000861459,2022,0,0.07585584153349002,Routine Monitoring,0.08488489101288682,GRANITE CONSTRUCTION INC,Industrial / Manufacturing,0.0258631866174571,0.0256682286768087,,0.0967434792676407,2023,Routine Monitoring,637
0000861878,2022,0,0.12848405286100595,Routine Monitoring,0.14103827553173773,STERICYCLE INC,Energy / Capital-intensive,0.0568270048434207,0.0375321047599407,0.545471588459159,0.0218368657675016,2023,Routine Monitoring,446
0000861884,2022,0,0.01257445859366778,Routine Monitoring,0.01418681554297892,RELIANCE STEEL & ALUMINUM CO,Consumer / Retail,0.1472481644640235,0.2050939505706734,,0.2080208325942114,2023,Routine Monitoring,1429
0000863436,2022,0,0.1347680485986643,Routine Monitoring,0.14967366181559155,BENCHMARK ELECTRONICS INC,Technology / Software / Electronics,0.0312053607157321,-0.0796769766146118,,0.2797883580992313,2023,Routine Monitoring,428
0000864240,2022,0,0.06796336836976527,Routine Monitoring,0.07032809946971519,SYPRIS SOLUTIONS INC,Industrial / Manufacturing,0.0033054549086913,0.1324416192963589,0.8120390997080965,,2023,Routine Monitoring,694
0000864749,2022,0,0.04431578183665828,Routine Monitoring,0.04910931566291003,TRIMBLE INC.,Industrial / Manufacturing,0.1389712482659195,0.0538175815105241,0.4428119411198239,0.0047006094394796,2023,Routine Monitoring,929
0000865752,2022,0,0.021939004161423546,Routine Monitoring,0.024722064267842764,MONSTER BEVERAGE CORP,Industrial / Manufacturing,0.2511025899018388,0.1070406078302396,,0.1389007592370958,2023,Routine Monitoring,1276
0000866273,2022,0,0.3768728169621128,Medium Review Priority,0.4024886091207661,MATRIX SERVICE CO,Industrial / Manufacturing,-0.1241261408912373,-0.1229511357938987,0.4834173863922521,0.0510574726981665,2023,High Review Priority,163
0000866291,2022,0,0.02276010664042953,Routine Monitoring,0.025283699613472526,"ALLEGRO MICROSYSTEMS, INC.",Technology / Software / Electronics,0.2088084769419906,0.1635737900614229,0.1814664459787242,0.2666657126428109,2023,Routine Monitoring,1255
0000866374,2022,0,0.03215637081078857,Routine Monitoring,0.03568375933020302,FLEX LTD.,Technology / Software / Electronics,0.0390166743557635,0.0444028978733348,0.7333021734050011,0.1653162320955417,2023,Routine Monitoring,1098
0000866729,2022,0,0.0278307793712843,Routine Monitoring,0.03133729053540693,SCHOLASTIC CORP,Industrial / Manufacturing,0.0592854099458275,0.1164468260511129,,0.2634776590017689,2023,Routine Monitoring,1162
0000866787,2022,0,0.005910948322513846,Routine Monitoring,0.006674653889129109,AUTOZONE INC,Consumer / Retail,0.2012480133495526,0.2102210121437956,,0.1109153130454485,2023,Routine Monitoring,1549
0000866829,2022,0,0.16143975083236597,Routine Monitoring,0.1765617190055324,HELIX ENERGY SOLUTIONS GROUP INC,Energy / Capital-intensive,-0.0513744130111098,0.0213900251868927,0.365217897174866,0.2940029167308902,2023,Routine Monitoring,349
0000868780,2022,0,0.060899314289612254,Routine Monitoring,0.06827963555288033,"DORMAN PRODUCTS, INC.",Industrial / Manufacturing,0.0986578795431172,0.017801797431533,,0.2887941191556358,2023,Routine Monitoring,748
0000871763,2022,0,0.05211540532723958,Routine Monitoring,0.05849752381470314,MANPOWERGROUP INC.,Technology / Software / Electronics,0.0293380406001765,0.0463616051870673,,-0.0432774893362413,2023,Routine Monitoring,833
0000872589,2022,0,0.0184307234070796,Routine Monitoring,0.019574316002263947,"REGENERON PHARMACEUTICALS, INC.",Industrial / Manufacturing,0.3892991809675591,0.171657909599685,0.2242208492358246,-0.2425879029598611,2023,Routine Monitoring,1327
0000873303,2022,1,0.6496281359009688,High Review Priority,0.6737381729684281,"SAREPTA THERAPEUTICS, INC.",Industrial / Manufacturing,-0.5746983161006332,-0.1039987009192658,0.8769485411873164,0.3292923219834531,2023,High Review Priority,93
0000874015,2022,1,0.8235466391234252,High Review Priority,0.8395466735141922,IONIS PHARMACEUTICALS INC,Industrial / Manufacturing,-0.6983555426164562,-0.10828075249144,0.773908825846253,-0.2752635553318132,2023,High Review Priority,52
0000874238,2022,0,0.02622102750680455,Routine Monitoring,0.02911692659134053,"STERLING INFRASTRUCTURE, INC.",Industrial / Manufacturing,0.0903508236522824,0.151992896879899,0.6685679998890137,0.1186458679728859,2023,Routine Monitoring,1187
0000874396,2022,0,0.14416690045461578,Routine Monitoring,0.15991990977321321,"LIFETIME BRANDS, INC",Industrial / Manufacturing,0.033343777742963,0.0335024135954858,,-0.1567484506167402,2023,Routine Monitoring,400
0000874499,2022,0,0.005310940650563508,Routine Monitoring,0.005472798635954421,GULFPORT ENERGY CORP,Energy / Capital-intensive,0.4080242684312063,0.2916090446991275,0.6523427497327853,1.484507199985068,2023,Routine Monitoring,1564
0000874716,2022,0,0.009900593895049117,Routine Monitoring,0.011014421541890952,IDEXX LABORATORIES INC /DE,Industrial / Manufacturing,0.2669077879051734,0.19768127233309,0.778380385653669,0.0472618929140127,2023,Routine Monitoring,1485
0000875320,2022,0,0.00549763254043055,Routine Monitoring,0.005994340374572189,VERTEX PHARMACEUTICALS INC / MA,Industrial / Manufacturing,0.4823138163861735,0.2275314171749059,0.2334980634569084,0.1790636882129277,2023,Routine Monitoring,1560
0000875657,2022,0,0.18134178935332185,Routine Monitoring,0.18686053148543857,ULTRALIFE CORP,Technology / Software / Electronics,0.000978458737864,-0.0074986641334679,0.308893902511429,,2023,Routine Monitoring,316
0000876167,2022,0,0.019448442269806108,Routine Monitoring,0.021922645117730233,PROGRESS SOFTWARE CORP /MA,Technology / Software / Electronics,0.2194819713195562,0.1361408848449038,,0.1330665728111302,2023,Routine Monitoring,1317
0000876523,2022,0,0.055337713223090654,Routine Monitoring,0.06124705770308001,EZCORP INC,Consumer / Retail,0.0845406076335016,0.049362776156299,0.4864290388299238,0.2147540062312298,2023,Routine Monitoring,797
0000876883,2022,0,0.01168285170006146,Routine Monitoring,0.012994553760998867,STAGWELL INC,Technology / Software / Electronics,0.0592411912826587,0.0870415983444401,0.7536530897005308,0.8292225950973313,2023,Routine Monitoring,1451
0000877212,2022,1,0.037986386649532126,Routine Monitoring,0.04212546265319927,ZEBRA TECHNOLOGIES CORP,Technology / Software / Electronics,0.0915066597474485,0.0648160446274405,0.6370035861336166,0.0273680469166519,2023,Routine Monitoring,1011
0000877422,2022,0,0.046438089694720276,Routine Monitoring,0.05216321742945086,SPARTANNASH CO,Consumer / Retail,0.0071080876481629,0.0478417869720332,,0.0797287975116893,2023,Routine Monitoring,898
0000879407,2022,1,0.8282674080328446,High Review Priority,0.8387972062159945,"ARROWHEAD PHARMACEUTICALS, INC.",Industrial / Manufacturing,-0.7338990506966628,-0.1967384408163147,,0.7588855062297974,2023,High Review Priority,51
0000879526,2022,0,0.0324182005775804,Routine Monitoring,0.035973242946994874,WABASH NATIONAL CORP,Industrial / Manufacturing,0.0666000833690029,0.1031006470171322,0.6692003393370962,0.3875524880383836,2023,Routine Monitoring,1091
0000880117,2022,0,0.07361716108015517,Routine Monitoring,0.08131049545241822,SANFILIPPO JOHN B & SON INC,Industrial / Manufacturing,0.0914739273623554,0.0438311325352925,0.3766047640980007,0.1134397692671482,2023,Routine Monitoring,652
0000880266,2022,0,0.0261149003266589,Routine Monitoring,0.02899942757927212,AGCO CORP /DE,Technology / Software / Electronics,0.1000205510852553,0.0829597078298049,0.6157249324504884,0.1358465834103948,2023,Routine Monitoring,1190
0000880807,2022,0,0.6184080810744722,High Review Priority,0.6327800317474962,AMERICAN SUPERCONDUCTOR CORP /DE/,Technology / Software / Electronics,-0.3114526721014493,-0.1280751419734451,0.5340821708693845,-0.0226034029602988,2023,High Review Priority,104
0000882095,2022,0,0.00916394175277939,Routine Monitoring,0.010343566971466923,"GILEAD SCIENCES, INC.",Industrial / Manufacturing,0.2686851654997984,0.1436102008833167,,-0.0008789598974546,2023,Routine Monitoring,1495
0000882796,2022,1,0.8872678617139336,High Review Priority,0.8946402213287049,BIOCRYST PHARMACEUTICALS INC,Industrial / Manufacturing,-0.5480805089595941,-0.2942727272727273,,0.7231469109881021,2023,High Review Priority,34
0000882835,2022,0,0.02579736296288224,Routine Monitoring,0.0286478482822139,ROPER TECHNOLOGIES INC,Industrial / Manufacturing,0.2837968651103913,0.0272267686651248,0.4055847120915614,-0.0702689605039981,2023,Routine Monitoring,1196
0000883241,2022,0,0.007061235139861472,Routine Monitoring,0.007858167062105452,SYNOPSYS INC,Technology / Software / Electronics,0.2286782240508885,0.1846340981984982,0.4097325709562887,0.2086842825721844,2023,Routine Monitoring,1530
0000883569,2022,1,0.3658800494677721,Medium Review Priority,0.39468691894546465,"FOSSIL GROUP, INC.",Industrial / Manufacturing,-0.0008755146546174,-0.0895351692232144,,-0.1003173200943725,2023,High Review Priority,171
0000883902,2022,0,0.16135861215103714,Routine Monitoring,0.1719886023936581,"CORNERSTONE BUILDING BRANDS, INC.",Industrial / Manufacturing,0.0298150828599623,0.0246465980413281,0.7596567806329193,-0.5084935225483451,2023,Routine Monitoring,350
0000883984,2022,0,0.04226972335648406,Routine Monitoring,0.04750655578334567,ICU MEDICAL INC/DE,Industrial / Manufacturing,-0.0188149370371978,-0.0137586225300018,,0.73211512807033,2023,Routine Monitoring,956
0000884614,2022,1,0.0549429802828988,Routine Monitoring,0.06081288601096376,UGI CORP /PA/,Energy / Capital-intensive,0.16485256283396,0.0407396870554765,0.6543954480796587,0.357056532832013,2023,Routine Monitoring,803
0000884624,2022,1,0.2603501585394358,Medium Review Priority,0.2816254525740448,ORTHOFIX MEDICAL INC.,Industrial / Manufacturing,-0.0287988400587784,-0.0251575892496985,0.2655065423250601,-0.00810800918879,2023,Medium Review Priority,242
0000884713,2022,0,0.04189906851704682,Routine Monitoring,0.04644389604176757,PRIMO WATER CORP /CN/,Industrial / Manufacturing,0.0577400568823077,0.0767930188164712,0.650149986364876,0.0683933825302658,2023,Routine Monitoring,964
0000885245,2022,0,0.010268248850089874,Routine Monitoring,0.011422960885386005,BUCKLE INC,Consumer / Retail,0.2439303977811263,0.2893840461616158,0.5507122313238513,0.0390697717531265,2023,Routine Monitoring,1481
0000885568,2022,0,0.16931396102881752,Routine Monitoring,0.18721368884268183,OLD DOMINION ELECTRIC COOPERATIVE,Energy / Capital-intensive,0.0601540683774108,-0.0270324569984566,,0.2885798831727812,2023,Routine Monitoring,332
0000885590,2022,0,0.06594726072781232,Routine Monitoring,0.07290213255766224,BAUSCH HEALTH COMPANIES INC.,Industrial / Manufacturing,0.0558838010832102,-0.0283422876275013,0.9898777544187496,-0.0367559876689589,2023,Routine Monitoring,712
0000885639,2022,0,0.07812542148330291,Routine Monitoring,0.08739906842016268,KOHLS CORP,Consumer / Retail,0.0135926621726157,0.0196584175670965,,-0.0686975762877579,2023,Routine Monitoring,628
0000885725,2022,0,0.03353444178986637,Routine Monitoring,0.0377316889315713,BOSTON SCIENTIFIC CORP,Industrial / Manufacturing,0.1300268096514745,0.0469986756598601,,0.0667900403768506,2023,Routine Monitoring,1073
0000886128,2022,1,0.8411471039511479,High Review Priority,0.8391941935089868,FUELCELL ENERGY INC,Technology / Software / Electronics,-1.1014683792648907,-0.1193625314855429,0.1972221424109599,,2023,High Review Priority,48
0000886163,2022,0,0.07379631248670515,Routine Monitoring,0.08150672176402535,LIGAND PHARMACEUTICALS INC,Industrial / Manufacturing,0.015475553517287,0.1807470616310111,0.2165857227522329,-0.2918742986219613,2023,Routine Monitoring,650
0000886346,2022,0,0.03354363017896114,Routine Monitoring,0.03774198244954201,KADANT INC,Technology / Software / Electronics,0.1893164769065995,0.0892483657004507,,0.1502201304636914,2023,Routine Monitoring,1072
0000886835,2022,0,0.051319263425056015,Routine Monitoring,0.056825303188853975,SUPERIOR ENERGY SERVICES INC,Energy / Capital-intensive,0.2301167473641341,0.1472831507994881,0.3426732896058142,0.3625503657780915,2023,Routine Monitoring,848
0000887359,2022,0,0.19781427033566096,Routine Monitoring,0.2154679442277732,VERICEL CORP,Industrial / Manufacturing,-0.1037812186292702,0.0647868338443167,0.2957146991058706,0.0523805255339855,2023,Routine Monitoring,287
0000887596,2022,0,0.08518868468955365,Routine Monitoring,0.09521416028905942,CHEESECAKE FACTORY INC,Consumer / Retail,0.0117872119875658,0.0583470859967858,,0.1283043101033631,2023,Routine Monitoring,593
0000887733,2022,0,0.11129369714801463,Routine Monitoring,0.12397501358821779,CENTRAL GARDEN & PET CO,Consumer / Retail,0.0778880173294818,-0.0103686713170802,,0.0105651751196542,2023,Routine Monitoring,498
0000889331,2022,0,0.025120219209452923,Routine Monitoring,0.028295155895634052,LITTELFUSE INC /DE,Technology / Software / Electronics,0.1992229594132138,0.1075170593078319,,0.2086461646749311,2023,Routine Monitoring,1217
0000889900,2022,0,0.028528605796747278,Routine Monitoring,0.03167106930690304,PATTERSON UTI ENERGY INC,Energy / Capital-intensive,0.0797067675079846,0.1800953806877804,0.4702236735337835,0.95094618523139,2023,Routine Monitoring,1152
0000890447,2022,1,0.013938382055304493,Routine Monitoring,0.014359377091517226,VERTEX ENERGY INC.,Industrial / Manufacturing,0.0173925346964142,0.1027132879305467,0.7600469984116277,23.11195237575992,2023,Routine Monitoring,1405
0000890564,2022,0,0.02709072471604977,Routine Monitoring,0.030079707796486332,ASGN INC,Technology / Software / Electronics,0.0893890113728144,0.0858409794461332,0.4697548595811138,0.1425614166354907,2023,Routine Monitoring,1173
0000891014,2022,0,0.060290553230540084,Routine Monitoring,0.06669145699970816,MINERALS TECHNOLOGIES INC,Industrial / Manufacturing,0.1010585744530698,0.0310736124176857,0.525752587017874,0.1437873325082064,2023,Routine Monitoring,751
0000891024,2022,0,0.3193491445471632,Medium Review Priority,0.3432085721735057,"PATTERSON COMPANIES, INC.",Consumer / Retail,0.0241563650826498,-0.3578141470585017,0.6197025127387722,0.0993458124452602,2023,Medium Review Priority,195
0000891103,2022,0,0.020225559503545005,Routine Monitoring,0.02178587128045122,"MATCH GROUP, INC.",Technology / Software / Electronics,0.1615021498392991,0.1256795745588323,,0.0689061056013236,2023,Routine Monitoring,1302
0000892553,2022,0,0.052851208418478755,Routine Monitoring,0.05851147312339465,CHART INDUSTRIES INC,Industrial / Manufacturing,0.0939593153063756,0.0136905064470763,0.5451803656449618,0.2236472641724216,2023,Routine Monitoring,827
0000893538,2022,0,0.03464419751454808,Routine Monitoring,0.037274525348186364,SM ENERGY CO,Energy / Capital-intensive,0.4702729998121267,0.2950305272584739,,0.2805119078392035,2023,Routine Monitoring,1058
0000893691,2022,0,0.04617087931866605,Routine Monitoring,0.05115433398478073,MASONITE INTERNATIONAL CORP,Industrial / Manufacturing,0.1129192059859867,0.0841557029736969,0.6696071218560096,0.1135063844862376,2023,Routine Monitoring,904
0000894627,2022,0,0.019128087117598093,Routine Monitoring,0.01985187240068358,VAALCO ENERGY INC /DE/,Energy / Capital-intensive,0.4833853569876328,0.1505841819174163,0.4552563516708526,0.7798618611076227,2023,Routine Monitoring,1322
0000895126,2022,0,0.005192544966720104,Routine Monitoring,0.005371911201064698,CHESAPEAKE ENERGY CORP,Energy / Capital-intensive,0.3218938942348633,0.2666795965865011,0.4101370571502457,1.1162371598486214,2023,Routine Monitoring,1567
0000895419,2022,1,0.10944802959263586,Routine Monitoring,0.12194789997722279,"WOLFSPEED, INC.",Technology / Software / Electronics,-0.3320825515947467,-0.0393618379068283,,0.419710806697108,2023,Routine Monitoring,504
0000895447,2022,0,0.10389468238679779,Routine Monitoring,0.11436154618177344,SHOE CARNIVAL INC,Consumer / Retail,0.1160196001536956,0.0509587474400902,0.4690057699632545,-0.0512321913658661,2023,Routine Monitoring,523
0000895456,2022,0,0.15198948934588316,Routine Monitoring,0.1664019140881227,"ROCKY BRANDS, INC.",Industrial / Manufacturing,0.0715512409114911,0.0328353852229605,0.63001940280568,0.196893589795946,2023,Routine Monitoring,373
0000896156,2022,0,0.04774968432717829,Routine Monitoring,0.05289409743333441,ETHAN ALLEN INTERIORS INC,Industrial / Manufacturing,0.169058968257268,0.0963418276276401,0.4341910973128026,0.193518679333128,2023,Routine Monitoring,885
0000896264,2022,0,0.053852596287540105,Routine Monitoring,0.060433889890378005,USANA HEALTH SCIENCES INC,Industrial / Manufacturing,0.1077647629033017,0.1741717780098533,,-0.1583385589448984,2023,Routine Monitoring,817
0000896622,2022,0,0.027945081298116393,Routine Monitoring,0.031465527700257144,"APTARGROUP, INC.",Industrial / Manufacturing,0.1141615213068015,0.1138626816302196,,0.0294457677363899,2023,Routine Monitoring,1161
0000896878,2022,0,0.007663342420350805,Routine Monitoring,0.008527644641332165,INTUIT INC,Technology / Software / Electronics,0.202027345591702,0.1402249945914761,0.4071897310160813,0.3210837745250701,2023,Routine Monitoring,1517
0000897077,2022,0,0.07580850837279629,Routine Monitoring,0.08483244100943148,ALAMO GROUP INC,Technology / Software / Electronics,0.0981702096172345,0.0111042500313333,,0.1344550348779776,2023,Routine Monitoring,638
0000897448,2022,1,0.7885935908895025,High Review Priority,0.8059967847763891,AMARIN CORP PLCUK,Industrial / Manufacturing,-0.28675787460759,-0.2032230508734691,0.3282023157849599,-0.3669389063885169,2023,High Review Priority,59
0000897723,2022,0,0.03173449312544718,Routine Monitoring,0.03571477980074595,SANMINA CORP,Technology / Software / Electronics,0.0466115157832703,0.0680839592550674,,0.1678099612485075,2023,Routine Monitoring,1105
0000898173,2022,0,0.0043755449858520765,Routine Monitoring,0.004941859753270539,O REILLY AUTOMOTIVE INC,Consumer / Retail,0.2050325957365304,0.2493075099348835,,0.0812074195409917,2023,Routine Monitoring,1580
0000898293,2022,0,0.01992110124155386,Routine Monitoring,0.0221370418982458,JABIL INC,Technology / Software / Electronics,0.0416094151382997,0.0837348481006238,0.8756403103920475,0.1431791019293153,2023,Routine Monitoring,1307
0000898437,2022,1,0.267799841886822,Medium Review Priority,0.29244588773816904,"ANIKA THERAPEUTICS, INC.",Industrial / Manufacturing,-0.1241711257328656,0.0126286061272656,,0.0571200454686928,2023,Medium Review Priority,234
0000899751,2022,0,0.03949277251994969,Routine Monitoring,0.04378851626818385,TITAN INTERNATIONAL INC,Industrial / Manufacturing,0.0948667361181535,0.1250772596000404,0.7017522555132606,0.218605617860764,2023,Routine Monitoring,995
0000899923,2022,1,0.4351307382797268,High Review Priority,0.46177188600053565,MYRIAD GENETICS INC,Industrial / Manufacturing,-0.207252358490566,-0.0886794026862434,0.2610327855176441,-0.017665797856936,2023,High Review Priority,140
0000900075,2022,0,0.005104471613329908,Routine Monitoring,0.005681826649045352,COPART INC,Consumer / Retail,0.3927529355846647,0.2216449696206194,0.1287026753746187,0.3002438987250191,2023,Routine Monitoring,1569
0000901491,2022,0,0.02961654851680272,Routine Monitoring,0.03287479499683336,PAPA JOHNS INTERNATIONAL INC,Consumer / Retail,0.0518671064167645,0.1363160373374125,1.3117780397974144,0.0162839189894126,2023,Routine Monitoring,1133
0000902791,2022,0,0.07231889896269308,Routine Monitoring,0.07988825905115748,BARRETT BUSINESS SERVICES INC,Technology / Software / Electronics,0.0559362094835942,0.0404374193886493,0.7411090957262518,0.1038144155047395,2023,Routine Monitoring,661
0000903129,2022,0,0.1116826393456117,Routine Monitoring,0.1228265579421113,GENTHERM INC,Industrial / Manufacturing,0.040100244385119,0.0120608407972242,0.4575381263616557,0.1515136452707546,2023,Routine Monitoring,497
0000908255,2022,0,0.0375491626850225,Routine Monitoring,0.041642660080329866,BORGWARNER INC,Industrial / Manufacturing,0.0869565217391304,0.0923267035424267,0.5581970107096622,0.0649009300444805,2023,Routine Monitoring,1019
0000909494,2022,1,0.09157896520062092,Routine Monitoring,0.10227240876049619,TUCOWS INC /PA/,Technology / Software / Electronics,-0.0985919001563171,0.0299000973302624,,0.0552183927685427,2023,Routine Monitoring,560
0000909832,2022,0,0.011291318978036608,Routine Monitoring,0.012559620014552785,COSTCO WHOLESALE CORP /NEW,Consumer / Retail,0.03433735470624,0.1152011968955521,0.6782252283140604,0.1583481771458028,2023,Routine Monitoring,1458
0000910329,2022,0,0.011553526899157826,Routine Monitoring,0.012850897710071219,MEDIFAST INC,Industrial / Manufacturing,0.1156065675910512,0.6153130959195225,0.5096849275646479,0.0475005684472773,2023,Routine Monitoring,1453
0000910406,2022,0,0.07629991137915283,Routine Monitoring,0.08424810879889216,HAIN CELESTIAL GROUP INC,Industrial / Manufacturing,0.0553342781160518,0.0326397340692096,0.5593983690098862,-0.0398461758654257,2023,Routine Monitoring,635
0000910521,2022,0,0.016174140731426697,Routine Monitoring,0.018239540058046216,DECKERS OUTDOOR CORP,Industrial / Manufacturing,0.1799557575553733,0.2102423007875352,,0.1513954529972805,2023,Routine Monitoring,1372
0000910638,2022,1,0.37273384337175064,Medium Review Priority,0.39824810936608107,3D SYSTEMS CORP,Technology / Software / Electronics,-0.2174949027100668,-0.0484034085135416,0.480369663482908,-0.1260608895797699,2023,High Review Priority,165
0000911177,2022,0,0.05316142223697983,Routine Monitoring,0.05966357437933926,CASELLA WASTE SYSTEMS INC,Energy / Capital-intensive,0.0879135259872692,0.1499529055385156,,0.2202829249750622,2023,Routine Monitoring,825
0000912093,2022,0,0.03687465679141168,Routine Monitoring,0.0414720330850942,VIAVI SOLUTIONS INC.,Technology / Software / Electronics,0.1431445372949551,0.0974342141254992,,0.0779881558094921,2023,Routine Monitoring,1026
0000912463,2022,0,0.07292242155580787,Routine Monitoring,0.08054946534096051,GUESS INC,Industrial / Manufacturing,0.0923485962007181,0.0697553606591442,0.7600834979764564,0.0369338844920437,2023,Routine Monitoring,657
0000912562,2022,0,0.06228951356262935,Routine Monitoring,0.06982578465528798,"GIBRALTAR INDUSTRIES, INC.",Industrial / Manufacturing,0.0936008506682897,0.0848256214000675,,0.0374560656464517,2023,Routine Monitoring,737
0000912603,2022,1,0.036353591270629766,Routine Monitoring,0.04032221158640498,"SCHNITZER STEEL INDUSTRIES, INC.",Consumer / Retail,0.0648072258567939,0.1301195611292474,0.4752679436131779,0.2636398602019683,2023,Routine Monitoring,1032
0000912615,2022,0,0.0791143685418544,Routine Monitoring,0.08732803127617669,URBAN OUTFITTERS INC,Consumer / Retail,0.0472599517355112,0.0387543878322371,0.5132430533230227,0.0541863799015249,2023,Routine Monitoring,622
0000912767,2022,0,0.019728601747832,Routine Monitoring,0.021923608548270846,UFP INDUSTRIES INC,Industrial / Manufacturing,0.0987025824632827,0.2264570993005858,0.2909446516994624,0.1147046815160579,2023,Routine Monitoring,1310
0000913142,2022,0,0.0522188363230907,Routine Monitoring,0.05861283787584993,BELDEN INC.,Industrial / Manufacturing,0.1393961599625549,0.0889705614903492,,0.08238237614717,2023,Routine Monitoring,832
0000913241,2022,0,0.028050457467791,Routine Monitoring,0.03114194068105945,"STEVEN MADDEN, LTD.",Industrial / Manufacturing,0.1327251675181396,0.2129455924857788,0.3291963039393062,0.1371101448871521,2023,Routine Monitoring,1159
0000913277,2022,1,0.2513150346818885,Routine Monitoring,0.27212363535241296,CLARUS CORP,Industrial / Manufacturing,-0.1503974506032055,0.0281967402947051,0.4362427505814009,0.1924245730373555,2023,Medium Review Priority,249
0000914122,2022,0,0.15705340440845875,Routine Monitoring,0.1673662443948273,"PERMA-PIPE INTERNATIONAL HOLDINGS, INC.",Technology / Software / Electronics,0.0781656601364953,-0.0100922206138282,,0.0289927247531611,2023,Routine Monitoring,359
0000914156,2022,0,0.03374366297043347,Routine Monitoring,0.03743843399794801,UFP TECHNOLOGIES INC,Industrial / Manufacturing,0.1565891823444283,0.0469179675931801,0.3718931124931252,0.7147731678945328,2023,Routine Monitoring,1068
0000914475,2022,0,0.017966481874176488,Routine Monitoring,0.019969428861620193,NEUROCRINE BIOSCIENCES INC,Industrial / Manufacturing,0.1672600255256263,0.1432853463925359,0.2790138050407396,0.3133656815174239,2023,Routine Monitoring,1335
0000915358,2022,0,0.13599374774296538,Routine Monitoring,0.14915616298781995,SIGMATRON INTERNATIONAL INC,Technology / Software / Electronics,0.0243610001186064,-0.0688870722719364,0.6991669351354556,0.3642094039683439,2023,Routine Monitoring,426
0000915779,2022,0,0.15183260867148393,Routine Monitoring,0.16825856513910373,DAKTRONICS INC /SD/,Industrial / Manufacturing,0.0066222564119351,-0.0613210970885237,,0.2674858360319729,2023,Routine Monitoring,374
0000915840,2022,0,0.06512226688980816,Routine Monitoring,0.07199684028033862,BEAZER HOMES USA INC,Industrial / Manufacturing,0.1176057018853787,0.0360014795980218,0.5829034491241641,0.0825513957603198,2023,Routine Monitoring,718
0000915913,2022,0,0.002642175512291325,Routine Monitoring,0.0027627013955271464,ALBEMARLE CORP,Industrial / Manufacturing,0.3374352331606217,0.1234332665524624,,1.1995789008091151,2023,Routine Monitoring,1600
0000916076,2022,0,0.056012702928126025,Routine Monitoring,0.061989397541202806,MARTIN MARIETTA MATERIALS INC,Energy / Capital-intensive,0.1958705991202298,0.0661082061679649,0.5216092199338385,0.1379202068710749,2023,Routine Monitoring,788
0000916365,2022,0,0.013469213419773717,Routine Monitoring,0.014978441087337454,TRACTOR SUPPLY CO /DE/,Consumer / Retail,0.101018767216552,0.1598328148796406,0.7594324610511909,0.1157489471652304,2023,Routine Monitoring,1417
0000916540,2022,0,0.019265962381319713,Routine Monitoring,0.021410620121184398,DARLING INGREDIENTS INC.,Industrial / Manufacturing,0.157537639669551,0.0884271117114395,0.5765775555644904,0.3777042031531399,2023,Routine Monitoring,1320
0000916789,2022,0,0.042114817020185845,Routine Monitoring,0.046681906723222526,HELEN OF TROY LTD,Technology / Software / Electronics,0.1021828397904728,0.0714695843622317,0.4890334161028103,-0.0677750516674124,2023,Routine Monitoring,957
0000917273,2022,0,0.011935819735343519,Routine Monitoring,0.013275542484748807,RAMBUS INC,Technology / Software / Electronics,0.1691802644279925,0.2275275184328566,0.2303954003282658,0.3852801062429942,2023,Routine Monitoring,1442
0000917470,2022,0,0.03438276948269748,Routine Monitoring,0.038144757085897,OLYMPIC STEEL INC,Consumer / Retail,0.0522451259575232,0.2084425437991447,0.4213185558535127,0.1071409573260364,2023,Routine Monitoring,1062
0000917491,2022,0,0.3082246701277584,Medium Review Priority,0.3316579443358282,FARO TECHNOLOGIES INC,Industrial / Manufacturing,-0.0720807484852428,-0.0525111598890454,0.3428731987315859,0.0235366207439597,2023,Medium Review Priority,200
0000917520,2022,0,0.046325036128651166,Routine Monitoring,0.05132423439543142,INTEGRA LIFESCIENCES HOLDINGS CORP,Industrial / Manufacturing,0.153383331214779,0.0679911192418654,0.5361143289633956,0.0098661348713213,2023,Routine Monitoring,902
0000918251,2022,0,0.14701154080148973,Routine Monitoring,0.16104157269210387,MOTORCAR PARTS OF AMERICA INC,Industrial / Manufacturing,0.0533558589552522,-0.0211498544088122,0.6884251359904333,0.0503853558621454,2023,Routine Monitoring,392
0000918541,2022,0,0.152805297426357,Routine Monitoring,0.16727982130984576,NN INC,Technology / Software / Electronics,-0.0422907418323849,0.0141304128893096,0.5404640312601281,0.0442937786860531,2023,Routine Monitoring,370
0000918965,2022,0,0.14993618969188083,Routine Monitoring,0.16419160863385943,"SCANSOURCE, INC.",Consumer / Retail,0.0346088525709396,-0.0641850948783645,0.5837120140722649,0.1203276241063397,2023,Routine Monitoring,381
0000919012,2022,0,0.04586145915987993,Routine Monitoring,0.05151933777381031,AMERICAN EAGLE OUTFITTERS INC,Consumer / Retail,0.0495100737840324,0.118766800859175,,-0.004181380761697,2023,Routine Monitoring,910
0000920371,2022,0,0.01375443730260899,Routine Monitoring,0.015295128858168664,"SIMPSON MANUFACTURING CO., INC.",Industrial / Manufacturing,0.2169414584561032,0.1596747725912161,0.435544980353207,0.3450700062356306,2023,Routine Monitoring,1410
0000921299,2022,1,0.9717928445679387,High Review Priority,0.973391682577643,FIBROGEN INC,Industrial / Manufacturing,-2.1389642872369152,-0.2392003107753484,1.0024258835215305,-0.4019183286657118,2023,High Review Priority,5
0000921582,2022,0,0.33185363122446315,Medium Review Priority,0.35615844866012697,IMAX CORP,Industrial / Manufacturing,-0.0160702115988763,0.0210934855094172,0.5984090682137577,0.1801689402588637,2023,Medium Review Priority,185
0000922224,2022,0,0.02540467314771733,Routine Monitoring,0.028614506620265486,PPL CORP,Energy / Capital-intensive,0.1738800303720577,0.0457224409969077,,0.3664188137644821,2023,Routine Monitoring,1209
0000922358,2022,0,0.03310309753501114,Routine Monitoring,0.03724843739338804,FERRELLGAS PARTNERS L P,Consumer / Retail,0.1159122078560821,0.0997845303352061,,0.2053399912216198,2023,Routine Monitoring,1076
0000923120,2022,0,0.04252533226826687,Routine Monitoring,0.04572568510064248,GREENBRIER COMPANIES INC,Industrial / Manufacturing,0.0396279007287503,-0.0390497208879657,,0.7035082189108464,2023,Routine Monitoring,952
0000925528,2022,0,0.005553154073195617,Routine Monitoring,0.0061809432604634975,HUDSON TECHNOLOGIES INC /NY,Consumer / Retail,0.4043631332154662,0.2305196830744276,0.3582403951661143,0.6873067424824122,2023,Routine Monitoring,1557
0000926282,2022,1,0.051367098511889024,Routine Monitoring,0.05687796279703466,"ADTRAN HOLDINGS, INC.",Technology / Software / Electronics,-0.0710135967923115,-0.0235022172153687,0.3072760267075481,0.8215430085754276,2023,Routine Monitoring,846
0000926326,2022,1,0.08088990104153863,Routine Monitoring,0.089270030355972,"OMNICELL, INC.",Technology / Software / Electronics,-0.0017925115764765,0.0351829553483465,0.4888011261295899,0.1448113015870773,2023,Routine Monitoring,613
0000927003,2022,0,0.028109419688823762,Routine Monitoring,0.031207192570562994,ADVANCED ENERGY INDUSTRIES INC,Technology / Software / Electronics,0.1263098630015248,0.0921543765385248,0.4647705414402801,0.2675002094846403,2023,Routine Monitoring,1158
0000927653,2022,0,0.016473957904279593,Routine Monitoring,0.01857692024363572,MCKESSON CORP,Consumer / Retail,0.0158324027595578,0.0827824133504493,,0.0482827333823294,2023,Routine Monitoring,1369
0000928022,2022,0,0.02236963077840146,Routine Monitoring,0.02363801186193443,CALLON PETROLEUM CO,Energy / Capital-intensive,0.520133310058546,0.2443047854396972,0.4979854642332244,0.579910319164022,2023,Routine Monitoring,1266
0000928054,2022,0,0.6514550331991312,High Review Priority,0.6597508407402827,FLOTEK INDUSTRIES INC/CN/,Industrial / Manufacturing,-0.2602724627457896,-0.2708088101450154,0.9842485286087008,,2023,High Review Priority,91
0000928465,2022,0,0.059314865526746655,Routine Monitoring,0.06651676984043585,AMCON DISTRIBUTING CO,Consumer / Retail,0.0112399965946859,0.0791703015911894,,0.2023583701948883,2023,Routine Monitoring,756
0000929008,2022,0,0.07057265473696629,Routine Monitoring,0.07797460437182617,WESCO INTERNATIONAL INC,Consumer / Retail,0.067137124747597,0.000745222387242,0.6995904450040327,0.1757981002016082,2023,Routine Monitoring,676
0000930420,2022,0,0.011795430902363391,Routine Monitoring,0.013119605097400757,KFORCE INC,Technology / Software / Electronics,0.0683115448352053,0.23164304445873,0.5352139263885063,0.0828161137068792,2023,Routine Monitoring,1447
0000931015,2022,0,0.03413112782575512,Routine Monitoring,0.03786666179966638,POLARIS INC.,Industrial / Manufacturing,0.0936663173826988,0.0974721631307614,0.7864849843806896,0.0476690005123074,2023,Routine Monitoring,1063
0000931148,2022,1,0.008949289640839339,Routine Monitoring,0.010101565538993709,GRAFTECH INTERNATIONAL LTD,Technology / Software / Electronics,0.3701533658536585,0.2023640768044444,,-0.0479555472332937,2023,Routine Monitoring,1496
0000931584,2022,0,0.14312815446715046,Routine Monitoring,0.1568557272085456,UNIVERSAL STAINLESS & ALLOY PRODUCTS INC,Industrial / Manufacturing,-0.0345992855517183,-0.0245944502854123,0.3951763391259832,0.2961509356522631,2023,Routine Monitoring,405
0000932696,2022,0,0.0614862128186214,Routine Monitoring,0.0680048704913839,INSIGHT ENTERPRISES INC,Consumer / Retail,0.0396599007725963,0.0191891336293742,0.6796005774774033,0.1054542267562925,2023,Routine Monitoring,743
0000933034,2022,0,0.174300861811484,Routine Monitoring,0.1926055596997661,STRATTEC SECURITY CORP,Industrial / Manufacturing,0.0196720949001138,0.0327475837831053,,-0.0680616944332828,2023,Routine Monitoring,327
0000933036,2022,0,0.034974605256936735,Routine Monitoring,0.038798746618837025,"UPBOUND GROUP, INC.",Technology / Software / Electronics,0.0349880529289168,0.1695096176426634,0.8099788719067281,-0.0737564337439191,2023,Routine Monitoring,1053
0000933974,2022,0,0.2070960305799269,Routine Monitoring,0.22586901302984425,"AZENTA, INC.",Technology / Software / Electronics,-0.044527613060713,-0.1254119213524206,0.09492045740156,0.0813602412288811,2023,Routine Monitoring,276
0000935036,2022,0,0.038987733561627734,Routine Monitoring,0.0432310152767111,"ACI WORLDWIDE, INC.",Technology / Software / Electronics,0.1433538621887178,0.0446684393103201,0.6282784950909609,0.0374311067140036,2023,Routine Monitoring,1000
0000935419,2022,0,0.027056848560348363,Routine Monitoring,0.030042209418683224,"RCI HOSPITALITY HOLDINGS, INC.",Consumer / Retail,0.2670166654211195,0.121545847480301,0.5444871104009888,0.3705968513453994,2023,Routine Monitoring,1175
0000935703,2022,0,0.02517067428890212,Routine Monitoring,0.027953900461697094,"DOLLAR TREE, INC.",Consumer / Retail,0.0789327855370486,0.0701412990126878,0.6198652599024416,0.0763832955944256,2023,Routine Monitoring,1215
0000936395,2022,0,0.11438759774139395,Routine Monitoring,0.1257632106599758,CIENA CORP,Technology / Software / Electronics,0.0613346524765179,-0.0330903702675065,0.4648800938608561,0.0033079385000183,2023,Routine Monitoring,491
0000936468,2022,0,0.010720437706942724,Routine Monitoring,0.01192538776281661,LOCKHEED MARTIN CORP,Industrial / Manufacturing,0.126515518913676,0.1475416036308623,0.8247730711043872,-0.0158105124992542,2023,Routine Monitoring,1468
0000937098,2022,0,0.015453390784246158,Routine Monitoring,0.01718107388870285,"TRINET GROUP, INC.",Technology / Software / Electronics,0.1021494370522006,0.1632297415045019,0.7749056055765321,0.0759911894273128,2023,Routine Monitoring,1384
0000937556,2022,0,0.0338849465821135,Routine Monitoring,0.03759458560087266,MASIMO CORP,Industrial / Manufacturing,0.1031535514294135,0.0091571668846944,0.5829751448327416,0.6428963977813877,2023,Routine Monitoring,1066
0000939767,2022,0,0.047054411501394035,Routine Monitoring,0.05212801845744966,"EXELIXIS, INC.",Industrial / Manufacturing,0.1250628467433283,0.1180580493695403,0.1898304047320371,0.1227147605873293,2023,Routine Monitoring,892
0000939930,2022,0,0.30569528360049636,Medium Review Priority,0.3290277207270462,"PYXUS INTERNATIONAL, INC.",Consumer / Retail,0.0489732782350443,-0.0870933475221853,0.9103738918382294,0.1677086242622854,2023,Medium Review Priority,201
0000940944,2022,0,0.010404597296782265,Routine Monitoring,0.011574463032390748,DARDEN RESTAURANTS INC,Consumer / Retail,0.1206853582554517,0.1247656820379249,0.7831251603228162,0.3382248718055614,2023,Routine Monitoring,1479
0000943452,2022,0,0.029481955994752944,Routine Monitoring,0.032725894726287535,WESTINGHOUSE AIR BRAKE TECHNOLOGIES CORP,Industrial / Manufacturing,0.1209040899306386,0.0560596241088788,0.4519874702959602,0.0690360521605728,2023,Routine Monitoring,1137
0000943819,2022,0,0.02558617201373155,Routine Monitoring,0.028414002358097615,RESMED INC,Industrial / Manufacturing,0.279555756405516,0.0689083849161269,0.3404929459307401,0.119275218380737,2023,Routine Monitoring,1203
0000944148,2022,0,0.03007558471793756,Routine Monitoring,0.03338259449177131,"CBIZ, INC.",Technology / Software / Electronics,0.1192255692188056,0.067122765714237,0.6203273440177445,0.2778957847817724,2023,Routine Monitoring,1125
0000944809,2022,1,0.5095062388224887,High Review Priority,0.5306221634923624,"OPKO HEALTH, INC.",Industrial / Manufacturing,-0.2253076092714968,-0.0439213771865753,0.2794363756246946,-0.4341658787480602,2023,High Review Priority,120
0000945114,2022,0,0.040474711390654276,Routine Monitoring,0.04487227369203261,GLOBAL INDUSTRIAL CO,Consumer / Retail,0.0902152474058828,0.1102811950790861,0.5377855887521968,0.0968864641143825,2023,Routine Monitoring,984
0000945841,2022,0,0.020487255447216666,Routine Monitoring,0.022764709963623585,POOL CORP,Consumer / Retail,0.1659916368473882,0.1359872576629456,0.6535644859241658,0.1669585450820909,2023,Routine Monitoring,1298
0000945983,2022,0,0.12727876063520377,Routine Monitoring,0.13973409629464753,"CLIMB GLOBAL SOLUTIONS, INC.",Consumer / Retail,0.0568888246349573,0.0196716927748257,0.7387430129045615,0.077025429786752,2023,Routine Monitoring,452
0000946581,2022,1,0.05680866047967981,Routine Monitoring,0.06286462980354039,TAKE TWO INTERACTIVE SOFTWARE INC,Technology / Software / Electronics,-0.2177984635226826,6.934769040669268e-05,0.4299304631795285,0.5264494407669482,2023,Routine Monitoring,778
0000949039,2022,0,0.32178165279200555,Medium Review Priority,0.345730506813582,"DIAMOND OFFSHORE DRILLING, INC.",Energy / Capital-intensive,-0.0754150233335473,0.0058012141710886,0.5551769815361175,0.5129103379814626,2023,Medium Review Priority,194
0000949157,2022,0,0.11756426945094006,Routine Monitoring,0.13085487969274603,CENTURY ALUMINUM CO,Industrial / Manufacturing,-0.0540813019839412,0.0175951086956521,,0.2552768361581921,2023,Routine Monitoring,482
0000949870,2022,0,0.050655959862970494,Routine Monitoring,0.05609504183865068,BOSTON BEER CO INC,Industrial / Manufacturing,0.043433728772531,0.1407297295204793,0.2479101165351537,0.0158979637659395,2023,Routine Monitoring,854
0001000228,2022,0,0.047724744085728084,Routine Monitoring,0.052866619377409614,HENRY SCHEIN INC,Consumer / Retail,0.0590653910018186,0.069943069594516,0.4573021958870686,0.0198353829091975,2023,Routine Monitoring,886
0001000623,2022,0,0.03848000197760591,Routine Monitoring,0.04267047766822935,"MATIV HOLDINGS, INC.",Industrial / Manufacturing,0.0237150502906708,0.0551073803553908,0.6785947890548348,0.5051388888888888,2023,Routine Monitoring,1006
0001000694,2022,1,0.8605575689560864,High Review Priority,0.8737162233884591,NOVAVAX INC,Industrial / Manufacturing,-0.3253166702995955,-0.1841505588000773,1.2807295768898546,0.7289446824102104,2023,High Review Priority,46
0001000697,2022,0,0.01064938223440894,Routine Monitoring,0.011846441471408432,WATERS CORP /DE/,Industrial / Manufacturing,0.2938788461201982,0.18639943951658,0.8462607875230881,0.0667948370960065,2023,Routine Monitoring,1471
0001000753,2022,0,0.020132469223832015,Routine Monitoring,0.022691679180329355,"INSPERITY, INC.",Technology / Software / Electronics,0.0421361624484872,0.170498528633657,,0.1941955371631607,2023,Routine Monitoring,1304
0001001233,2022,1,0.9186126934742394,High Review Priority,0.9227345949366927,"SANGAMO THERAPEUTICS, INC",Industrial / Manufacturing,-1.8084708757491084,-0.3975527502671068,0.4756386120044301,0.0054019385552073,2023,High Review Priority,17
0001001250,2022,0,0.015230212279357723,Routine Monitoring,0.017177178718092337,ESTEE LAUDER COMPANIES INC,Industrial / Manufacturing,0.178722444607318,0.1453849832615973,,0.0938637064446499,2023,Routine Monitoring,1388
0001001385,2022,0,0.06655994986380075,Routine Monitoring,0.07357434692888933,NORTHWEST PIPE CO,Industrial / Manufacturing,0.0979340784198048,0.0291681910400106,0.4707253799847008,0.373078757804226,2023,Routine Monitoring,704
0001001614,2022,0,0.004290930097918943,Routine Monitoring,0.004201706508922501,"RILEY EXPLORATION PERMIAN, INC.",Energy / Capital-intensive,0.6325514463407129,0.3304676553579121,0.3529014504341211,1.1302404724701396,2023,Routine Monitoring,1581
0001001838,2022,0,0.02659366749008422,Routine Monitoring,0.029949111747301024,SOUTHERN COPPER CORP/,Energy / Capital-intensive,0.4414653808258442,0.1622061189762348,,-0.0810491947211018,2023,Routine Monitoring,1181
0001002047,2022,0,0.016653289151726636,Routine Monitoring,0.018512598017937452,"NETAPP, INC.",Technology / Software / Electronics,0.1831275720164609,0.120785956513066,0.9164173149810492,0.0999303621169915,2023,Routine Monitoring,1367
0001002590,2022,0,0.051221024112891506,Routine Monitoring,0.057500259638781255,"STAR GROUP, L.P.",Consumer / Retail,0.0301277112348608,0.0371593742294309,,0.3403091071588406,2023,Routine Monitoring,850
0001002638,2022,0,0.01969376245637113,Routine Monitoring,0.02219846804620233,OPEN TEXT CORP,Technology / Software / Electronics,0.1845454462191214,0.0964547209232208,,0.0318149265456135,2023,Routine Monitoring,1312
0001002910,2022,0,0.029563623512679396,Routine Monitoring,0.03328098845562003,AMEREN CORP,Energy / Capital-intensive,0.1903983913535252,0.059703461376108,,0.2444479199249296,2023,Routine Monitoring,1135
0001003078,2022,0,0.02918546914538958,Routine Monitoring,0.03239787405260177,MSC INDUSTRIAL DIRECT CO INC,Consumer / Retail,0.1269573630655059,0.0901962838909744,0.5008881027209504,0.1383404291532128,2023,Routine Monitoring,1143
0001004980,2022,0,0.05472226848122056,Routine Monitoring,0.06140294672038107,PG&E CORP,Energy / Capital-intensive,0.0847324723247232,0.0313627322072755,,0.0502858250169557,2023,Routine Monitoring,807
0001004989,2022,0,0.2598065021475297,Medium Review Priority,0.28105425098220216,"SPAR GROUP, INC.",Technology / Software / Electronics,0.0206148475894483,-0.0533203661811031,0.5976553415505613,0.0216995999515092,2023,Medium Review Priority,243
0001005210,2022,0,0.024654041415931006,Routine Monitoring,0.027381745947988274,SUBURBAN PROPANE PARTNERS LP,Consumer / Retail,0.1374171226102506,0.1048363712764875,0.7635005699411426,0.1650507660494042,2023,Routine Monitoring,1225
0001005229,2022,0,0.0722199059345317,Routine Monitoring,0.07977979583578422,COLUMBUS MCKINNON CORP,Technology / Software / Electronics,0.1045041869606084,0.0492423997103249,0.5090850213870841,0.0327448417360225,2023,Routine Monitoring,663
0001005284,2022,0,0.02269106539608535,Routine Monitoring,0.02520720067955913,UNIVERSAL DISPLAY CORP PA,Technology / Software / Electronics,0.4331848353683555,0.0827331323964979,0.1679590558578306,0.1139858181653945,2023,Routine Monitoring,1258
0001005286,2022,1,0.6440149288805602,High Review Priority,0.6613661750772047,LANDEC CORP CA,Industrial / Manufacturing,-0.222266478636711,-0.0826636400596286,0.6342831006911506,-0.6585826621165427,2023,High Review Priority,96
0001005757,2022,0,0.05926089752251609,Routine Monitoring,0.06556011179466473,CSG SYSTEMS INTERNATIONAL INC,Technology / Software / Electronics,0.0722613952532319,0.0471594368185751,0.7365702349110491,0.041343084051689,2023,Routine Monitoring,757
0001006837,2022,0,0.09010763410304741,Routine Monitoring,0.09933950008380098,INNOVATE CORP.,Industrial / Manufacturing,0.0081842057045135,-0.0082486758704523,1.0257011374489884,0.3585297046133422,2023,Routine Monitoring,572
0001007587,2022,0,0.1991835755153676,Routine Monitoring,0.21692640552374565,KVH INDUSTRIES INC DE,Technology / Software / Electronics,-0.0407119918201587,0.0443524659651922,0.2187902059542213,-0.1914744974296576,2023,Routine Monitoring,285
0001008848,2022,1,0.4777448714174636,High Review Priority,0.5082992980456691,ACORDA THERAPEUTICS INC,Industrial / Manufacturing,-0.2980618389757603,-0.0528924784185846,,-0.0813893128588141,2023,High Review Priority,128
0001009829,2022,0,0.019555232944892514,Routine Monitoring,0.02173137832327963,JAKKS PACIFIC INC,Industrial / Manufacturing,0.0765774874495564,0.2124107543753176,0.6270112645617775,0.2818652232433234,2023,Routine Monitoring,1313
0001010086,2022,0,0.03766987520400058,Routine Monitoring,0.041775961108792614,SIGA TECHNOLOGIES INC,Industrial / Manufacturing,0.3854654106621484,0.2133507579524209,0.1275451240846538,-0.1712782691678447,2023,Routine Monitoring,1015
0001012019,2022,0,0.024827660768080736,Routine Monitoring,0.027966681836653302,RUSH ENTERPRISES INC TX,Consumer / Retail,0.0712667784526114,0.0770465623990792,,0.3853826132791482,2023,Routine Monitoring,1222
0001012100,2022,0,0.025140054544801064,Routine Monitoring,0.02791999193611244,SEALED AIR CORP/DE,Industrial / Manufacturing,0.1674613162232581,0.0986853749979886,0.9446312774550664,0.0195344970906068,2023,Routine Monitoring,1216
0001013237,2022,0,0.011109375706397197,Routine Monitoring,0.012357495338676415,FACTSET RESEARCH SYSTEMS INC,Technology / Software / Electronics,0.2578686821137029,0.134089711668645,0.6683341201029818,0.1586275366098106,2023,Routine Monitoring,1463
0001013462,2022,0,0.015197621079276715,Routine Monitoring,0.01714049371300521,ANSYS INC,Technology / Software / Electronics,0.28692461534514,0.0943493105879309,,0.0833045316158944,2023,Routine Monitoring,1389
0001013488,2022,0,0.09005185153459595,Routine Monitoring,0.09927862596138802,BJS RESTAURANTS INC,Consumer / Retail,-0.004268158756813,0.0488774497524672,0.6696550985637553,0.1811233829912109,2023,Routine Monitoring,573
0001013857,2022,0,0.11618254279447128,Routine Monitoring,0.12771091797929376,PEGASYSTEMS INC,Technology / Software / Electronics,-0.0830181091099484,0.0164516908354889,0.9036269437684508,0.0876422540116683,2023,Routine Monitoring,484
0001013871,2022,0,0.21646994792530902,Routine Monitoring,0.2270590275743974,"NRG ENERGY, INC.",Energy / Capital-intensive,0.063976159528263,0.0123516091401907,0.8686612228093049,0.1687354107228871,2023,Routine Monitoring,268
0001013880,2022,0,0.04818791395352393,Routine Monitoring,0.053376894170375874,"TTEC HOLDINGS, INC.",Technology / Software / Electronics,0.0689702161511179,0.0636260064012271,0.7057747536864625,0.0750727432863687,2023,Routine Monitoring,880
0001014473,2022,0,0.0011453496742685313,Routine Monitoring,0.0012295141345743488,VERISIGN INC/CA,Technology / Software / Electronics,0.661871008491824,0.4794623283719857,1.9012345679012344,0.0733095506396621,2023,Routine Monitoring,1613
0001015383,2022,1,0.11959435533819156,Routine Monitoring,0.1264920066122851,"AMMO, INC.",Industrial / Manufacturing,-0.017023205117101,0.0862316626731821,0.0963761618645648,-0.2032277624836804,2023,Routine Monitoring,473
0001017480,2022,0,0.056405836564093,Routine Monitoring,0.0624217056552319,HIBBETT INC,Consumer / Retail,0.0985877320121101,0.0820339452276502,0.5993962690063461,0.0101301809856289,2023,Routine Monitoring,783
0001018164,2022,0,0.03260144889291741,Routine Monitoring,0.03617583530274409,WILLIS LEASE FINANCE CORP,Consumer / Retail,0.0315939306312053,0.0560822641354107,0.8234801183744904,0.1375810533840016,2023,Routine Monitoring,1089
0001018724,2022,0,0.018861111681346517,Routine Monitoring,0.021262215386232644,AMAZON COM INC,Consumer / Retail,0.0238295819122422,0.1010471713405738,,0.0939951726398509,2023,Routine Monitoring,1324
0001018840,2022,0,0.13445459989245592,Routine Monitoring,0.14933152846570186,ABERCROMBIE & FITCH CO /DE/,Consumer / Retail,0.0250552295165358,-0.0008635877778187,,-0.0040446911845825,2023,Routine Monitoring,429
0001018963,2022,0,0.04677952637600592,Routine Monitoring,0.05182510595403075,ATI INC,Industrial / Manufacturing,0.0748957247132429,0.0505893467698398,0.7396976786035631,0.3700978641331522,2023,Routine Monitoring,896
0001019849,2022,0,0.024749516577696522,Routine Monitoring,0.02748748671155869,"PENSKE AUTOMOTIVE GROUP, INC.",Consumer / Retail,0.053489509182162,0.1033681436243322,0.7042211610672637,0.0884416565250227,2023,Routine Monitoring,1223
0001020214,2022,1,0.6263031631097251,High Review Priority,0.6511563569086244,CERUS CORP,Industrial / Manufacturing,-0.1809786793404667,-0.1174504337618986,0.685628083561066,0.1805250818089494,2023,High Review Priority,102
0001020710,2022,0,0.07570073419067155,Routine Monitoring,0.08359216356002452,DXP ENTERPRISES INC,Consumer / Retail,0.0660115394588987,0.0056821687490359,0.6477402437143298,0.3293869134346152,2023,Routine Monitoring,640
0001020859,2022,0,0.03718710089416826,Routine Monitoring,0.04124281879768928,UNITED NATURAL FOODS INC,Consumer / Retail,0.0146225110619469,0.0433927635028841,0.7650760356581018,0.073395176252319,2023,Routine Monitoring,1023
0001021162,2022,0,0.133757629521875,Routine Monitoring,0.14857067794607706,TRIUMPH GROUP INC,Industrial / Manufacturing,0.1726395229449333,-0.0304698269930092,,-0.0553542537991235,2023,Routine Monitoring,430
0001021561,2022,0,0.09150441714446914,Routine Monitoring,0.10086352522885098,"NU SKIN ENTERPRISES, INC.",Consumer / Retail,0.0498041254298165,0.0593430973601981,0.507242843100106,-0.1743574600590799,2023,Routine Monitoring,561
0001021635,2022,0,0.10850627077580459,Routine Monitoring,0.11937583725502106,OGE ENERGY CORP.,Energy / Capital-intensive,0.1924045383179785,0.0672076653885704,0.6481860865544812,-0.0760872540164764,2023,Routine Monitoring,507
0001021860,2022,0,0.06519097531632925,Routine Monitoring,0.07207224268561951,NOV INC.,Technology / Software / Electronics,0.0364792040900925,-0.0176615688209176,0.4934385791810557,0.3101013758146271,2023,Routine Monitoring,717
0001022408,2022,0,0.10744651319521913,Routine Monitoring,0.118223997273267,EPLUS INC,Consumer / Retail,0.0803600877875996,-0.0109024007192403,0.4470945543833658,0.1354730510774462,2023,Routine Monitoring,509
0001022652,2022,1,0.5686951721405311,High Review Priority,0.5949015450210335,INSEEGO CORP.,Technology / Software / Electronics,-0.2360887483032573,-0.209342397353742,1.4409465654615543,-0.0650764675170255,2023,High Review Priority,112
0001022671,2022,0,0.0054094007548829495,Routine Monitoring,0.006021036893957901,STEEL DYNAMICS INC,Industrial / Manufacturing,0.2287351733592012,0.3150005677972518,0.4282617127250991,0.2092430542918215,2023,Routine Monitoring,1561
0001023024,2022,0,0.15212957674386132,Routine Monitoring,0.16655267630016002,ANI PHARMACEUTICALS INC,Industrial / Manufacturing,-0.1115191933878028,-0.0410518795874682,0.5546036177437583,0.4638237035940333,2023,Routine Monitoring,372
0001023128,2022,0,0.10731398012845289,Routine Monitoring,0.11807992909878061,LITHIA MOTORS INC,Consumer / Retail,0.0688631251818162,-0.0406554449375608,0.6500806311889435,0.2345905035542688,2023,Routine Monitoring,510
0001023731,2022,0,0.09726128782183663,Routine Monitoring,0.10713977139280371,8X8 INC /DE/,Technology / Software / Electronics,-0.0891095763356623,0.0579536950143143,0.8813200128294983,0.1658094745584755,2023,Routine Monitoring,547
0001024305,2022,0,0.036760736660525165,Routine Monitoring,0.040771923353074356,COTY INC.,Industrial / Manufacturing,0.0454151270643239,0.0599697922598856,0.7063411493797509,0.1456834920840624,2023,Routine Monitoring,1029
0001024795,2022,0,0.08396076555455416,Routine Monitoring,0.09262697225274938,"HELIOS TECHNOLOGIES, INC.",Industrial / Manufacturing,0.1550711542805511,0.0750836920133907,0.4569242331078773,0.0186554070767444,2023,Routine Monitoring,597
0001026655,2022,0,0.07571737634575353,Routine Monitoring,0.08361038364550533,CORE MOLDING TECHNOLOGIES INC,Industrial / Manufacturing,0.0477057364538285,0.0955718349570777,0.4153261334743096,0.2273068755020602,2023,Routine Monitoring,639
0001027838,2022,0,0.15434039112618972,Routine Monitoring,0.1689313318742336,TACTILE SYSTEMS TECHNOLOGY INC,Industrial / Manufacturing,-0.051696821119598,0.0204277714160222,0.523914100613343,0.186141297817425,2023,Routine Monitoring,364
0001029142,2022,1,0.030483736651090686,Routine Monitoring,0.0323505484153131,DYNAVAX TECHNOLOGIES CORP,Industrial / Manufacturing,0.3923186237949419,0.0636161687883552,0.4106476644519957,0.6445469481751858,2023,Routine Monitoring,1114
0001031203,2022,0,0.02772398644890825,Routine Monitoring,0.031217474409911787,GROUP 1 AUTOMOTIVE INC,Consumer / Retail,0.0672785890852602,0.0872199478972832,,0.2032502837137197,2023,Routine Monitoring,1166
0001031296,2022,0,0.041031974610980994,Routine Monitoring,0.0461228461803932,FIRSTENERGY CORP,Energy / Capital-intensive,0.1533028332932017,0.0581894682050837,,0.119205892921308,2023,Routine Monitoring,978
0001031308,2022,0,0.02233954119457114,Routine Monitoring,0.024817686988741424,BENTLEY SYSTEMS INC,Technology / Software / Electronics,0.1898056741899148,0.0866741126791268,0.8188141882872223,0.1388907886256198,2023,Routine Monitoring,1270
0001031623,2022,0,0.40416634962521125,High Review Priority,0.4130449026737743,GULF ISLAND FABRICATION INC,Industrial / Manufacturing,-0.023995222034851,-0.0661619681758189,0.2390669256892026,,2023,High Review Priority,150
0001032220,2022,0,0.03831694473914871,Routine Monitoring,0.042490448177551376,"MAXIMUS, INC.",Technology / Software / Electronics,0.070372864022554,0.0725919762848027,0.6119504176858147,0.0885026037228948,2023,Routine Monitoring,1007
0001032975,2022,0,0.036022263368887086,Routine Monitoring,0.039956213283409286,LOGITECH INTERNATIONAL S.A.,Technology / Software / Electronics,0.1010106596034474,0.149971087576139,0.3659880368000813,-0.1719149127155292,2023,Routine Monitoring,1037
0001034670,2022,0,0.03266463779434069,Routine Monitoring,0.0367571587634722,AUTOLIV INC,Industrial / Manufacturing,0.0745306491743949,0.0923934171310094,,0.0743620899149453,2023,Routine Monitoring,1087
0001034842,2022,1,0.8935639790165122,High Review Priority,0.9033845968660809,RIGEL PHARMACEUTICALS INC,Industrial / Manufacturing,-0.4619849969228722,-0.5492891665859889,1.1014008147215872,-0.1942828808062398,2023,High Review Priority,29
0001035002,2022,0,0.0052524945333890195,Routine Monitoring,0.005931634265463999,VALERO ENERGY CORP/TX,Industrial / Manufacturing,0.0889541509102351,0.2061919910793349,,0.5475315195170956,2023,Routine Monitoring,1565
0001035267,2022,0,0.021484178139262827,Routine Monitoring,0.023869754388872705,INTUITIVE SURGICAL INC,Industrial / Manufacturing,0.2534634052264472,0.1149067365500231,0.1434715585016186,0.0896831929388277,2023,Routine Monitoring,1285
0001035983,2022,0,0.02088254802430196,Routine Monitoring,0.023202904104481198,COMFORT SYSTEMS USA INC,Industrial / Manufacturing,0.0613107929640968,0.1160860650215324,0.6150408203649848,0.3470573613791614,2023,Routine Monitoring,1294
0001036044,2022,0,0.3473368466175898,Medium Review Priority,0.3613750336116241,"IDENTIV, INC.",Technology / Software / Electronics,-0.0029491210202364,-0.0759694448499002,0.2663455456624337,0.0881380759186269,2023,Medium Review Priority,178
0001037038,2022,0,0.07180390163768247,Routine Monitoring,0.07932396792141773,RALPH LAUREN CORP,Industrial / Manufacturing,0.1092867341237817,0.0605346490905074,0.6420207673613668,0.036198440138297,2023,Routine Monitoring,666
0001037676,2022,0,0.006120440903661297,Routine Monitoring,0.006811923086267839,"ARCH RESOURCES, INC.",Energy / Capital-intensive,0.2943271922596643,0.4971172672976292,0.438750766509337,0.6868306852858777,2023,Routine Monitoring,1543
0001037868,2022,0,0.01947088040108543,Routine Monitoring,0.021637846023783623,AMETEK INC/,Industrial / Manufacturing,0.2439939322302305,0.0924593278803519,0.3985648919807708,0.1089001127555073,2023,Routine Monitoring,1316
0001038074,2022,1,0.030035718156389665,Routine Monitoring,0.033338495011673464,SILICON LABORATORIES INC.,Technology / Software / Electronics,0.1164527890667567,0.0651203911814542,0.352360161295973,0.4206725300335709,2023,Routine Monitoring,1126
0001039065,2022,0,0.051782228410496914,Routine Monitoring,0.05733493768148489,OSI SYSTEMS INC,Technology / Software / Electronics,0.1028949423445534,0.0442143921283303,0.5576177112566262,0.0316801261136523,2023,Routine Monitoring,840
0001039399,2022,0,0.04117493443399959,Routine Monitoring,0.04564495660438096,FORMFACTOR INC,Technology / Software / Electronics,0.0734179483031324,0.1307105138916991,0.198311294667476,-0.0282418270592484,2023,Routine Monitoring,974
0001039684,2022,0,0.05581823398528331,Routine Monitoring,0.06262384729237257,ONEOK INC /NEW/,Energy / Capital-intensive,0.1254045894356394,0.1191986461843085,,0.3534748353250232,2023,Routine Monitoring,791
0001040130,2022,0,0.08506245307143517,Routine Monitoring,0.09383072527112847,PETMED EXPRESS INC,Consumer / Retail,-0.0055672784184257,0.1694096284967431,0.2456905744072826,-0.0605631690787332,2023,Routine Monitoring,595
0001041061,2022,0,0.0036753115592108704,Routine Monitoring,0.0041513749274672,YUM BRANDS INC,Consumer / Retail,0.3196433791289096,0.2440985289086555,2.518303113239822,0.0391859052247873,2023,Routine Monitoring,1588
0001041803,2022,0,0.05389240263603852,Routine Monitoring,0.059657153707644454,PRICESMART INC,Consumer / Retail,0.041087599324462,0.0673683919486839,0.451961402344614,0.123270138632012,2023,Routine Monitoring,816
0001041859,2022,0,0.19224793910465204,Routine Monitoring,0.20953460907479604,"CHILDRENS PLACE, INC.",Consumer / Retail,-0.0008955318229867,-0.0083323109742558,0.839317598128728,-0.1080118452680535,2023,Routine Monitoring,300
0001042893,2022,0,0.23654902929683466,Routine Monitoring,0.25682413886386624,DRIL-QUIP INC,Technology / Software / Electronics,0.0069627420112133,-0.0378102137242099,0.1003573209667717,0.1211506603291581,2023,Routine Monitoring,255
0001043337,2022,0,0.1319841997327133,Routine Monitoring,0.14663409457791535,STONERIDGE INC,Industrial / Manufacturing,0.0032613901411565,0.0104369695064445,,0.1680303506207963,2023,Routine Monitoring,437
0001043509,2022,0,0.04016682868195841,Routine Monitoring,0.04515541521306902,SONIC AUTOMOTIVE INC,Consumer / Retail,0.0224268093221246,0.0815740312958238,,0.1294488722532347,2023,Routine Monitoring,986
0001043604,2022,0,0.046143447375207376,Routine Monitoring,0.05112409987297071,JUNIPER NETWORKS INC,Technology / Software / Electronics,0.0979212253829321,0.0104645801837734,0.5201839879056901,0.1194830426151962,2023,Routine Monitoring,906
0001044777,2022,1,0.26512424338703333,Medium Review Priority,0.2866384784810304,ONESPAN INC.,Technology / Software / Electronics,-0.1238093933499538,-0.0172674151401746,0.3932500104452044,0.0210974398664682,2023,Medium Review Priority,238
0001045742,2022,0,0.11786268857688487,Routine Monitoring,0.12953334465247976,LIVE VENTURES INC,Consumer / Retail,0.0903653720814323,0.0523261447690005,0.6512954130284205,0.0510365190251336,2023,Routine Monitoring,480
0001045810,2022,0,0.020116382685903832,Routine Monitoring,0.022353550200126828,NVIDIA CORP,Technology / Software / Electronics,0.1565952398606065,0.1369773201884318,0.4633334952163566,0.0022293230289069,2023,Routine Monitoring,1305
0001046102,2022,0,0.009663676736828747,Routine Monitoring,0.01075114036442863,RITCHIE BROS AUCTIONEERS INC,Technology / Software / Electronics,0.262165706929487,0.1616966282051326,0.549511877354231,0.2236016121713147,2023,Routine Monitoring,1490
0001046257,2022,0,0.05587754425526569,Routine Monitoring,0.061840761874297295,INGREDION INC,Industrial / Manufacturing,0.095897306821042,0.0201031609575453,0.5685755852400476,0.1525964606904555,2023,Routine Monitoring,790
0001047127,2022,0,0.013757698941159392,Routine Monitoring,0.01529875017903332,"AMKOR TECHNOLOGY, INC.",Technology / Software / Electronics,0.1265141713735363,0.1610664232103254,0.4576615672472648,0.1552956838905181,2023,Routine Monitoring,1409
0001047862,2022,0,0.040447394276764616,Routine Monitoring,0.04546917543092105,CONSOLIDATED EDISON INC,Energy / Capital-intensive,0.167453733248245,0.0569753131108376,,0.1458028663351858,2023,Routine Monitoring,985
0001048268,2022,0,0.07473261851003166,Routine Monitoring,0.08253213800118231,"IES HOLDINGS, INC.",Industrial / Manufacturing,0.0258481600584823,0.017397928125224,0.582243243619137,0.4102296593606349,2023,Routine Monitoring,644
0001048477,2022,0,0.061597700635392036,Routine Monitoring,0.06812732004355346,BIOMARIN PHARMACEUTICAL INC,Industrial / Manufacturing,0.0713545883449687,0.0275921503028827,0.2779446952302044,0.135279955586248,2023,Routine Monitoring,742
0001048695,2022,0,0.02838765367708592,Routine Monitoring,0.0319620209174416,"F5, INC.",Technology / Software / Electronics,0.149783092128813,0.0838921010106906,,0.0355029699441042,2023,Routine Monitoring,1155
0001049502,2022,0,0.03140411730923103,Routine Monitoring,0.03485195896562512,MKS INSTRUMENTS INC,Industrial / Manufacturing,0.1739498167465464,0.0460200086994345,0.6100043497172684,0.2025359370762136,2023,Routine Monitoring,1107
0001049521,2022,1,0.10407175035258684,Routine Monitoring,0.11455417242817621,MERCURY SYSTEMS INC,Technology / Software / Electronics,0.0319875490413348,-0.0081881952686473,0.3329391624338498,0.0694819025190585,2023,Routine Monitoring,522
0001049606,2022,0,0.07338114811374379,Routine Monitoring,0.08214181893242029,COMPX INTERNATIONAL INC,Industrial / Manufacturing,0.1527119030751312,0.0952211830630204,,0.1828427369243332,2023,Routine Monitoring,654
0001050377,2022,0,0.09087335782944252,Routine Monitoring,0.10017503795468916,PC CONNECTION INC,Consumer / Retail,0.0385766893781624,0.0317222906168793,0.3033670780650757,0.0803434286514357,2023,Routine Monitoring,567
0001050446,2022,0,0.646175937095254,High Review Priority,0.6604457271359367,MICROSTRATEGY INC,Technology / Software / Electronics,-2.555245321112678,0.0013322147873766,1.1589530144315665,-0.0225114632646907,2023,High Review Priority,95
0001050797,2022,0,0.11591731345262599,Routine Monitoring,0.12742316521100436,COLUMBIA SPORTSWEAR CO,Industrial / Manufacturing,0.1134776995928585,-0.0082715449808064,0.3656366313992972,0.1080315327331546,2023,Routine Monitoring,485
0001050825,2022,0,0.06361065606464589,Routine Monitoring,0.07033766337297725,STEELCASE INC,Industrial / Manufacturing,0.0202623275382045,0.0405847103686217,0.6249319048483748,0.1658672052511991,2023,Routine Monitoring,727
0001050915,2022,0,0.022941934371884402,Routine Monitoring,0.025485162258497628,"QUANTA SERVICES, INC.",Industrial / Manufacturing,0.0510754922292811,0.083948582095056,0.5990282328791978,0.3153792622663434,2023,Routine Monitoring,1253
0001054905,2022,0,0.05781432560548306,Routine Monitoring,0.063970230664052,INNOSPEC INC.,Industrial / Manufacturing,0.0953811682028823,0.050944690403442,0.3512502338342583,0.3237832007550223,2023,Routine Monitoring,774
0001056285,2022,1,0.3298426410463317,Medium Review Priority,0.3540782263011937,"KIRKLAND'S, INC",Consumer / Retail,-0.085703402997043,-0.0661851038848333,0.8914368851323264,-0.1063366655917446,2023,Medium Review Priority,187
0001056358,2022,1,0.3990055615052854,High Review Priority,0.42509943039919124,MANNATECH INC,Industrial / Manufacturing,-0.0029517229316074,-0.0529026217228464,0.7114476469630353,-0.1411724940849513,2023,High Review Priority,154
0001056696,2022,0,0.0057626808434787,Routine Monitoring,0.006507355373755385,MANHATTAN ASSOCIATES INC,Technology / Software / Electronics,0.1990655521429204,0.3150419693499223,,0.1558684413155868,2023,Routine Monitoring,1551
0001056903,2022,0,0.06961279113399838,Routine Monitoring,0.07796142498586155,AMERICAN STATES WATER CO,Energy / Capital-intensive,0.2576374082453085,0.0579042988162451,,-0.0146836843719492,2023,Routine Monitoring,683
0001057060,2022,0,0.07671826844315359,Routine Monitoring,0.08470604985655948,MARINEMAX INC,Consumer / Retail,0.1149015336437187,0.0566208175663138,0.4214349657111218,0.1186672334081502,2023,Routine Monitoring,632
0001057352,2022,0,0.04874641233112702,Routine Monitoring,0.05399212138077505,"COSTAR GROUP, INC.",Technology / Software / Electronics,0.2066299517182696,0.0569618219404532,0.1823688748665571,0.1225552752252288,2023,Routine Monitoring,874
0001058090,2022,0,0.011382849380736124,Routine Monitoring,0.012661299939439739,CHIPOTLE MEXICAN GRILL INC,Consumer / Retail,0.1343890871340269,0.1910037150465737,0.6581708216985511,0.1441078851754345,2023,Routine Monitoring,1456
0001058290,2022,0,0.01380135557990241,Routine Monitoring,0.01534722086389504,COGNIZANT TECHNOLOGY SOLUTIONS CORP,Technology / Software / Electronics,0.152769199094091,0.143849428635447,0.3104974232578982,0.0497649538012643,2023,Routine Monitoring,1408
0001059556,2022,0,0.014089796922268734,Routine Monitoring,0.01566745674300873,MOODYS CORP /DE/,Technology / Software / Electronics,0.3443672275054865,0.1027249285664506,0.8126001811972959,-0.1206175619170151,2023,Routine Monitoring,1402
0001060391,2022,0,0.028381438047660797,Routine Monitoring,0.0319550484006556,"REPUBLIC SERVICES, INC.",Energy / Capital-intensive,0.1770147950234248,0.109799710183837,,0.1962195661797254,2023,Routine Monitoring,1156
0001060822,2022,0,0.08551027761639668,Routine Monitoring,0.09431995296640874,CARTERS INC,Industrial / Manufacturing,0.1180213232783427,0.0362177549426879,0.6735647401438283,-0.0785061552758688,2023,Routine Monitoring,589
0001061219,2022,0,0.02823493045823516,Routine Monitoring,0.031790697089668064,ENTERPRISE PRODUCTS PARTNERS L.P.,Energy / Capital-intensive,0.1187055305399924,0.1180331238621013,,0.4258863084429349,2023,Routine Monitoring,1157
0001062231,2022,0,0.040054417916069764,Routine Monitoring,0.04440842892789298,AMERICAN AXLE & MANUFACTURING HOLDINGS INC,Industrial / Manufacturing,0.0420343306218116,0.0820748162504113,0.8853073463268366,0.1252375596323158,2023,Routine Monitoring,987
0001064728,2022,0,0.026190372503289715,Routine Monitoring,0.029082987106739896,PEABODY ENERGY CORP,Energy / Capital-intensive,0.2773239125634798,0.2091680330790618,0.4127753618022385,0.501341048127053,2023,Routine Monitoring,1188
0001065059,2022,0,0.1938579672995247,Routine Monitoring,0.21125154666592177,CENTRUS ENERGY CORP,Energy / Capital-intensive,0.2031994554118447,0.0291991495393338,1.1050318922749822,-0.0150854844116661,2023,Routine Monitoring,297
0001065088,2022,0,0.01292875666176672,Routine Monitoring,0.01437830867079334,EBAY INC,Technology / Software / Electronics,0.2399183256763654,0.1081055155875299,0.7528537170263789,-0.0599808061420346,2023,Routine Monitoring,1423
0001065696,2022,0,0.025747731578627663,Routine Monitoring,0.028999620101199695,LKQ CORP,Consumer / Retail,0.1235735501016101,0.1038378468184083,,-0.0225009672610406,2023,Routine Monitoring,1198
0001065837,2022,0,0.06630476653937047,Routine Monitoring,0.07329438280994172,SKECHERS USA INC,Industrial / Manufacturing,0.0734322423786528,0.0345724884952999,0.4383704502525354,0.1844893635335651,2023,Routine Monitoring,709
0001066605,2022,0,0.07498446920079467,Routine Monitoring,0.08280792088811322,HEIDRICK & STRUGGLES INTERNATIONAL INC,Technology / Software / Electronics,0.1036059897414695,0.1014666079184238,0.6507037030106206,0.0744808492831743,2023,Routine Monitoring,643
0001067294,2022,0,0.038122812896480486,Routine Monitoring,0.04286887757271046,"CRACKER BARREL OLD COUNTRY STORE, INC",Consumer / Retail,0.0468216094934001,0.0894383268022158,,0.1581962994835268,2023,Routine Monitoring,1010
0001067701,2022,0,0.004005899567513979,Routine Monitoring,0.004459554621341465,"UNITED RENTALS, INC.",Technology / Software / Electronics,0.2776155299776671,0.1833105900839432,0.7079766778315345,0.1982297241663235,2023,Routine Monitoring,1583
0001068148,2022,0,0.14790486948239132,Routine Monitoring,0.16398806082021755,PARK OHIO INDUSTRIES INC/OH,Industrial / Manufacturing,0.0228414495277647,-0.019072447859495,,0.0381780250347705,2023,Routine Monitoring,388
0001069183,2022,0,0.043467503402265954,Routine Monitoring,0.04817390617581124,"AXON ENTERPRISE, INC.",Industrial / Manufacturing,0.0783681461592439,0.0825279621192092,0.5552110281798692,0.3782269936447524,2023,Routine Monitoring,943
0001069202,2022,0,0.017760845021306843,Routine Monitoring,0.01974132796118852,LENNOX INTERNATIONAL INC,Technology / Software / Electronics,0.1390725669718548,0.1177364075401152,1.0791011060912914,0.1250089411315895,2023,Routine Monitoring,1341
0001069258,2022,0,0.13704340458043882,Routine Monitoring,0.15028974124902475,"KRATOS DEFENSE & SECURITY SOLUTIONS, INC.",Industrial / Manufacturing,-0.0028943560057887,-0.016500161134386,0.3893006767644215,0.106962415280345,2023,Routine Monitoring,420
0001069878,2022,0,0.015241399908856194,Routine Monitoring,0.016945790443082087,TREX CO INC,Industrial / Manufacturing,0.2230790303812781,0.2315720704076769,0.4448471412276897,-0.0759504140516913,2023,Routine Monitoring,1387
0001069899,2022,0,0.0739278112005229,Routine Monitoring,0.08165074856157037,PHIBRO ANIMAL HEALTH CORP,Industrial / Manufacturing,0.0838260312164039,0.0339691252217722,0.7183188991294399,0.1306905861882763,2023,Routine Monitoring,649
0001070081,2022,1,0.8019311681639495,High Review Priority,0.8184891175038178,"PTC THERAPEUTICS, INC.",Industrial / Manufacturing,-0.6402523751397036,-0.2091053160172348,1.2034956224103976,0.2974565209722368,2023,High Review Priority,56
0001070235,2022,1,0.9125516777106812,High Review Priority,0.9174509028499699,BLACKBERRY LTD,Technology / Software / Electronics,-1.1051829268292683,-0.1566408576533651,0.4895771292435973,-0.0863509749303621,2023,High Review Priority,21
0001070494,2022,0,0.7986188962799916,High Review Priority,0.8153899981353009,ACADIA PHARMACEUTICALS INC,Industrial / Manufacturing,-0.4322909315881562,-0.1939991017536219,0.3188077140310167,0.0683472926499293,2023,High Review Priority,57
0001076930,2022,0,0.03941940747512617,Routine Monitoring,0.04370753422692321,NOVANTA INC,Technology / Software / Electronics,0.1197335820644137,0.0731373850720102,0.5346596713534836,0.2180412086707139,2023,Routine Monitoring,997
0001077688,2022,0,0.30434995912800344,Medium Review Priority,0.3276281672754818,HOOKER FURNISHINGS CORP,Industrial / Manufacturing,-0.0103686833521407,-0.05689570256421,0.3816842888430142,-0.0177051676852894,2023,Medium Review Priority,203
0001078075,2022,0,0.046018669682666616,Routine Monitoring,0.050986573791643584,NETSCOUT SYSTEMS INC,Technology / Software / Electronics,0.0849223098203448,0.0555386164449612,0.2804092095186771,0.0689068754930894,2023,Routine Monitoring,907
0001078207,2022,1,0.3625393015237842,Medium Review Priority,0.38041089460887756,"NAUTILUS, INC.",Industrial / Manufacturing,-0.3255571479881299,0.1152434997431695,0.6251498177726683,-0.5135598625354941,2023,High Review Priority,174
0001078271,2022,0,0.03597151363106754,Routine Monitoring,0.0404610201977501,EXTREME NETWORKS INC,Technology / Software / Electronics,0.0577063635407404,0.1199586339856435,,0.1019429017513062,2023,Routine Monitoring,1038
0001081316,2022,0,0.03472120836610858,Routine Monitoring,0.03851874908131615,BERKSHIRE HATHAWAY ENERGY CO,Energy / Capital-intensive,0.19899760792801,0.0699267782426778,0.621645248057382,0.047196819085487,2023,Routine Monitoring,1057
0001082554,2022,0,0.012352391536195148,Routine Monitoring,0.013060372716792959,UNITED THERAPEUTICS CORP,Industrial / Manufacturing,0.5059649847647575,0.1327653238481264,0.2064356026139465,0.1487985760901808,2023,Routine Monitoring,1433
0001084765,2022,0,0.0376340218266415,Routine Monitoring,0.04173636914121447,"RESOURCES CONNECTION, INC.",Technology / Software / Electronics,0.1036473718600081,0.085032323082929,0.3594732687502257,0.2787887837640346,2023,Routine Monitoring,1016
0001084869,2022,0,0.14709322838803504,Routine Monitoring,0.16112958348937687,1 800 FLOWERS COM INC,Consumer / Retail,0.0190684750337993,0.0047392845497862,0.5347399878161387,0.0403534935881577,2023,Routine Monitoring,391
0001085869,2022,0,0.02634966296689286,Routine Monitoring,0.029259341918178517,PERFICIENT INC,Technology / Software / Electronics,0.1594089686673399,0.1185555002168918,0.5881795944925534,0.1892639814356127,2023,Routine Monitoring,1185
0001086222,2022,0,0.011153109608634013,Routine Monitoring,0.012406081029893944,AKAMAI TECHNOLOGIES INC,Technology / Software / Electronics,0.1869888576568286,0.1535125370330226,0.4748913698003227,0.04490638135711,2023,Routine Monitoring,1462
0001086600,2022,0,0.00752486985002472,Routine Monitoring,0.008373686369935239,ALLIANCE RESOURCE PARTNERS LP,Energy / Capital-intensive,0.2736060628852309,0.2975089358411676,0.3832445416504319,0.5328329859819514,2023,Routine Monitoring,1522
0001088856,2022,0,0.015524387520425816,Routine Monitoring,0.017259868883552288,CORCEPT THERAPEUTICS INC,Industrial / Manufacturing,0.2802830850698505,0.2062338241091476,0.1398419690451296,0.0980386799206509,2023,Routine Monitoring,1383
0001089063,2022,0,0.03790355158584634,Routine Monitoring,0.04262352912246552,"DICK'S SPORTING GOODS, INC.",Consumer / Retail,0.1182887757780074,0.1025201185561346,,0.0060870218804154,2023,Routine Monitoring,1012
0001089819,2022,0,0.06277033444292038,Routine Monitoring,0.06941506307151976,CLECO CORPORATE HOLDINGS LLC,Energy / Capital-intensive,0.1526872913253885,0.0417885254325034,0.6429420133808286,0.2824874321922599,2023,Routine Monitoring,733
0001090872,2022,0,0.017479647575488186,Routine Monitoring,0.01942939488715241,"AGILENT TECHNOLOGIES, INC.",Industrial / Manufacturing,0.2362733644859813,0.1245727307254082,0.496296999620205,0.0837157778129451,2023,Routine Monitoring,1344
0001092699,2022,0,0.02924989003167342,Routine Monitoring,0.03246914850726715,SPS COMMERCE INC,Technology / Software / Electronics,0.1578752425838647,0.1486846759021212,0.2018697783074806,0.17026495291687,2023,Routine Monitoring,1140
0001092796,2022,0,0.026813144849452745,Routine Monitoring,0.029772439094629986,"SMITH & WESSON BRANDS, INC.",Industrial / Manufacturing,0.2912225763372471,0.2770264294156904,0.2753137839815388,-0.1841672213331823,2023,Routine Monitoring,1178
0001093557,2022,0,0.022359313023629514,Routine Monitoring,0.024839596399179976,DEXCOM INC,Industrial / Manufacturing,0.134442229706509,0.1241723389654469,0.6046145000649146,0.188401061874617,2023,Routine Monitoring,1267
0001093691,2022,1,0.6604573627835342,High Review Priority,0.662713892715577,PLUG POWER INC,Technology / Software / Electronics,-0.968792769160584,-0.1437514442403521,0.2956246369882358,0.3963395455685568,2023,High Review Priority,88
0001094285,2022,0,0.043681724613820125,Routine Monitoring,0.04841014810663045,TELEDYNE TECHNOLOGIES INC,Industrial / Manufacturing,0.1780676363902832,0.0339138915981607,0.4306186428870001,0.1829746657131092,2023,Routine Monitoring,939
0001095565,2022,0,0.048437294418376756,Routine Monitoring,0.054394834718839845,HEALTHSTREAM INC,Technology / Software / Electronics,0.0466558731158133,0.1028406339843412,,0.0393982361556919,2023,Routine Monitoring,876
0001096056,2022,0,0.0891323433370757,Routine Monitoring,0.09827507944562643,LUXFER HOLDINGS PLC,Industrial / Manufacturing,0.1058101086443079,0.0390567428150331,0.4907885040530582,0.1317829457364341,2023,Routine Monitoring,577
0001096752,2022,0,0.06536221982465112,Routine Monitoring,0.07226016574871148,EDGEWELL PERSONAL CARE CO,Industrial / Manufacturing,0.0834369388037021,0.0274703078290377,0.6068783496269963,0.0404350117376515,2023,Routine Monitoring,716
0001097149,2022,0,0.0559320224051474,Routine Monitoring,0.06190067271696827,ALIGN TECHNOLOGY INC,Industrial / Manufacturing,0.1720636688725939,0.0956182023814267,0.3945208321459488,-0.0551408901113803,2023,Routine Monitoring,789
0001097864,2022,0,0.005735502317315497,Routine Monitoring,0.006383773807630987,ON SEMICONDUCTOR CORP,Technology / Software / Electronics,0.2834426268886166,0.2198188420920816,0.4818215970280085,0.2353779043888542,2023,Routine Monitoring,1552
0001099590,2022,0,0.007133939285795158,Routine Monitoring,0.007939011001450799,MERCADOLIBRE INC,Technology / Software / Electronics,0.0981303976463889,0.2140361094933022,0.8669918462434478,0.4905064907123071,2023,Routine Monitoring,1529
0001099800,2022,0,0.014783076335237238,Routine Monitoring,0.016437069687042966,EDWARDS LIFESCIENCES CORP,Industrial / Manufacturing,0.3248550832342449,0.1469038287609285,0.2997648477539946,0.0286478738652651,2023,Routine Monitoring,1393
0001101302,2022,0,0.02604605637064966,Routine Monitoring,0.029334488265156698,ENTEGRIS INC,Industrial / Manufacturing,0.1462450255679939,0.0347458298307195,,0.4276580075714702,2023,Routine Monitoring,1192
0001101396,2022,1,0.16550390287209843,Routine Monitoring,0.1809244223551296,"DELTA APPAREL, INC",Consumer / Retail,0.0655468909518024,-0.0384107882470435,0.6510814789919818,0.1101522610188894,2023,Routine Monitoring,339
0001101680,2022,1,0.4272665652008852,High Review Priority,0.4538130497298907,DZS INC.,Technology / Software / Electronics,-0.0855836312288556,-0.1321977902102261,0.629281013157963,0.0727714545153424,2023,High Review Priority,143
0001102993,2022,1,0.4762679355833308,High Review Priority,0.5031841262097415,LIVEPERSON INC,Technology / Software / Electronics,-0.431010101010101,-0.0570288537476812,0.9374731390159238,0.0961961058208269,2023,High Review Priority,129
0001103982,2022,0,0.020829685247321074,Routine Monitoring,0.0231443063459853,"MONDELEZ INTERNATIONAL, INC.",Industrial / Manufacturing,0.1122047244094488,0.0549177217858096,0.6217028990598783,0.0966573816155988,2023,Routine Monitoring,1295
0001104485,2022,0,0.003084484345167379,Routine Monitoring,0.003020270929770355,"NORTHERN OIL & GAS, INC.",Energy / Capital-intensive,0.5432492749286071,0.3229080077824747,0.7407948307896067,2.1606724907878663,2023,Routine Monitoring,1595
0001104506,2022,1,0.8877904117620754,High Review Priority,0.8932919930728448,INSMED INC,Industrial / Manufacturing,-1.863892760782204,-0.2417474878277747,0.9469034402195076,0.3019033115604821,2023,High Review Priority,33
0001104657,2022,0,0.06013752558973803,Routine Monitoring,0.06743215557898435,MATERION CORP,Industrial / Manufacturing,0.0681545652546313,0.0685339475253534,,0.1631522714815667,2023,Routine Monitoring,753
0001107843,2022,0,0.005144580922451466,Routine Monitoring,0.005726446517508948,"QUALYS, INC.",Technology / Software / Electronics,0.2665731444102074,0.2836957746800372,0.5875130717135965,0.1910417051744768,2023,Routine Monitoring,1568
0001108426,2022,0,0.04110669502896555,Routine Monitoring,0.04556966109711114,PNM RESOURCES INC,Energy / Capital-intensive,0.1750390632814045,0.0612791290664731,0.7562533101979103,0.2638851198933856,2023,Routine Monitoring,975
0001108524,2022,0,0.01819829009864107,Routine Monitoring,0.020226547360917446,"SALESFORCE, INC.",Technology / Software / Electronics,0.032852768563409,0.0719380064542888,0.409614664791753,0.1834516080326136,2023,Routine Monitoring,1329
0001109354,2022,0,0.04642071233008329,Routine Monitoring,0.05214381484519445,BRUKER CORP,Industrial / Manufacturing,0.1709803611648951,0.0759731989589678,,0.0466520534347987,2023,Routine Monitoring,900
0001109357,2022,0,0.08077172755191153,Routine Monitoring,0.08664128221023425,EXELON CORP,Energy / Capital-intensive,0.1737603522381801,0.0510755225539858,0.7404901991630746,-0.4751148650507607,2023,Routine Monitoring,615
0001110611,2022,1,0.40718612677627897,High Review Priority,0.42207890736694004,ON24 INC.,Technology / Software / Electronics,-0.312162077203571,-0.0480900080616161,0.2761914387046886,-0.0625745900310883,2023,High Review Priority,148
0001110803,2022,0,0.6295622211515735,High Review Priority,0.6474597039842367,"ILLUMINA, INC.",Industrial / Manufacturing,-0.9116492146596858,0.0319947763630427,,0.0128148475475033,2023,High Review Priority,101
0001111711,2022,0,0.03438850208607494,Routine Monitoring,0.038688366225270554,NISOURCE INC.,Energy / Capital-intensive,0.2205764472170912,0.052714256861381,,0.2129013167628346,2023,Routine Monitoring,1061
0001111928,2022,0,0.06628890240459415,Routine Monitoring,0.0732769775800321,IPG PHOTONICS CORP,Technology / Software / Electronics,0.1185690292099525,0.0775163308156659,0.1304715523023533,-0.0214346343934395,2023,Routine Monitoring,710
0001113232,2022,0,0.010513410642443034,Routine Monitoring,0.011695366472735932,AXCELIS TECHNOLOGIES INC,Technology / Software / Electronics,0.2308276757123385,0.2127054844861247,0.3417235490671746,0.3888271631030089,2023,Routine Monitoring,1475
0001114483,2022,0,0.05516934599325891,Routine Monitoring,0.06106187322254587,INTEGER HOLDINGS CORP,Industrial / Manufacturing,0.0881675406366997,0.0416481473926651,0.4927486753798509,0.1269508361047893,2023,Routine Monitoring,800
0001114925,2022,0,0.32620122452864936,Medium Review Priority,0.3343280883509793,LANTRONIX INC,Technology / Software / Electronics,-0.0386487216073425,-0.0685428101387453,0.4184052295194141,,2023,Medium Review Priority,190
0001114995,2022,1,0.16412442125939058,Routine Monitoring,0.17944404840580153,IMPINJ INC,Technology / Software / Electronics,-0.0755585725368502,0.0018328057940681,0.955420787620412,0.3548241303742321,2023,Routine Monitoring,344
0001116132,2022,0,0.02411763642725658,Routine Monitoring,0.02678762347838631,"TAPESTRY, INC.",Industrial / Manufacturing,0.1758994689206373,0.1174349304226941,0.6854224877155796,0.1632702782660147,2023,Routine Monitoring,1236
0001116463,2022,0,0.293537262205918,Medium Review Priority,0.31636456465143653,ORASURE TECHNOLOGIES INC,Industrial / Manufacturing,-0.059247081777335,-0.1061415580560727,0.1823308777894708,0.6582033088833161,2023,Medium Review Priority,215
0001116942,2022,0,0.035033393274886256,Routine Monitoring,0.039410602136657646,TTM TECHNOLOGIES INC,Technology / Software / Electronics,0.0843303089401958,0.0821015379690239,,0.1095306705088183,2023,Routine Monitoring,1052
0001117171,2022,1,0.09952761757110401,Routine Monitoring,0.10286938674377272,"CBAK ENERGY TECHNOLOGY, INC.",Technology / Software / Electronics,-0.0462542187826068,0.0619376497253028,0.4903204379130547,,2023,Routine Monitoring,540
0001117297,2022,0,0.11382042822804012,Routine Monitoring,0.12514760783462775,"QUINSTREET, INC",Technology / Software / Electronics,-0.0081051504984547,0.068281460983213,0.3189000473912204,0.0062438741060732,2023,Routine Monitoring,492
0001118417,2022,0,0.13254096274362398,Routine Monitoring,0.1454254419189367,"MODEL N, INC.",Technology / Software / Electronics,-0.0591109853808107,0.0644670322526367,0.6567953355921141,0.1329525188037943,2023,Routine Monitoring,434
0001120370,2022,0,0.055170353166820146,Routine Monitoring,0.06190215278089592,"BROADWIND, INC.",Industrial / Manufacturing,-0.0373785776113238,0.1151445966514459,,0.2138457206820538,2023,Routine Monitoring,799
0001121484,2022,0,0.1050676627176724,Routine Monitoring,0.11563744892487764,"OIL STATES INTERNATIONAL, INC",Technology / Software / Electronics,0.0039378831133269,0.0308739637276492,0.3521578516185766,0.2870833849476848,2023,Routine Monitoring,519
0001121788,2022,0,0.02986464183756317,Routine Monitoring,0.03361854593983583,GARMIN LTD,Industrial / Manufacturing,0.2114782957216921,0.1019585651330911,,-0.0245864018086234,2023,Routine Monitoring,1127
0001122904,2022,1,0.22741320812433027,Routine Monitoring,0.24689539811033143,"NETGEAR, INC.",Technology / Software / Electronics,-0.0889292118154754,-0.0134655834318018,0.3911902999161588,-0.2017005786453415,2023,Routine Monitoring,260
0001122976,2022,0,0.10522194634694418,Routine Monitoring,0.11730273778963243,AVIENT CORP,Industrial / Manufacturing,0.0716241278813035,0.0654724732949876,,-0.295073462272765,2023,Routine Monitoring,518
0001123360,2022,0,0.023474539918984866,Routine Monitoring,0.02607523410504391,GLOBAL PAYMENTS INC,Technology / Software / Electronics,0.0713219241458568,0.0500801021865823,0.4969715245240612,0.0529992508002921,2023,Routine Monitoring,1248
0001123494,2022,0,0.25830478311710575,Routine Monitoring,0.27947608838364807,HARVARD BIOSCIENCE INC,Industrial / Manufacturing,-0.0611726298142674,0.0079251513483764,0.5031645569620253,-0.0468361030747493,2023,Medium Review Priority,245
0001124198,2022,0,0.08131656795032474,Routine Monitoring,0.09093164693341103,FLUOR CORP,Industrial / Manufacturing,0.0152066356228172,0.0045407939065475,,0.1052781454487816,2023,Routine Monitoring,611
0001124524,2022,1,0.18137738746328885,Routine Monitoring,0.19066757234576506,"CRYOPORT, INC.",Industrial / Manufacturing,-0.134458881391791,-0.0017819563204094,0.4648951716781581,0.0658961043628261,2023,Routine Monitoring,315
0001124796,2022,1,0.48485541108402896,High Review Priority,0.5117826746855829,"NLIGHT, INC.",Technology / Software / Electronics,-0.2276396566112254,-0.0441693268900748,0.1773455273317073,-0.103973406972526,2023,High Review Priority,126
0001124941,2022,0,0.025946203379323896,Routine Monitoring,0.028812648448103568,BEACON ROOFING SUPPLY INC,Consumer / Retail,0.0834430644032409,0.0668110269009744,0.6163404680602982,0.2691508581752484,2023,Routine Monitoring,1193
0001128928,2022,0,0.029188910739752567,Routine Monitoring,0.032860754318098095,FLOWERS FOODS INC,Industrial / Manufacturing,0.0630932647942433,0.1089313774791019,,0.1096930405168414,2023,Routine Monitoring,1142
0001129155,2022,0,0.011843536489017955,Routine Monitoring,0.013173039106230524,MARINE PRODUCTS CORP,Industrial / Manufacturing,0.1359492906731059,0.3014262590477354,0.2402589866536359,0.2784466501573752,2023,Routine Monitoring,1446
0001130310,2022,0,0.043547471667734615,Routine Monitoring,0.04893451714387985,CENTERPOINT ENERGY INC,Energy / Capital-intensive,0.1680077244930801,0.0469568826856223,,0.1160201149425288,2023,Routine Monitoring,940
0001130464,2022,0,0.04459222908968323,Routine Monitoring,0.050101746353129493,BLACK HILLS CORP /SD/,Energy / Capital-intensive,0.1784000100320713,0.0608013116758488,,0.3092265053342513,2023,Routine Monitoring,926
0001130713,2022,1,0.3046503498275002,Medium Review Priority,0.3279407023907227,"OVERSTOCK.COM, INC",Consumer / Retail,0.0139986129928773,-0.0142678926316891,0.2648922196447312,-0.3000646484640004,2023,Medium Review Priority,202
0001131554,2022,1,0.11492994696071268,Routine Monitoring,0.12635180033023666,SYNCHRONOSS TECHNOLOGIES INC,Technology / Software / Electronics,0.005232990800703,0.0436076890612753,0.6258340199762857,-0.0997345116975215,2023,Routine Monitoring,487
0001132105,2022,0,0.07979941104807513,Routine Monitoring,0.08807739264206753,"SPORTSMAN'S WAREHOUSE HOLDINGS, INC.",Consumer / Retail,0.0414879440377559,0.0544775076837105,0.6587582658098166,-0.0707515975331857,2023,Routine Monitoring,621
0001133062,2022,0,0.033037136330095626,Routine Monitoring,0.03401509106441971,JANEL CORP,Technology / Software / Electronics,0.029975099648744,0.0956833054089084,0.855159169222015,1.1640838962156552,2023,Routine Monitoring,1077
0001133421,2022,0,0.024000761289125577,Routine Monitoring,0.026658162915394062,NORTHROP GRUMMAN CORP /DE/,Industrial / Manufacturing,0.0983826020436041,0.0663009941720946,0.6500514226945492,0.0262147082737544,2023,Routine Monitoring,1239
0001136869,2022,0,0.041281982801513954,Routine Monitoring,0.04576307166066665,"ZIMMER BIOMET HOLDINGS, INC.",Industrial / Manufacturing,0.1003328578221588,0.0643786195765688,0.4290800341782967,-0.1143794185957479,2023,Routine Monitoring,973
0001136893,2022,0,0.3257610260985047,Medium Review Priority,0.3397493463335831,"FIDELITY NATIONAL INFORMATION SERVICES, INC.",Technology / Software / Electronics,-1.109512665198238,0.0622491229179177,0.566895287461677,0.046912156806226,2023,Medium Review Priority,191
0001137091,2022,0,0.15893334867580536,Routine Monitoring,0.17386922209036068,"POWER SOLUTIONS INTERNATIONAL, INC.",Technology / Software / Electronics,0.0511122237619278,-0.0276481418385623,1.0949383113533993,0.0549648770972373,2023,Routine Monitoring,354
0001137789,2022,1,0.0070434566072999924,Routine Monitoring,0.007838397881525613,SEAGATE TECHNOLOGY HOLDINGS PLC,Technology / Software / Electronics,0.1676528599605522,0.1852638640429338,0.9878130590339892,0.0917517086415129,2023,Routine Monitoring,1532
0001138639,2022,0,0.13320267771303707,Routine Monitoring,0.14796476559345065,INFINERA CORP,Technology / Software / Electronics,-0.0382376010810797,-0.0225026330956457,,0.1038706712367694,2023,Routine Monitoring,431
0001138723,2022,0,0.15169904928456981,Routine Monitoring,0.16608932712587082,ACCURAY INC,Industrial / Manufacturing,0.0189528481608898,-0.0050756161057758,0.887513772895787,0.0848370759723333,2023,Routine Monitoring,375
0001140859,2022,0,0.021718930997823415,Routine Monitoring,0.0244747724411396,AMERISOURCEBERGEN CORP,Consumer / Retail,0.0099183020889243,0.0477909929410952,,0.1149506799286728,2023,Routine Monitoring,1278
0001141103,2022,0,0.02242874400535503,Routine Monitoring,0.024916532957490304,CROSS COUNTRY HEALTHCARE INC,Technology / Software / Electronics,0.0973088877004242,0.1414269723022581,0.5176195535317707,0.6739365115718705,2023,Routine Monitoring,1265
0001141391,2022,0,0.001031406156030403,Routine Monitoring,0.001091238445179087,MASTERCARD INC,Technology / Software / Electronics,0.5515132436929442,0.2890972007024068,0.8353217642805495,0.1775577208218597,2023,Routine Monitoring,1614
0001142750,2022,0,0.009533274281366131,Routine Monitoring,0.010606220742419388,AMN HEALTHCARE SERVICES INC,Technology / Software / Electronics,0.1234161993667276,0.2263343340196534,0.6386748009504385,0.3159971738614815,2023,Routine Monitoring,1492
0001144215,2022,0,0.02493289955564774,Routine Monitoring,0.02769058081883406,ACUITY BRANDS INC,Technology / Software / Electronics,0.127230972766531,0.0908855812884317,0.4506637549566117,0.1574978329962437,2023,Routine Monitoring,1220
0001144980,2022,0,0.018094921690467697,Routine Monitoring,0.0204005140959371,ASBURY AUTOMOTIVE GROUP INC,Consumer / Retail,0.0824553901177934,0.0867678958785249,,0.568842310702705,2023,Routine Monitoring,1332
0001145197,2022,0,0.07609202892070686,Routine Monitoring,0.08402054090408127,INSULET CORP,Industrial / Manufacturing,0.0288056385505247,0.0528630447336857,0.7883701301585891,0.187932289770659,2023,Routine Monitoring,636
0001145986,2022,1,0.611340715222786,High Review Priority,0.636611639216158,ASPEN AEROGELS INC,Consumer / Retail,-0.4393615133840456,-0.1467153443495343,0.3045945391473013,0.4829882751475884,2023,High Review Priority,106
0001156174,2022,0,0.05489938085753717,Routine Monitoring,0.06160027251310912,LAKE AREA CORN PROCESSORS LLC,Industrial / Manufacturing,0.0775011713512109,0.2341579197650747,,0.0910271830487341,2023,Routine Monitoring,804
0001156388,2022,1,0.22595414295562097,Routine Monitoring,0.24535103189519453,BIG 5 SPORTING GOODS CORP,Consumer / Retail,0.0336652141856965,-0.0401245497627657,0.6207863226640218,-0.1431219982441341,2023,Routine Monitoring,261
0001157762,2022,0,0.09653146332703946,Routine Monitoring,0.10634455338017047,CHINA AUTOMOTIVE SYSTEMS INC,Industrial / Manufacturing,0.0150146067139897,0.0672259614307792,0.5416615338096624,0.0633703686598003,2023,Routine Monitoring,549
0001158114,2022,1,0.26760718973224495,Medium Review Priority,0.28924360659214887,"APPLIED OPTOELECTRONICS, INC.",Technology / Software / Electronics,-0.2647811218124209,-0.0343455076751995,0.5476690270732346,0.0531893271571384,2023,Medium Review Priority,235
0001158172,2022,0,0.12542079110339427,Routine Monitoring,0.13772300079779368,"COMSCORE, INC.",Technology / Software / Electronics,-0.198906549280995,0.0601754089833375,0.4280830057907011,0.0256394187671826,2023,Routine Monitoring,459
0001158449,2022,0,0.03590936022544194,Routine Monitoring,0.03983148959326084,ADVANCE AUTO PARTS INC,Consumer / Retail,0.0640223037382733,0.0600926140256315,0.7771531379753284,0.0142510598983141,2023,Routine Monitoring,1039
0001158895,2022,0,0.08094546853127166,Routine Monitoring,0.0893307950795105,LEMAITRE VASCULAR INC,Industrial / Manufacturing,0.1659686608805389,0.0817390072018449,0.1361618933508548,0.0467997202507382,2023,Routine Monitoring,612
0001159036,2022,0,0.014393478923758047,Routine Monitoring,0.016235244333112436,"HALOZYME THERAPEUTICS, INC.",Industrial / Manufacturing,0.4052787691860218,0.130387491576211,,0.4890618303218965,2023,Routine Monitoring,1400
0001159167,2022,1,0.5679648305696555,High Review Priority,0.5941839131237789,IROBOT CORP,Technology / Software / Electronics,-0.2031320375567335,-0.107752413988746,0.4305823377537426,-0.2438384472203283,2023,High Review Priority,113
0001162461,2022,1,0.6069851568867853,High Review Priority,0.6323689786577018,CUTERA INC,Industrial / Manufacturing,-0.1513080479716639,-0.1285922132563514,1.029138866922079,0.0913607471786224,2023,High Review Priority,108
0001163302,2022,0,0.03368784431859953,Routine Monitoring,0.03574364027014058,UNITED STATES STEEL CORP,Industrial / Manufacturing,0.1500118680275338,0.1801315654229622,0.4700894233734197,0.038964241676942,2023,Routine Monitoring,1069
0001163609,2022,0,0.06640069730055628,Routine Monitoring,0.07439490911497106,SOUTH DAKOTA SOYBEAN PROCESSORS LLC,Industrial / Manufacturing,0.0938921449214786,0.0881494174891339,,0.2226249969302303,2023,Routine Monitoring,707
0001164863,2022,0,0.08227741682239446,Routine Monitoring,0.09078709289011898,"ENPRO INDUSTRIES, INC",Industrial / Manufacturing,0.0656841339155749,0.0400710023415665,0.4663494221617947,-0.0373095112979505,2023,Routine Monitoring,599
0001166388,2022,0,0.035821285846489685,Routine Monitoring,0.03973419193321096,VERINT SYSTEMS INC,Technology / Software / Electronics,0.0635703162666459,0.060432200712223,0.4404955737830334,0.0317160829676996,2023,Routine Monitoring,1041
0001169445,2022,0,0.04968575987038637,Routine Monitoring,0.05502670675220703,COMPUTER PROGRAMS & SYSTEMS INC,Technology / Software / Electronics,0.0697478631432,0.0751224583084858,0.4623413146836271,0.1639851904115397,2023,Routine Monitoring,865
0001169561,2022,0,0.027000636971365552,Routine Monitoring,0.030405826453097876,COMMVAULT SYSTEMS INC,Technology / Software / Electronics,-0.0202462432608113,0.2175998691497545,,0.0194895730329487,2023,Routine Monitoring,1176
0001171759,2022,0,0.1287647675410985,Routine Monitoring,0.14134197056702694,RED ROBIN GOURMET BURGERS INC,Consumer / Retail,-0.0445391148231864,0.0426992891863797,0.9935407891653498,0.0899586774725964,2023,Routine Monitoring,444
0001173514,2022,0,0.06760666107207847,Routine Monitoring,0.07472253525533273,"HYSTER-YALE MATERIALS HANDLING, INC.",Technology / Software / Electronics,-0.0110193613843248,0.0200375086368571,0.8889053400454052,0.1536560782911207,2023,Routine Monitoring,697
0001175454,2022,0,0.010600861501284666,Routine Monitoring,0.011963220448964296,FLEETCOR TECHNOLOGIES INC,Technology / Software / Electronics,0.4221145454402212,0.0535725084213081,,0.2094030636587176,2023,Routine Monitoring,1472
0001176334,2022,0,0.08693029131764515,Routine Monitoring,0.09587092616693887,MARTIN MIDSTREAM PARTNERS L.P.,Consumer / Retail,0.0503131876436629,0.0269649712532833,1.0992650926524294,0.154626254064057,2023,Routine Monitoring,585
0001177394,2022,0,0.01599572469257004,Routine Monitoring,0.01778294536574934,TD SYNNEX CORP,Consumer / Retail,0.0168560920482723,-0.0016682586714373,0.7300899125640622,0.9720211529203884,2023,Routine Monitoring,1376
0001177609,2022,0,0.045554151041333424,Routine Monitoring,0.050474561688494096,"FIVE BELOW, INC",Consumer / Retail,0.112161396063073,0.0947171217515295,0.5903863291378325,0.0800300805307205,2023,Routine Monitoring,914
0001178670,2022,0,0.9088706232748628,High Review Priority,0.9174094680290563,"ALNYLAM PHARMACEUTICALS, INC.",Industrial / Manufacturing,-0.7567557146685329,-0.1526280898239574,1.0446156184413369,0.2287504130704369,2023,High Review Priority,23
0001178879,2022,1,0.8540580544606057,High Review Priority,0.866981172092188,"AMICUS THERAPEUTICS, INC.",Industrial / Manufacturing,-0.6442853541412921,-0.230022909080364,0.8300847732636256,0.0776363767290533,2023,High Review Priority,47
0001180262,2022,0,0.02679077645535786,Routine Monitoring,0.029747677424050118,HERBALIFE NUTRITION LTD.,Consumer / Retail,0.1047575128737222,0.12902635431918,1.4633601756954613,-0.1031226304542635,2023,Routine Monitoring,1179
0001192448,2022,1,0.46589937132080667,High Review Priority,0.4927809322853532,GLAUKOS CORP,Industrial / Manufacturing,-0.2910005585762669,-0.0330043506324428,0.4712549993365809,-0.0379203499188806,2023,High Review Priority,133
0001193311,2022,0,0.034483012624575586,Routine Monitoring,0.03825553379137915,ONCOR ELECTRIC DELIVERY CO LLC,Energy / Capital-intensive,0.259393477016975,0.056510684666142,0.5925298141533991,0.1005457598656591,2023,Routine Monitoring,1060
0001195734,2022,0,0.11678861646336725,Routine Monitoring,0.1283683954513145,POTBELLY CORP,Consumer / Retail,-0.0084164319550061,0.0508869319780887,0.9825713481610794,0.1892398934882595,2023,Routine Monitoring,483
0001206264,2022,0,0.038538837472550935,Routine Monitoring,0.04273543558176991,"TEMPUR SEALY INTERNATIONAL, INC.",Industrial / Manufacturing,0.1382996017231569,0.086884719482545,1.0028212303316666,-0.0019469457288877,2023,Routine Monitoring,1005
0001210677,2022,0,0.03282138611040073,Routine Monitoring,0.03482621222219358,FIRST ADVANTAGE CORP,Technology / Software / Electronics,0.1163892877115835,0.112825951506635,0.4025861360412551,0.1372015808057054,2023,Routine Monitoring,1086
0001210708,2022,0,0.10591016093133324,Routine Monitoring,0.11655366400187234,"HUDSON GLOBAL, INC.",Technology / Software / Electronics,0.0464719262182891,0.1390892231609314,0.3260133643401725,0.1874035944139427,2023,Routine Monitoring,516
0001219601,2022,0,0.02842899353918251,Routine Monitoring,0.0320083945163669,CROWN HOLDINGS INC,Industrial / Manufacturing,0.1032218187437224,0.0561499195860429,,0.1359487449534842,2023,Routine Monitoring,1154
0001223389,2022,1,0.12430980742690206,Routine Monitoring,0.13652005408741152,CONNS INC,Consumer / Retail,-0.0219526311202679,0.0352216942515943,0.7072569578986316,-0.1556598582040224,2023,Routine Monitoring,463
0001227654,2022,0,0.13792115711699543,Routine Monitoring,0.1441330276523314,COMPASS MINERALS INTERNATIONAL INC,Energy / Capital-intensive,0.0344827586206896,0.0733191359902646,,,2023,Routine Monitoring,415
0001232524,2022,0,0.032915316042574916,Routine Monitoring,0.03703804170453374,JAZZ PHARMACEUTICALS PLC,Industrial / Manufacturing,-0.0179068878994057,0.1173924379260109,,0.1826414128454243,2023,Routine Monitoring,1081
0001235468,2022,0,0.04302025670186449,Routine Monitoring,0.04768064813286559,LIQUIDITY SERVICES INC,Technology / Software / Electronics,0.1692733440457061,0.1556139449643184,0.4636103629244995,0.0874419001984228,2023,Routine Monitoring,947
0001237831,2022,0,0.04528224732246224,Routine Monitoring,0.05017483292579009,GLOBUS MEDICAL INC,Industrial / Manufacturing,0.2228602043519875,0.0859620273528677,0.1106642853083098,0.0675721374133442,2023,Routine Monitoring,919
0001254699,2022,0,0.10185006182336553,Routine Monitoring,0.11213671698563332,QVC INC,Consumer / Retail,-0.1414989379993931,0.032973234440503,0.6314092228313447,-0.1292055663202396,2023,Routine Monitoring,528
0001257640,2022,1,0.09482916556336346,Routine Monitoring,0.10585790175377455,KRONOS WORLDWIDE INC,Industrial / Manufacturing,0.0826857320484923,0.0422353184449958,,-0.0047437351758276,2023,Routine Monitoring,552
0001260221,2022,0,0.012122748401141116,Routine Monitoring,0.01348316643396116,TRANSDIGM GROUP INC,Industrial / Manufacturing,0.4079941057284951,0.0523554426464903,1.207985861821395,0.1315131304710295,2023,Routine Monitoring,1437
0001261333,2022,0,0.028697170026592996,Routine Monitoring,0.031857592219833836,"DOCUSIGN, INC.",Technology / Software / Electronics,-0.0349896558508534,0.1682064712286571,0.7951064154650946,0.1939538148255539,2023,Routine Monitoring,1147
0001262039,2022,0,0.002949068614132489,Routine Monitoring,0.0032834355620001542,"FORTINET, INC.",Technology / Software / Electronics,0.2194956309141123,0.2778741168914579,1.0452151573538857,0.321704266650709,2023,Routine Monitoring,1599
0001262823,2022,0,0.012037447966434795,Routine Monitoring,0.013388423294463008,WESTLAKE CORP,Industrial / Manufacturing,0.1931113080916804,0.1652068126520681,0.4907542579075425,0.3409746985905926,2023,Routine Monitoring,1439
0001262976,2022,0,0.03698566719057042,Routine Monitoring,0.04102035220905792,CIMPRESS PLC,Industrial / Manufacturing,0.0163799477412551,0.1012773150181392,1.1676632811606185,0.1138054081117432,2023,Routine Monitoring,1025
0001267565,2022,0,0.015087929610654562,Routine Monitoring,0.016775450474101537,"COLLEGIUM PHARMACEUTICAL, INC",Industrial / Manufacturing,0.0718185600075873,0.1058059109247605,0.8340542920679209,0.6756468786569774,2023,Routine Monitoring,1390
0001274494,2022,0,0.039514832981318956,Routine Monitoring,0.043812866854915936,"FIRST SOLAR, INC.",Technology / Software / Electronics,-0.0103981225654454,0.1058471539024251,0.2927046737770426,-0.1040091647433772,2023,Routine Monitoring,994
0001275014,2022,0,0.10609174837699856,Routine Monitoring,0.11675111724565924,"ULTRA CLEAN HOLDINGS, INC.",Technology / Software / Electronics,0.0507096828538937,0.0240705798357896,0.5221581926666327,0.1297582794061667,2023,Routine Monitoring,514
0001275158,2022,0,0.11826961811933966,Routine Monitoring,0.1299746310764576,NOODLES & CO,Consumer / Retail,-0.0016330376069718,0.0277946620986903,0.8884258222502712,0.0722463548506582,2023,Routine Monitoring,479
0001275187,2022,0,0.2973536609776848,Medium Review Priority,0.32034317343226737,ANGIODYNAMICS INC,Industrial / Manufacturing,-0.090035703104494,-0.0130149018274051,0.232042999469924,0.0866258891447029,2023,Medium Review Priority,212
0001276187,2022,0,0.05432934846062816,Routine Monitoring,0.060965151437789585,ENERGY TRANSFER LP,Energy / Capital-intensive,0.0860963994837331,0.0856753405336842,,0.3331355592803002,2023,Routine Monitoring,812
0001278027,2022,0,0.0852961252471039,Routine Monitoring,0.09408600752255061,"B&G FOODS, INC.",Industrial / Manufacturing,0.0455977808599167,0.001552214189419,0.774009796416033,0.0519077316920395,2023,Routine Monitoring,592
0001280058,2022,0,0.03672462182484992,Routine Monitoring,0.040732034447718155,BLACKBAUD INC,Technology / Software / Electronics,-0.0269207687327817,0.0681300483208657,0.7513846178521557,0.1405188953801712,2023,Routine Monitoring,1030
0001280263,2022,1,0.22138338184565756,Routine Monitoring,0.24050981432053112,AMBARELLA INC,Technology / Software / Electronics,-0.219948697594237,0.0620857651771696,0.1465893170185653,0.017326792343667,2023,Routine Monitoring,265
0001280452,2022,0,0.016607113117883262,Routine Monitoring,0.018461363304335728,MONOLITHIC POWER SYSTEMS INC,Technology / Software / Electronics,0.2936129014997647,0.1198095085446734,0.189560368840416,0.4854702524759935,2023,Routine Monitoring,1368
0001282637,2022,0,0.05154469682285525,Routine Monitoring,0.05707346822322551,NEWMARKET CORP,Industrial / Manufacturing,0.1284502056026496,0.0451301261665817,0.6832303065707502,0.1734592187970849,2023,Routine Monitoring,843
0001282648,2022,0,0.15038882284475089,Routine Monitoring,0.16668928075690992,BATTALION OIL CORP,Energy / Capital-intensive,0.4237016242229797,0.1623564461696315,,0.2589681106572465,2023,Routine Monitoring,380
0001285785,2022,0,0.005797303118024407,Routine Monitoring,0.006546422205697942,MOSAIC CO,Industrial / Manufacturing,0.2502091481396273,0.1682972718720602,,0.5476718403547671,2023,Routine Monitoring,1550
0001286139,2022,0,0.049282713256657756,Routine Monitoring,0.05223873645122999,"LEGALZOOM.COM, INC.",Technology / Software / Electronics,-0.0673232480454983,0.1821359414891649,0.6487993191825256,0.0780743548723656,2023,Routine Monitoring,869
0001286681,2022,0,0.00346495339863334,Routine Monitoring,0.003913876096902391,DOMINOS PIZZA INC,Consumer / Retail,0.1692524262985772,0.2966613220023954,3.6145363217683455,0.0412599518104142,2023,Routine Monitoring,1590
0001287213,2022,0,0.06405629320205013,Routine Monitoring,0.07178995796471523,"DOUGLAS DYNAMICS, INC",Technology / Software / Electronics,0.0953677191478862,0.0670641708452632,,0.1378051280535892,2023,Routine Monitoring,723
0001288403,2022,0,0.013835228041875243,Routine Monitoring,0.014883001063464263,W&T OFFSHORE INC,Energy / Capital-intensive,0.4930287503650934,0.2371367309451805,,0.6505026791634558,2023,Routine Monitoring,1407
0001288469,2022,1,0.008859314605263308,Routine Monitoring,0.009857163457305508,"MAXLINEAR, INC",Technology / Software / Electronics,0.1608950486140618,0.3294218342831719,0.4268045168534565,0.2553277797574624,2023,Routine Monitoring,1498
0001288847,2022,0,0.08211249111937541,Routine Monitoring,0.0906067935856916,"FIVE9, INC.",Technology / Software / Electronics,-0.1124509851755032,0.0714070478953141,0.7509290991856069,0.2776533774284726,2023,Routine Monitoring,602
0001289308,2022,0,0.037564348523233614,Routine Monitoring,0.041659429774683676,ENERSYS,Technology / Software / Electronics,0.0750586680235206,0.0774020550373077,0.5565314982771463,0.1046251488166598,2023,Routine Monitoring,1018
0001289460,2022,0,0.01698361638166674,Routine Monitoring,0.018879097610181438,"TEXAS ROADHOUSE, INC.",Consumer / Retail,0.0797517957398393,0.2026100056816719,0.5931123090354421,0.1590593502323649,2023,Routine Monitoring,1359
0001290677,2022,0,0.09124411135871688,Routine Monitoring,0.10057954282683917,"TURNING POINT BRANDS, INC.",Industrial / Manufacturing,0.1819557459645842,0.0529150192446854,0.8018199424582158,-0.0683725764415641,2023,Routine Monitoring,563
0001290900,2022,0,0.05724044321007719,Routine Monitoring,0.06333935077022701,"COMMERCIAL VEHICLE GROUP, INC.",Industrial / Manufacturing,0.020522580033885,0.146612144564376,0.7447412964522357,0.010266803077056,2023,Routine Monitoring,775
0001294133,2022,1,0.6366628263326967,High Review Priority,0.661199744262607,INOGEN INC,Industrial / Manufacturing,-0.225964303986046,-0.092662224318032,0.2657385301734886,0.0537369798577107,2023,High Review Priority,98
0001295947,2022,0,0.07087750799450097,Routine Monitoring,0.07830873790430239,PRESTIGE CONSUMER HEALTHCARE INC.,Industrial / Manufacturing,-0.0198762996297856,0.0684956953886256,0.5685149277118098,0.0376449652745829,2023,Routine Monitoring,672
0001296445,2022,0,0.0468925286619619,Routine Monitoring,0.0519496322712479,"ORMAT TECHNOLOGIES, INC.",Energy / Capital-intensive,0.2081333879990574,0.0609279381313862,0.5596811851211917,0.1071885311664886,2023,Routine Monitoring,893
0001297184,2022,0,0.0464246523372062,Routine Monitoring,0.051434020973968736,"AMPHASTAR PHARMACEUTICALS, INC.",Industrial / Manufacturing,0.2154304621162475,0.120192132746261,0.2875104280802763,0.1398434787375961,2023,Routine Monitoring,899
0001297989,2022,0,0.022352623399580863,Routine Monitoring,0.02483218355432028,"EXLSERVICE HOLDINGS, INC.",Technology / Software / Electronics,0.1360878272915008,0.1234222234438411,0.4367667345903296,0.2581776773088666,2023,Routine Monitoring,1269
0001299130,2022,1,0.8686637322390167,High Review Priority,0.8705502788236237,"PACIFIC BIOSCIENCES OF CALIFORNIA, INC.",Industrial / Manufacturing,-2.394282329467514,-0.1489520034678561,0.6814507047195213,-0.0169255169983066,2023,High Review Priority,43
0001301787,2022,0,0.012831094698494125,Routine Monitoring,0.014269855298014505,BLUELINX HOLDINGS INC.,Consumer / Retail,0.0986664910945855,0.268648132066076,0.6040185444437136,0.0404556462228131,2023,Routine Monitoring,1424
0001302028,2022,0,0.14663468467440838,Routine Monitoring,0.1606355243404294,"MANITEX INTERNATIONAL, INC.",Technology / Software / Electronics,0.0159829690272919,-0.0214198467475053,0.7127635744263597,0.2945792501619086,2023,Routine Monitoring,394
0001305168,2022,0,0.04458938107289891,Routine Monitoring,0.049410979379368364,"ARC DOCUMENT SOLUTIONS, INC.",Technology / Software / Electronics,0.0641795741407643,0.1211362933797569,0.4914338707840489,0.0507038735084934,2023,Routine Monitoring,927
0001306830,2022,0,0.03198311335757513,Routine Monitoring,0.03599342395830182,CELANESE CORP,Industrial / Manufacturing,0.1424583893311279,0.0692372107186358,,0.1330678224200538,2023,Routine Monitoring,1103
0001307954,2022,0,0.04311303895011304,Routine Monitoring,0.04778297963468164,HUNTSMAN CORP,Industrial / Manufacturing,0.083759192322074,0.1111922141119221,0.5328467153284672,-0.0508695137820891,2023,Routine Monitoring,946
0001309108,2022,0,0.01816759706059577,Routine Monitoring,0.020192503841853733,WEX INC.,Technology / Software / Electronics,0.1998893006669613,0.0589306535588806,0.8569277269104465,0.270174359728123,2023,Routine Monitoring,1331
0001309402,2022,1,0.10924990564060015,Routine Monitoring,0.12018392282729161,GREEN PLAINS INC.,Industrial / Manufacturing,-0.0270139446097832,0.0328331129826656,0.5002352657466732,0.295589437911012,2023,Routine Monitoring,505
0001313275,2022,0,0.0755670946326812,Routine Monitoring,0.08344585045160546,BRIGHTCOVE INC,Technology / Software / Electronics,-0.038064907491659,0.1115871350625293,0.5507411780714885,-0.0004026661234621,2023,Routine Monitoring,641
0001314727,2022,0,0.17889252918522222,Routine Monitoring,0.19526860857121858,SONOS INC,Technology / Software / Electronics,0.0510929410797929,-0.0237801122192415,0.5283417537033359,0.0207322699249277,2023,Routine Monitoring,318
0001315098,2022,0,0.14366387366710803,Routine Monitoring,0.1513795735495452,ROBLOX CORP,Technology / Software / Electronics,-0.4151741172790568,0.0687000080178781,0.9432544437369116,0.1593757962380828,2023,Routine Monitoring,402
0001315257,2022,0,0.04416176353073166,Routine Monitoring,0.04893949068840207,KOPPERS HOLDINGS INC.,Industrial / Manufacturing,0.0695278969957081,0.0597756222975341,0.7645202757975926,0.1798522578339092,2023,Routine Monitoring,933
0001316517,2022,1,0.1752874046493028,Routine Monitoring,0.18066255574927503,"KANDI TECHNOLOGIES GROUP, INC.",Industrial / Manufacturing,-0.2349436860767435,0.0651761204587143,0.1765888920528421,,2023,Routine Monitoring,324
0001316835,2022,0,0.00532976888360589,Routine Monitoring,0.005665162896345522,"BUILDERS FIRSTSOURCE, INC.",Consumer / Retail,0.1658953029905548,0.3397052050181403,0.5316195319372242,0.1423837590862224,2023,Routine Monitoring,1563
0001317630,2022,0,0.016087191341352176,Routine Monitoring,0.017005547983564916,ITC HOLDINGS CORP.,Energy / Capital-intensive,0.5600272851296043,0.0735306240211029,0.7797378616766961,0.0867309117865084,2023,Routine Monitoring,1374
0001317945,2022,0,0.06563741442540136,Routine Monitoring,0.07256214801933752,"OMEGA FLEX, INC.",Industrial / Manufacturing,0.2471650449847394,0.1560746898161418,0.271395520248966,-0.034797055633754,2023,Routine Monitoring,713
0001318008,2022,0,0.2109596611048495,Routine Monitoring,0.22945092141933346,ZUMIEZ INC,Consumer / Retail,0.0324505937102193,-0.0005067502069118,0.4553732235329982,-0.1904664966588307,2023,Routine Monitoring,274
0001318220,2022,0,0.03303253326654231,Routine Monitoring,0.0366523925812769,"WASTE CONNECTIONS, INC.",Energy / Capital-intensive,0.1722426908235449,0.1180355331255705,0.5848375360666366,0.1724005468058207,2023,Routine Monitoring,1078
0001318484,2022,1,0.19076256535013822,Routine Monitoring,0.20795005734653846,CITI TRENDS INC,Consumer / Retail,0.0947219598219395,0.0105721918648876,0.694181803482907,-0.1982502937187057,2023,Routine Monitoring,303
0001318605,2022,0,0.007485750445932625,Routine Monitoring,0.008330191276394916,"TESLA, INC.",Industrial / Manufacturing,0.167636443986153,0.1788238723311229,0.4425660084043819,0.5135165263920629,2023,Routine Monitoring,1524
0001319947,2022,0,0.06536992534964142,Routine Monitoring,0.0722686215912599,DESIGNER BRANDS INC.,Consumer / Retail,0.0565206060876604,0.1002309891730667,0.7830154785635877,0.0371787624472756,2023,Routine Monitoring,715
0001320461,2022,0,0.13166443014644091,Routine Monitoring,0.14447789224134225,COOPER-STANDARD HOLDINGS INC.,Industrial / Manufacturing,-0.0415785120007159,-0.0184107288458688,0.9484642192705074,0.0837699570550225,2023,Routine Monitoring,438
0001320695,2022,0,0.1686932457494746,Routine Monitoring,0.18434528164174285,"TREEHOUSE FOODS, INC.",Industrial / Manufacturing,-0.0062246670526925,-0.0354263146759444,0.603422741484285,-0.2018670856825954,2023,Routine Monitoring,333
0001320854,2022,0,0.14334314084690541,Routine Monitoring,0.15708755303995617,"FREIGHTCAR AMERICA, INC.",Industrial / Manufacturing,-0.041189404365682,0.05759044348096,1.1431074707867306,0.7963752770253631,2023,Routine Monitoring,404
0001321655,2022,0,0.22915335868309933,Routine Monitoring,0.24873662948024014,PALANTIR TECHNOLOGIES INC.,Technology / Software / Electronics,-0.0845812754378444,0.0646407254743171,0.2365632653509335,0.2360623884079853,2023,Routine Monitoring,259
0001321732,2022,0,0.22064094789102906,Routine Monitoring,0.23972298617320317,PENUMBRA INC,Industrial / Manufacturing,0.0071795101831707,-0.0406022090823015,0.2713777805010774,0.1331518613143567,2023,Routine Monitoring,266
0001323468,2022,0,0.01722972307185584,Routine Monitoring,0.019152136253571272,GLOBAL PARTNERS LP,Consumer / Retail,0.0243823911215482,0.1518549393603373,0.7505622634167329,0.4249314080615918,2023,Routine Monitoring,1352
0001323885,2022,0,0.3350684057656676,Medium Review Priority,0.35948199372129525,"ATRICURE, INC.",Industrial / Manufacturing,-0.1291516712623986,-0.0378189010808816,0.2198214017299572,0.2043167146018103,2023,Medium Review Priority,184
0001324404,2022,0,0.001571438074461263,Routine Monitoring,0.0017383628453342915,"CF INDUSTRIES HOLDINGS, INC.",Industrial / Manufacturing,0.4824780976220275,0.2895665890482986,,0.7109207708779444,2023,Routine Monitoring,1608
0001324948,2022,0,0.022621300281472013,Routine Monitoring,0.025129898467004,RBC BEARINGS INC,Technology / Software / Electronics,0.199414687266045,0.0470322360566263,0.4593424867815112,0.5582165086320718,2023,Routine Monitoring,1260
0001325702,2022,1,0.2880486555443906,Medium Review Priority,0.3106368090602658,MAGNACHIP SEMICONDUCTOR CORP,Technology / Software / Electronics,-0.0155305071995924,0.0099971934306922,0.1712820215041275,-0.2879868418278051,2023,Medium Review Priority,222
0001326380,2022,1,0.1309978809257635,Routine Monitoring,0.14375721426855692,GAMESTOP CORP.,Consumer / Retail,-0.0525711971926035,0.0347530031476842,0.5752874670777928,-0.013891892791189,2023,Routine Monitoring,440
0001326732,2022,0,0.6957483240600384,High Review Priority,0.7093304525332484,XENCOR INC,Industrial / Manufacturing,-0.5011149660649293,0.0289329832464024,0.1403459432377054,-0.4017723755138834,2023,High Review Priority,79
0001326801,2022,0,0.0029772273290440588,Routine Monitoring,0.003314776312570754,"META PLATFORMS, INC.",Technology / Software / Electronics,0.248214117263676,0.271769855756029,0.3231301857026711,-0.0111931755547829,2023,Routine Monitoring,1598
0001327318,2022,1,0.9386723447667757,High Review Priority,0.9448608716282789,"TRUECAR, INC.",Technology / Software / Electronics,-0.7781815705406008,-0.1158404465524576,0.2157223677776143,-0.3028683890236429,2023,High Review Priority,12
0001327567,2022,0,0.012745734434326944,Routine Monitoring,0.014175060961510498,PALO ALTO NETWORKS INC,Technology / Software / Electronics,-0.0343179132963737,0.1619687275576157,0.9828621792779264,0.2926153050915157,2023,Routine Monitoring,1425
0001327688,2022,0,0.11110556906021052,Routine Monitoring,0.12219982748394415,OOMA INC,Technology / Software / Electronics,-0.0266324335576989,0.0669669096599366,0.51800312965154,0.1241614228509022,2023,Routine Monitoring,499
0001327811,2022,0,0.02110311419305561,Routine Monitoring,0.023447391488328757,"WORKDAY, INC.",Technology / Software / Electronics,-0.0357475074077136,0.1228804504265756,0.5858320163117394,0.209585977109822,2023,Routine Monitoring,1292
0001328581,2022,0,0.007161419350259253,Routine Monitoring,0.008085374043672855,BOISE CASCADE CO,Consumer / Retail,0.1380477667027092,0.3213129151733336,,0.0581869216820203,2023,Routine Monitoring,1528
0001333274,2022,1,0.02250301046333912,Routine Monitoring,0.02499882637136509,MERCER INTERNATIONAL INC.,Industrial / Manufacturing,0.1720205336666466,0.1323504965253683,0.6921935371886694,0.2648998616390916,2023,Routine Monitoring,1263
0001334036,2022,0,0.013435353115070506,Routine Monitoring,0.014940844189999266,"CROCS, INC.",Industrial / Manufacturing,0.2393135273425907,0.1339780536527968,0.8183101103848086,0.5366821185640629,2023,Routine Monitoring,1418
0001334978,2022,0,0.044443603697723474,Routine Monitoring,0.049935717578886846,"CLEAR CHANNEL OUTDOOR HOLDINGS, INC.",Technology / Software / Electronics,0.0933198287557221,0.0275249109764017,1.641525549197593,0.1070965473482432,2023,Routine Monitoring,928
0001336047,2022,0,0.02976257411491059,Routine Monitoring,0.033504091660173464,"BOARDWALK PIPELINE PARTNERS, LP",Energy / Capital-intensive,0.3486033519553073,0.075946457120764,,0.0685769718677711,2023,Routine Monitoring,1130
0001336917,2022,0,0.13275291110491597,Routine Monitoring,0.14565453448799645,"UNDER ARMOUR, INC.",Industrial / Manufacturing,0.0480739327424658,-0.0020411428011421,0.5885590178302491,0.0387386851614841,2023,Routine Monitoring,433
0001336920,2022,0,0.02699313726512349,Routine Monitoring,0.029971684986113977,"LEIDOS HOLDINGS, INC.",Technology / Software / Electronics,0.0755765490414003,0.0754341672404559,0.6669726876291026,0.0479726286671033,2023,Routine Monitoring,1177
0001337013,2022,0,0.04480386861989567,Routine Monitoring,0.04750466997749645,"INFUSYSTEM HOLDINGS, INC",Industrial / Manufacturing,0.015048128536856,0.1762486416871252,0.5170141264538979,0.0735676193080814,2023,Routine Monitoring,923
0001337298,2022,0,0.09650871958596205,Routine Monitoring,0.10631976966269407,FUTUREFUEL CORP.,Industrial / Manufacturing,0.044306514416157,0.1473471004497582,0.2049869511109113,0.2322067544945953,2023,Routine Monitoring,550
0001337619,2022,0,0.07455419226711364,Routine Monitoring,0.08233674726216501,"ENVESTNET, INC.",Technology / Software / Electronics,-0.0532544378698224,0.0554109172342122,0.6365795285879654,0.0448935834884793,2023,Routine Monitoring,646
0001339605,2022,0,0.012402341209148631,Routine Monitoring,0.013793697119106678,"H&E EQUIPMENT SERVICES, INC.",Technology / Software / Electronics,0.1833271997672994,0.1366837442438994,0.8250023236035797,0.1709837344290583,2023,Routine Monitoring,1431
0001340122,2022,1,0.042471748684599145,Routine Monitoring,0.04707564313289314,"CALUMET SPECIALTY PRODUCTS PARTNERS, L.P.",Industrial / Manufacturing,0.0284635244415046,0.0366912247428696,1.104931067182143,0.4887865311308768,2023,Routine Monitoring,953
0001340476,2022,0,0.6473691122923406,High Review Priority,0.6715560055214985,DIRTT ENVIRONMENTAL SOLUTIONS LTD,Technology / Software / Electronics,-0.3429522365692578,-0.3081035550945681,0.8747537468761529,0.1664577588368012,2023,High Review Priority,94
0001341439,2022,0,0.010564386839707311,Routine Monitoring,0.011922114767042523,ORACLE CORP,Technology / Software / Electronics,0.2574458058435438,0.0872759545092729,,0.0484448726500159,2023,Routine Monitoring,1474
0001341766,2022,0,0.1528024648771861,Routine Monitoring,0.166655583099091,"CELSIUS HOLDINGS, INC.",Industrial / Manufacturing,-0.2414321209784518,0.0885236431003486,0.2925284906171419,1.0797427615777346,2023,Routine Monitoring,371
0001345126,2022,0,0.07338912113128035,Routine Monitoring,0.08106070956206778,COMPASS DIVERSIFIED HOLDINGS,Industrial / Manufacturing,0.0775461960986624,-0.0073490160485511,0.6462097276336355,0.2293442683480411,2023,Routine Monitoring,653
0001347178,2022,1,0.14647801500532392,Routine Monitoring,0.16046670856722695,VANDA PHARMACEUTICALS INC.,Industrial / Manufacturing,0.0248799050247265,0.0504283031689546,0.1687812476842618,-0.0532227689238579,2023,Routine Monitoring,396
0001349436,2022,0,0.03455424458161122,Routine Monitoring,0.03648772035336044,SANDRIDGE ENERGY INC,Energy / Capital-intensive,0.690051050507752,0.2742661495394648,0.1874697125880728,0.5055364100377779,2023,Routine Monitoring,1059
0001350593,2022,0,0.07727247802945023,Routine Monitoring,0.0853126309624613,"MUELLER WATER PRODUCTS, INC.",Industrial / Manufacturing,0.0894660894660894,0.03491088712369,0.5532340965222615,0.1227722772277228,2023,Routine Monitoring,630
0001350653,2022,1,0.7061870366525744,High Review Priority,0.730904476746522,"ALPHATEC HOLDINGS, INC.",Industrial / Manufacturing,-0.4188909187811906,-0.1463703016892102,,0.4426385211256023,2023,High Review Priority,76
0001352010,2022,0,0.0352909185492066,Routine Monitoring,0.03914824272290733,"EPAM SYSTEMS, INC.",Technology / Software / Electronics,0.118756863123868,0.1157611673893051,0.2509611137121051,0.2837980662795252,2023,Routine Monitoring,1047
0001352081,2022,0,0.009781429821096413,Routine Monitoring,0.011039655363812231,CARDINAL ETHANOL LLC,Industrial / Manufacturing,0.1432276676633332,0.5502820743904231,,0.3531892079014249,2023,Routine Monitoring,1488
0001354327,2022,0,0.02919543929042028,Routine Monitoring,0.03240890496319576,"PGT INNOVATIONS, INC.",Industrial / Manufacturing,0.1074832065867982,0.1197220665886703,0.5959540289309733,0.2845460556676746,2023,Routine Monitoring,1141
0001355096,2022,0,0.12479646249160022,Routine Monitoring,0.1370470295201474,"QURATE RETAIL, INC.",Consumer / Retail,-0.1685940855773996,0.0154323442844642,0.9582372126322488,-0.1379948732554827,2023,Routine Monitoring,460
0001356576,2022,0,0.05617243589629606,Routine Monitoring,0.06216505200995769,"SUPERNUS PHARMACEUTICALS, INC.",Industrial / Manufacturing,0.0691267583680785,0.0686199418739882,0.4794714621017933,0.1508567978957353,2023,Routine Monitoring,787
0001357615,2022,0,0.06687716265960196,Routine Monitoring,0.073922341697906,"KBR, INC.",Industrial / Manufacturing,0.0522547227300426,0.0711462450592885,0.7067912324829321,-0.1056002180133532,2023,Routine Monitoring,702
0001357971,2022,0,0.045756924831758417,Routine Monitoring,0.050698074161243424,ENERGY SERVICES OF AMERICA CORP,Industrial / Manufacturing,0.0328590009615871,0.0735585463660994,0.6597163402739373,0.6134296926229852,2023,Routine Monitoring,912
0001359687,2022,0,0.015705798192588456,Routine Monitoring,0.016923453199604407,"RED TRAIL ENERGY, LLC",Industrial / Manufacturing,0.1036468301228892,0.20918022692212,,0.8233684367495646,2023,Routine Monitoring,1379
0001359841,2022,0,0.12279866217345602,Routine Monitoring,0.13488334060764715,HANESBRANDS INC.,Consumer / Retail,0.083345231124622,-0.0551674109407989,0.9387651302085096,-0.0834538995830171,2023,Routine Monitoring,465
0001361113,2022,0,0.22546914493261422,Routine Monitoring,0.2475364777680665,VARONIS SYSTEMS INC,Technology / Software / Electronics,-0.2559529087861091,0.0113736093173343,,0.2140290259244259,2023,Routine Monitoring,262
0001361538,2022,0,0.05148873827038302,Routine Monitoring,0.05701186825590394,PRIMORIS SERVICES CORP,Industrial / Manufacturing,0.0441881292557863,0.0235173616401713,0.6871242261612519,0.2638833931071078,2023,Routine Monitoring,844
0001364885,2022,1,0.15697373425475822,Routine Monitoring,0.17384188370141984,"SPIRIT AEROSYSTEMS HOLDINGS, INC.",Industrial / Manufacturing,-0.0559090186098298,-0.0591941435900513,,0.2723501138375916,2023,Routine Monitoring,360
0001365135,2022,0,0.028567071267499147,Routine Monitoring,0.0317136334825567,WESTERN UNION CO,Technology / Software / Electronics,0.1977209250363087,0.0684533267422289,0.9437637559879006,-0.1173976492861087,2023,Routine Monitoring,1150
0001366561,2022,0,0.1678200629378421,Routine Monitoring,0.1834089560769939,SMARTSHEET INC,Technology / Software / Electronics,-0.2889968249414863,0.0212464499927491,0.5625526364855626,0.3922847619600895,2023,Routine Monitoring,336
0001367644,2022,1,0.33976367147378506,Medium Review Priority,0.3643319165239586,EMERGENT BIOSOLUTIONS INC.,Industrial / Manufacturing,-0.1540726202158979,-0.0107686477610054,0.5632539632413314,-0.3747420092597757,2023,Medium Review Priority,180
0001368265,2022,0,0.13068769089372512,Routine Monitoring,0.14342179778231057,CLEAN ENERGY FUELS CORP.,Energy / Capital-intensive,-0.1230638512580801,0.0616534101040599,0.3278825747881706,0.6435383303474336,2023,Routine Monitoring,441
0001368458,2022,0,0.0504705611906106,Routine Monitoring,0.055890908333457,"SALLY BEAUTY HOLDINGS, INC.",Consumer / Retail,0.0884901711804149,0.0607326648988869,0.8860492217875428,-0.0153373021966211,2023,Routine Monitoring,857
0001368622,2022,0,0.15301878284626233,Routine Monitoring,0.16954741299846396,AEROVIRONMENT INC,Industrial / Manufacturing,-0.0221814902228244,-0.0105206738131699,,0.1286868973340895,2023,Routine Monitoring,368
0001369568,2022,0,0.003871442928805485,Routine Monitoring,0.004296740254879221,"CATALYST PHARMACEUTICALS, INC.",Industrial / Manufacturing,0.475427515020798,0.3089396480579293,0.2002209621169768,0.5209716472701711,2023,Routine Monitoring,1586
0001370637,2022,0,0.030316547099618278,Routine Monitoring,0.033649133090716946,ETSY INC,Technology / Software / Electronics,-0.2566373785077886,0.2594391340137482,1.2076971917231412,0.1017541434210604,2023,Routine Monitoring,1119
0001370946,2022,0,0.014404904347230837,Routine Monitoring,0.016017274094971983,OWENS CORNING,Industrial / Manufacturing,0.17559676262678,0.1636904761904762,0.5702194940476191,0.1486232054601082,2023,Routine Monitoring,1399
0001371451,2022,0,0.008545462623602246,Routine Monitoring,0.009213180049579687,HIGHWATER ETHANOL LLC,Industrial / Manufacturing,0.1307289910041661,0.4493270827409326,,0.3947624098700726,2023,Routine Monitoring,1502
0001372020,2022,0,0.15685506729474077,Routine Monitoring,0.17163548901893452,GREAT LAKES DREDGE & DOCK CORP,Industrial / Manufacturing,-0.042750943692864,0.0016836765874228,0.6249465256982216,-0.1065456263108535,2023,Routine Monitoring,361
0001372612,2022,0,0.012729721355577012,Routine Monitoring,0.014157277902034191,BOX INC,Technology / Software / Electronics,0.0371792982760673,0.2468444661665969,1.028050018017421,0.1332926165346801,2023,Routine Monitoring,1426
0001373715,2022,0,0.008068864037192298,Routine Monitoring,0.008978488783707037,"SERVICENOW, INC.",Technology / Software / Electronics,0.048999309868875,0.2047522370103015,0.6216256861418151,0.2287991858887381,2023,Routine Monitoring,1512
0001375365,2022,0,0.14075024537809128,Routine Monitoring,0.15429081688460064,"SUPER MICRO COMPUTER, INC.",Technology / Software / Electronics,0.0645035823990266,-0.1375321092129768,0.5551598292334319,0.4606361010866857,2023,Routine Monitoring,409
0001376139,2022,0,0.01129357100674623,Routine Monitoring,0.012743806167396269,CVR ENERGY INC,Industrial / Manufacturing,0.0883810572687224,0.2347657198349113,,0.504556752278376,2023,Routine Monitoring,1457
0001376339,2022,0,0.5524255267226165,High Review Priority,0.5788884420808768,"MIMEDX GROUP, INC.",Industrial / Manufacturing,-0.0932306853693049,-0.1043749635419704,0.5653852884559295,0.0356746515089998,2023,High Review Priority,115
0001376986,2022,0,0.032845889783417244,Routine Monitoring,0.036960251971218154,TENNESSEE VALLEY AUTHORITY,Energy / Capital-intensive,0.1922647527910685,0.0575916230366492,,0.1939445872607825,2023,Routine Monitoring,1085
0001377630,2022,1,0.139652777231493,Routine Monitoring,0.14592943669197483,"NATIONAL CINEMEDIA, INC.",Technology / Software / Electronics,0.0276886035313001,-0.0596920747097425,1.585562847046946,1.174520069808028,2023,Routine Monitoring,410
0001377789,2022,0,0.12478418942618588,Routine Monitoring,0.13703374031327137,"AVIAT NETWORKS, INC.",Technology / Software / Electronics,0.0948808254582303,0.0086105759731278,0.3771209988144635,0.1020257465143263,2023,Routine Monitoring,461
0001378950,2022,0,0.10300366219303204,Routine Monitoring,0.1133921190664892,"CARPARTS.COM, INC.",Consumer / Retail,0.0009839722855363,0.0644633576483122,0.5382866538869711,0.1359178627841495,2023,Routine Monitoring,526
0001378992,2022,0,0.027957525646847725,Routine Monitoring,0.031039093786048372,"BERRY GLOBAL GROUP, INC.",Industrial / Manufacturing,0.0856847188685753,0.0921797593772116,0.8115121490917669,0.0465703971119133,2023,Routine Monitoring,1160
0001381531,2022,0,0.006356077707081338,Routine Monitoring,0.006356077707081338,DOMTAR CORP,Industrial / Manufacturing,,0.1278577476714648,,14.256666666666666,2023,Routine Monitoring,1537
0001383312,2022,0,0.025409202424071457,Routine Monitoring,0.02821804017590655,"BROADRIDGE FINANCIAL SOLUTIONS, INC.",Technology / Software / Electronics,0.1331032912367974,0.0542919400646361,0.7650817745568504,0.1432605082403828,2023,Routine Monitoring,1208
0001383650,2022,0,0.008146182548555238,Routine Monitoring,0.009196012985942628,"CHENIERE ENERGY PARTNERS, L.P.",Energy / Capital-intensive,0.1964431012437521,0.2113278663474762,,0.8238287046851813,2023,Routine Monitoring,1511
0001384195,2022,0,0.040701554652471335,Routine Monitoring,0.042963694701332926,"RING ENERGY, INC.",Energy / Capital-intensive,0.5521796649652553,0.1552220334988753,0.4790358575605036,0.7689199369518906,2023,Routine Monitoring,981
0001384905,2022,0,0.09335340092259983,Routine Monitoring,0.10288020799063927,"RINGCENTRAL, INC.",Technology / Software / Electronics,-0.3266434646160345,0.092254668311422,1.1366365396096374,0.2467941764058907,2023,Routine Monitoring,554
0001385157,2022,0,0.01782562826703727,Routine Monitoring,0.019813189365248365,TE CONNECTIVITY LTD.,Consumer / Retail,0.1692770714329586,0.1187566163025695,0.4756520065441247,0.0910004690745829,2023,Routine Monitoring,1339
0001387467,2022,0,0.0255154287883024,Routine Monitoring,0.028335667827143512,ALPHA & OMEGA SEMICONDUCTOR LTD,Technology / Software / Electronics,0.1312298084243883,0.1685354323675199,0.3423117764965975,0.1836651433547165,2023,Routine Monitoring,1204
0001388658,2022,1,0.4011130570753479,High Review Priority,0.4272467710514508,"IRHYTHM TECHNOLOGIES, INC.",Industrial / Manufacturing,-0.276899939404411,-0.0513406303126575,0.464970483376541,0.2728908851544955,2023,High Review Priority,153
0001389170,2022,0,0.09915803033981894,Routine Monitoring,0.11062868711008453,TARGA RESOURCES CORP.,Energy / Capital-intensive,0.0826094850404686,0.1217177914110429,,0.2348110302186457,2023,Routine Monitoring,542
0001392972,2022,0,0.3643491908632217,Medium Review Priority,0.3896460362649618,"PROS HOLDINGS, INC.",Technology / Software / Electronics,-0.2828088955844381,-0.052778219325668,1.0783151415602537,0.0982964963428167,2023,High Review Priority,172
0001393052,2022,0,0.013837486314403102,Routine Monitoring,0.015387335394613438,VEEVA SYSTEMS INC,Technology / Software / Electronics,0.2130293356101454,0.1624525216597811,0.2264731398731468,0.164408245834047,2023,Routine Monitoring,1406
0001393584,2022,1,0.8888658797793018,High Review Priority,0.8943210081459753,AMERICAN WELL CORP,Technology / Software / Electronics,-0.9951765936722105,-0.1579581079160975,0.10981498196799,0.0965271431905661,2023,High Review Priority,32
0001393883,2022,0,0.02408731510483491,Routine Monitoring,0.026754037405328116,"DHI GROUP, INC.",Technology / Software / Electronics,0.0371459112773917,0.1589517608864422,0.5313757145881854,0.2483424101148428,2023,Routine Monitoring,1238
0001395942,2022,0,0.10067349982920744,Routine Monitoring,0.11229761303531527,"KAR AUCTION SERVICES, INC.",Consumer / Retail,0.11432144267474,0.0008008125317395,,-0.3251909753064487,2023,Routine Monitoring,537
0001396009,2022,0,0.04554773887684824,Routine Monitoring,0.050467493552789816,VULCAN MATERIALS CO,Energy / Capital-intensive,0.1300579615048119,0.0806626108215193,0.511598499430964,0.3175317892006772,2023,Routine Monitoring,915
0001396033,2022,1,0.45331913472370083,High Review Priority,0.48012734453880007,"LL FLOORING HOLDINGS, INC.",Consumer / Retail,-0.0105539044134263,-0.1900943557568739,0.5828980394264708,-0.0361567379185382,2023,High Review Priority,135
0001396814,2022,0,0.04194590402579811,Routine Monitoring,0.04649556529724783,"PACIRA BIOSCIENCES, INC.",Industrial / Manufacturing,0.0900148915079413,0.0864108969783487,0.5390137996669045,0.2313617083354107,2023,Routine Monitoring,961
0001397047,2022,0,0.6307092395859875,High Review Priority,0.6554306170801063,"FLEXSHOPPER, INC.",Technology / Software / Electronics,-0.0557529043548997,-0.2106483189539165,0.7907156548025548,-0.0986279434668628,2023,High Review Priority,100
0001397187,2022,0,0.015338883886039163,Routine Monitoring,0.017053986912586975,LULULEMON ATHLETICA INC.,Industrial / Manufacturing,0.163788305506504,0.1723660513804258,0.4384202496933318,0.2963104502001641,2023,Routine Monitoring,1386
0001397702,2022,1,0.6832123141982516,High Review Priority,0.6963420102149088,SILK ROAD MEDICAL INC,Industrial / Manufacturing,-0.3751063921868463,-0.1208113169067616,0.3923466266199455,0.3662281350086227,2023,High Review Priority,82
0001399520,2022,0,0.14929837837427296,Routine Monitoring,0.16350482032893474,"ONE GROUP HOSPITALITY, INC.",Consumer / Retail,0.0514972934391955,0.0867660399142338,0.7643149705866182,0.1423633910339203,2023,Routine Monitoring,384
0001401257,2022,0,0.1322541131124863,Routine Monitoring,0.1451153720889074,"FORUM ENERGY TECHNOLOGIES, INC.",Technology / Software / Electronics,0.0247545052027894,-0.0204298975630033,0.6321863728007072,0.293576777780242,2023,Routine Monitoring,436
0001401667,2022,0,0.39724610500557367,High Review Priority,0.42330595448067243,"PUMA BIOTECHNOLOGY, INC.",Industrial / Manufacturing,0.1040209445207011,-0.0712738506432975,0.9026925276615674,-0.0992435464438782,2023,High Review Priority,155
0001402057,2022,0,0.021648677500926902,Routine Monitoring,0.024395827014487205,CDW CORP,Consumer / Retail,0.0730650519817926,0.1017324753455431,,0.1406237992776453,2023,Routine Monitoring,1280
0001402436,2022,0,0.016872240750180775,Routine Monitoring,0.01875552890283087,SS&C TECHNOLOGIES HOLDINGS INC,Technology / Software / Electronics,0.2163354154836267,0.0681126263263137,0.6335320927383762,0.045931498713126,2023,Routine Monitoring,1365
0001402829,2022,0,0.08160665161360721,Routine Monitoring,0.090053760284501,ORION GROUP HOLDINGS INC,Industrial / Manufacturing,-0.010730674763003,0.0260516675518514,0.6246816739524179,0.2443827324730609,2023,Routine Monitoring,608
0001403161,2022,0,0.0013467685202395868,Routine Monitoring,0.0014248690140624312,VISA INC.,Technology / Software / Electronics,0.6418628454452405,0.2204535619466439,0.5838528204348488,0.2159303049159926,2023,Routine Monitoring,1611
0001403568,2022,0,0.006174021676409734,Routine Monitoring,0.0068715155159840904,"ULTA BEAUTY, INC.",Consumer / Retail,0.1605130194405098,0.2759407054692834,0.6350724367278408,0.1827958858004081,2023,Routine Monitoring,1541
0001404655,2022,0,0.041933061073968846,Routine Monitoring,0.04648139691895722,HUBSPOT INC,Technology / Software / Electronics,-0.0630288584024324,0.1073485757669355,0.6100879540447779,0.3308410050912691,2023,Routine Monitoring,962
0001408075,2022,0,0.017131406233813564,Routine Monitoring,0.019316645993206188,GRAPHIC PACKAGING HOLDING CO,Industrial / Manufacturing,0.0959745762711864,0.1055383423702556,,0.3191727221911682,2023,Routine Monitoring,1354
0001408198,2022,0,0.00312745294309218,Routine Monitoring,0.003308475054723387,MSCI INC.,Technology / Software / Electronics,0.5370635391475044,0.219181856655331,1.2016844304241991,0.1003423464334509,2023,Routine Monitoring,1594
0001408710,2022,0,0.043545029851253615,Routine Monitoring,0.04825940322464372,FABRINET,Technology / Software / Electronics,0.0904057246320435,0.067685348060977,0.3170331235791748,0.2037268204432383,2023,Routine Monitoring,941
0001409171,2022,0,0.07729001566048181,Routine Monitoring,0.08647380005138432,TITAN MACHINERY INC.,Consumer / Retail,0.0626092537656621,0.0090990540046016,,0.2905533364565578,2023,Routine Monitoring,629
0001410384,2022,0,0.13921322510668835,Routine Monitoring,0.15263219693173843,"Q2 HOLDINGS, INC.",Technology / Software / Electronics,-0.1851971015056401,0.0270840155705676,0.6895488417649211,0.1342496791786975,2023,Routine Monitoring,412
0001411207,2022,0,0.011514421754904495,Routine Monitoring,0.01280745826112591,ALLISON TRANSMISSION HOLDINGS INC,Industrial / Manufacturing,0.2831347056699169,0.140655105973025,0.8128880325412118,0.152789342214821,2023,Routine Monitoring,1454
0001411688,2022,1,0.118603711427648,Routine Monitoring,0.1303369016018682,"CONTAINER STORE GROUP, INC.",Consumer / Retail,-0.1218372168080835,0.0601974879564422,0.7338693469376983,-0.0428298932748631,2023,Routine Monitoring,476
0001412408,2022,1,0.8935677544378842,High Review Priority,0.9033880616011228,"PHREESIA, INC.",Technology / Software / Electronics,-0.6285002313908369,-0.2435381576351751,0.2222306293354807,0.3173852077305108,2023,High Review Priority,28
0001413329,2022,0,0.003674679453943302,Routine Monitoring,0.004090978978912565,PHILIP MORRIS INTERNATIONAL INC.,Industrial / Manufacturing,0.3855550658019016,0.175143074852872,1.1023167588074123,0.011367616621557,2023,Routine Monitoring,1589
0001413447,2022,0,0.007605242681393979,Routine Monitoring,0.008585963549897942,NXP SEMICONDUCTORS N.V.,Technology / Software / Electronics,0.2875425975009466,0.1676278189017042,,0.1936183675314109,2023,Routine Monitoring,1518
0001413898,2022,1,0.6770138959402058,High Review Priority,0.7001093890731217,DALLASNEWS CORP,Industrial / Manufacturing,-0.0596544330937066,-0.1928042620909154,0.8289213312115132,-0.0241167554121808,2023,High Review Priority,84
0001418135,2022,0,0.017466886531353375,Routine Monitoring,0.019415238554557703,KEURIG DR PEPPER INC.,Industrial / Manufacturing,0.1853169239524792,0.0547292474487335,0.5153075988193762,0.1083339903808247,2023,Routine Monitoring,1345
0001418819,2022,0,0.01729801787374872,Routine Monitoring,0.019227901989362722,IRIDIUM COMMUNICATIONS INC.,Technology / Software / Electronics,0.1063458866017414,0.1166986175745452,0.6179584300803213,0.1733669650122049,2023,Routine Monitoring,1351
0001419612,2022,0,0.04614393993961536,Routine Monitoring,0.05183477466720044,"SOLAREDGE TECHNOLOGIES, INC.",Technology / Software / Electronics,0.0534099995530947,0.0073334210043298,,0.5837539749422695,2023,Routine Monitoring,905
0001420800,2022,0,0.29044566745584777,Medium Review Priority,0.30647196946005945,ENOVIS CORP,Industrial / Manufacturing,-0.045536404877228,-0.0130722579171627,0.1926981537228824,-0.5944530048623577,2023,Medium Review Priority,219
0001421517,2022,0,0.06745183780500882,Routine Monitoring,0.07455271919870805,"ENERGY RECOVERY, INC.",Technology / Software / Electronics,0.1976972872259955,0.0581969139186966,0.1460613069540497,0.2087215121650754,2023,Routine Monitoring,699
0001422930,2022,0,0.024607844639679553,Routine Monitoring,0.026124515290800347,"PUBMATIC, INC.",Technology / Software / Electronics,0.1580466495046415,0.1358072176587378,0.5138583719391132,0.1298852398328838,2023,Routine Monitoring,1227
0001423221,2022,0,0.04104352777083143,Routine Monitoring,0.04549996117069326,QUANEX BUILDING PRODUCTS CORP,Industrial / Manufacturing,0.0911017747003279,0.135195558481239,0.3585093918580436,0.1393024663549562,2023,Routine Monitoring,977
0001423774,2022,1,0.4267499490716644,High Review Priority,0.45328973958441876,ZUORA INC,Technology / Software / Electronics,-0.4732672367434427,-0.0308765506328167,0.8546809891743619,0.1423235987979396,2023,High Review Priority,145
0001423902,2022,0,0.01215104349760215,Routine Monitoring,0.013041071468038032,"WESTERN MIDSTREAM PARTNERS, LP",Energy / Capital-intensive,0.4883223376175262,0.150947671445509,0.7242532312102564,0.1301862430074152,2023,Routine Monitoring,1436
0001424929,2022,0,0.03863232080524556,Routine Monitoring,0.04283864500478102,FOX FACTORY HOLDING CORP,Industrial / Manufacturing,0.1539459503984733,0.1156088723231764,0.3070746742332865,0.2335735575768398,2023,Routine Monitoring,1003
0001425292,2022,0,0.004586698366952806,Routine Monitoring,0.0051801999445639,"CVR PARTNERS, LP",Industrial / Manufacturing,0.3828603707107843,0.2739580625989411,,0.5689331763619054,2023,Routine Monitoring,1579
0001428336,2022,0,0.05035469722884223,Routine Monitoring,0.05576333178576941,"HEALTHEQUITY, INC.",Technology / Software / Electronics,0.0105100330955221,0.048771407297096,0.3863058046553789,0.139040599770539,2023,Routine Monitoring,858
0001431695,2022,1,0.2983755054409725,Medium Review Priority,0.311673556215956,OLO INC.,Technology / Software / Electronics,-0.278656339669047,0.0030223244563297,0.1005026032734971,0.241256494028172,2023,Medium Review Priority,209
0001432133,2022,1,0.6998669222608636,High Review Priority,0.7125967188222286,KALTURA INC,Technology / Software / Electronics,-0.333977051258508,-0.227131846864981,0.7897570463353236,0.0229977699132204,2023,High Review Priority,77
0001433195,2022,0,0.11470915815859457,Routine Monitoring,0.12611219582584196,APPFOLIO INC,Technology / Software / Electronics,-0.1533642873339366,0.0665369068011132,0.303425607987052,0.3130840081253305,2023,Routine Monitoring,488
0001433270,2022,0,0.010578934865300281,Routine Monitoring,0.011768169555869843,ANTERO RESOURCES CORP,Energy / Capital-intensive,0.3605698783318923,0.2161307246707563,0.5029653905900104,0.5453060029891121,2023,Routine Monitoring,1473
0001433660,2022,0,0.03887318791960593,Routine Monitoring,0.043708424896739165,JOHN BEAN TECHNOLOGIES CORP,Technology / Software / Electronics,0.0777469990766389,0.0550675283464262,,0.1593427179789113,2023,Routine Monitoring,1001
0001436208,2022,1,0.06478091384877775,Routine Monitoring,0.07162221327340737,LEGACY HOUSING CORP,Industrial / Manufacturing,0.3035542672606657,-0.003871221781403,0.125245814570537,0.3012956502807495,2023,Routine Monitoring,720
0001437352,2022,0,0.16003142624965785,Routine Monitoring,0.17504901506750395,"EVERBRIDGE, INC.",Technology / Software / Electronics,-0.1949167847517434,0.017915648008642,0.7431640347386076,0.1722402716369055,2023,Routine Monitoring,353
0001438133,2022,1,0.16576815392174363,Routine Monitoring,0.18120794811936014,TANDEM DIABETES CARE INC,Industrial / Manufacturing,-0.1158837119032671,0.047933813646661,0.5821112572842508,0.1400371941337423,2023,Routine Monitoring,338
0001438533,2022,1,0.9139064507104773,High Review Priority,0.9182454895963541,"TRAVERE THERAPEUTICS, INC.",Industrial / Manufacturing,-1.2572800422605628,-0.2769776310800865,0.9362890935718162,-0.0680117807376148,2023,High Review Priority,19
0001439095,2022,0,0.0856567325415711,Routine Monitoring,0.09573152643106841,MRC GLOBAL INC.,Consumer / Retail,0.0416294974724947,-0.0105540897097625,,0.2614403600900226,2023,Routine Monitoring,588
0001439288,2022,0,0.04324468118222638,Routine Monitoring,0.0458560059846623,ZURN ELKAY WATER SOLUTIONS CORP,Technology / Software / Electronics,0.0835543766578249,0.0338687150837988,0.4361033519553072,0.407179712372379,2023,Routine Monitoring,945
0001441236,2022,0,0.03821822510736052,Routine Monitoring,0.04238144981514189,CLEARWATER PAPER CORP,Industrial / Manufacturing,0.0547569828373635,0.0881714117992368,0.664220722042853,0.173473993004626,2023,Routine Monitoring,1009
0001441683,2022,1,0.6000315734278227,High Review Priority,0.625587477922076,APPIAN CORP,Technology / Software / Electronics,-0.3098563861270836,-0.1793141864715405,0.7548021419892497,0.2673787233351117,2023,High Review Priority,110
0001441816,2022,0,0.16050614042558595,Routine Monitoring,0.1755589663305422,"MONGODB, INC.",Technology / Software / Electronics,-0.2699721192486215,-0.0050098632890582,0.7143535866488109,0.4695198573557249,2023,Routine Monitoring,351
0001442145,2022,0,0.0079513646222867,Routine Monitoring,0.00840924730070372,"VERISK ANALYTICS, INC.",Technology / Software / Electronics,0.5632759311173408,0.1521311287009237,0.7460602490985621,-0.1672780630961114,2023,Routine Monitoring,1514
0001442236,2022,0,0.28598409457191937,Medium Review Priority,0.2986773786689687,QUEST RESOURCE HOLDING CORP,Energy / Capital-intensive,0.0049477882387515,-0.0128954238398831,0.608029991605812,0.8240833742215035,2023,Medium Review Priority,224
0001443669,2022,0,0.17072352104564417,Routine Monitoring,0.18652166754525776,PROTO LABS INC,Industrial / Manufacturing,-0.2006212146650887,0.0773890257402439,0.1302968954134296,0.0006146306684313,2023,Routine Monitoring,330
0001444380,2022,1,0.17494542900539908,Routine Monitoring,0.1910442529978946,NEVRO CORP,Industrial / Manufacturing,0.0151686291880452,0.040960611412863,0.4623643776311071,0.0502965844328711,2023,Routine Monitoring,326
0001445305,2022,0,0.15800304189002826,Routine Monitoring,0.17286945830596773,WORKIVA INC,Technology / Software / Electronics,-0.1650271903323263,0.0138283594836631,0.9927002757375368,0.2133841659429036,2023,Routine Monitoring,356
0001446847,2022,0,0.010708960358622021,Routine Monitoring,0.011487811186138536,IRONWOOD PHARMACEUTICALS INC,Industrial / Manufacturing,0.6096917651414042,0.2487580859576254,,-0.0076301561559674,2023,Routine Monitoring,1470
0001447669,2022,0,0.18489992252536608,Routine Monitoring,0.20169084766808518,TWILIO INC,Technology / Software / Electronics,-0.3150044128550636,-0.020245291740792,0.159599926904029,0.3464242696366684,2023,Routine Monitoring,308
0001451505,2022,0,0.09594351343161196,Routine Monitoring,0.10708651714963055,TRANSOCEAN LTD.,Energy / Capital-intensive,-0.0120388349514563,0.0219220982579761,,0.007433489827856,2023,Routine Monitoring,551
0001451809,2022,1,0.1271778634650204,Routine Monitoring,0.14134903880523916,SITIME CORP,Technology / Software / Electronics,0.0569171911637665,0.0529591695354215,0.0561352275997314,0.2961363387079083,2023,Routine Monitoring,453
0001454938,2022,0,0.1263253861151363,Routine Monitoring,0.13325479763748804,OUTBRAIN INC.,Technology / Software / Electronics,-0.013656129231253,0.0048812772995642,0.7211975195481523,-0.0231856089323867,2023,Routine Monitoring,456
0001455684,2022,1,0.25631423206793696,Routine Monitoring,0.27738340276520007,"TPI COMPOSITES, INC",Technology / Software / Electronics,-0.0182624622309375,-0.0647199680723693,0.6254697685246774,-0.1211151211803417,2023,Medium Review Priority,248
0001459200,2022,0,0.1010893652934713,Routine Monitoring,0.11130871309194398,"ALARM.COM HOLDINGS, INC.",Technology / Software / Electronics,0.060573799579614,0.042802820874471,0.5314738128819935,0.1249584428728025,2023,Routine Monitoring,533
0001459417,2022,1,0.196269577196817,Routine Monitoring,0.2138221419167758,"2U, INC.",Technology / Software / Electronics,-0.2680670349296009,0.0060341528523203,0.7230507731413655,0.0183973048022485,2023,Routine Monitoring,292
0001460329,2022,1,0.3270466955092591,Medium Review Priority,0.3511845002402409,"FLUENT, INC.",Technology / Software / Electronics,-0.331154086848649,0.0106757116688137,0.4892889562915491,0.0968382687927107,2023,Medium Review Priority,189
0001462418,2022,1,0.6336400066129435,High Review Priority,0.6615354372966307,ALTISOURCE PORTFOLIO SOLUTIONS S.A.,Technology / Software / Electronics,-0.2167058516196447,-0.2301889695136022,,-0.1419589471737656,2023,High Review Priority,99
0001463101,2022,0,0.005208736426069759,Routine Monitoring,0.005797815889441643,"ENPHASE ENERGY, INC.",Technology / Software / Electronics,0.1923162893584451,0.2414881268886093,0.7323287768944454,0.6865197977785158,2023,Routine Monitoring,1566
0001466258,2022,0,0.022207720077038303,Routine Monitoring,0.024671611851324722,TRANE TECHNOLOGIES PLC,Industrial / Manufacturing,0.1512597159776634,0.0831784797805503,0.6623528891248562,0.1312427492147929,2023,Routine Monitoring,1272
0001466593,2022,0,0.04241971981952617,Routine Monitoring,0.04767421039721481,OTTER TAIL CORP,Energy / Capital-intensive,0.2673856961571939,0.134167637087861,,0.220049563685827,2023,Routine Monitoring,954
0001467373,2022,0,0.0047935441372651665,Routine Monitoring,0.005413665217514773,ACCENTURE PLC,Technology / Software / Electronics,0.1520786864954479,0.2018714484932206,,0.218883320887107,2023,Routine Monitoring,1573
0001467623,2022,0,0.0075530794427386555,Routine Monitoring,0.00840505109833557,"DROPBOX, INC.",Technology / Software / Electronics,0.0779818486816637,0.2563583164528472,1.0994823317578213,0.077390055146207,2023,Routine Monitoring,1520
0001467858,2022,0,0.018420357621416562,Routine Monitoring,0.020472848917003492,GENERAL MOTORS CO,Industrial / Manufacturing,0.0658117204198169,0.0607604237284926,0.7262315508811266,0.2340949891342005,2023,Routine Monitoring,1328
0001468327,2022,1,0.7073362337608848,High Review Priority,0.7198760292214994,"RENT THE RUNWAY, INC.",Consumer / Retail,-0.349527665317139,-0.1418798334324806,1.104997025580012,0.4579439252336448,2023,High Review Priority,75
0001468666,2022,1,0.48305108054549734,High Review Priority,0.509977339007416,SECUREWORKS CORP,Technology / Software / Electronics,-0.3193893953287663,-0.0744467040089431,0.3364479646080844,-0.1340379735956085,2023,High Review Priority,127
0001469367,2022,1,0.1573639631143217,Routine Monitoring,0.17218254525419296,SUNRUN INC.,Technology / Software / Electronics,-0.2852527459462347,-0.0440501110473638,0.5755306569348748,0.4419182162968631,2023,Routine Monitoring,358
0001474432,2022,0,0.012182442640610844,Routine Monitoring,0.013549467696359441,"PURE STORAGE, INC.",Technology / Software / Electronics,0.0303304891273951,0.2165211403543429,0.7343745943230627,0.2625519981218316,2023,Routine Monitoring,1434
0001474735,2022,0,0.061270735309633534,Routine Monitoring,0.06776819800278085,GENERAC HOLDINGS INC.,Technology / Software / Electronics,0.1240662934140564,0.0113195531759397,0.5415913686956205,0.2214375850908063,2023,Routine Monitoring,745
0001474903,2022,0,0.12200837793387186,Routine Monitoring,0.13402716688411198,"BGSF, INC.",Technology / Software / Electronics,0.0545635321287556,-0.0365860543747773,0.482535083867363,0.2484849285568895,2023,Routine Monitoring,468
0001475115,2022,0,0.4929725377454355,High Review Priority,0.5198956437422616,"EVENTBRITE, INC.",Technology / Software / Electronics,-0.1791382264004875,0.0096160396882214,0.8139837990392895,0.3943324035183344,2023,High Review Priority,124
0001476840,2022,1,0.07305011597704637,Routine Monitoring,0.0773157959371487,"EXPENSIFY, INC.",Technology / Software / Electronics,-0.0898669577273666,0.1563729244058009,0.537478417625487,0.1866489305842404,2023,Routine Monitoring,656
0001477294,2022,0,0.04429039036873876,Routine Monitoring,0.049081318714180186,SENSATA TECHNOLOGIES HOLDING PLC,Industrial / Manufacturing,0.1663180503030083,0.0526018076293195,0.6447317449767137,0.0545581220297497,2023,Routine Monitoring,930
0001477333,2022,0,0.07395347706667789,Routine Monitoring,0.0816788591556957,"CLOUDFLARE, INC.",Technology / Software / Electronics,-0.2063110554211728,0.047758652935112,0.7588925108620553,0.4856830777574319,2023,Routine Monitoring,648
0001477720,2022,1,0.8610941519166257,High Review Priority,0.8734865180551082,"ASANA, INC.",Technology / Software / Electronics,-0.7452797087783163,-0.167606493654728,0.6266096173359597,0.4459791193778621,2023,High Review Priority,45
0001478320,2022,1,0.8943774245460167,High Review Priority,0.8953257524629147,ADAPTIVE BIOTECHNOLOGIES CORP,Industrial / Manufacturing,-1.0802879530295508,-0.2147342394559062,0.4582199512734395,0.2006168040221843,2023,High Review Priority,27
0001481582,2022,0,0.01765686258751348,Routine Monitoring,0.019625982291638595,RYERSON HOLDING CORP,Consumer / Retail,0.091514327281928,0.2147110482799983,0.6174442016878722,0.1142318467746199,2023,Routine Monitoring,1343
0001481646,2022,1,0.884105855843782,High Review Priority,0.8904073467029713,"ACCOLADE, INC.",Technology / Software / Electronics,-1.276398764119821,-0.0450740751814091,0.4753601330573854,0.1713464571754817,2023,High Review Priority,36
0001481792,2022,0,0.04136360103714246,Routine Monitoring,0.04585312568756073,"QUAD/GRAPHICS, INC.",Industrial / Manufacturing,0.0166304009947155,0.0908449876601245,0.8984016923257727,0.0866774760167545,2023,Routine Monitoring,971
0001482981,2022,0,0.289273992349466,Medium Review Priority,0.30205152574722344,"VITA COCO COMPANY, INC.",Industrial / Manufacturing,0.0071414044840072,-0.0552951349383334,0.2865334728985573,0.1271998587663663,2023,Medium Review Priority,220
0001483510,2022,1,0.46329468874055646,High Review Priority,0.49016388676045136,"EXPRESS, INC.",Consumer / Retail,-0.0362019373644848,-0.1123344000858169,0.7800446963331128,-0.003269001270387,2023,High Review Priority,134
0001484612,2022,1,0.9084304606010087,High Review Priority,0.9092654143288106,"OUTSET MEDICAL, INC.",Industrial / Manufacturing,-1.395614301191766,-0.3642177873861265,0.3852017544955825,0.1244907506676282,2023,High Review Priority,24
0001484778,2022,1,0.6560504131065807,High Review Priority,0.6697617214712687,THREDUP INC.,Consumer / Retail,-0.3103103901463005,-0.1725628253871527,0.5363406944242055,0.1453064434136113,2023,High Review Priority,90
0001486159,2022,0,0.008384796334034078,Routine Monitoring,0.008639520492517025,CHORD ENERGY CORP,Energy / Capital-intensive,0.4342962613188461,0.2901526915445611,0.2942631827299349,1.30820557418512,2023,Routine Monitoring,1506
0001486957,2022,0,0.02417193206376331,Routine Monitoring,0.027230362789372905,"BWX TECHNOLOGIES, INC.",Technology / Software / Electronics,0.1561114708930444,0.0934363114222973,,0.0512034891439752,2023,Routine Monitoring,1234
0001487952,2022,0,0.06652469044559169,Routine Monitoring,0.07353566443709274,"VISHAY PRECISION GROUP, INC.",Technology / Software / Electronics,0.1207981686800154,0.0692806591405833,0.3570484664661389,0.1404791786587149,2023,Routine Monitoring,705
0001488139,2022,1,0.13654003424891917,Routine Monitoring,0.15160729177087742,"AMERESCO, INC.",Industrial / Manufacturing,0.0728954156439683,-0.1175909102443287,,0.5007209855745305,2023,Routine Monitoring,424
0001489096,2022,0,0.04396190152654361,Routine Monitoring,0.048719108318323476,"THERMON GROUP HOLDINGS, INC.",Technology / Software / Electronics,0.1252638507455911,0.0888414772123781,0.3550349507180252,0.2387467174997328,2023,Routine Monitoring,936
0001489393,2022,0,0.01804913734950538,Routine Monitoring,0.02034901696976303,LYONDELLBASELL INDUSTRIES N.V.,Industrial / Manufacturing,0.1011080057877941,0.1682661900178743,,0.0926515496069131,2023,Routine Monitoring,1333
0001490281,2022,1,0.6865264237955881,High Review Priority,0.7092338490312875,"GROUPON, INC.",Technology / Software / Electronics,-0.280118847909729,-0.1714589398537668,0.9888314082285464,-0.3805397122141477,2023,High Review Priority,81
0001490978,2022,1,0.871587695097054,High Review Priority,0.8831709041356829,"SCHRODINGER, INC.",Industrial / Manufacturing,-0.8113453621066011,-0.173809554929152,0.3495302699586254,0.3119240779810195,2023,High Review Priority,40
0001493594,2022,0,0.030159693282346904,Routine Monitoring,0.033475632157630344,"MACOM TECHNOLOGY SOLUTIONS HOLDINGS, INC.",Technology / Software / Electronics,0.1965045840306885,0.1125970771406595,0.4638383475938993,0.1124530415870295,2023,Routine Monitoring,1123
0001493761,2022,0,0.7745999102996608,High Review Priority,0.7928524781842473,TURTLE BEACH CORP,Technology / Software / Electronics,-0.2143517400464678,-0.2561158476500578,0.4556421257505187,-0.3444428066842453,2023,High Review Priority,63
0001494259,2022,0,0.010488165849209962,Routine Monitoring,0.011667317033084169,"CARGURUS, INC.",Technology / Software / Electronics,0.0655442332035274,0.2762436064208685,0.1679901456366181,0.7396278851722722,2023,Routine Monitoring,1476
0001495320,2022,0,0.4271416122409795,High Review Priority,0.453686483078905,"VERA BRADLEY, INC.",Industrial / Manufacturing,-0.1897568010304803,-0.0331791515966586,0.352065878699929,-0.0749223336719381,2023,High Review Priority,144
0001496963,2022,0,0.02983703870267904,Routine Monitoring,0.03166554044237651,"SQUARESPACE, INC.",Technology / Software / Electronics,-0.2443146952842767,0.2247983277596551,1.4147624216821786,0.1057780362686502,2023,Routine Monitoring,1128
0001499200,2022,0,0.013260162004752737,Routine Monitoring,0.014959111093539021,"SABINE PASS LIQUEFACTION, LLC",Energy / Capital-intensive,0.1316951788491446,0.1897013782542113,,0.7641571553994733,2023,Routine Monitoring,1420
0001499717,2022,1,0.3027400807823483,Medium Review Priority,0.32595285173226346,"STAFFING 360 SOLUTIONS, INC.",Technology / Software / Electronics,-0.0549451446816676,-0.1199132979830759,0.8977087644962588,0.2383930828740457,2023,Medium Review Priority,206
0001500435,2022,1,0.20680719352064128,Routine Monitoring,0.2250382852692902,"GOPRO, INC.",Industrial / Manufacturing,0.0356228070095222,0.0053364904705527,0.4321247997771432,-0.058172363067616,2023,Routine Monitoring,278
0001501585,2022,0,0.031765524887425484,Routine Monitoring,0.03525160120347081,"HUNTINGTON INGALLS INDUSTRIES, INC.",Industrial / Manufacturing,0.0529224428624953,0.070553559915262,0.6786405084277425,0.1209575808483829,2023,Routine Monitoring,1104
0001503274,2022,1,0.9262502314482081,High Review Priority,0.9269357686208028,QUANTERIX CORP,Industrial / Manufacturing,-0.9638179716078163,-0.1111748299742744,0.1733283586558237,-0.0455334852925214,2023,High Review Priority,16
0001503802,2022,1,0.9843792836997542,High Review Priority,0.9845335077671424,KARYOPHARM THERAPEUTICS INC.,Industrial / Manufacturing,-0.9053185122935686,-0.4175479937013502,1.0465027975386128,-0.2513833351603048,2023,High Review Priority,2
0001504461,2022,0,0.14340503691750578,Routine Monitoring,0.1590902729436421,NGL ENERGY PARTNERS LP,Energy / Capital-intensive,0.0332566063984145,0.0815935209921145,,0.0939855295382499,2023,Routine Monitoring,403
0001504776,2022,0,0.2576448661290676,Routine Monitoring,0.2695551792782911,WARBY PARKER INC.,Industrial / Manufacturing,-0.1859233722112246,0.0182343456296476,0.4959689260023175,0.1059804215252275,2023,Medium Review Priority,246
0001505155,2022,0,0.12129338451427372,Routine Monitoring,0.13325243047679156,"UPLAND SOFTWARE, INC.",Technology / Software / Electronics,-0.1267810263376016,0.0269242064593307,0.6217543708389801,0.0506165236278872,2023,Routine Monitoring,471
0001505952,2022,0,0.3359714567948563,Medium Review Priority,0.3637744016168915,"DOMO, INC.",Technology / Software / Electronics,-0.2879456981321583,-0.04497844008657,1.604668836425515,0.1964793127643325,2023,Medium Review Priority,183
0001506293,2022,0,0.0911699235810837,Routine Monitoring,0.100498604108397,"PINTEREST, INC.",Technology / Software / Electronics,-0.0362798627261938,0.1214690128484258,0.1504314306203125,0.0871003290500835,2023,Routine Monitoring,564
0001506307,2022,0,0.04238810057818665,Routine Monitoring,0.04698337256844596,"KINDER MORGAN, INC.",Energy / Capital-intensive,0.21171875,0.0708781643311738,0.5417392048859841,0.1559301625526792,2023,Routine Monitoring,955
0001507079,2022,0,0.05454982562382711,Routine Monitoring,0.06038041177176421,"FLOOR & DECOR HOLDINGS, INC.",Consumer / Retail,0.0930384598518972,0.0258431960346034,0.6191487396012448,0.2420072852073942,2023,Routine Monitoring,808
0001507605,2022,0,0.913884747401346,High Review Priority,0.9163072250564707,"MARATHON DIGITAL HOLDINGS, INC.",Technology / Software / Electronics,-5.63780116005537,-0.1476526968552028,,-0.2173996437813568,2023,High Review Priority,20
0001510295,2022,0,0.007605138799241606,Routine Monitoring,0.00846293256786416,MARATHON PETROLEUM CORP,Industrial / Manufacturing,0.1209841479152226,0.181983004093255,0.6097281544758854,0.4789845228073977,2023,Routine Monitoring,1519
0001511737,2022,0,0.004590925016338085,Routine Monitoring,0.005110492349911743,UBIQUITI INC.,Technology / Software / Electronics,0.2732554152883621,0.4383257252175889,1.4532621769313092,-0.1087417166905326,2023,Routine Monitoring,1578
0001512673,2022,0,0.12876451021948318,Routine Monitoring,0.14134169218885356,"BLOCK, INC.",Technology / Software / Electronics,-0.0356232439196748,0.0056083756265873,0.4499691369242904,-0.0073390244141353,2023,Routine Monitoring,445
0001512762,2022,1,0.9607758753579695,High Review Priority,0.9628487615685352,"COHERUS BIOSCIENCES, INC.",Industrial / Manufacturing,-1.2171984723419982,-0.5014568043473288,1.2857832117076742,-0.3537242268435865,2023,High Review Priority,8
0001514416,2022,0,0.10716115377844233,Routine Monitoring,0.11791379607332633,BANDWIDTH INC.,Technology / Software / Electronics,-0.0424390039640444,0.0375608779771832,0.7071217817797568,0.1675368246938828,2023,Routine Monitoring,511
0001514705,2022,0,0.021703849309278957,Routine Monitoring,0.02411321648700451,"SUNCOKE ENERGY, INC.",Industrial / Manufacturing,0.0779214195183777,0.1262540795358394,0.6236552641121721,0.3547390109890109,2023,Routine Monitoring,1279
0001515673,2022,1,0.8926320424868569,High Review Priority,0.8985231513243689,ULTRAGENYX PHARMACEUTICAL INC.,Industrial / Manufacturing,-1.7860368976877703,-0.2461849151441268,0.7719140907079131,0.0339294149786855,2023,High Review Priority,30
0001516513,2022,0,0.014713416979653511,Routine Monitoring,0.015630030317291498,"DOXIMITY, INC.",Technology / Software / Electronics,0.2985500606130026,0.1579768631562651,0.1502100470758773,0.2197771490446749,2023,Routine Monitoring,1394
0001517022,2022,1,0.7165840385242219,High Review Priority,0.7392116785477385,"AKEBIA THERAPEUTICS, INC.",Industrial / Manufacturing,-0.2703843446046165,-0.2079242816132791,0.9734474035755905,0.3700006554982256,2023,High Review Priority,70
0001517175,2022,0,0.08474152804753128,Routine Monitoring,0.09348009909320543,"CHEFS' WAREHOUSE, INC.",Consumer / Retail,0.0328070838015932,0.0153276759495817,0.7339759729039235,0.4970004416422218,2023,Routine Monitoring,596
0001517228,2022,1,0.056664921704287136,Routine Monitoring,0.0627065867780919,"COMMSCOPE HOLDING COMPANY, INC.",Technology / Software / Electronics,-0.0773507005775836,0.0162596060040734,1.038141612610608,0.074696914996448,2023,Routine Monitoring,780
0001517375,2022,0,0.18819439093455,Routine Monitoring,0.20520916987574278,"SPROUT SOCIAL, INC.",Technology / Software / Electronics,-0.2035866807444411,0.036295590636908,0.5157287697332608,0.3511623079011385,2023,Routine Monitoring,305
0001517413,2022,0,0.4020322436845268,High Review Priority,0.4281830277840181,"FASTLY, INC.",Technology / Software / Electronics,-0.5689502570916865,-0.0367235497040524,0.4962547063387045,0.2212485536082182,2023,High Review Priority,152
0001519061,2022,1,0.18336698350956213,Routine Monitoring,0.2023904116932598,TRINSEO PLC,Industrial / Manufacturing,-0.0732856711308025,0.0115685335886389,,0.0285862247540134,2023,Routine Monitoring,314
0001519751,2022,0,0.06268420947840557,Routine Monitoring,0.06932049543120071,"FORTUNE BRANDS INNOVATIONS, INC.",Industrial / Manufacturing,0.1639424094854965,0.0925190739923867,0.6590534071786829,-0.3831062812659187,2023,Routine Monitoring,734
0001520006,2022,0,0.0061453987727797975,Routine Monitoring,0.0065945592655053216,MATADOR RESOURCES CO,Energy / Capital-intensive,0.5752961470229969,0.3562403850568142,,0.8388815025547496,2023,Routine Monitoring,1542
0001520262,2022,0,0.19227020260704347,Routine Monitoring,0.2095583551188223,ALKERMES PLC.,Industrial / Manufacturing,-0.1279597407795502,0.0107149876424277,0.4685515825533687,-0.0527846195658193,2023,Routine Monitoring,298
0001521036,2022,0,0.0056061036901494735,Routine Monitoring,0.0058163085003152615,"LANTHEUS HOLDINGS, INC.",Industrial / Manufacturing,0.0387087045657983,0.2132672044369835,0.6615748021960889,1.1990672800135465,2023,Routine Monitoring,1555
0001521332,2022,0,0.03753049197648783,Routine Monitoring,0.04162204197075484,APTIV PLC,Industrial / Manufacturing,0.0722168220024015,0.0577133979162858,0.5844452568086274,0.1197976693558713,2023,Routine Monitoring,1021
0001522540,2022,0,0.2736008811540222,Medium Review Priority,0.2859646668206375,"MARQETA, INC.",Technology / Software / Electronics,-0.280414752086992,-0.0073239920331957,0.1679841115804481,0.4467172620486295,2023,Medium Review Priority,230
0001522727,2022,0,0.08059127907775133,Routine Monitoring,0.08894346520761151,"USA COMPRESSION PARTNERS, LP",Energy / Capital-intensive,0.2402689192986639,0.0977558066776605,0.8645733766886594,0.1137336104766495,2023,Routine Monitoring,618
0001524025,2022,1,0.27093255494641993,Medium Review Priority,0.2927303713136839,"TILLY'S, INC.",Consumer / Retail,0.016640387933599,-0.0029742386789756,0.6283820141586373,-0.1333180352046038,2023,Medium Review Priority,232
0001524472,2022,0,0.02929745413481785,Routine Monitoring,0.03252177216190135,XYLEM INC.,Technology / Software / Electronics,0.1126403477001086,0.0749496981891348,0.5594818913480886,0.0629451395572666,2023,Routine Monitoring,1139
0001524741,2022,0,0.07316272944169551,Routine Monitoring,0.08081271639623451,"U.S. SILICA HOLDINGS, INC.",Energy / Capital-intensive,0.1120901788483339,0.1186301691517127,0.6817933874594732,0.3816251600039497,2023,Routine Monitoring,655
0001524931,2022,0,0.08173337697204694,Routine Monitoring,0.09019231478069782,"CHUY'S HOLDINGS, INC.",Consumer / Retail,0.0529019575334841,0.0901594629945174,0.4848972473624681,0.0649436144748492,2023,Routine Monitoring,605
0001525769,2022,0,0.06978715668764136,Routine Monitoring,0.07487871927269107,"DAVE & BUSTER'S ENTERTAINMENT, INC.",Consumer / Retail,0.133630824662866,0.1181783640650221,,0.5063977313857686,2023,Routine Monitoring,682
0001526520,2022,0,0.025772294863986325,Routine Monitoring,0.0286200916523706,"TRIPADVISOR, INC.",Technology / Software / Electronics,0.0676943699731903,0.1557026080186843,0.6648501362397821,0.6541019955654102,2023,Routine Monitoring,1197
0001527508,2022,0,0.04147005190018748,Routine Monitoring,0.04597057645927134,PACTIV EVERGREEN INC.,Industrial / Manufacturing,0.1024115755627009,0.0566657541746509,0.7874349849438818,0.1440132425970204,2023,Routine Monitoring,969
0001528129,2022,0,0.02344469969738202,Routine Monitoring,0.02477249367261107,"VITAL ENERGY, INC.",Energy / Capital-intensive,0.5519388836711446,0.3043232968247109,0.5925533561692577,0.3778283090938437,2023,Routine Monitoring,1249
0001528356,2022,0,0.039525308812029515,Routine Monitoring,0.043824430152715185,GENIE ENERGY LTD.,Energy / Capital-intensive,0.2464164493137139,0.2906327107685103,0.3745150658285755,-0.1324792081930029,2023,Routine Monitoring,993
0001528396,2022,0,0.22305816711627444,Routine Monitoring,0.2422842682033662,"GUIDEWIRE SOFTWARE, INC.",Technology / Software / Electronics,-0.2454387938184673,-0.016736534566855,0.359628161314784,0.0933002541482401,2023,Routine Monitoring,264
0001528849,2022,0,0.047708696405286896,Routine Monitoring,0.05284893867025217,RH,Consumer / Retail,0.201131214599063,0.0760340979743238,0.852209777994756,-0.0447861296896366,2023,Routine Monitoring,887
0001529274,2022,1,0.40544096525893064,High Review Priority,0.4203151726846525,"ALKAMI TECHNOLOGY, INC.",Technology / Software / Electronics,-0.2824154305575953,-0.0772942512042709,0.3167186557165796,0.342477277058866,2023,High Review Priority,149
0001529628,2022,0,0.15429603487672067,Routine Monitoring,0.16247441181787822,"SMART SAND, INC.",Energy / Capital-intensive,-0.0122311722843512,0.0150554300936381,0.3236973025224789,1.0192975806961029,2023,Routine Monitoring,365
0001530721,2022,0,0.037800127288775826,Routine Monitoring,0.04191979244835613,CAPRI HOLDINGS LTD,Industrial / Manufacturing,0.1208400071187043,0.1056888279643591,0.7465387251542153,-0.006190307746728,2023,Routine Monitoring,1014
0001530804,2022,0,0.0367764793922918,Routine Monitoring,0.040789311128398155,TRONOX HOLDINGS PLC,Industrial / Manufacturing,0.1325998841922409,0.0948303203298445,0.6189343482397717,-0.0330347144456887,2023,Routine Monitoring,1028
0001530950,2022,0,0.0580341094712222,Routine Monitoring,0.06421182160104186,"POST HOLDINGS, INC.",Industrial / Manufacturing,0.0710281651627016,0.0338344534842589,0.6840909090909091,-0.0603048163553728,2023,Routine Monitoring,772
0001530979,2022,0,0.6099534995149615,High Review Priority,0.6244505011295947,"HONEST COMPANY, INC.",Consumer / Retail,-0.1587114340461213,-0.3170212677525675,0.3916849197211958,-0.0156540787536992,2023,High Review Priority,107
0001531048,2022,0,0.37670201896117755,Medium Review Priority,0.40231369730578537,"INARI MEDICAL, INC.",Industrial / Manufacturing,-0.073275423695664,-0.0277138640727399,0.1728645329186436,0.3844518094908009,2023,High Review Priority,164
0001531152,2022,0,0.018192475441610945,Routine Monitoring,0.020510238169372995,"BJ'S WHOLESALE CLUB HOLDINGS, INC.",Consumer / Retail,0.0382075949131162,0.1241213324942724,,0.1588657240385995,2023,Routine Monitoring,1330
0001531978,2022,1,0.7342571816327969,High Review Priority,0.7460576075556836,"PARAGON 28, INC.",Industrial / Manufacturing,-0.3420772619264209,-0.1935429284283516,0.4454033505306777,0.2300154614007485,2023,High Review Priority,68
0001532286,2022,0,0.224636646113303,Routine Monitoring,0.24395608101011543,"NINE ENERGY SERVICE, INC.",Energy / Capital-intensive,0.0734231911315139,0.0390596812812475,1.0550729323343502,0.6981961484635923,2023,Routine Monitoring,263
0001533924,2022,0,0.21576832644757768,Routine Monitoring,0.23455578460624113,AMPLIFY ENERGY CORP.,Energy / Capital-intensive,0.1570248835220828,0.1403440425874579,1.0099351873212643,0.3369338263598083,2023,Routine Monitoring,269
0001534504,2022,0,0.0021479512699633563,Routine Monitoring,0.002391704996487573,PBF ENERGY INC.,Industrial / Manufacturing,0.0886861711327922,0.3522005151633688,0.6268386830121558,0.7183287222878614,2023,Routine Monitoring,1605
0001534675,2022,0,0.010211151409787669,Routine Monitoring,0.011359516268764906,TECNOGLASS INC.,Industrial / Manufacturing,0.31597052625703,0.1932703987972349,0.5229181760242296,0.4424147266926337,2023,Routine Monitoring,1482
0001535527,2022,0,0.0201942053646405,Routine Monitoring,0.022439829435853518,"CROWDSTRIKE HOLDINGS, INC.",Technology / Software / Electronics,-0.0848246235559307,0.1872077015203301,0.7040839225391621,0.5439826838633943,2023,Routine Monitoring,1303
0001537028,2022,0,0.1845967761931149,Routine Monitoring,0.19019156339361504,"INDEPENDENCE CONTRACT DRILLING, INC.",Energy / Capital-intensive,-0.0112206095013657,0.0665023713446618,0.5003374337349958,,2023,Routine Monitoring,309
0001538849,2022,0,0.032065506179541556,Routine Monitoring,0.03558329377237563,CROSSAMERICA PARTNERS LP,Consumer / Retail,0.0193271200525664,0.128580629014234,0.9369256128257816,0.3878358621155944,2023,Routine Monitoring,1100
0001539838,2022,0,0.031055771834786364,Routine Monitoring,0.03136049282093176,"DIAMONDBACK ENERGY, INC.",Energy / Capital-intensive,0.6748937052784403,0.2413293143576634,0.4013506810637567,0.4187141385905546,2023,Routine Monitoring,1111
0001543151,2022,0,0.03540228751814521,Routine Monitoring,0.039271288878972625,"UBER TECHNOLOGIES, INC",Technology / Software / Electronics,-0.057470903786429,0.0199943940951135,0.7351521380298359,0.8262389000286452,2023,Routine Monitoring,1044
0001544522,2022,0,0.3162180097423267,Medium Review Priority,0.3296337007600874,FRESHWORKS INC.,Technology / Software / Electronics,-0.4686194148984235,-0.0018294238003327,0.2379323236363004,0.3422357703855836,2023,Medium Review Priority,197
0001546417,2022,0,0.03249790723968787,Routine Monitoring,0.03606136462991594,"BLOOMIN' BRANDS, INC.",Consumer / Retail,0.074814989580003,0.1177325191805265,0.9175078491458172,0.071347775620181,2023,Routine Monitoring,1090
0001547459,2022,0,0.06787110458494916,Routine Monitoring,0.07501257324551253,"NATURAL GROCERS BY VITAMIN COTTAGE, INC.",Consumer / Retail,0.0276746587128599,0.0598590274887348,0.7650277179584623,0.0323150004358057,2023,Routine Monitoring,695
0001549346,2022,0,0.019923716797724412,Routine Monitoring,0.022139941825629474,"SHUTTERSTOCK, INC.",Technology / Software / Electronics,0.113096230367251,0.1798160202636452,0.4921809746886008,0.0703516223502258,2023,Routine Monitoring,1306
0001550695,2022,0,0.29786387548684784,Medium Review Priority,0.3208748205984153,PERFORMANT FINANCIAL CORP,Technology / Software / Electronics,-0.0631960726846424,-0.024210446593118,0.289044289044289,-0.1222657223477204,2023,Medium Review Priority,211
0001551152,2022,0,0.005616203137114615,Routine Monitoring,0.006342070027542536,ABBVIE INC.,Industrial / Manufacturing,0.3120715196196644,0.1796981376751558,,0.0330444685659376,2023,Routine Monitoring,1554
0001552033,2022,0,0.022580717045051518,Routine Monitoring,0.02508493024378757,TRANSUNION,Technology / Software / Electronics,0.1699506725248659,0.025475086359857,0.6340399269691334,0.2532599148706169,2023,Routine Monitoring,1262
0001552275,2022,0,0.02663004293917087,Routine Monitoring,0.029569742744873003,SUNOCO LP,Industrial / Manufacturing,0.0263515877025924,0.0821376281112737,0.8620790629575402,0.4622073198454195,2023,Routine Monitoring,1180
0001552800,2022,0,0.12847161815687336,Routine Monitoring,0.14102482243400458,"TILE SHOP HOLDINGS, INC.",Consumer / Retail,0.0572811893529802,0.0078508596908236,0.6854769216533361,0.0647477744807121,2023,Routine Monitoring,447
0001556739,2022,1,0.026083370172772197,Routine Monitoring,0.029376371008691227,"THRYV HOLDINGS, INC.",Technology / Software / Electronics,0.0826039514699082,0.1261362604074958,,0.079942014510743,2023,Routine Monitoring,1191
0001559720,2022,0,0.006792364998212696,Routine Monitoring,0.007219129893978613,"AIRBNB, INC.",Technology / Software / Electronics,0.2145493511132277,0.2138670657189175,0.6533233570270607,0.4017584148897819,2023,Routine Monitoring,1535
0001559865,2022,0,0.011863930365851311,Routine Monitoring,0.01319569173746873,"EVERTEC, INC.",Technology / Software / Electronics,0.2545241094486011,0.197360178061627,0.5805160712281852,0.048513384288805,2023,Routine Monitoring,1445
0001560327,2022,0,0.07854984181464142,Routine Monitoring,0.08671041395370861,"RAPID7, INC.",Technology / Software / Electronics,-0.1629204052647635,0.0575456349600549,1.0883552576875049,0.2795627227290047,2023,Routine Monitoring,625
0001561550,2022,0,0.022329443058096858,Routine Monitoring,0.024806497079812334,"DATADOG, INC.",Technology / Software / Electronics,-0.0350396991224404,0.1392437963666763,0.5305908577194484,0.6282329429695641,2023,Routine Monitoring,1271
0001562088,2022,0,0.13798095311852365,Routine Monitoring,0.14544328065292383,"DUOLINGO, INC.",Technology / Software / Electronics,-0.1764435242696112,0.0717952972314065,0.2746635766250483,0.4734300480117397,2023,Routine Monitoring,414
0001563190,2022,1,0.39317448709158115,High Review Priority,0.40790742031480104,"COMPASS, INC.",Technology / Software / Electronics,-0.0979395147889664,-0.1902680842736938,0.6603613593372905,-0.0627628095312257,2023,High Review Priority,156
0001564408,2022,0,0.20434396133893978,Routine Monitoring,0.22241879668990686,SNAP INC,Technology / Software / Electronics,-0.3032056476453911,0.0229918583111506,0.6785994412131806,0.117754031529387,2023,Routine Monitoring,279
0001565687,2022,0,0.2307211747325506,Routine Monitoring,0.23730706275809244,"INTAPP, INC.",Technology / Software / Electronics,-0.365551639094207,0.0287937412648939,0.4824529290289697,,2023,Routine Monitoring,258
0001566011,2022,0,0.0022234536598755585,Routine Monitoring,0.0024757542874982697,PBF HOLDING CO LLC,Industrial / Manufacturing,0.0849155419126732,0.3571200438016151,0.5728506030326534,0.7197485479008896,2023,Routine Monitoring,1603
0001567683,2022,0,0.08020382929240528,Routine Monitoring,0.08497675673115167,"CLEARWAY ENERGY, INC.",Energy / Capital-intensive,1.2352941176470589,0.0639213775178687,0.6724333983105913,-0.0746500777604977,2023,Routine Monitoring,619
0001567892,2022,1,0.29103229747454606,Medium Review Priority,0.30707696014835123,MALLINCKRODT PLC,Industrial / Manufacturing,-0.3046070982014042,0.0078319864312082,0.7316671655193056,-0.529291923216226,2023,Medium Review Priority,218
0001568100,2022,0,0.22006899511107883,Routine Monitoring,0.23911674478712297,"PAGERDUTY, INC.",Technology / Software / Electronics,-0.348919747675927,0.0207611695214293,0.7040053895898263,0.3176910830288988,2023,Routine Monitoring,267
0001569345,2022,0,0.12240696969845936,Routine Monitoring,0.12915321567923183,"SPRINKLR, INC.",Technology / Software / Electronics,-0.082861256248079,0.0260099844779124,0.4640616356631424,0.2554783364541404,2023,Routine Monitoring,467
0001571123,2022,0,0.027116158529383573,Routine Monitoring,0.030535459813319864,SCIENCE APPLICATIONS INTERNATIONAL CORP,Technology / Software / Electronics,0.065031152647975,0.0959769078116543,,0.0419258858533946,2023,Routine Monitoring,1172
0001571996,2022,0,0.023667563146890558,Routine Monitoring,0.026289066268284308,DELL TECHNOLOGIES INC.,Technology / Software / Electronics,0.056411960782397,0.0397830623472564,1.033757016437714,0.0109094143107009,2023,Routine Monitoring,1245
0001573221,2022,1,0.7132524340951747,High Review Priority,0.734771812747579,"THEREALREAL, INC.",Consumer / Retail,-0.3134468833938422,-0.1487181652943842,1.2762843930147605,0.290364171292218,2023,High Review Priority,73
0001573516,2022,0,0.007025825397230853,Routine Monitoring,0.007818792440111964,MURPHY USA INC.,Consumer / Retail,0.0413032444628317,0.2412446643383779,0.8446109817617384,0.3505428991100487,2023,Routine Monitoring,1533
0001575515,2022,0,0.025940406583856136,Routine Monitoring,0.028806230182294848,"SPROUTS FARMERS MARKET, INC.",Consumer / Retail,0.0559568272372776,0.1209391020004038,0.6591750858199962,0.0498951698798777,2023,Routine Monitoring,1194
0001575828,2022,0,0.3087250620345365,Medium Review Priority,0.3321781117259986,EXPRO GROUP HOLDINGS N.V.,Energy / Capital-intensive,0.0019250940662082,0.0413849816638033,0.3361930297674111,0.5493786345218115,2023,Medium Review Priority,199
0001576427,2022,0,0.04916096808896566,Routine Monitoring,0.054448734898255795,CRITEO S.A.,Technology / Software / Electronics,0.0120366702478875,0.1089810779030471,0.5397382768230495,-0.1052383624599919,2023,Routine Monitoring,871
0001576942,2022,1,0.11947120706433838,Routine Monitoring,0.13127743441806056,"STITCH FIX, INC.",Consumer / Retail,-0.1003684849373701,0.0724558064705997,0.5779774634254808,-0.0135376046159014,2023,Routine Monitoring,474
0001577526,2022,1,0.7211627351561563,High Review Priority,0.7333334501461752,"C3.AI, INC.",Technology / Software / Electronics,-0.7759248928821526,-0.0738434786767582,0.154930215000316,0.3795608486112096,2023,High Review Priority,69
0001579157,2022,0,0.387077440574486,High Review Priority,0.41645717532193566,VINCE HOLDING CORP.,Consumer / Retail,-0.0711220281891887,-0.0634953600685687,,0.1077187208498744,2023,High Review Priority,158
0001579214,2022,0,0.00723169966538184,Routine Monitoring,0.007128032248367276,"EMERALD HOLDING, INC.",Technology / Software / Electronics,0.5517029763731206,0.1594136926438455,0.6000546249089584,1.2398625429553265,2023,Routine Monitoring,1527
0001579241,2022,0,0.016099677955270526,Routine Monitoring,0.017898302180921533,ALLEGION PLC,Technology / Software / Electronics,0.179223081390018,0.1151282822208859,0.7633543796351975,0.1410685638557578,2023,Routine Monitoring,1373
0001579684,2022,0,0.10697202862646081,Routine Monitoring,0.11770819578792659,"GANNETT CO., INC.",Industrial / Manufacturing,-0.0114076548321174,0.017035748081828,0.8765965269233421,-0.0819118457970071,2023,Routine Monitoring,512
0001579733,2022,0,0.1983640181988336,Routine Monitoring,0.21605353982199058,"VITAL FARMS, INC.",Industrial / Manufacturing,0.0058113520232012,-0.0377237196388808,0.262426280826959,0.3876911165537886,2023,Routine Monitoring,286
0001580560,2022,0,0.178139013196534,Routine Monitoring,0.18730127910044866,FLYWIRE CORP,Technology / Software / Electronics,-0.1044319654427645,0.0080485016024333,0.2853147102050017,0.4386101844901042,2023,Routine Monitoring,321
0001580670,2022,0,0.30409669295769143,Medium Review Priority,0.3273646458336244,"LGI HOMES, INC.",Industrial / Manufacturing,0.1692838436853833,-0.1185508450385109,0.4743992309336706,-0.2444778927193392,2023,Medium Review Priority,204
0001580808,2022,0,0.02114398635575814,Routine Monitoring,0.023492695043812777,"A10 NETWORKS, INC.",Technology / Software / Electronics,0.1893392975622284,0.1790818330827271,0.5095921214830468,0.1211636445077226,2023,Routine Monitoring,1290
0001580864,2022,1,0.675581651520283,High Review Priority,0.688883593020503,"VROOM, INC.",Consumer / Retail,-0.2933771392184621,-0.0673645343777466,0.7064650558637997,-0.38795699465024,2023,High Review Priority,86
0001580905,2022,0,0.016907892046913828,Routine Monitoring,0.018795083538515604,"INSTALLED BUILDING PRODUCTS, INC.",Industrial / Manufacturing,0.1293749747176239,0.156219574441294,0.722586922940281,0.3561801234348412,2023,Routine Monitoring,1363
0001581280,2022,1,0.8120798308275695,High Review Priority,0.8136130774669883,TWIST BIOSCIENCE CORP,Industrial / Manufacturing,-1.1533220347309214,-0.1293819912667025,0.1789025752617596,0.5382784339507152,2023,High Review Priority,55
0001582961,2022,0,0.03022502137520401,Routine Monitoring,0.03207651370731249,"DIGITALOCEAN HOLDINGS, INC.",Technology / Software / Electronics,-0.0454936649997744,0.1074679994801498,0.9718653147626422,0.3447840564120394,2023,Routine Monitoring,1120
0001582982,2022,1,0.0679783076080268,Routine Monitoring,0.07513014710697462,"CARECLOUD, INC.",Technology / Software / Electronics,0.0476135594197052,0.1553233363197086,0.2532421754519952,-0.0055372889490612,2023,Routine Monitoring,693
0001583708,2022,1,0.6168366522547211,High Review Priority,0.6192159390380548,"SENTINELONE, INC.",Technology / Software / Electronics,-0.953567088841463,-0.08556637639431,0.2665919404598583,1.061430964018379,2023,High Review Priority,105
0001584509,2022,0,0.024571791273984397,Routine Monitoring,0.027679380375869755,ARAMARK,Consumer / Retail,0.0384871361035814,0.0460468720039654,,0.3497578738033715,2023,Routine Monitoring,1228
0001585364,2022,0,0.046335524359870615,Routine Monitoring,0.05133579354479398,PERRIGO CO PLC,Industrial / Manufacturing,0.0177239644172881,0.0278924963466548,0.5605003040672397,0.0756034503588083,2023,Routine Monitoring,901
0001585521,2022,0,0.029435049411859246,Routine Monitoring,0.03267400070946245,"ZOOM VIDEO COMMUNICATIONS, INC.",Technology / Software / Electronics,0.0558687081148018,0.1587415947091958,0.2363979618765352,0.0714892006173864,2023,Routine Monitoring,1138
0001589526,2022,0,0.20166804188863677,Routine Monitoring,0.2220738010145032,BLUE BIRD CORP,Industrial / Manufacturing,-0.0508345230110524,-0.0667447818510567,,0.1705304863339645,2023,Routine Monitoring,282
0001590714,2022,0,0.050675154849044925,Routine Monitoring,0.05611617601976104,ELEMENT SOLUTIONS INC,Industrial / Manufacturing,0.127598650662901,0.0603421905907783,0.5209535656748986,0.0623385282106843,2023,Routine Monitoring,853
0001590955,2022,0,0.013642395452182252,Routine Monitoring,0.01517072978760213,"PAYCOM SOFTWARE, INC.",Technology / Software / Electronics,0.2753592521331163,0.0935558702815339,0.6969627007008048,0.3028770544298376,2023,Routine Monitoring,1411
0001590976,2022,0,0.01734428199349793,Routine Monitoring,0.019279226385769607,"MALIBU BOATS, INC.",Industrial / Manufacturing,0.1760038259017168,0.1936344009227957,0.3967434331854072,0.311232953594923,2023,Routine Monitoring,1350
0001591698,2022,0,0.023845131977331038,Routine Monitoring,0.026485769697223976,PAYLOCITY HOLDING CORP,Technology / Software / Electronics,0.0992129253352192,0.0322421602432432,0.8724347652138256,0.3414329473102937,2023,Routine Monitoring,1243
0001592000,2022,0,0.061456948371674626,Routine Monitoring,0.06889989056189748,"ENLINK MIDSTREAM, LLC",Energy / Capital-intensive,0.0693558021819096,0.1212923361461102,,0.4271975351112043,2023,Routine Monitoring,744
0001592057,2022,1,0.16842189357388657,Routine Monitoring,0.1840543266337201,ENVIVA INC.,Industrial / Manufacturing,-0.0872604352101298,-0.0347909415859279,0.8876101338851786,0.0504935306303866,2023,Routine Monitoring,334
0001593548,2022,0,0.06104796670880416,Routine Monitoring,0.06752350513607507,"PLAYAGS, INC.",Industrial / Manufacturing,0.1227038870719631,0.1134850478495102,0.9279139424403908,0.1915316369909432,2023,Routine Monitoring,746
0001595974,2022,0,0.12927546636034742,Routine Monitoring,0.1418944280852085,"MAGNITE, INC.",Technology / Software / Electronics,-0.1954428326595259,0.0709936867052845,0.7082463656062411,0.2319662349251621,2023,Routine Monitoring,442
0001596532,2022,0,0.012398967231317387,Routine Monitoring,0.013789949916949009,"ARISTA NETWORKS, INC.",Technology / Software / Electronics,0.3485500911827741,0.0727355244922447,0.2788893956232907,0.4861787691267103,2023,Routine Monitoring,1432
0001596783,2022,1,0.035607637792500764,Routine Monitoring,0.039498162266395354,"CATALENT, INC.",Industrial / Manufacturing,0.1565865782932891,0.0417816693632816,0.5436375749500333,0.2076038019009505,2023,Routine Monitoring,1043
0001596961,2022,1,0.14811020295042188,Routine Monitoring,0.1622251445790377,"RUMBLEON, INC.",Technology / Software / Electronics,-0.1601021095502986,-0.0183866979488128,0.7994421783277031,0.9110097608797578,2023,Routine Monitoring,387
0001597033,2022,0,0.17570015084076754,Routine Monitoring,0.19411725183059161,SABRE CORP,Technology / Software / Electronics,-0.1029004558506749,-0.0557052111931088,,0.5021922877655245,2023,Routine Monitoring,323
0001597672,2022,0,0.05440627103995442,Routine Monitoring,0.061050862816749034,RAYONIER ADVANCED MATERIALS INC.,Industrial / Manufacturing,0.0152189496449882,0.0293129624013004,,0.2200328512217613,2023,Routine Monitoring,811
0001599617,2022,0,0.0907695977352607,Routine Monitoring,0.10006182606945424,NOW INC.,Technology / Software / Electronics,0.0613295880149812,0.0,0.3606060606060606,0.3088235294117647,2023,Routine Monitoring,568
0001600033,2022,0,0.021611107375246713,Routine Monitoring,0.024010431853826016,"E.L.F. BEAUTY, INC.",Industrial / Manufacturing,0.1177225642832956,0.171059148658246,0.3099121727465199,0.4760592112812536,2023,Routine Monitoring,1281
0001600438,2022,0,0.027570728837127422,Routine Monitoring,0.030611005596531782,GMS INC.,Consumer / Retail,0.0903838830604924,0.0578569314060467,0.6571001343577292,0.4050086955256466,2023,Routine Monitoring,1169
0001601046,2022,0,0.017900540052613465,Routine Monitoring,0.01989628462638387,"KEYSIGHT TECHNOLOGIES, INC.",Industrial / Manufacturing,0.2461254612546125,0.1412694492467275,0.4861694245492714,0.0969439384739931,2023,Routine Monitoring,1336
0001602065,2022,0,0.013982502705314736,Routine Monitoring,0.014782515807883612,VIPER ENERGY PARTNERS LP,Energy / Capital-intensive,0.7853524715886467,0.2396255546808575,0.2050587373599194,0.7160582828464876,2023,Routine Monitoring,1404
0001603145,2022,1,0.03679589784821997,Routine Monitoring,0.040810758638840795,"NEXTERA ENERGY PARTNERS, LP",Energy / Capital-intensive,0.1626754748142031,0.0336630227312163,0.3591879229567933,0.2331975560081467,2023,Routine Monitoring,1027
0001603756,2022,1,0.3368010252233993,Medium Review Priority,0.361272264727719,"AXONICS, INC.",Industrial / Manufacturing,-0.237287268635231,0.0048395927522889,0.1353053675345376,0.5181208053691275,2023,Medium Review Priority,182
0001603923,2022,0,0.03992076324339026,Routine Monitoring,0.044260915552696345,WEATHERFORD INTERNATIONAL PLC,Technology / Software / Electronics,0.0951281459247287,0.0739406779661017,0.8832627118644067,0.1882030178326474,2023,Routine Monitoring,991
0001604028,2022,0,0.009187870224525082,Routine Monitoring,0.010222343524628112,"ADVANCED DRAINAGE SYSTEMS, INC.",Industrial / Manufacturing,0.2342174079106619,0.2439777672454651,0.6570778577276056,0.1089821851252024,2023,Routine Monitoring,1494
0001604665,2022,0,0.0033565128049457458,Routine Monitoring,0.003736902847641914,WESTLAKE CHEMICAL PARTNERS LP,Industrial / Manufacturing,0.2182391204327033,0.3380051735485747,0.3413106177281139,0.311385363556893,2023,Routine Monitoring,1592
0001604778,2022,0,0.04287144392859697,Routine Monitoring,0.04751651489247947,"QORVO, INC.",Technology / Software / Electronics,0.0513162019712562,0.1260076543249356,0.4167886175277794,-0.2316791347896146,2023,Routine Monitoring,948
0001604868,2022,1,0.7777756205232346,High Review Priority,0.7892939166853882,GROWGENERATION CORP.,Consumer / Retail,-0.6035065392607292,0.040716734482453,0.2625595518024005,-0.341601793182781,2023,High Review Priority,61
0001606163,2022,0,0.05373278880335674,Routine Monitoring,0.0594815397453786,"LIMBACH HOLDINGS, INC.",Industrial / Manufacturing,0.0241755941237806,0.1200892190279607,0.6759801192302992,0.0131150951053429,2023,Routine Monitoring,818
0001606268,2022,0,0.16671707584345402,Routine Monitoring,0.1822259473875064,"VIA RENEWABLES, INC.",Energy / Capital-intensive,0.0537706327783484,0.0489711436772926,0.6493458226318175,0.1702936579539244,2023,Routine Monitoring,337
0001606366,2022,0,0.06828638280691557,Routine Monitoring,0.07546800971393182,"EL POLLO LOCO HOLDINGS, INC.",Consumer / Retail,0.0640906972735919,0.0645476191273538,0.5292372299562303,0.0343249780461878,2023,Routine Monitoring,690
0001606498,2022,0,0.0684874607834802,Routine Monitoring,0.07568851699673754,"AVANOS MEDICAL, INC.",Industrial / Manufacturing,0.0902439024390243,0.0508702221724774,0.2774078012199899,0.1012624227773302,2023,Routine Monitoring,688
0001606745,2022,0,0.07028388216855604,Routine Monitoring,0.0776580748287824,"LIBERTY TRIPADVISOR HOLDINGS, INC.",Technology / Software / Electronics,0.0589812332439678,0.0840879689521345,0.5122897800776197,0.6541019955654102,2023,Routine Monitoring,678
0001606757,2022,0,0.1941259142450129,Routine Monitoring,0.21397306724541332,"KIMBALL ELECTRONICS, INC.",Technology / Software / Electronics,0.0389385973687233,-0.0803057058199382,,0.0446877900491327,2023,Routine Monitoring,296
0001609151,2022,0,0.4916953274501361,High Review Priority,0.5070353545872925,"WEAVE COMMUNICATIONS, INC.",Technology / Software / Electronics,-0.3497400029553115,-0.0612721923311367,0.6005788364714973,0.2265105160048675,2023,High Review Priority,125
0001609253,2022,0,0.10093590815152495,Routine Monitoring,0.10803609675368922,CALIFORNIA RESOURCES CORP,Energy / Capital-intensive,0.2999630587366088,0.1739349634484497,,0.4330333509793542,2023,Routine Monitoring,534
0001609550,2022,0,0.3297329192563115,Medium Review Priority,0.35396470073820757,"INSPIRE MEDICAL SYSTEMS, INC.",Industrial / Manufacturing,-0.1166882429092621,0.0204806010522663,0.1219170224969727,0.7474999357309957,2023,Medium Review Priority,188
0001609711,2022,0,0.016713835071734972,Routine Monitoring,0.0188468318491417,GODADDY INC.,Technology / Software / Electronics,0.1219172390193825,0.1404889940488994,,0.072227900516288,2023,Routine Monitoring,1366
0001609804,2022,0,0.056246576914470284,Routine Monitoring,0.06310092544120056,ORION ENGINEERED CARBONS S.A.,Industrial / Manufacturing,0.0970505687133783,0.042886641605337,,0.3129687095940006,2023,Routine Monitoring,785
0001610250,2022,0,0.0768551088472919,Routine Monitoring,0.08485582841042527,"BOOT BARN HOLDINGS, INC.",Consumer / Retail,0.1398316255584077,0.0585792230165001,0.4882959520384136,0.1137969542874344,2023,Routine Monitoring,631
0001611052,2022,0,0.23571335890117712,Routine Monitoring,0.2469470883897776,"PROCORE TECHNOLOGIES, INC.",Technology / Software / Electronics,-0.403294626653874,0.0072442700283266,0.3583236134014398,0.3989386602333626,2023,Routine Monitoring,256
0001611647,2022,0,0.1780048044339832,Routine Monitoring,0.19531640187736077,"FRESHPET, INC.",Industrial / Manufacturing,-0.0873159047542261,-0.0384109232145856,0.0833618421461849,0.3991995092705098,2023,Routine Monitoring,322
0001613103,2022,0,0.014527130054150645,Routine Monitoring,0.01615295655175501,MEDTRONIC PLC,Industrial / Manufacturing,0.1815312756422394,0.0807421329728185,0.4205273628559809,0.0520968223926685,2023,Routine Monitoring,1397
0001614178,2022,0,0.1943275254085283,Routine Monitoring,0.2117521685678463,"YEXT, INC.",Technology / Software / Electronics,-0.1617263315454659,0.034086157617692,0.7555698114216217,0.0263021120035229,2023,Routine Monitoring,294
0001615063,2022,0,0.02218132093475414,Routine Monitoring,0.02464235760405381,"INSPIRED ENTERTAINMENT, INC.",Technology / Software / Electronics,0.1713384723195515,0.1121525533290239,1.1864899806076277,0.366203925323121,2023,Routine Monitoring,1273
0001615165,2022,1,0.29786837022010126,Medium Review Priority,0.3108594857496969,"VERITONE, INC.",Technology / Software / Electronics,-0.2537601517418252,0.0087980751120653,0.8120055938524127,0.2985386583409219,2023,Medium Review Priority,210
0001616318,2022,0,0.032090464095178364,Routine Monitoring,0.03561088899410626,VISTA OUTDOOR INC.,Industrial / Manufacturing,0.0350200515811542,0.1737068586671392,0.5956267538252774,0.0115567750468776,2023,Routine Monitoring,1099
0001616533,2022,0,0.05715117391839779,Routine Monitoring,0.06324120797529938,"SMART GLOBAL HOLDINGS, INC.",Technology / Software / Electronics,0.0629394421750161,0.066747282553382,0.7592044598693183,0.2119786136155006,2023,Routine Monitoring,776
0001616707,2022,0,0.39249368317881766,High Review Priority,0.4220014728876805,WAYFAIR INC.,Consumer / Retail,-0.113275495171059,-0.188268156424581,1.7122905027932962,-0.108695652173913,2023,High Review Priority,157
0001616862,2022,0,0.04958569276802767,Routine Monitoring,0.05491650458804401,AXALTA COATING SYSTEMS LTD.,Industrial / Manufacturing,0.0866431905658832,0.0416194469628286,0.7875821622846781,0.1060187491508537,2023,Routine Monitoring,866
0001617553,2022,0,0.02434626961999432,Routine Monitoring,0.02584724567208018,"ZIPRECRUITER, INC.",Technology / Software / Electronics,0.1074759381815488,0.1802612225933892,0.959947548361726,0.2206165898256877,2023,Routine Monitoring,1231
0001617640,2022,0,0.017351528088670826,Routine Monitoring,0.017873745160080633,"ZILLOW GROUP, INC.",Technology / Software / Electronics,-0.0474974463738508,0.6862715221697394,0.3170806033825994,-0.7596772261400481,2023,Routine Monitoring,1349
0001618673,2022,0,0.021015875670057006,Routine Monitoring,0.023350693088626577,PERFORMANCE FOOD GROUP CO,Consumer / Retail,0.0064329657072234,0.0223380190660849,0.733438358377767,0.6742086062324624,2023,Routine Monitoring,1293
0001618732,2022,0,0.14942340827416217,Routine Monitoring,0.16363945889013504,"NUTANIX, INC.",Technology / Software / Electronics,-0.289375732226043,0.0285503660785653,1.3340033114248384,0.1337039682607985,2023,Routine Monitoring,383
0001618755,2022,0,0.01357050634576627,Routine Monitoring,0.015090910284339473,RESTAURANT BRANDS INTERNATIONAL LIMITED PARTNERSHIP,Consumer / Retail,0.2917755572636433,0.0655060230370175,0.8123626132067177,0.1334727304408434,2023,Routine Monitoring,1414
0001618756,2022,0,0.01357050634576627,Routine Monitoring,0.015090910284339473,RESTAURANT BRANDS INTERNATIONAL INC.,Consumer / Retail,0.2917755572636433,0.0655060230370175,0.8123626132067177,0.1334727304408434,2023,Routine Monitoring,1415
0001618921,2022,0,0.02568734440351235,Routine Monitoring,0.028526029158045134,"WALGREENS BOOTS ALLIANCE, INC.",Consumer / Retail,0.0104519114111964,0.0432626159513559,0.6626092938617905,0.0014640514983887,2023,Routine Monitoring,1200
0001620179,2022,0,0.3724759576766634,Medium Review Priority,0.4014733544593801,"EXELA TECHNOLOGIES, INC.",Technology / Software / Electronics,-0.2123896516478099,-0.1207377076430368,2.118680670220193,-0.0766745585056136,2023,High Review Priority,166
0001620533,2022,0,0.08721250454765657,Routine Monitoring,0.09617910716101048,SHAKE SHACK INC.,Consumer / Retail,-0.0298660945311753,0.0513365113301428,0.719206187594574,0.2170489516727418,2023,Routine Monitoring,581
0001621434,2022,0,0.002210274365145069,Routine Monitoring,0.0023725074930576757,"BLACK STONE MINERALS, L.P.",Energy / Capital-intensive,0.7270872387749321,0.3343474299848475,0.0482030270273672,0.8471413461003172,2023,Routine Monitoring,1604
0001621563,2022,0,0.1134452959830441,Routine Monitoring,0.12474039816823787,"SUMMIT MATERIALS, INC.",Energy / Capital-intensive,0.1115210555592861,0.0667571807358239,0.527223774652865,0.001183980040412,2023,Routine Monitoring,494
0001623925,2022,0,0.03218883195998619,Routine Monitoring,0.033994611981537554,ANTERO MIDSTREAM CORP,Energy / Capital-intensive,0.5863856475920803,0.1208021660001519,0.6214476147061464,0.0242517830064952,2023,Routine Monitoring,1097
0001624794,2022,0,0.037595989004249236,Routine Monitoring,0.041694370116741514,"CSW INDUSTRIALS, INC.",Industrial / Manufacturing,0.1834876184846629,0.1163952760689748,0.4785208341918611,0.2098685418279631,2023,Routine Monitoring,1017
0001625278,2022,0,0.09824967743830014,Routine Monitoring,0.10382204382027992,"NERDWALLET, INC.",Technology / Software / Electronics,-0.0352570050102059,0.0587268029128494,0.197322057787174,0.4196522655426764,2023,Routine Monitoring,544
0001625641,2022,1,0.8805753636817506,High Review Priority,0.8868794522122889,"CS DISCO, INC.",Technology / Software / Electronics,-0.5311635475996745,-0.1795163895412801,0.1275192921403547,0.1823302023753301,2023,High Review Priority,37
0001626450,2022,1,0.7590108004301669,High Review Priority,0.7781642206674672,"BIGCOMMERCE HOLDINGS, INC.",Technology / Software / Electronics,-0.5036889724984324,-0.1884946082319388,0.903656951921292,0.2693593504809988,2023,High Review Priority,64
0001627475,2022,0,0.1749514641089932,Routine Monitoring,0.1910507148632576,"UPWORK, INC",Technology / Software / Electronics,-0.1497999411306156,0.0060717707557081,0.7696087461640646,0.2297567407920095,2023,Routine Monitoring,325
0001630805,2022,0,0.15299604810798922,Routine Monitoring,0.16748506879220337,"BABCOCK & WILCOX ENTERPRISES, INC.",Industrial / Manufacturing,-0.0046987295111905,-0.0325007558438665,1.0022160811749792,0.230108534719083,2023,Routine Monitoring,369
0001633917,2022,0,0.014706053023142252,Routine Monitoring,0.016351571706980744,"PAYPAL HOLDINGS, INC.",Technology / Software / Electronics,0.1394360055236572,0.0738468183492765,0.7424444529136018,0.0846241772102005,2023,Routine Monitoring,1395
0001633931,2022,0,0.017864378631000894,Routine Monitoring,0.019856173053414396,TOPBUILD CORP,Industrial / Manufacturing,0.1591544706617068,0.1076230059231606,0.5811207313660952,0.4367316685440652,2023,Routine Monitoring,1337
0001633978,2022,0,0.029752911647142295,Routine Monitoring,0.03302564946460217,LUMENTUM HOLDINGS INC.,Technology / Software / Electronics,0.1770991474950367,0.110350295516794,0.5495170823122387,-0.0173284369979344,2023,Routine Monitoring,1131
0001634117,2022,0,0.10116225569221855,Routine Monitoring,0.11138805905973169,"BARNES & NOBLE EDUCATION, INC.",Consumer / Retail,-0.0440224631056549,0.0019224434069056,0.786875684170545,0.0680038217715446,2023,Routine Monitoring,532
0001634997,2022,0,0.05902535732799679,Routine Monitoring,0.06530127249186922,"AVANGRID, INC.",Energy / Capital-intensive,0.1075350246118894,0.0251683972472825,0.505337645599786,0.136076856897046,2023,Routine Monitoring,761
0001635282,2022,0,0.0637002210153938,Routine Monitoring,0.07043598759855964,"RIMINI STREET, INC.",Technology / Software / Electronics,0.0197455463284366,0.0892438388813449,1.1973450354310673,0.0940950244371445,2023,Routine Monitoring,725
0001636222,2022,0,0.01464253131891118,Routine Monitoring,0.016515631043002993,WINGSTOP INC.,Consumer / Retail,0.2571401400197471,0.1797260661496027,1.921429076593036,0.2655521022860014,2023,Routine Monitoring,1396
0001636422,2022,1,0.5087555627201782,High Review Priority,0.5356300429555615,"HEALTH CATALYST, INC.",Technology / Software / Electronics,-0.506831115423044,-0.0468837649510957,0.4350419920083585,0.1418202260195267,2023,High Review Priority,121
0001636651,2022,1,0.8628930558737179,High Review Priority,0.8707328045641053,OVID THERAPEUTICS INC.,Industrial / Manufacturing,-0.2496546561797752,-0.3556940550995984,0.1480895852579628,0.006787330316742,2023,High Review Priority,44
0001637459,2022,0,0.0249494508974231,Routine Monitoring,0.02770891078481415,KRAFT HEINZ CO,Industrial / Manufacturing,0.1372097413630356,0.0272778495906665,0.4600775579198568,0.0170109822594271,2023,Routine Monitoring,1219
0001637757,2022,0,0.08000223783857956,Routine Monitoring,0.08476427413802808,CLEARWAY ENERGY LLC,Energy / Capital-intensive,1.2369747899159664,0.0647335932423651,0.6615497076023392,-0.0746500777604977,2023,Routine Monitoring,620
0001637873,2022,1,0.38325943834794807,High Review Priority,0.3978644333474352,ACV AUCTIONS INC.,Technology / Software / Electronics,-0.2519613122703301,-0.0821654742152883,0.4691088420652252,0.1760263367137695,2023,High Review Priority,159
0001637880,2022,0,0.11467020360826966,Routine Monitoring,0.12768097967581957,"TRI-STATE GENERATION & TRANSMISSION ASSOCIATION, INC.",Energy / Capital-intensive,0.0747373287575208,0.0310555353058388,,0.0947814857356612,2023,Routine Monitoring,489
0001638290,2022,0,0.01630955548817765,Routine Monitoring,0.01813119473696069,"MASTERCRAFT BOAT HOLDINGS, INC.",Industrial / Manufacturing,0.1099889526489626,0.2467951739089452,0.5164213673026945,0.34623664911907,2023,Routine Monitoring,1370
0001639300,2022,0,0.062305475549797866,Routine Monitoring,0.06890461305907368,"OLLIE'S BARGAIN OUTLET HOLDINGS, INC.",Consumer / Retail,0.0716570088051016,0.0559396427565045,0.3336570298068192,0.0422214552808193,2023,Routine Monitoring,736
0001639691,2022,0,0.14378781691609144,Routine Monitoring,0.1575670242904297,LIVANOVA PLC,Industrial / Manufacturing,-0.0751141362588752,0.0304696804433379,0.4737501269188717,-0.0130968305863149,2023,Routine Monitoring,401
0001639825,2022,1,0.946110715179674,High Review Priority,0.9494707345908491,"PELOTON INTERACTIVE, INC.",Industrial / Manufacturing,-0.7632394405516317,-0.5014273302718133,0.8528236316246742,-0.109329156099259,2023,High Review Priority,10
0001640147,2022,0,0.1477538686027884,Routine Monitoring,0.16184130292964075,SNOWFLAKE INC.,Technology / Software / Electronics,-0.4077473581070254,0.0706573748155023,0.2918431787744671,0.6940976456684713,2023,Routine Monitoring,389
0001640428,2022,1,0.46693418890030103,High Review Priority,0.49382025280922726,"EVERQUOTE, INC.",Technology / Software / Electronics,-0.0613371539144872,-0.1008887099968693,0.3132718711466339,-0.0343786961040822,2023,High Review Priority,132
0001641614,2022,0,0.033558233068405524,Routine Monitoring,0.03560641095910909,CPI CARD GROUP INC.,Industrial / Manufacturing,0.1663286004056795,0.1056272036566374,1.2766646666621724,0.2682508750556489,2023,Routine Monitoring,1070
0001642545,2022,0,0.017202132652189273,Routine Monitoring,0.01827091242100994,"SHOCKWAVE MEDICAL, INC.",Industrial / Manufacturing,0.2534728106948071,0.1822225730510812,0.20859819622374,1.0651117876751033,2023,Routine Monitoring,1353
0001643953,2022,1,0.4318454919896755,High Review Priority,0.4584487450062902,"PURPLE INNOVATION, INC.",Industrial / Manufacturing,-0.0699384393043502,-0.0663992818456014,0.5871766055204658,-0.2072836730113312,2023,High Review Priority,142
0001645070,2022,0,0.04561733167900907,Routine Monitoring,0.0483646861766963,STERLING CHECK CORP.,Technology / Software / Electronics,0.076951467301006,0.074089681038391,0.4765365740655205,0.1945803291560468,2023,Routine Monitoring,913
0001645113,2022,1,0.19683574544320218,Routine Monitoring,0.2144254348512788,NOVOCURE LTD,Industrial / Manufacturing,-0.1664491298527443,0.0258364886275141,0.6297816133623352,0.0052501630746628,2023,Routine Monitoring,290
0001645590,2022,0,0.022747810384126498,Routine Monitoring,0.025630782428577834,HEWLETT PACKARD ENTERPRISE CO,Consumer / Retail,0.027442448062886,0.0804054408907095,,0.0256262597178231,2023,Routine Monitoring,1256
0001646972,2022,0,0.016957158587783377,Routine Monitoring,0.019120604142405774,"ALBERTSONS COMPANIES, INC.",Consumer / Retail,0.0297116408691855,0.1090598512698619,,0.080163311864454,2023,Routine Monitoring,1360
0001647088,2022,0,0.014123374171357938,Routine Monitoring,0.01570473380788739,WILLSCOT MOBILE MINI HOLDINGS CORP.,Technology / Software / Electronics,0.2387176838855925,0.1277801295925236,0.7314012112255864,0.1307332271886017,2023,Routine Monitoring,1401
0001649744,2022,0,0.18799277535720987,Routine Monitoring,0.2049939290131436,DULUTH HOLDINGS INC.,Consumer / Retail,0.0095376293228145,-0.0106701247881331,0.5692572243266711,-0.0648125350709435,2023,Routine Monitoring,306
0001650164,2022,0,0.2607542590220432,Medium Review Priority,0.27275549926764087,"TOAST, INC.",Technology / Software / Electronics,-0.1406078359575247,-0.0885860306643952,0.3764906303236797,0.6017595307917889,2023,Medium Review Priority,241
0001650729,2022,0,0.04198422549817075,Routine Monitoring,0.0465378414016352,"SITEONE LANDSCAPE SUPPLY, INC.",Consumer / Retail,0.0829742184580894,0.0857176684162753,0.4858123840719839,0.1550191328365509,2023,Routine Monitoring,960
0001651308,2022,1,0.9772438698992628,High Review Priority,0.9774669296369782,"BEIGENE, LTD.",Industrial / Manufacturing,-1.263958229307991,-0.2346058887431046,0.3128772951221844,0.2037247839167955,2023,High Review Priority,3
0001651562,2022,0,0.3613454017487577,Medium Review Priority,0.37562391747496404,"COURSERA, INC.",Technology / Software / Electronics,-0.3386691512841858,-0.0401552558735411,0.2670143531480154,0.2611904538307243,2023,Medium Review Priority,176
0001652044,2022,0,0.0030673197696986622,Routine Monitoring,0.003415048173401708,ALPHABET INC.,Technology / Software / Electronics,0.2646127084246701,0.2504900565070743,0.2987428271058741,0.0978081564371577,2023,Routine Monitoring,1596
0001652535,2022,1,0.07657079495475924,Routine Monitoring,0.08454462769346151,"ICHOR HOLDINGS, LTD.",Technology / Software / Electronics,0.0670456045728784,0.0290225902474943,0.4579004966126624,0.1669697889630665,2023,Routine Monitoring,633
0001653482,2022,0,0.4089475443365315,High Review Priority,0.42385868601094057,GITLAB INC.,Technology / Software / Electronics,-0.498216036348554,-0.0662059527882312,0.294624529592884,0.6795209239549898,2023,High Review Priority,147
0001653558,2022,0,0.03870052003749449,Routine Monitoring,0.04291393836795888,"PRIORITY TECHNOLOGY HOLDINGS, INC.",Technology / Software / Electronics,0.0846316005189552,0.0513469490586247,0.9033081566927316,0.2888710645347359,2023,Routine Monitoring,1002
0001653909,2022,1,0.7751127161465343,High Review Priority,0.7856286045792961,"ALLBIRDS, INC.",Industrial / Manufacturing,-0.3367913059247865,-0.1959127440717702,0.314892595444282,0.073138911313574,2023,High Review Priority,62
0001655210,2022,1,0.9374458629867769,High Review Priority,0.9442443511747821,"BEYOND MEAT, INC.",Industrial / Manufacturing,-0.8182000463081208,-0.3014844326620374,,-0.0984871960404561,2023,High Review Priority,13
0001657573,2022,1,0.27680147329713284,Medium Review Priority,0.28925229845140243,"XOMETRY, INC.",Technology / Software / Electronics,-0.1943482927571755,-0.0849136614987956,0.4913552939580011,0.7452595998827496,2023,Medium Review Priority,228
0001657788,2022,0,0.019510237451416074,Routine Monitoring,0.01970397671981263,"KIMBELL ROYALTY PARTNERS, LP",Energy / Capital-intensive,0.5519560946715196,0.1547592902383405,0.2445670101160942,0.8291397699797933,2023,Routine Monitoring,1315
0001658566,2022,0,0.017444112078559317,Routine Monitoring,0.0193899738484977,PERMIAN RESOURCES CORP,Energy / Capital-intensive,0.4727408370146368,0.1615138228705676,0.3339729496012524,1.0694063066807007,2023,Routine Monitoring,1346
0001659166,2022,0,0.02153379782434062,Routine Monitoring,0.024266731051126863,FORTIVE CORP,Industrial / Manufacturing,0.1694903616732753,0.0820107484928196,,0.1086646240508497,2023,Routine Monitoring,1284
0001660134,2022,0,0.1787650942090048,Routine Monitoring,0.19513228028378396,"OKTA, INC.",Technology / Software / Electronics,-0.4370290635091496,0.0092403567207478,0.4127001181906092,0.429009822327471,2023,Routine Monitoring,320
0001660280,2022,0,0.05208589647565067,Routine Monitoring,0.05766918823703355,"TENABLE HOLDINGS, INC.",Technology / Software / Electronics,-0.0992621389918778,0.0911068195869485,0.8118371968628649,0.2625265647811061,2023,Routine Monitoring,834
0001661181,2022,0,0.165207006600642,Routine Monitoring,0.18060585023760817,ORGANOGENESIS HOLDINGS INC.,Industrial / Manufacturing,0.0494662813572177,0.0553210239474451,0.4087822876586426,-0.0366748636389856,2023,Routine Monitoring,340
0001662991,2022,0,0.2920016324357571,Medium Review Priority,0.304847970523628,SEZZLE INC.,Technology / Software / Electronics,-0.2264434589347345,0.0493221622049226,0.948757542001451,0.0936606964661523,2023,Medium Review Priority,216
0001664703,2022,1,0.3030225876231264,Medium Review Priority,0.3262468846230244,BLOOM ENERGY CORP,Technology / Software / Electronics,-0.2176520379443344,-0.0984898493650812,0.8053987743928344,0.2334443557545136,2023,Medium Review Priority,205
0001665918,2022,0,0.037544538335043204,Routine Monitoring,0.04163755340734467,US FOODS HOLDING CORP.,Consumer / Retail,0.0174413483278033,0.059891959602286,0.6480858059970249,0.1549835520737952,2023,Routine Monitoring,1020
0001665988,2022,0,0.36198466776963517,Medium Review Priority,0.3762735613736545,BIOVENTUS INC.,Industrial / Manufacturing,-0.4902161029608468,-0.0098619530557338,0.7520618890918217,0.1884877627652019,2023,Medium Review Priority,175
0001666071,2022,1,0.8845734912615852,High Review Priority,0.8908526945147843,"CARDLYTICS, INC.",Technology / Software / Electronics,-1.533378888062651,-0.0779820495460306,0.6938744509834557,0.1176492609952231,2023,High Review Priority,35
0001666134,2022,0,0.07655966590995351,Routine Monitoring,0.084532445798011,"BLACKLINE, INC.",Technology / Software / Electronics,-0.1074658946184825,0.0288183711520968,0.930150705680429,0.2284017608396404,2023,Routine Monitoring,634
0001666138,2022,0,0.0038747123565661926,Routine Monitoring,0.004313575229330073,ATKORE INC.,Technology / Software / Electronics,0.3152327738557656,0.3027457525906157,0.519127001349752,0.336724824403162,2023,Routine Monitoring,1585
0001668673,2022,0,0.11352730672073598,Routine Monitoring,0.12642692477304363,"PETIQ, INC.",Consumer / Retail,-0.0218792355615167,0.0586448095973115,,-0.0118119777636703,2023,Routine Monitoring,493
0001669779,2022,0,0.058538247957510614,Routine Monitoring,0.06476593564158238,"CAMPING WORLD HOLDINGS, INC.",Consumer / Retail,0.0816029767706763,0.0395369141820031,0.9484003302398863,0.0077033403271218,2023,Routine Monitoring,765
0001669811,2022,0,0.023961935561925683,Routine Monitoring,0.02661515557126719,"DONNELLEY FINANCIAL SOLUTIONS, INC.",Technology / Software / Electronics,0.1739443378119002,0.1813352650006036,0.6021972715199807,-0.1607772072888351,2023,Routine Monitoring,1240
0001670592,2022,0,0.06651868906465093,Routine Monitoring,0.07352908039622581,"YETI HOLDINGS, INC.",Industrial / Manufacturing,0.0792121723496792,0.0937010396883256,0.5110567301128844,0.130570117839331,2023,Routine Monitoring,706
0001671933,2022,0,0.02418857088550957,Routine Monitoring,0.02686619467321077,"TRADE DESK, INC.",Technology / Software / Electronics,0.0720334390716157,0.1252623166408678,0.5171207477197028,0.3187116736190802,2023,Routine Monitoring,1233
0001672013,2022,0,0.13673013453518337,Routine Monitoring,0.1499514527635889,ACUSHNET HOLDINGS CORP.,Industrial / Manufacturing,0.1240049930935332,-0.030899254127642,0.5517536410449962,0.0569878906668279,2023,Routine Monitoring,422
0001673358,2022,0,0.03014289334420393,Routine Monitoring,0.0334570488526393,"YUM CHINA HOLDINGS, INC.",Consumer / Retail,0.06573309645731,0.1194824961948249,0.3945543717233215,-0.028823708515173,2023,Routine Monitoring,1124
0001674101,2022,0,0.0708446647218289,Routine Monitoring,0.07827274123509144,VERTIV HOLDINGS CO,Technology / Software / Electronics,0.0392515154177281,-0.0215341685809715,0.7967924235804783,0.1387327184330045,2023,Routine Monitoring,673
0001674335,2022,0,0.08990878626742838,Routine Monitoring,0.09912249891617064,"JELD-WEN HOLDING, INC.",Industrial / Manufacturing,0.0207081874116695,0.0086643450932366,0.7933523564122636,0.0749122066911316,2023,Routine Monitoring,574
0001674862,2022,0,0.04540062026820122,Routine Monitoring,0.051004684846117865,ASHLAND INC.,Consumer / Retail,0.1392722710163111,0.0310638982778046,,0.1326385599242066,2023,Routine Monitoring,917
0001676238,2022,0,0.3103758447614019,Medium Review Priority,0.3236609995563624,"BRAZE, INC.",Technology / Software / Electronics,-0.4167956199040025,-0.0316243411595591,0.366665438059784,0.4931669712437247,2023,Medium Review Priority,198
0001679273,2022,0,0.02869129929911301,Routine Monitoring,0.03230262828624639,"LAMB WESTON HOLDINGS, INC.",Industrial / Manufacturing,0.1084193320159067,0.1009952171602492,,0.1165926612002505,2023,Routine Monitoring,1148
0001680062,2022,0,0.10316289838436925,Routine Monitoring,0.11356538178685371,"ACM RESEARCH, INC.",Technology / Software / Electronics,0.1518264957616657,-0.0503391339538648,0.3426377984621611,0.4969413014771839,2023,Routine Monitoring,525
0001680247,2022,0,0.027757938357297424,Routine Monitoring,0.03081820481934171,PROPETRO HOLDING CORP.,Energy / Capital-intensive,-0.002024691705328,0.2249080316757324,0.285789041058972,0.4633282028646768,2023,Routine Monitoring,1165
0001680873,2022,0,0.0650921087045598,Routine Monitoring,0.07196374353794063,HF FOODS GROUP INC.,Consumer / Retail,0.0090211855609769,0.0490707089402991,0.5353168248032638,0.4688047444797485,2023,Routine Monitoring,719
0001681622,2022,0,0.09148818031476444,Routine Monitoring,0.1008458120336272,VAREX IMAGING CORP,Technology / Software / Electronics,0.102629741680242,0.0142688280986153,0.5384160756501182,0.0504828260603837,2023,Routine Monitoring,562
0001682852,2022,1,0.028890280632850283,Routine Monitoring,0.029554892905975398,"MODERNA, INC.",Industrial / Manufacturing,0.4890204018065722,0.1926289736251837,0.2604609791940598,0.0428780250121811,2023,Routine Monitoring,1144
0001683606,2022,0,0.08646728185132348,Routine Monitoring,0.0953652705817628,CARS.COM INC.,Technology / Software / Electronics,0.1009916253234558,0.125392488803458,0.6248987676485798,0.0484108112614902,2023,Routine Monitoring,586
0001683695,2022,0,0.08717696343825207,Routine Monitoring,0.09741151463299845,"INTERNATIONAL MONEY EXPRESS, INC.",Technology / Software / Electronics,0.1516226076937848,0.029632551672421,,0.1907618802890205,2023,Routine Monitoring,583
0001687187,2022,0,0.006307493029275453,Routine Monitoring,0.007019958934881711,"RAMACO RESOURCES, INC.",Energy / Capital-intensive,0.2658479585920154,0.3150389291996666,0.4815063244228534,0.9961184781611468,2023,Routine Monitoring,1539
0001687221,2022,0,0.07053831505452036,Routine Monitoring,0.07793696502137527,"REV GROUP, INC.",Industrial / Manufacturing,0.0157831531995196,0.0681243492488472,0.6606425702811245,-0.0206653225806451,2023,Routine Monitoring,677
0001687932,2022,0,0.05855425772836156,Routine Monitoring,0.06478353143644182,"J.JILL, INC.",Industrial / Manufacturing,0.1279669997464519,0.1595675114757824,1.000469536916536,0.0513699449424647,2023,Routine Monitoring,764
0001688757,2022,1,0.6673846030745695,High Review Priority,0.6808638746705683,ESTABLISHMENT LABS HOLDINGS INC.,Industrial / Manufacturing,-0.2452566481137909,-0.2471607734256921,1.0387802578401504,0.276424432831815,2023,High Review Priority,87
0001689923,2022,0,0.20232748578936918,Routine Monitoring,0.22027333681390238,"ALTERYX, INC.",Technology / Software / Electronics,-0.3513293911059046,-0.0673268331274192,0.8884879058668811,0.5954078730170573,2023,Routine Monitoring,281
0001691303,2022,0,0.006391645711084344,Routine Monitoring,0.007113549076201843,"WARRIOR MET COAL, INC.",Energy / Capital-intensive,0.4609228072314518,0.415120593463324,0.2862686412618738,0.6415329828854548,2023,Routine Monitoring,1536
0001692427,2022,0,0.5327559228857771,High Review Priority,0.5594543682825468,"NCS MULTISTAGE HOLDINGS, INC.",Energy / Capital-intensive,-0.014476457283849,-0.010267029343646,0.2116681938542125,0.3133280450962852,2023,High Review Priority,117
0001692787,2022,0,0.013565200895409617,Routine Monitoring,0.01397508411172757,KINETIK HOLDINGS INC.,Energy / Capital-intensive,0.1240133828873744,0.103553366034254,0.6160903800878117,6.555177845433547,2023,Routine Monitoring,1416
0001692819,2022,0,0.1394025595754927,Routine Monitoring,0.1528365412236958,VISTRA CORP.,Energy / Capital-intensive,-0.0857371794871794,0.0147924482264312,0.8500015249946625,0.1367061356297094,2023,Routine Monitoring,411
0001693256,2022,0,0.1587312356680493,Routine Monitoring,0.17365203693445908,"SELECT ENERGY SERVICES, INC.",Energy / Capital-intensive,0.0282264923382969,0.0271749752423226,0.2773227853225203,0.8145222463445894,2023,Routine Monitoring,355
0001693317,2022,0,0.14559786028875848,Routine Monitoring,0.1614777276870611,"CHENIERE CORPUS CHRISTI HOLDINGS, LLC",Energy / Capital-intensive,-0.158175798355228,0.1105373876458213,,0.6159820503969624,2023,Routine Monitoring,398
0001694028,2022,0,0.06219204451454985,Routine Monitoring,0.06878004911862658,LIBERTY ENERGY INC.,Energy / Capital-intensive,0.1195137987114711,0.2058920810021382,0.4187323267850238,0.679317722081511,2023,Routine Monitoring,738
0001694426,2022,0,0.022124878851090882,Routine Monitoring,0.02493091695444425,"DELEK US HOLDINGS, INC.",Industrial / Manufacturing,0.0241778541722233,0.0519114344302314,,0.9013354369752636,2023,Routine Monitoring,1275
0001695295,2022,1,0.6769883802070537,High Review Priority,0.691659672985708,"HYDROFARM HOLDINGS GROUP, INC.",Consumer / Retail,-0.8174025619664385,0.0383378170336443,0.3899825475670332,-0.2814213007383922,2023,High Review Priority,85
0001696558,2022,1,0.10089561052099696,Routine Monitoring,0.10660030441694575,"JERASH HOLDINGS (US), INC.",Industrial / Manufacturing,0.0319770837884234,0.1290876744084905,0.18496443348396,-0.0369125361335742,2023,Routine Monitoring,535
0001697500,2022,0,0.016070368581340973,Routine Monitoring,0.017865777878295182,"SOLARIS OILFIELD INFRASTRUCTURE, INC.",Technology / Software / Electronics,0.1306354588209559,0.1469942236518972,0.3144283317768323,1.0102205554403887,2023,Routine Monitoring,1375
0001698990,2022,0,0.017093894160194134,Routine Monitoring,0.018328510824309193,MAGNOLIA OIL & GAS CORP,Energy / Capital-intensive,0.6336916115911957,0.5040404884581073,,0.5713742556922561,2023,Routine Monitoring,1356
0001699039,2022,0,0.058315740913014925,Routine Monitoring,0.06438968167619821,"RANGER ENERGY SERVICES, INC.",Energy / Capital-intensive,0.0323746918652424,0.1166142557651991,0.3024109014675052,1.0760832480382123,2023,Routine Monitoring,769
0001699136,2022,0,0.019697387738302295,Routine Monitoring,0.021888999211634647,"CACTUS, INC.",Technology / Software / Electronics,0.2538580325377813,0.1053574237462641,0.3650482261085928,0.5695081271988125,2023,Routine Monitoring,1311
0001699150,2022,0,0.02586092483999429,Routine Monitoring,0.02871822640571302,INGERSOLL RAND INC.,Technology / Software / Electronics,0.1381437722901137,0.0586080089936949,0.3730690306720213,0.1482610045803898,2023,Routine Monitoring,1195
0001699838,2022,1,0.560062709153995,High Review Priority,0.5751223567554827,"CONFLUENT, INC.",Technology / Software / Electronics,-0.7896215337984517,-0.0670972843027418,0.6718436880157315,0.5106944702266774,2023,High Review Priority,114
0001701605,2022,0,0.05183781493256792,Routine Monitoring,0.05818802615146323,BAKER HUGHES CO,Technology / Software / Electronics,0.0560124787294384,0.0552353646762821,,0.031899326894937,2023,Routine Monitoring,839
0001701732,2022,0,0.101808469494955,Routine Monitoring,0.11209144817782715,ALTAIR ENGINEERING INC.,Technology / Software / Electronics,-0.0121229385150143,0.0328453157450001,0.5270872173036794,0.0752416010402514,2023,Routine Monitoring,529
0001701758,2022,0,0.2146767807844205,Routine Monitoring,0.23339748164458796,LOVESAC CO,Consumer / Retail,0.0598838146252369,-0.0511297583565759,0.5377152233921934,0.3076957042704404,2023,Routine Monitoring,270
0001702744,2022,0,0.053394975122275846,Routine Monitoring,0.05910984178764815,SIMPLY GOOD FOODS CO,Industrial / Manufacturing,0.1734943243562384,0.0528299165954,0.3130406174241936,0.1621548249674576,2023,Routine Monitoring,823
0001703056,2022,0,0.012081287563118225,Routine Monitoring,0.01343711613642622,ADT INC.,Technology / Software / Electronics,0.087603102898843,0.1056307550708967,0.8079149211162757,0.2050454569350444,2023,Routine Monitoring,1438
0001703956,2022,0,0.03237972026815286,Routine Monitoring,0.035930699513888144,"CONCRETE PUMPING HOLDINGS, INC.",Industrial / Manufacturing,0.124874156474587,0.0864179725044479,0.6570920879019345,0.27068345323741,2023,Routine Monitoring,1093
0001704292,2022,1,0.9691777145592309,High Review Priority,0.9696708635952135,ZAI LAB LTD,Industrial / Manufacturing,-1.8803803943452384,-0.301311324929926,0.1430532561837166,0.490104772991851,2023,High Review Priority,6
0001704711,2022,1,0.19438742506029416,Routine Monitoring,0.21425420623592017,"FUNKO, INC.",Industrial / Manufacturing,-0.0090118287813013,-0.0367815459906795,,0.285062659514832,2023,Routine Monitoring,293
0001704715,2022,0,0.004659204345132552,Routine Monitoring,0.005186458771563963,"ALPHA METALLURGICAL RESOURCES, INC.",Energy / Capital-intensive,0.3854305840268852,0.641737719564156,0.3817219529344915,0.815999922075139,2023,Routine Monitoring,1575
0001704720,2022,1,0.37826292518076404,High Review Priority,0.40391195692546633,"CANNAE HOLDINGS, INC.",Consumer / Retail,-0.2183960126869053,-0.0656215005599104,0.1313709806430971,-0.1079223928860145,2023,High Review Priority,161
0001705012,2022,0,0.08178310367781427,Routine Monitoring,0.0840785536523087,"FAT BRANDS, INC",Consumer / Retail,-0.0439659745005205,-0.0390660865422734,1.131193939189139,2.4254758960641314,2023,Routine Monitoring,604
0001705110,2022,1,0.11031112604676364,Routine Monitoring,0.12289596616893199,ANGI INC.,Technology / Software / Electronics,-0.0667741990056695,0.0141887578114434,,0.1222744473543375,2023,Routine Monitoring,503
0001707753,2022,0,0.2003266327387846,Routine Monitoring,0.21814354755703597,ELASTIC N.V.,Technology / Software / Electronics,-0.2013975374953326,0.0034523665327393,0.7471391068766735,0.4172384381640424,2023,Routine Monitoring,284
0001707925,2022,0,0.012163286889219988,Routine Monitoring,0.013528191863682057,LINDE PLC,Industrial / Manufacturing,0.16092195180434,0.1112757036330312,0.4804413869291219,0.0834930016562205,2023,Routine Monitoring,1435
0001708035,2022,0,0.017049956698240578,Routine Monitoring,0.018952699184009037,ECOVYST INC.,Industrial / Manufacturing,0.1272741017290549,0.0990187062926858,0.6247232102254486,0.3418809851423672,2023,Routine Monitoring,1357
0001708055,2022,0,0.164927546329364,Routine Monitoring,0.18030596779245495,RIBBON COMMUNICATIONS INC.,Technology / Software / Electronics,-0.058948960671416,-0.020997734882491,0.587096316874329,-0.0298204524017198,2023,Routine Monitoring,341
0001709164,2022,0,0.13683630491355692,Routine Monitoring,0.15006610480326765,HAMILTON BEACH BRANDS HOLDING CO,Technology / Software / Electronics,0.0605258764737912,-0.0087877619231263,0.6798200282812701,-0.0264962924935524,2023,Routine Monitoring,421
0001709682,2022,0,0.12621001568107507,Routine Monitoring,0.13482146927327163,"CUSTOM TRUCK ONE SOURCE, INC.",Technology / Software / Electronics,0.0656721882973976,0.0156448887963155,,0.3477964347464002,2023,Routine Monitoring,457
0001710155,2022,0,0.09023703544169374,Routine Monitoring,0.1007911707564451,"NATIONAL VISION HOLDINGS, INC.",Industrial / Manufacturing,0.0305549405506321,0.0520232222991333,,-0.0356432358351065,2023,Routine Monitoring,570
0001711269,2022,0,0.039997045586365104,Routine Monitoring,0.04496553346578273,"EVERGY, INC.",Energy / Capital-intensive,0.2162789506920858,0.0611022756943902,,0.0487586589578821,2023,Routine Monitoring,988
0001712463,2022,0,0.2567279929534099,Routine Monitoring,0.27781846940469873,RANPAK HOLDINGS CORP.,Industrial / Manufacturing,-0.1301684532924961,0.0009704455227172,0.4593736215262461,-0.1495181036728314,2023,Medium Review Priority,247
0001713683,2022,0,0.054729024815458945,Routine Monitoring,0.060577537525719406,"ZSCALER, INC.",Technology / Software / Electronics,-0.3001330954969357,0.1136428063325525,0.7976110835555916,0.6207784875947111,2023,Routine Monitoring,806
0001714899,2022,1,0.8349389027539412,High Review Priority,0.8329248295250672,DENALI THERAPEUTICS INC.,Industrial / Manufacturing,-3.141569014318246,-0.1675859206898582,0.2861251765118384,,2023,High Review Priority,49
0001718227,2022,0,0.06871828358387715,Routine Monitoring,0.07594163087894087,"CONSTRUCTION PARTNERS, INC.",Industrial / Manufacturing,0.0272057366130075,0.0150595013696679,0.5838701403259271,0.4292503121091773,2023,Routine Monitoring,686
0001718512,2022,0,0.05190081964553815,Routine Monitoring,0.05746547500292061,GATES INDUSTRIAL CORP PLC,Technology / Software / Electronics,0.1080411907039558,0.036959786417487,0.5211635797319094,0.0229679944738658,2023,Routine Monitoring,837
0001720592,2022,0,0.08975198970629046,Routine Monitoring,0.09895138113987689,REPAY HOLDINGS CORP,Technology / Software / Electronics,-0.169041675769177,0.0456251536759282,0.4293748463240718,0.2735086136272002,2023,Routine Monitoring,575
0001720635,2022,0,0.02886110495340042,Routine Monitoring,0.032038985789221784,NVENT ELECTRIC PLC,Technology / Software / Electronics,0.1513922310072189,0.0804944718697727,0.4427603932928073,0.1815597075548334,2023,Routine Monitoring,1145
0001720671,2022,1,0.6235142791068435,High Review Priority,0.6378065509450024,"HASHICORP, INC.",Technology / Software / Electronics,-0.6246981964281587,-0.0518700025793139,0.2597676160998317,0.4835878778809672,2023,High Review Priority,103
0001721386,2022,0,0.08140192860389092,Routine Monitoring,0.08610999841104428,LANDSEA HOMES CORP,Industrial / Manufacturing,0.0748688685186964,0.0111038142417611,0.5068927647143762,0.4135085956861304,2023,Routine Monitoring,610
0001721741,2022,1,0.28877656405527413,Medium Review Priority,0.3113968322060753,"LAZYDAYS HOLDINGS, INC.",Consumer / Retail,0.0676093720915686,-0.0866238603232384,0.6485028613801554,0.0744205893212248,2023,Medium Review Priority,221
0001721947,2022,0,0.12173792891114076,Routine Monitoring,0.133734134462108,JAMF HOLDING CORP.,Technology / Software / Electronics,-0.2900604875766538,0.0588444122488954,0.5414718915858473,0.3067458541218599,2023,Routine Monitoring,469
0001722482,2022,0,0.03319113532443095,Routine Monitoring,0.0368277130492094,"AVANTOR, INC.",Industrial / Manufacturing,0.1504445982642031,0.0626545754328112,0.6393871200136658,0.0170996872503756,2023,Routine Monitoring,1075
0001723128,2022,0,0.09329408969507892,Routine Monitoring,0.10416483978556254,"AMNEAL PHARMACEUTICALS, INC.",Industrial / Manufacturing,-0.0429091119484483,0.0171345504391419,,0.0566636846607557,2023,Routine Monitoring,555
0001724521,2022,1,0.16233919270129415,Routine Monitoring,0.16233919270129415,"ARCUS BIOSCIENCES, INC.",Industrial / Manufacturing,-2.5,0.3256505576208178,,-0.7074816784283409,2023,Routine Monitoring,348
0001724965,2022,0,0.04466420539431668,Routine Monitoring,0.049493475562799434,TALOS ENERGY INC.,Energy / Capital-intensive,0.4455980096611339,0.2320450424471641,0.6189216988281666,0.3273820045960756,2023,Routine Monitoring,925
0001725057,2022,0,0.045484964153043456,Routine Monitoring,0.050398296366449456,CERIDIAN HCM HOLDING INC.,Technology / Software / Electronics,-0.0207029369282619,0.0167483453746273,0.7335674228262518,0.216754540128881,2023,Routine Monitoring,916
0001725134,2022,1,0.2633680802753263,Medium Review Priority,0.2847950347519708,"DIGITAL MEDIA SOLUTIONS, INC.",Technology / Software / Electronics,-0.1085701575874093,-0.0013859495514363,1.3693533555378583,-0.0859639898582729,2023,Medium Review Priority,239
0001728688,2022,0,0.05546352733616045,Routine Monitoring,0.06138543407480768,"I3 VERTICALS, INC.",Technology / Software / Electronics,-0.0076888712711805,0.059516144107842,0.6005670429644092,0.4182416876372008,2023,Routine Monitoring,795
0001730168,2022,0,0.0019947458377047324,Routine Monitoring,0.002221152211232007,BROADCOM INC.,Technology / Software / Electronics,0.4284251423064181,0.2284809348933091,0.689975289765048,0.2095810564663023,2023,Routine Monitoring,1606
0001731348,2022,0,0.7908053537664047,High Review Priority,0.7935444723900578,"TILRAY BRANDS, INC.",Industrial / Manufacturing,-0.97140069894903,-0.0325269638992574,0.1850247004694208,0.2246937641911184,2023,High Review Priority,58
0001732845,2022,0,0.026398058741222644,Routine Monitoring,0.029729575948260988,WESTROCK CO,Industrial / Manufacturing,0.0624185543245595,0.0711270704617063,,0.1339158544977354,2023,Routine Monitoring,1183
0001733998,2022,0,0.07291029050834424,Routine Monitoring,0.0816196990856448,NORTHWEST NATURAL HOLDING CO,Energy / Capital-intensive,0.1614464892857108,0.031099802330337,,0.2056636448163644,2023,Routine Monitoring,658
0001734722,2022,0,0.3246218007807547,Medium Review Priority,0.33821767442897854,"UIPATH, INC.",Technology / Software / Electronics,-0.3290093058537797,-0.0036490852974145,0.2979841372094094,0.1864148245114609,2023,Medium Review Priority,193
0001736946,2022,0,0.6043753259790596,High Review Priority,0.6298249108864559,"ARLO TECHNOLOGIES, INC.",Technology / Software / Electronics,-0.1159815992202506,-0.1688531636547992,0.6778299859295153,0.1270335549493608,2023,High Review Priority,109
0001738177,2022,1,0.20402032756901908,Routine Monitoring,0.22207452641459205,CAMBIUM NETWORKS CORP,Technology / Software / Electronics,0.0669587974361651,-0.0113336945469119,0.4605064907111206,-0.1159878995039511,2023,Routine Monitoring,280
0001738827,2022,0,0.25036330700427145,Routine Monitoring,0.2601114573339061,"KLX ENERGY SERVICES HOLDINGS, INC.",Energy / Capital-intensive,0.0415813715455475,0.0336982185018244,,,2023,Medium Review Priority,250
0001739445,2022,0,0.048051940148063486,Routine Monitoring,0.0532270972128667,"ARCOSA, INC.",Industrial / Manufacturing,0.1556090601034421,0.0521762557624378,0.3461054900317308,0.1013553329404832,2023,Routine Monitoring,882
0001739566,2022,0,0.17280606195175072,Routine Monitoring,0.18175469640359487,"UTZ BRANDS, INC.",Industrial / Manufacturing,0.003794373903455,0.0169671795817862,0.4889095278566213,0.1928394114403755,2023,Routine Monitoring,328
0001739942,2022,0,0.45209665505756064,High Review Priority,0.4677464083820682,SOLARWINDS CORP,Technology / Software / Electronics,-1.1393058063547536,0.0482830344693103,0.57198424002955,0.0010227766088901,2023,High Review Priority,136
0001740332,2022,0,0.05655810184723781,Routine Monitoring,0.06258913335301955,"RESIDEO TECHNOLOGIES, INC.",Consumer / Retail,0.0959183673469387,0.0237983403788946,0.6040394551432597,0.0896339377352035,2023,Routine Monitoring,781
0001743725,2022,0,0.19415875522563059,Routine Monitoring,0.21157223935375735,"GRID DYNAMICS HOLDINGS, INC.",Technology / Software / Electronics,-0.067662537602824,0.0769848180451713,0.1169949361054224,0.4695285876561907,2023,Routine Monitoring,295
0001743759,2022,0,0.14230993237555967,Routine Monitoring,0.15597331337510525,"CORSAIR GAMING, INC.",Technology / Software / Electronics,-0.0398466145685616,0.0511769172361427,0.494749257079426,-0.2778074220350199,2023,Routine Monitoring,407
0001746618,2022,0,0.14544058011144928,Routine Monitoring,0.15934869525311182,"REVOLVE GROUP, INC.",Consumer / Retail,0.0664054271955373,0.0404544654231354,0.344793360468689,0.2356162846789844,2023,Routine Monitoring,399
0001747009,2022,0,0.0177030483232108,Routine Monitoring,0.018711893837276318,EQUITRANS MIDSTREAM CORP,Energy / Capital-intensive,0.5432484844378224,0.0809696153925318,0.80083011147772,0.0309102933326854,2023,Routine Monitoring,1342
0001748790,2022,0,0.021542405470578608,Routine Monitoring,0.023934289065665554,AMCOR PLC,Industrial / Manufacturing,0.0851897689768976,0.0875702972569723,0.7623665786755423,0.1308607417774667,2023,Routine Monitoring,1283
0001749704,2022,0,0.03229990635146995,Routine Monitoring,0.03475865475110569,"AGILITI, INC. DE",Technology / Software / Electronics,0.0820357230765937,0.0817378289903019,,0.0795251711290183,2023,Routine Monitoring,1094
0001749723,2022,0,0.11758702321327634,Routine Monitoring,0.12410519228255347,NEW FORTRESS ENERGY INC.,Energy / Capital-intensive,0.3113578170075059,0.0460878936784838,0.8128690908156461,0.7903342127743214,2023,Routine Monitoring,481
0001751008,2022,0,0.049216812028798546,Routine Monitoring,0.05216909931070065,APPLOVIN CORP,Technology / Software / Electronics,-0.0169648619233256,0.0705854771141374,0.6746362677813335,0.0085761217627413,2023,Routine Monitoring,870
0001752474,2022,0,0.10678026728441369,Routine Monitoring,0.11749972074389795,KLDISCOVERY INC.,Technology / Software / Electronics,0.0379136318959651,0.0128341313633883,0.9456107270737212,-0.00950146188338,2023,Routine Monitoring,513
0001753706,2022,0,0.3165022448915878,Medium Review Priority,0.3299241763514971,"WHOLE EARTH BRANDS, INC.",Industrial / Manufacturing,-0.0457872599726532,-0.0068433209305503,0.676619517245522,0.0896789905521151,2023,Medium Review Priority,196
0001754170,2022,1,0.20821527914956922,Routine Monitoring,0.22653504936446142,AERSALE CORP,Consumer / Retail,0.134737017310253,-0.0002125742363787,0.1629089937713867,0.2000575730605074,2023,Routine Monitoring,275
0001754195,2022,0,0.0816564905357824,Routine Monitoring,0.08637789906939779,TRULIEVE CANNABIS CORP.,Industrial / Manufacturing,0.0261386403745083,0.0067948437327157,0.432869438736964,0.3212189026891947,2023,Routine Monitoring,606
0001754820,2022,1,0.9016833888882281,High Review Priority,0.9031485152305733,"DESKTOP METAL, INC.",Technology / Software / Electronics,-3.500873109657789,-0.2406465459529898,0.3007170440129012,0.8595028823571276,2023,High Review Priority,26
0001756390,2022,0,0.16352629245724706,Routine Monitoring,0.17209435654828517,"ASCEND WELLNESS HOLDINGS, INC.",Industrial / Manufacturing,-0.0185403250838822,-0.0439781691432764,0.8126318565400844,0.2212671602769111,2023,Routine Monitoring,346
0001757073,2022,0,0.05830212534243681,Routine Monitoring,0.06538961220595005,ENVISTA HOLDINGS CORP,Industrial / Manufacturing,0.1242458448483904,0.0277364505844845,,0.0239945792977001,2023,Routine Monitoring,770
0001757715,2022,1,0.9330603770696643,High Review Priority,0.9398553923138449,"ATERIAN, INC.",Technology / Software / Electronics,-0.8055296830492381,-0.1117176663108304,0.3482955017610698,-0.1073468218124286,2023,High Review Priority,14
0001757898,2022,0,0.053473061257540706,Routine Monitoring,0.05919576284702231,STERIS PLC,Industrial / Manufacturing,0.0540931240405345,0.0699462448110714,0.4375103898699657,0.0813020276270952,2023,Routine Monitoring,821
0001758021,2022,0,0.05696983208737331,Routine Monitoring,0.06035766348519074,KARAT PACKAGING INC.,Industrial / Manufacturing,0.0709646607101903,0.1168791513829681,0.3975096659066124,0.1611913991719835,2023,Routine Monitoring,777
0001758766,2022,1,0.27547251613912777,Medium Review Priority,0.2815374826581633,"STEM, INC.",Technology / Software / Electronics,-0.3612347787756901,-0.0745696054485112,0.6116676852618306,1.8497852729428208,2023,Medium Review Priority,229
0001759509,2022,1,0.29497556227849125,Medium Review Priority,0.3178643898548472,"LYFT, INC.",Technology / Software / Electronics,-0.3562558987676841,-0.0520769435551641,0.9146990264968348,0.2764098253199569,2023,Medium Review Priority,213
0001759824,2022,0,0.07873811737358641,Routine Monitoring,0.08691640451838017,ALTA EQUIPMENT GROUP INC.,Consumer / Retail,0.0259575009543198,0.0201456686812335,0.8916782891678289,0.2960092348284959,2023,Routine Monitoring,624
0001760689,2022,1,0.6772386955429721,High Review Priority,0.6905038200498521,"MICROVAST HOLDINGS, INC.",Technology / Software / Electronics,-0.7821511528399228,-0.0547516287513058,0.3776611567814635,0.3455743012054535,2023,High Review Priority,83
0001760965,2022,0,0.0595782279154781,Routine Monitoring,0.06590881001526408,"KONTOOR BRANDS, INC.",Industrial / Manufacturing,0.1355396504732762,0.0528263036250024,0.8415198251110279,0.0628163475659109,2023,Routine Monitoring,754
0001762359,2022,1,0.9073293664541021,High Review Priority,0.9159992799472265,"ACREAGE HOLDINGS, INC.",Consumer / Retail,-0.603416576002159,-0.1389316449096299,0.8885690276310206,0.2556351563865104,2023,High Review Priority,25
0001764046,2022,0,0.43432752899235677,High Review Priority,0.4498672236013079,CLARIVATE PLC,Technology / Software / Electronics,-1.475900443642379,0.0365223128168721,0.5114701432064769,0.4171285112531662,2023,High Review Priority,141
0001766368,2022,0,0.05061040194240101,Routine Monitoring,0.05604488101060385,"MAYVILLE ENGINEERING COMPANY, INC.",Industrial / Manufacturing,0.0477834302325581,0.118992875316911,0.505500691132845,0.1859304437301296,2023,Routine Monitoring,855
0001766502,2022,0,0.023904649116739493,Routine Monitoring,0.02655169855698892,"CHEWY, INC.",Consumer / Retail,0.0055206789544921,0.1389906308994241,0.9149302048924168,0.1358898714431242,2023,Routine Monitoring,1242
0001767258,2022,0,0.10190835121033573,Routine Monitoring,0.11220015804603148,"XPEL, INC.",Industrial / Manufacturing,0.1664758189220137,0.0623545474291743,0.3549818475191609,0.2496688836258778,2023,Routine Monitoring,527
0001768267,2022,1,0.5061311487352068,High Review Priority,0.53464967500879,CERENCE INC.,Technology / Software / Electronics,-0.5622142724258976,-0.0016215482372678,0.4592690291112656,-0.1531347015098842,2023,High Review Priority,122
0001770787,2022,1,0.7461867568076416,High Review Priority,0.7660452457733028,"10X GENOMICS, INC.",Industrial / Manufacturing,-0.3252150911390002,-0.032659526910144,0.2169497949425644,0.0528430752920547,2023,High Review Priority,66
0001771515,2022,0,0.04081522444334123,Routine Monitoring,0.04524803872288756,GROCERY OUTLET HOLDING CORP.,Consumer / Retail,0.0265476016467953,0.0669134080025854,0.599548262085901,0.1618787874458287,2023,Routine Monitoring,980
0001772016,2022,0,0.06870574756257147,Routine Monitoring,0.07661741615967921,"BELLRING BRANDS, INC.",Industrial / Manufacturing,0.1548669340138534,0.0296945701357466,1.5319570135746607,0.0997514233020608,2023,Routine Monitoring,687
0001772177,2022,0,0.06958587233450705,Routine Monitoring,0.07200269593936097,"KURA SUSHI USA, INC.",Consumer / Retail,-0.0053441444761817,0.1176721826019587,0.5366713681241185,,2023,Routine Monitoring,684
0001772695,2022,1,0.06636575190276307,Routine Monitoring,0.07126961205079811,SUNNOVA ENERGY INTERNATIONAL INC.,Energy / Capital-intensive,-0.1461457081891373,-0.0399940409447549,0.7736026807112291,1.3068681955061383,2023,Routine Monitoring,708
0001772921,2022,0,0.053435152377096194,Routine Monitoring,0.059154050494886534,ONEWATER MARINE INC.,Consumer / Retail,0.124845399702663,0.0049731940367082,0.7029059160106529,0.4206265072797235,2023,Routine Monitoring,822
0001773383,2022,0,0.02533538791858985,Routine Monitoring,0.028136301482482227,"DYNATRACE, INC.",Technology / Software / Electronics,0.080111002736226,0.1283328999941056,0.4196500475347217,0.2464750469366128,2023,Routine Monitoring,1210
0001774170,2022,0,0.18086425033320996,Routine Monitoring,0.19737743679824396,"POWERFLEET, INC.",Technology / Software / Electronics,-0.0576662695975791,0.003481500218456,0.3543817692643778,0.0709067570993915,2023,Routine Monitoring,317
0001774675,2022,0,0.7082345716137586,High Review Priority,0.7146357087680066,SKILLSOFT CORP.,Technology / Software / Electronics,-1.4485394254256707,-0.012743145833625,,0.2977646030194925,2023,High Review Priority,74
0001776661,2022,0,0.16033573851809452,Routine Monitoring,0.17537592205220218,ADVANTAGE SOLUTIONS INC.,Technology / Software / Electronics,-0.355431531193839,0.0284484855963969,0.7115525607695811,0.1242107121620699,2023,Routine Monitoring,352
0001777393,2022,1,0.8215471553427615,High Review Priority,0.8303669261804669,"CHARGEPOINT HOLDINGS, INC.",Industrial / Manufacturing,-0.730156763385132,-0.2472774378979904,0.6712906162004598,0.9422504004049692,2023,High Review Priority,53
0001777921,2022,0,0.2946121761125527,Medium Review Priority,0.30752347749868103,"AVEPOINT, INC.",Technology / Software / Electronics,-0.1767503518565544,-0.00186266794695,0.4148382920249414,0.2106727667800885,2023,Medium Review Priority,214
0001779474,2022,1,0.4742287841906847,High Review Priority,0.48954870409059104,"WM TECHNOLOGY, INC.",Technology / Software / Electronics,-0.3230254580547578,-0.0583867159042379,0.4233325796970382,0.1158967827446595,2023,High Review Priority,130
0001780201,2022,1,0.11057327985076182,Routine Monitoring,0.11675409983893904,"LULU'S FASHION LOUNGE HOLDINGS, INC.",Consumer / Retail,0.0198770846032771,0.037074471902586,0.6118932561421976,0.1704545757071547,2023,Routine Monitoring,501
0001781335,2022,0,0.011195440465432705,Routine Monitoring,0.01245310756360208,OTIS WORLDWIDE CORP,Technology / Software / Electronics,0.1485568140299598,0.1588756492514512,1.4749974539158774,-0.0428731291089662,2023,Routine Monitoring,1461
0001782170,2022,1,0.548849335414377,High Review Priority,0.5639940074903843,"REMITLY GLOBAL, INC.",Technology / Software / Electronics,-0.1851949323704021,-0.1510734201878575,0.3101732444575998,0.4251043926690725,2023,High Review Priority,116
0001782754,2022,0,0.07180435810752056,Routine Monitoring,0.07932446811204498,AZEK CO INC.,Industrial / Manufacturing,0.0951138474430984,0.04441080932285,0.3938783705699866,0.1498014375210987,2023,Routine Monitoring,665
0001783180,2022,0,0.023932912459623385,Routine Monitoring,0.026583006369025157,CARRIER GLOBAL CORP,Technology / Software / Electronics,0.2210959306596151,0.0668174499731656,0.6904086483171049,-0.0093145102605152,2023,Routine Monitoring,1241
0001784535,2022,0,0.37727342392152,High Review Priority,0.3917952194038228,"PORCH GROUP, INC.",Technology / Software / Electronics,-0.6415955179961442,-0.0169066123194449,0.9243577803684644,0.4339952087219967,2023,High Review Priority,162
0001785424,2022,1,0.6933850304730654,High Review Priority,0.7062743675728987,"KATAPULT HOLDINGS, INC.",Technology / Software / Electronics,-0.1183659036797812,-0.1580579373924382,0.9459594696022016,-0.3002444632859692,2023,High Review Priority,80
0001786352,2022,0,0.05622720732017382,Routine Monitoring,0.05785055791750212,"BILL.COM HOLDINGS, INC.",Technology / Software / Electronics,-0.4935174987810748,-0.0019547265748821,0.5631284959657633,1.6943067592806331,2023,Routine Monitoring,786
0001786842,2022,0,0.030431079613641106,Routine Monitoring,0.033775817203701194,VONTIER CORP,Industrial / Manufacturing,0.181478457480216,0.0739529850574448,0.8665761057260608,0.064767445748487,2023,Routine Monitoring,1118
0001789832,2022,0,0.007401373226250981,Routine Monitoring,0.007827834324882984,HESS MIDSTREAM LP,Energy / Capital-intensive,0.6204516938519448,0.2399810489939245,0.8525723203834792,0.0593121781026748,2023,Routine Monitoring,1525
0001789940,2022,0,0.06049749915526813,Routine Monitoring,0.06408085572862143,"FIRST WATCH RESTAURANT GROUP, INC.",Consumer / Retail,0.0231633527902027,0.0569851310068577,0.5263371862454117,0.2145217925025739,2023,Routine Monitoring,750
0001792044,2022,0,0.047653266811967424,Routine Monitoring,0.05278786801667948,VIATRIS INC,Industrial / Manufacturing,0.0993008541017174,0.0590257925481086,0.5787410389786934,-0.0907733852166182,2023,Routine Monitoring,889
0001792580,2022,0,0.01630300079497896,Routine Monitoring,0.018123921428616047,OVINTIV INC.,Energy / Capital-intensive,0.3091302952503209,0.2567747077577045,0.4893065887353879,0.4395934395934395,2023,Routine Monitoring,1371
0001792781,2022,0,0.037381586641881154,Routine Monitoring,0.03965354277903839,TORRID HOLDINGS INC.,Consumer / Retail,0.0788925772273907,0.1011087424895308,1.4366389512654003,0.0073115763758666,2023,Routine Monitoring,1022
0001792789,2022,0,0.1032146421827726,Routine Monitoring,0.11362168217014024,"DOORDASH, INC.",Technology / Software / Electronics,-0.1707428224213884,0.0374910613954438,0.3086117070180815,0.3467675941080197,2023,Routine Monitoring,524
0001792849,2022,0,0.006046648728365304,Routine Monitoring,0.006007355601962606,"HIGHPEAK ENERGY, INC.",Energy / Capital-intensive,0.5591793416842445,0.2211090063444238,,2.4330013992113537,2023,Routine Monitoring,1544
0001793229,2022,0,0.1324129379209864,Routine Monitoring,0.14610344936245934,MULTIPLAN CORP,Technology / Software / Electronics,-0.3359513057137247,0.0505167204261396,0.7570863197697387,-0.0338993666797303,2023,Routine Monitoring,435
0001794515,2022,0,0.020245937491629094,Routine Monitoring,0.022497182161610875,ZOOMINFO TECHNOLOGIES INC.,Technology / Software / Electronics,0.1601092896174863,0.0584328232722381,0.6816602208396391,0.4694860813704498,2023,Routine Monitoring,1301
0001794669,2022,0,0.045284867347523385,Routine Monitoring,0.05017772115698128,"SHIFT4 PAYMENTS, INC.",Technology / Software / Electronics,0.0475020064205457,0.1078308535630383,0.8118245888801879,0.4578427787934187,2023,Routine Monitoring,918
0001796209,2022,0,0.02637892436344643,Routine Monitoring,0.029291737314634043,API GROUP CORP,Industrial / Manufacturing,0.0247026532479414,0.0333704115684093,0.6386108021258188,0.6644670050761421,2023,Routine Monitoring,1184
0001799208,2022,0,0.03486922102416366,Routine Monitoring,0.03868230150098068,"DUN & BRADSTREET HOLDINGS, INC.",Technology / Software / Electronics,0.0673829002966825,0.0567045682492425,0.6295991300583832,0.0272441817510158,2023,Routine Monitoring,1055
0001799332,2022,1,0.8705653304264348,High Review Priority,0.8724285734531393,GAN LTD,Technology / Software / Electronics,-1.360218472669719,-0.0121168024835079,0.7985254171517269,0.1398564789832719,2023,High Review Priority,41
0001800227,2022,1,0.06926124172217847,Routine Monitoring,0.0775712295925881,IAC INC.,Technology / Software / Electronics,-0.0906868400544001,-0.0079655481455717,,0.4150831962249166,2023,Routine Monitoring,685
0001800347,2022,0,0.49646229393405045,High Review Priority,0.5006216937329147,"E2OPEN PARENT HOLDINGS, INC.",Technology / Software / Electronics,-1.4479949096540252,0.0154762026510309,0.3802701028936349,0.5326004967560467,2023,High Review Priority,123
0001800667,2022,0,0.19208751466595528,Routine Monitoring,0.20936349838473742,JFROG LTD,Technology / Software / Electronics,-0.3208113126696186,0.0245919232892687,0.2828765605971389,0.3549251752684061,2023,Routine Monitoring,301
0001801368,2022,1,0.06461169773630121,Routine Monitoring,0.06810838373665547,MP MATERIALS CORP. / DE,Energy / Capital-intensive,0.6206725938844762,0.1535061201088396,0.4134231720892113,0.5891152937774136,2023,Routine Monitoring,722
0001801661,2022,1,0.9852882762443076,High Review Priority,0.9855450286687901,SKILLZ INC.,Technology / Software / Electronics,-1.5622652562576702,-0.289068799845484,0.5519020755035853,-0.297795563007532,2023,High Review Priority,1
0001802665,2022,0,0.02352531544211018,Routine Monitoring,0.02613148440862343,"HARMONY BIOSCIENCES HOLDINGS, INC.",Industrial / Manufacturing,0.2744881296319558,0.2143825960496831,0.4022022051731046,0.4335221320062861,2023,Routine Monitoring,1247
0001802768,2022,0,0.022451994443361205,Routine Monitoring,0.024942296526199666,ROYALTY PHARMA PLC,Industrial / Manufacturing,0.1372532367251247,0.127515647279389,0.4334676145894011,-0.0228210720155774,2023,Routine Monitoring,1264
0001803599,2022,0,0.023229639905219954,Routine Monitoring,0.024663514669383862,CONCENTRIX CORP,Technology / Software / Electronics,0.1012245605286005,0.0900661012496986,0.5958024327083041,0.1319949919590335,2023,Routine Monitoring,1251
0001803914,2022,1,0.8772848322628632,High Review Priority,0.8790647836101189,"PLBY GROUP, INC.",Consumer / Retail,-1.2201001749502685,-0.1078968184294694,0.7193585814796647,0.0825148224148979,2023,High Review Priority,38
0001804591,2022,1,0.9110214851777103,High Review Priority,0.9118351062115148,23ANDME HOLDING CO.,Industrial / Manufacturing,-1.0818794680272064,-0.1754618617904981,0.2425837950006259,0.1014958090131044,2023,High Review Priority,22
0001805651,2022,0,0.12676451193418076,Routine Monitoring,0.13617766181596958,"MARKETWISE, INC.",Technology / Software / Electronics,0.1703405327447341,0.1093177976443363,1.674299673678216,-0.0669722114486428,2023,Routine Monitoring,454
0001806837,2022,0,0.053577009624301536,Routine Monitoring,0.059310138721041225,"VERTEX, INC.",Technology / Software / Electronics,-0.0164393927066213,0.1068504655224196,0.6805790386989844,0.1552727306907799,2023,Routine Monitoring,819
0001807794,2022,1,0.5240294118861424,High Review Priority,0.5331848218263959,CREDO TECHNOLOGY GROUP HOLDING LTD,Technology / Software / Electronics,-0.2063168571616405,-0.0820678806140185,0.1105329141923239,,2023,High Review Priority,119
0001808665,2022,0,0.023663923431101675,Routine Monitoring,0.02628503425831637,"ASSERTIO HOLDINGS, INC.",Industrial / Manufacturing,0.2522178271054956,0.189890145996864,0.454655930110917,0.4073360116742033,2023,Routine Monitoring,1246
0001808834,2022,0,0.024131965772264778,Routine Monitoring,0.026803495609023478,"PROG HOLDINGS, INC.",Technology / Software / Electronics,0.0714616760321899,0.1625293499804612,0.6176301637700423,-0.0299090338770389,2023,Routine Monitoring,1235
0001808997,2022,1,0.5298808384977177,High Review Priority,0.5451345469549889,"AMERICAN OUTDOOR BRANDS, INC.",Industrial / Manufacturing,-0.2283517691070837,-0.0646163259429887,0.2692520875323927,-0.1053934590349383,2023,High Review Priority,118
0001809104,2022,0,0.025461269893790058,Routine Monitoring,0.027029082646837656,"ALIGHT, INC. / DELAWARE",Technology / Software / Electronics,-0.0044699872286079,0.0254561637739207,0.5470404984423676,1.0154440154440154,2023,Routine Monitoring,1207
0001809519,2022,0,0.1505170139997269,Routine Monitoring,0.1648169487051937,"GOODRX HOLDINGS, INC.",Technology / Software / Electronics,0.0022672897147493,0.0914727435778069,0.4922028802883653,0.0283462834574685,2023,Routine Monitoring,377
0001809987,2022,0,0.14185308642309763,Routine Monitoring,0.14556726418096186,"MIRION TECHNOLOGIES, INC.",Industrial / Manufacturing,-0.4148787963220953,0.0143863877021944,0.4642713696279256,3.658014276443868,2023,Routine Monitoring,408
0001810019,2022,0,0.09066915005715162,Routine Monitoring,0.0999522258174353,"RACKSPACE TECHNOLOGY, INC.",Technology / Software / Electronics,-0.2174678922589117,0.045210475195631,0.8846372349588579,0.0374813091875727,2023,Routine Monitoring,569
0001810806,2022,0,0.3307524824617126,Medium Review Priority,0.35501950436205837,UNITY SOFTWARE INC.,Technology / Software / Electronics,-0.6342183887553342,-0.0075863050541965,0.520789355608927,0.2525812092647987,2023,Medium Review Priority,186
0001814974,2022,1,0.21109816892537175,Routine Monitoring,0.22959803714523305,"BBX CAPITAL, INC.",Consumer / Retail,0.007405458346124,0.0645581967198551,0.3978015105509371,0.0907151535250656,2023,Routine Monitoring,273
0001817358,2022,0,0.031093376741259914,Routine Monitoring,0.03450831781049856,"ACADEMY SPORTS & OUTDOORS, INC.",Consumer / Retail,0.1323751894622626,0.1201201887349609,0.6456691080003456,-0.0558168987800024,2023,Routine Monitoring,1108
0001818093,2022,0,0.41262714668961964,High Review Priority,0.4275753969981145,BEAUTY HEALTH CO,Industrial / Manufacturing,-0.0663612808711148,-0.1056588962114446,0.8300378528447121,0.4067500749752004,2023,High Review Priority,146
0001818201,2022,0,0.05428302587966192,Routine Monitoring,0.0575208263641305,CCC INTELLIGENT SOLUTIONS HOLDINGS INC.,Technology / Software / Electronics,0.0663584033699364,0.059657330029565,0.3854029981608041,0.1368031986610256,2023,Routine Monitoring,814
0001819394,2022,1,0.9153050747374476,High Review Priority,0.9169637855505459,"MATTERPORT, INC./DE",Technology / Software / Electronics,-2.02376492194674,-0.1851388596100844,0.0882018129435738,0.2244319715041287,2023,High Review Priority,18
0001819574,2022,0,0.25959442081114004,Routine Monitoring,0.2715618891426907,"BARK, INC.",Consumer / Retail,-0.1192400736015243,0.011722691174267,0.5741046900754208,0.0550032912500049,2023,Medium Review Priority,244
0001819810,2022,0,0.8759925578204254,High Review Priority,0.8770832677877285,REDWIRE CORP,Industrial / Manufacturing,-0.9121701162884852,-0.1228453461028025,0.7287910655107916,0.166772043807821,2023,High Review Priority,39
0001819928,2022,0,0.04396967795064365,Routine Monitoring,0.04662264825338879,"DOUBLEVERIFY HOLDINGS, INC.",Technology / Software / Electronics,0.1304634209956279,0.0914748685667117,0.1544500244930705,0.3596701338278121,2023,Routine Monitoring,935
0001819974,2022,0,0.267051252853162,Medium Review Priority,0.27923284020038974,"SKYWATER TECHNOLOGY, INC",Technology / Software / Electronics,-0.139789894853504,-0.0467582841668738,0.8234684266296882,0.3076058655924543,2023,Medium Review Priority,236
0001820721,2022,0,0.01735471343720441,Routine Monitoring,0.018642932612254682,"ARRAY TECHNOLOGIES, INC.",Industrial / Manufacturing,-0.0110732767201654,0.0829359245790866,0.7515603275867324,0.9190337013868216,2023,Routine Monitoring,1348
0001821393,2022,0,0.03946270545315734,Routine Monitoring,0.0437553277039242,"AARON'S COMPANY, INC.",Technology / Software / Electronics,-0.0011327293888151,0.0917058881452038,0.625818754529953,0.2188724597725067,2023,Routine Monitoring,996
0001821806,2022,0,0.041321178655435054,Routine Monitoring,0.04382167296027251,"LESLIE'S, INC.",Consumer / Retail,0.1528397306224874,0.0600596054003538,1.1783935380320123,0.1632290007498602,2023,Routine Monitoring,972
0001822250,2022,1,0.9551474359217773,High Review Priority,0.9583151980187733,CONTEXTLOGIC INC.,Consumer / Retail,-0.6970227670753065,-0.5281602002503129,0.4030037546933667,-0.7261390887290168,2023,High Review Priority,9
0001822492,2022,0,0.0672224007659931,Routine Monitoring,0.07117390725101637,HILLMAN SOLUTIONS CORP.,Industrial / Manufacturing,0.0268399707197872,0.0481691349380132,0.5318154037940818,0.0423298715888937,2023,Routine Monitoring,700
0001822928,2022,0,0.09707905748017572,Routine Monitoring,0.10259258413403868,HOLLEY INC.,Industrial / Manufacturing,0.0737084462134032,0.0098524217335844,0.6671126610661293,-0.0063967946747262,2023,Routine Monitoring,548
0001823239,2022,1,0.005388982815350109,Routine Monitoring,0.00544327461236799,"MARAVAI LIFESCIENCES HOLDINGS, INC.",Industrial / Manufacturing,0.6503005092859464,0.2348391874040174,0.6033663188473107,0.1048008107702316,2023,Routine Monitoring,1562
0001823794,2022,0,0.04087212069618729,Routine Monitoring,0.04334666955437415,ARKO CORP.,Consumer / Retail,0.0182672724184355,0.0642842002107416,0.882989214080985,0.2326153996320543,2023,Routine Monitoring,979
0001823878,2022,0,0.131635101896883,Routine Monitoring,0.13880949583380545,"PLAYSTUDIOS, INC.",Technology / Software / Electronics,-0.0967279691638908,0.0948384842433006,0.1411782085117142,0.0100550068019162,2023,Routine Monitoring,439
0001826470,2022,0,0.04513510985211882,Routine Monitoring,0.047854878252415196,"PETCO HEALTH & WELLNESS COMPANY, INC.",Consumer / Retail,0.0373691572535105,0.0523229921717316,0.6398701675183193,0.0394028119478249,2023,Routine Monitoring,921
0001826600,2022,0,0.04153488055615138,Routine Monitoring,0.0440477125661948,"MONTAUK RENEWABLES, INC.",Energy / Capital-intensive,0.2168039346367709,0.2439425125482974,0.3166413895208175,0.387721347222316,2023,Routine Monitoring,967
0001826889,2022,1,0.5763140649027901,High Review Priority,0.5912234411689565,"BEACHBODY COMPANY, INC.",Consumer / Retail,-0.2934950787273602,-0.1063904644842634,0.5229039569683916,-0.2076884775852892,2023,High Review Priority,111
0001827090,2022,0,0.048739611915912875,Routine Monitoring,0.0516648296472318,"CERTARA, INC.",Technology / Software / Electronics,0.0968913491675704,0.0588350852744128,0.313595334034364,0.173153818191986,2023,Routine Monitoring,875
0001828016,2022,0,0.013137890957443102,Routine Monitoring,0.014610543704665378,PLAYTIKA HOLDING CORP.,Technology / Software / Electronics,0.1802332250047792,0.1830145314353499,1.2107799525504153,0.0125822686798295,2023,Routine Monitoring,1422
0001828161,2022,1,0.9435130507272813,High Review Priority,0.9451003666472086,"FTC SOLAR, INC.",Technology / Software / Electronics,-0.8090943071197568,-1.389157576749654,0.5055729995982083,-0.5450845578042695,2023,High Review Priority,11
0001828791,2022,0,0.29143913945479927,Medium Review Priority,0.30427136625272727,VIANT TECHNOLOGY INC.,Technology / Software / Electronics,-0.2498377018583137,-0.0093415157601691,0.2966923624508115,-0.1202844815662548,2023,Medium Review Priority,217
0001828962,2022,0,0.05164019749213146,Routine Monitoring,0.054729484651932656,"CRICUT, INC.",Technology / Software / Electronics,0.090210268352785,0.1239254991696739,0.2915797465741812,-0.3214839380903932,2023,Routine Monitoring,841
0001829864,2022,0,0.026446871183211405,Routine Monitoring,0.028073625397486715,"TASKUS, INC.",Technology / Software / Electronics,0.0873482153361464,0.1630737848040221,0.4948942090763457,0.262633379913054,2023,Routine Monitoring,1182
0001830043,2022,0,0.0784337417670661,Routine Monitoring,0.08298564834082248,BUMBLE INC.,Technology / Software / Electronics,-0.1138280669793016,0.0360017992639916,0.3355454025744857,0.1800316067183867,2023,Routine Monitoring,627
0001830210,2022,1,0.6569477877419003,High Review Priority,0.6637176669914935,"BENSON HILL, INC.",Industrial / Manufacturing,-0.3279018343113004,-0.1864489339615108,0.6129082488221672,1.589686982039508,2023,High Review Priority,89
0001830214,2022,1,0.9281403897452911,High Review Priority,0.9292421897785293,"GINKGO BIOWORKS HOLDINGS, INC.",Industrial / Manufacturing,-4.624082594733999,-0.0993171009100464,0.3162435942521642,0.5221468469300943,2023,High Review Priority,15
0001831651,2022,0,0.03200012353387213,Routine Monitoring,0.033956545769587315,"SHOALS TECHNOLOGIES GROUP, INC.",Technology / Software / Electronics,0.2028812626169939,0.0663226283629884,0.4940468486035351,0.5334033731684895,2023,Routine Monitoring,1102
0001831840,2022,0,0.27992818773731026,Medium Review Priority,0.2924627795786022,"SEMRUSH HOLDINGS, INC.",Technology / Software / Electronics,-0.1430228534579027,-0.0322206970437577,0.3307308580802839,0.3527374854389071,2023,Medium Review Priority,226
0001831915,2022,0,0.2870375256098899,Medium Review Priority,0.29975793667248446,"CYTEK BIOSCIENCES, INC.",Industrial / Manufacturing,-0.0109975858957789,-0.0235448798404546,0.180816823106361,0.2820320437670964,2023,Medium Review Priority,223
0001833197,2022,0,0.09752179976446325,Routine Monitoring,0.10305760158668596,"LATHAM GROUP, INC.",Industrial / Manufacturing,0.0431341773316315,0.0371503179894283,0.5598511181660444,0.103544101412311,2023,Routine Monitoring,546
0001833756,2022,0,0.07134753087393939,Routine Monitoring,0.0765435682854371,"LEONARDO DRS, INC.",Industrial / Manufacturing,0.2083178611214259,0.0089747076420995,,-0.0646057658909343,2023,Routine Monitoring,669
0001834045,2022,1,0.1016552791892747,Routine Monitoring,0.10739779455768611,"VINTAGE WINE ESTATES, INC.",Industrial / Manufacturing,-0.0269666746093882,0.0208670901363763,0.5398990723271466,0.3308296563408865,2023,Routine Monitoring,530
0001834488,2022,0,0.04585563863076401,Routine Monitoring,0.0486166143178203,"N-ABLE, INC.",Technology / Software / Electronics,0.1274877679419209,0.0661932026209219,0.4048599582706512,0.0730626688526103,2023,Routine Monitoring,911
0001834494,2022,0,0.04346757385004848,Routine Monitoring,0.046091709594731696,"MERIDIANLINK, INC.",Technology / Software / Electronics,0.0992480367719044,0.0704210990438622,0.453252917178473,0.0760994635305369,2023,Routine Monitoring,942
0001834622,2022,0,0.036156739311184426,Routine Monitoring,0.03835721870998662,"HAYWARD HOLDINGS, INC.",Technology / Software / Electronics,0.2173085586271131,0.040328165472643,0.5745987931185007,-0.0625327259212124,2023,Routine Monitoring,1035
0001835256,2022,0,0.042063144285942634,Routine Monitoring,0.044606448509837394,"DUCKHORN PORTFOLIO, INC.",Industrial / Manufacturing,0.2343937075514751,0.0549990291750864,0.3071098742082583,0.1066417518040003,2023,Routine Monitoring,959
0001835591,2022,0,0.11585527818053111,Routine Monitoring,0.12229075558831612,VIZIO HOLDING CORP.,Technology / Software / Electronics,0.0033820055829933,0.0317789669105602,0.5918969094681664,-0.1229755178907721,2023,Routine Monitoring,486
0001835632,2022,0,0.027169115300963016,Routine Monitoring,0.02883897895882512,"MARVELL TECHNOLOGY, INC.",Technology / Software / Electronics,0.0402054192850868,0.0572237935183664,0.3056952948437312,0.3265557886895858,2023,Routine Monitoring,1171
0001835681,2022,0,0.04378323038567133,Routine Monitoring,0.04642549740789404,"POWERSCHOOL HOLDINGS, INC.",Technology / Software / Electronics,0.0093612797554397,0.0415831913590324,0.5161169784519988,0.129046290892556,2023,Routine Monitoring,938
0001836176,2022,1,0.7834953373039478,High Review Priority,0.7863043060823983,FATHOM DIGITAL MANUFACTURING CORP,Industrial / Manufacturing,-7.489993235737645,0.0083127538696139,0.6114300365707191,0.0935489562691713,2023,High Review Priority,60
0001836833,2022,1,0.755358910315317,High Review Priority,0.7572165874161244,PLANET LABS PBC,Technology / Software / Electronics,-0.918533274773079,-0.0982207266152356,0.2346401000102295,0.4576439116219162,2023,High Review Priority,65
0001836981,2022,1,0.8286180794196458,High Review Priority,0.8371576501254101,"BIGBEAR.AI HOLDINGS, INC.",Technology / Software / Electronics,-0.7130268174516647,-0.2504659307350441,1.1939091076658406,0.0647968786492465,2023,High Review Priority,50
0001837014,2022,0,0.737918807250788,High Review Priority,0.749612083730496,"SMARTRENT, INC.",Technology / Software / Electronics,-0.6212035442525071,-0.1444909021209068,0.3506227210726671,0.5168614477977531,2023,High Review Priority,67
0001837240,2022,0,0.6378076698703902,High Review Priority,0.6462519181607888,SYMBOTIC INC.,Technology / Software / Electronics,-0.2365955854592524,-0.2348418963253034,0.8907903678815328,,2023,High Review Priority,97
0001837686,2022,0,0.36935234636544617,Medium Review Priority,0.3872022124310897,"VIMEO, INC.",Technology / Software / Electronics,-0.1915303398394561,-0.061230759574584,,0.1055714132527227,2023,High Review Priority,170
0001838672,2022,0,0.13506184572113866,Routine Monitoring,0.14239237925926904,"ADTHEORENT HOLDING COMPANY, INC.",Technology / Software / Electronics,0.0077010151611854,0.0730205032423244,0.1845659062768882,0.0043358630907386,2023,Routine Monitoring,427
0001839439,2022,0,0.12648931989541784,Routine Monitoring,0.13342635048584192,"PAYCOR HCM, INC.",Technology / Software / Electronics,-0.325161218201762,0.0077766000695553,0.5897154456096269,0.2171626835082785,2023,Routine Monitoring,455
0001839839,2022,0,0.03915068923544475,Routine Monitoring,0.0415255285796749,"JANUS INTERNATIONAL GROUP, INC.",Industrial / Manufacturing,0.1838894997493891,0.0696251745213746,0.7046429375311856,0.3590735186296074,2023,Routine Monitoring,999
0001841156,2022,0,0.12545398968508192,Routine Monitoring,0.13234284247325614,"PAYMENTUS HOLDINGS, INC.",Technology / Software / Electronics,-0.0059879155172726,0.0430451164473641,0.1394465039790786,0.2565634449489791,2023,Routine Monitoring,458
0001841804,2022,0,0.05352595933007029,Routine Monitoring,0.056721311685688135,"INSTRUCTURE HOLDINGS, INC.",Technology / Software / Electronics,-0.0346805725661519,0.0651366224763627,0.40741420086195,0.1722736030353191,2023,Routine Monitoring,820
0001842022,2022,0,0.019136786222905395,Routine Monitoring,0.019326890169040614,"DT MIDSTREAM, INC.",Energy / Capital-intensive,0.5195652173913043,0.0820785690026038,0.5297181025699083,0.0952380952380953,2023,Routine Monitoring,1321
0001842718,2022,0,0.06175822925025277,Routine Monitoring,0.06541106163865656,INTEGRAL AD SCIENCE HOLDING CORP.,Technology / Software / Electronics,0.0371178504608814,0.0620074049164743,0.3084386441832387,0.2622305749691667,2023,Routine Monitoring,741
0001845022,2022,1,0.7144342637846995,High Review Priority,0.7267874011402637,"COUCHBASE, INC.",Technology / Software / Electronics,-0.4477019066811347,-0.1627614715518161,0.4061626863843123,0.2532094348480678,2023,High Review Priority,72
0001845815,2022,0,0.042664547773025974,Routine Monitoring,0.04524249782961672,PAYONEER GLOBAL INC.,Technology / Software / Electronics,-0.0353938590523291,0.0127315304479342,0.9173184449033012,0.3257689537244166,2023,Routine Monitoring,949
0001846069,2022,1,0.699421609874382,High Review Priority,0.7121625259333445,"NEXTDOOR HOLDINGS, INC.",Technology / Software / Electronics,-0.6777618499283247,-0.0864869732775651,0.1264991523267415,0.1070151979479387,2023,High Review Priority,78
0001846576,2022,0,0.3717190529421852,Medium Review Priority,0.3861596297964417,"FIGS, INC.",Industrial / Manufacturing,0.0744630165963209,-0.0894260170504019,0.2210401352692222,0.2055430168902574,2023,High Review Priority,168
0001851003,2022,0,0.09931128087780727,Routine Monitoring,0.10493685088297221,ZETA GLOBAL HOLDINGS CORP.,Technology / Software / Electronics,-0.4383267254522718,0.1682436516885243,0.7255531594719851,0.289356326553766,2023,Routine Monitoring,541
0001853145,2022,0,0.06823373192614733,Routine Monitoring,0.07224008299806703,EVERCOMMERCE INC.,Technology / Software / Electronics,-0.0492858592725527,0.0407117296422504,0.4303718977111667,0.266469307686187,2023,Routine Monitoring,692
0001854139,2022,1,0.8701683356475509,High Review Priority,0.8769450123947191,ZEVIA PBC,Industrial / Manufacturing,-0.2933429749787046,-0.2100230461326972,0.1733109610641653,0.1809990446689633,2023,High Review Priority,42
0001855747,2022,1,0.9611553595630034,High Review Priority,0.9617718014620008,"BLEND LABS, INC.",Technology / Software / Electronics,-3.172507769949957,-0.4400042517399783,0.6212231146768216,0.0030107251753768,2023,High Review Priority,7
0001856314,2022,0,0.0405420149598868,Routine Monitoring,0.042997473959354125,"CLEAR SECURE, INC.",Technology / Software / Electronics,-0.2950479386604607,0.1622238478983959,0.507554093089559,0.7224998326461982,2023,Routine Monitoring,983
0001856430,2022,0,0.10020251432399525,Routine Monitoring,0.10587263470275507,SNAP ONE HOLDINGS CORP.,Technology / Software / Electronics,0.0242442901875849,-0.0139604882479557,0.5418085458520648,0.1148774866990802,2023,Routine Monitoring,538
0001856437,2022,0,0.033544959524416926,Routine Monitoring,0.03559235711941219,VICTORIA'S SECRET & CO.,Consumer / Retail,0.0753467843631778,0.0927616217363617,0.9148800679261304,-0.0649963154016212,2023,Routine Monitoring,1071
0001856525,2022,0,0.0295683664642461,Routine Monitoring,0.031380935755219344,"CORE & MAIN, INC.",Consumer / Retail,0.1165238310028567,0.081686697901813,0.5090649826848646,0.3291366906474819,2023,Routine Monitoring,1134
0001856608,2022,0,0.10467756192347484,Routine Monitoring,0.11056979268450878,"SOVOS BRANDS, INC.",Industrial / Manufacturing,-0.043817475759104,0.0391741794737482,0.5892100355626817,0.2213405155272767,2023,Routine Monitoring,520
0001857154,2022,0,0.05320624587660594,Routine Monitoring,0.05638364921752591,"KRISPY KREME, INC.",Consumer / Retail,0.0189391711081392,0.0444072913864439,0.5874671315598324,0.1051054218064115,2023,Routine Monitoring,824
0001857853,2022,0,0.40223250430394,High Review Priority,0.4170715738413075,"TRAEGER, INC.",Technology / Software / Electronics,-0.5274302066927783,0.0053807111960832,0.6462832003295607,-0.1650370125199701,2023,High Review Priority,151
0001858257,2022,0,0.17205440054671178,Routine Monitoring,0.18097262656987192,"AVIDXCHANGE HOLDINGS, INC.",Technology / Software / Electronics,-0.2762067330488383,-0.0129751590870869,0.7027824643444202,0.2735045831672764,2023,Routine Monitoring,329
0001859285,2022,0,0.04192949019729897,Routine Monitoring,0.044465088278008366,HIRERIGHT HOLDINGS CORP,Technology / Software / Electronics,0.1216312039153654,0.0670890246097299,0.6460725132913218,0.1049398950217517,2023,Routine Monitoring,963
0001860543,2022,0,0.060774358870419785,Routine Monitoring,0.06437299063867177,"CADRE HOLDINGS, INC.",Industrial / Manufacturing,0.0365108106160052,0.1184048046699595,0.5767593991100951,0.071495104004793,2023,Routine Monitoring,749
0001861795,2022,0,0.09166103000677366,Routine Monitoring,0.0968998673234731,DEFINITIVE HEALTHCARE CORP.,Technology / Software / Electronics,-0.1853242489434231,0.0167746899683308,0.298809095550999,0.3400399629259603,2023,Routine Monitoring,559
0001865107,2022,1,0.301415942047332,Medium Review Priority,0.3144924781242657,A.K.A. BRANDS HOLDING CORP.,Consumer / Retail,-0.2812298729194524,-0.0006259344868318,0.5151911749123887,0.0881319693840705,2023,Medium Review Priority,207
0001865187,2022,0,0.08781513146279286,Routine Monitoring,0.09285662901003176,"ARIS WATER SOLUTIONS, INC.",Energy / Capital-intensive,0.1074949922274385,0.0538705168003461,0.4958538123596902,0.4002163567443544,2023,Routine Monitoring,580
0001866175,2022,0,0.009729310889693775,Routine Monitoring,0.010338683527048389,CRESCENT ENERGY CO,Energy / Capital-intensive,0.4200646698712654,0.1681723245882081,0.4519806061580614,1.0698121907111622,2023,Routine Monitoring,1489
0001866368,2022,0,0.0746330773272711,Routine Monitoring,0.07898331634718693,"CLEARWATER ANALYTICS HOLDINGS, INC.",Technology / Software / Electronics,0.0168640788857909,0.1203568064206896,0.2978698681584091,0.2039663204005999,2023,Routine Monitoring,645
0001866550,2022,1,0.06994991183991377,Routine Monitoring,0.07404902058639135,"THOUGHTWORKS HOLDING, INC.",Technology / Software / Electronics,-0.0364994700047367,0.0611478605876115,0.4676457912918562,0.2114996565244007,2023,Routine Monitoring,681
0001866581,2022,0,0.06218612998494122,Routine Monitoring,0.0658624948977526,DUTCH BROS INC.,Consumer / Retail,-0.0035344486963675,0.0504762466704878,0.7876057857648606,0.4843294314246922,2023,Routine Monitoring,739
0001866633,2022,0,0.011689432737845442,Routine Monitoring,0.012420033264697306,"CONSENSUS CLOUD SOLUTIONS, INC.",Technology / Software / Electronics,0.4191743326839982,0.1311707385561422,1.4026840237955889,0.027669396365946,2023,Routine Monitoring,1449
0001866757,2022,0,0.14652566800980127,Routine Monitoring,0.15436735894317868,"BRILLIANT EARTH GROUP, INC.",Industrial / Manufacturing,0.0530301308078075,0.0552453784456953,0.6452771409202739,0.1570087509107312,2023,Routine Monitoring,395
0001868726,2022,0,0.011780649652598734,Routine Monitoring,0.011898564537201997,"OLAPLEX HOLDINGS, INC.",Industrial / Manufacturing,0.5174037377497962,0.1503962772615489,0.5399843904163046,0.1769973176907071,2023,Routine Monitoring,1448
0001868778,2022,0,0.04985493381372801,Routine Monitoring,0.05284337160685805,INFORMATICA INC.,Technology / Software / Electronics,0.0170106264093579,0.0402456376603105,0.5867224419566762,0.0422857855137097,2023,Routine Monitoring,862
0001868912,2022,0,0.3439826228417977,Medium Review Priority,0.35946843129950373,"ENFUSION, INC.",Technology / Software / Electronics,-0.0795748558354229,0.1143614228125025,0.1643117390917977,0.3460071620411817,2023,Medium Review Priority,179
0001870600,2022,0,0.09389736665561557,Routine Monitoring,0.10055781670128897,"SOLO BRANDS, INC.",Industrial / Manufacturing,0.0007032090675331,0.0375660841865281,,0.2821530923889754,2023,Routine Monitoring,553
0001871509,2022,0,0.05835533923565822,Routine Monitoring,0.06182016154365638,PORTILLO'S INC.,Consumer / Retail,0.0703095192674551,0.044441649486791,0.6618180227375882,0.097489120519224,2023,Routine Monitoring,768
0001872789,2022,0,0.004269128493880024,Routine Monitoring,0.004492778481085019,EMBECTA CORP.,Industrial / Manufacturing,0.2741035856573705,0.3794182621502209,,,2023,Routine Monitoring,1582
0001874944,2022,1,0.28469065196848875,Medium Review Priority,0.29735043497786606,"VACASA, INC.",Technology / Software / Electronics,-0.3290980260111957,-0.0397576869814581,0.4485663120871579,0.3361895399400263,2023,Medium Review Priority,225
0001875444,2022,0,0.038258978098916666,Routine Monitoring,0.04058201172232353,"ARHAUS, INC.",Consumer / Retail,0.1502699914071451,0.0799040987688239,0.7749551402029637,0.5420932036008543,2023,Routine Monitoring,1008
0001876588,2022,1,0.1427262034183635,Routine Monitoring,0.1504003888981739,ZIMVIE INC.,Industrial / Manufacturing,-0.1042203308595827,0.0149982704609343,0.5380157558572911,-0.0992883895131085,2023,Routine Monitoring,406
0001891101,2022,1,0.6508864360834151,High Review Priority,0.66469839038312,BRC INC.,Industrial / Manufacturing,-0.2248890688420347,-0.5156345691284937,0.5742497803260938,0.2926285172521783,2023,High Review Priority,92
0001902733,2022,0,0.15045103269770607,Routine Monitoring,0.15846379484900622,"NCINO, INC.",Technology / Software / Electronics,-0.2302462559543489,-0.011588457200462,0.2257281681407461,0.4909353148449054,2023,Routine Monitoring,378
